experiment_id,district_id,noise_family,shots,raw_count_sum,conservation_passed
EXP-Z-A-ariyalur-P1-S1000,ariyalur,Family Z-A,1024,1024,True
EXP-Z-B-ariyalur-P1-S1000-G0.0001,ariyalur,Family Z-B,1024,1024,True
EXP-Z-B-ariyalur-P1-S1000-G0.001,ariyalur,Family Z-B,1024,1024,True
EXP-Z-B-ariyalur-P1-S1000-G0.005,ariyalur,Family Z-B,1024,1024,True
EXP-Z-B-ariyalur-P1-S1000-G0.01,ariyalur,Family Z-B,1024,1024,True
EXP-Z-A-ariyalur-P1-S1001,ariyalur,Family Z-A,1024,1024,True
EXP-Z-B-ariyalur-P1-S1001-G0.0001,ariyalur,Family Z-B,1024,1024,True
EXP-Z-B-ariyalur-P1-S1001-G0.001,ariyalur,Family Z-B,1024,1024,True
EXP-Z-B-ariyalur-P1-S1001-G0.005,ariyalur,Family Z-B,1024,1024,True
EXP-Z-B-ariyalur-P1-S1001-G0.01,ariyalur,Family Z-B,1024,1024,True
EXP-Z-A-ariyalur-P1-S1002,ariyalur,Family Z-A,1024,1024,True
EXP-Z-B-ariyalur-P1-S1002-G0.0001,ariyalur,Family Z-B,1024,1024,True
EXP-Z-B-ariyalur-P1-S1002-G0.001,ariyalur,Family Z-B,1024,1024,True
EXP-Z-B-ariyalur-P1-S1002-G0.005,ariyalur,Family Z-B,1024,1024,True
EXP-Z-B-ariyalur-P1-S1002-G0.01,ariyalur,Family Z-B,1024,1024,True
EXP-Z-A-ariyalur-P1-S1003,ariyalur,Family Z-A,1024,1024,True
EXP-Z-B-ariyalur-P1-S1003-G0.0001,ariyalur,Family Z-B,1024,1024,True
EXP-Z-B-ariyalur-P1-S1003-G0.001,ariyalur,Family Z-B,1024,1024,True
EXP-Z-B-ariyalur-P1-S1003-G0.005,ariyalur,Family Z-B,1024,1024,True
EXP-Z-B-ariyalur-P1-S1003-G0.01,ariyalur,Family Z-B,1024,1024,True
EXP-Z-A-ariyalur-P1-S1004,ariyalur,Family Z-A,1024,1024,True
EXP-Z-B-ariyalur-P1-S1004-G0.0001,ariyalur,Family Z-B,1024,1024,True
EXP-Z-B-ariyalur-P1-S1004-G0.001,ariyalur,Family Z-B,1024,1024,True
EXP-Z-B-ariyalur-P1-S1004-G0.005,ariyalur,Family Z-B,1024,1024,True
EXP-Z-B-ariyalur-P1-S1004-G0.01,ariyalur,Family Z-B,1024,1024,True
EXP-Z-A-ariyalur-P2-S1000,ariyalur,Family Z-A,1024,1024,True
EXP-Z-B-ariyalur-P2-S1000-G0.0001,ariyalur,Family Z-B,1024,1024,True
EXP-Z-B-ariyalur-P2-S1000-G0.001,ariyalur,Family Z-B,1024,1024,True
EXP-Z-B-ariyalur-P2-S1000-G0.005,ariyalur,Family Z-B,1024,1024,True
EXP-Z-B-ariyalur-P2-S1000-G0.01,ariyalur,Family Z-B,1024,1024,True
EXP-Z-A-ariyalur-P2-S1001,ariyalur,Family Z-A,1024,1024,True
EXP-Z-B-ariyalur-P2-S1001-G0.0001,ariyalur,Family Z-B,1024,1024,True
EXP-Z-B-ariyalur-P2-S1001-G0.001,ariyalur,Family Z-B,1024,1024,True
EXP-Z-B-ariyalur-P2-S1001-G0.005,ariyalur,Family Z-B,1024,1024,True
EXP-Z-B-ariyalur-P2-S1001-G0.01,ariyalur,Family Z-B,1024,1024,True
EXP-Z-A-ariyalur-P2-S1002,ariyalur,Family Z-A,1024,1024,True
EXP-Z-B-ariyalur-P2-S1002-G0.0001,ariyalur,Family Z-B,1024,1024,True
EXP-Z-B-ariyalur-P2-S1002-G0.001,ariyalur,Family Z-B,1024,1024,True
EXP-Z-B-ariyalur-P2-S1002-G0.005,ariyalur,Family Z-B,1024,1024,True
EXP-Z-B-ariyalur-P2-S1002-G0.01,ariyalur,Family Z-B,1024,1024,True
EXP-Z-A-ariyalur-P2-S1003,ariyalur,Family Z-A,1024,1024,True
EXP-Z-B-ariyalur-P2-S1003-G0.0001,ariyalur,Family Z-B,1024,1024,True
EXP-Z-B-ariyalur-P2-S1003-G0.001,ariyalur,Family Z-B,1024,1024,True
EXP-Z-B-ariyalur-P2-S1003-G0.005,ariyalur,Family Z-B,1024,1024,True
EXP-Z-B-ariyalur-P2-S1003-G0.01,ariyalur,Family Z-B,1024,1024,True
EXP-Z-A-ariyalur-P2-S1004,ariyalur,Family Z-A,1024,1024,True
EXP-Z-B-ariyalur-P2-S1004-G0.0001,ariyalur,Family Z-B,1024,1024,True
EXP-Z-B-ariyalur-P2-S1004-G0.001,ariyalur,Family Z-B,1024,1024,True
EXP-Z-B-ariyalur-P2-S1004-G0.005,ariyalur,Family Z-B,1024,1024,True
EXP-Z-B-ariyalur-P2-S1004-G0.01,ariyalur,Family Z-B,1024,1024,True
EXP-Z-A-ariyalur-P3-S1000,ariyalur,Family Z-A,1024,1024,True
EXP-Z-B-ariyalur-P3-S1000-G0.0001,ariyalur,Family Z-B,1024,1024,True
EXP-Z-B-ariyalur-P3-S1000-G0.001,ariyalur,Family Z-B,1024,1024,True
EXP-Z-B-ariyalur-P3-S1000-G0.005,ariyalur,Family Z-B,1024,1024,True
EXP-Z-B-ariyalur-P3-S1000-G0.01,ariyalur,Family Z-B,1024,1024,True
EXP-Z-A-ariyalur-P3-S1001,ariyalur,Family Z-A,1024,1024,True
EXP-Z-B-ariyalur-P3-S1001-G0.0001,ariyalur,Family Z-B,1024,1024,True
EXP-Z-B-ariyalur-P3-S1001-G0.001,ariyalur,Family Z-B,1024,1024,True
EXP-Z-B-ariyalur-P3-S1001-G0.005,ariyalur,Family Z-B,1024,1024,True
EXP-Z-B-ariyalur-P3-S1001-G0.01,ariyalur,Family Z-B,1024,1024,True
EXP-Z-A-ariyalur-P3-S1002,ariyalur,Family Z-A,1024,1024,True
EXP-Z-B-ariyalur-P3-S1002-G0.0001,ariyalur,Family Z-B,1024,1024,True
EXP-Z-B-ariyalur-P3-S1002-G0.001,ariyalur,Family Z-B,1024,1024,True
EXP-Z-B-ariyalur-P3-S1002-G0.005,ariyalur,Family Z-B,1024,1024,True
EXP-Z-B-ariyalur-P3-S1002-G0.01,ariyalur,Family Z-B,1024,1024,True
EXP-Z-A-ariyalur-P3-S1003,ariyalur,Family Z-A,1024,1024,True
EXP-Z-B-ariyalur-P3-S1003-G0.0001,ariyalur,Family Z-B,1024,1024,True
EXP-Z-B-ariyalur-P3-S1003-G0.001,ariyalur,Family Z-B,1024,1024,True
EXP-Z-B-ariyalur-P3-S1003-G0.005,ariyalur,Family Z-B,1024,1024,True
EXP-Z-B-ariyalur-P3-S1003-G0.01,ariyalur,Family Z-B,1024,1024,True
EXP-Z-A-ariyalur-P3-S1004,ariyalur,Family Z-A,1024,1024,True
EXP-Z-B-ariyalur-P3-S1004-G0.0001,ariyalur,Family Z-B,1024,1024,True
EXP-Z-B-ariyalur-P3-S1004-G0.001,ariyalur,Family Z-B,1024,1024,True
EXP-Z-B-ariyalur-P3-S1004-G0.005,ariyalur,Family Z-B,1024,1024,True
EXP-Z-B-ariyalur-P3-S1004-G0.01,ariyalur,Family Z-B,1024,1024,True
EXP-Z-A-ariyalur-P4-S1000,ariyalur,Family Z-A,1024,1024,True
EXP-Z-B-ariyalur-P4-S1000-G0.0001,ariyalur,Family Z-B,1024,1024,True
EXP-Z-B-ariyalur-P4-S1000-G0.001,ariyalur,Family Z-B,1024,1024,True
EXP-Z-B-ariyalur-P4-S1000-G0.005,ariyalur,Family Z-B,1024,1024,True
EXP-Z-B-ariyalur-P4-S1000-G0.01,ariyalur,Family Z-B,1024,1024,True
EXP-Z-A-ariyalur-P4-S1001,ariyalur,Family Z-A,1024,1024,True
EXP-Z-B-ariyalur-P4-S1001-G0.0001,ariyalur,Family Z-B,1024,1024,True
EXP-Z-B-ariyalur-P4-S1001-G0.001,ariyalur,Family Z-B,1024,1024,True
EXP-Z-B-ariyalur-P4-S1001-G0.005,ariyalur,Family Z-B,1024,1024,True
EXP-Z-B-ariyalur-P4-S1001-G0.01,ariyalur,Family Z-B,1024,1024,True
EXP-Z-A-ariyalur-P4-S1002,ariyalur,Family Z-A,1024,1024,True
EXP-Z-B-ariyalur-P4-S1002-G0.0001,ariyalur,Family Z-B,1024,1024,True
EXP-Z-B-ariyalur-P4-S1002-G0.001,ariyalur,Family Z-B,1024,1024,True
EXP-Z-B-ariyalur-P4-S1002-G0.005,ariyalur,Family Z-B,1024,1024,True
EXP-Z-B-ariyalur-P4-S1002-G0.01,ariyalur,Family Z-B,1024,1024,True
EXP-Z-A-ariyalur-P4-S1003,ariyalur,Family Z-A,1024,1024,True
EXP-Z-B-ariyalur-P4-S1003-G0.0001,ariyalur,Family Z-B,1024,1024,True
EXP-Z-B-ariyalur-P4-S1003-G0.001,ariyalur,Family Z-B,1024,1024,True
EXP-Z-B-ariyalur-P4-S1003-G0.005,ariyalur,Family Z-B,1024,1024,True
EXP-Z-B-ariyalur-P4-S1003-G0.01,ariyalur,Family Z-B,1024,1024,True
EXP-Z-A-ariyalur-P4-S1004,ariyalur,Family Z-A,1024,1024,True
EXP-Z-B-ariyalur-P4-S1004-G0.0001,ariyalur,Family Z-B,1024,1024,True
EXP-Z-B-ariyalur-P4-S1004-G0.001,ariyalur,Family Z-B,1024,1024,True
EXP-Z-B-ariyalur-P4-S1004-G0.005,ariyalur,Family Z-B,1024,1024,True
EXP-Z-B-ariyalur-P4-S1004-G0.01,ariyalur,Family Z-B,1024,1024,True
EXP-Z-A-ariyalur-P5-S1000,ariyalur,Family Z-A,1024,1024,True
EXP-Z-B-ariyalur-P5-S1000-G0.0001,ariyalur,Family Z-B,1024,1024,True
EXP-Z-B-ariyalur-P5-S1000-G0.001,ariyalur,Family Z-B,1024,1024,True
EXP-Z-B-ariyalur-P5-S1000-G0.005,ariyalur,Family Z-B,1024,1024,True
EXP-Z-B-ariyalur-P5-S1000-G0.01,ariyalur,Family Z-B,1024,1024,True
EXP-Z-A-ariyalur-P5-S1001,ariyalur,Family Z-A,1024,1024,True
EXP-Z-B-ariyalur-P5-S1001-G0.0001,ariyalur,Family Z-B,1024,1024,True
EXP-Z-B-ariyalur-P5-S1001-G0.001,ariyalur,Family Z-B,1024,1024,True
EXP-Z-B-ariyalur-P5-S1001-G0.005,ariyalur,Family Z-B,1024,1024,True
EXP-Z-B-ariyalur-P5-S1001-G0.01,ariyalur,Family Z-B,1024,1024,True
EXP-Z-A-ariyalur-P5-S1002,ariyalur,Family Z-A,1024,1024,True
EXP-Z-B-ariyalur-P5-S1002-G0.0001,ariyalur,Family Z-B,1024,1024,True
EXP-Z-B-ariyalur-P5-S1002-G0.001,ariyalur,Family Z-B,1024,1024,True
EXP-Z-B-ariyalur-P5-S1002-G0.005,ariyalur,Family Z-B,1024,1024,True
EXP-Z-B-ariyalur-P5-S1002-G0.01,ariyalur,Family Z-B,1024,1024,True
EXP-Z-A-ariyalur-P5-S1003,ariyalur,Family Z-A,1024,1024,True
EXP-Z-B-ariyalur-P5-S1003-G0.0001,ariyalur,Family Z-B,1024,1024,True
EXP-Z-B-ariyalur-P5-S1003-G0.001,ariyalur,Family Z-B,1024,1024,True
EXP-Z-B-ariyalur-P5-S1003-G0.005,ariyalur,Family Z-B,1024,1024,True
EXP-Z-B-ariyalur-P5-S1003-G0.01,ariyalur,Family Z-B,1024,1024,True
EXP-Z-A-ariyalur-P5-S1004,ariyalur,Family Z-A,1024,1024,True
EXP-Z-B-ariyalur-P5-S1004-G0.0001,ariyalur,Family Z-B,1024,1024,True
EXP-Z-B-ariyalur-P5-S1004-G0.001,ariyalur,Family Z-B,1024,1024,True
EXP-Z-B-ariyalur-P5-S1004-G0.005,ariyalur,Family Z-B,1024,1024,True
EXP-Z-B-ariyalur-P5-S1004-G0.01,ariyalur,Family Z-B,1024,1024,True
EXP-Z-A-chennai-P1-S1000,chennai,Family Z-A,1024,1024,True
EXP-Z-B-chennai-P1-S1000-G0.0001,chennai,Family Z-B,1024,1024,True
EXP-Z-B-chennai-P1-S1000-G0.001,chennai,Family Z-B,1024,1024,True
EXP-Z-B-chennai-P1-S1000-G0.005,chennai,Family Z-B,1024,1024,True
EXP-Z-B-chennai-P1-S1000-G0.01,chennai,Family Z-B,1024,1024,True
EXP-Z-A-chennai-P1-S1001,chennai,Family Z-A,1024,1024,True
EXP-Z-B-chennai-P1-S1001-G0.0001,chennai,Family Z-B,1024,1024,True
EXP-Z-B-chennai-P1-S1001-G0.001,chennai,Family Z-B,1024,1024,True
EXP-Z-B-chennai-P1-S1001-G0.005,chennai,Family Z-B,1024,1024,True
EXP-Z-B-chennai-P1-S1001-G0.01,chennai,Family Z-B,1024,1024,True
EXP-Z-A-chennai-P1-S1002,chennai,Family Z-A,1024,1024,True
EXP-Z-B-chennai-P1-S1002-G0.0001,chennai,Family Z-B,1024,1024,True
EXP-Z-B-chennai-P1-S1002-G0.001,chennai,Family Z-B,1024,1024,True
EXP-Z-B-chennai-P1-S1002-G0.005,chennai,Family Z-B,1024,1024,True
EXP-Z-B-chennai-P1-S1002-G0.01,chennai,Family Z-B,1024,1024,True
EXP-Z-A-chennai-P1-S1003,chennai,Family Z-A,1024,1024,True
EXP-Z-B-chennai-P1-S1003-G0.0001,chennai,Family Z-B,1024,1024,True
EXP-Z-B-chennai-P1-S1003-G0.001,chennai,Family Z-B,1024,1024,True
EXP-Z-B-chennai-P1-S1003-G0.005,chennai,Family Z-B,1024,1024,True
EXP-Z-B-chennai-P1-S1003-G0.01,chennai,Family Z-B,1024,1024,True
EXP-Z-A-chennai-P1-S1004,chennai,Family Z-A,1024,1024,True
EXP-Z-B-chennai-P1-S1004-G0.0001,chennai,Family Z-B,1024,1024,True
EXP-Z-B-chennai-P1-S1004-G0.001,chennai,Family Z-B,1024,1024,True
EXP-Z-B-chennai-P1-S1004-G0.005,chennai,Family Z-B,1024,1024,True
EXP-Z-B-chennai-P1-S1004-G0.01,chennai,Family Z-B,1024,1024,True
EXP-Z-A-chennai-P2-S1000,chennai,Family Z-A,1024,1024,True
EXP-Z-B-chennai-P2-S1000-G0.0001,chennai,Family Z-B,1024,1024,True
EXP-Z-B-chennai-P2-S1000-G0.001,chennai,Family Z-B,1024,1024,True
EXP-Z-B-chennai-P2-S1000-G0.005,chennai,Family Z-B,1024,1024,True
EXP-Z-B-chennai-P2-S1000-G0.01,chennai,Family Z-B,1024,1024,True
EXP-Z-A-chennai-P2-S1001,chennai,Family Z-A,1024,1024,True
EXP-Z-B-chennai-P2-S1001-G0.0001,chennai,Family Z-B,1024,1024,True
EXP-Z-B-chennai-P2-S1001-G0.001,chennai,Family Z-B,1024,1024,True
EXP-Z-B-chennai-P2-S1001-G0.005,chennai,Family Z-B,1024,1024,True
EXP-Z-B-chennai-P2-S1001-G0.01,chennai,Family Z-B,1024,1024,True
EXP-Z-A-chennai-P2-S1002,chennai,Family Z-A,1024,1024,True
EXP-Z-B-chennai-P2-S1002-G0.0001,chennai,Family Z-B,1024,1024,True
EXP-Z-B-chennai-P2-S1002-G0.001,chennai,Family Z-B,1024,1024,True
EXP-Z-B-chennai-P2-S1002-G0.005,chennai,Family Z-B,1024,1024,True
EXP-Z-B-chennai-P2-S1002-G0.01,chennai,Family Z-B,1024,1024,True
EXP-Z-A-chennai-P2-S1003,chennai,Family Z-A,1024,1024,True
EXP-Z-B-chennai-P2-S1003-G0.0001,chennai,Family Z-B,1024,1024,True
EXP-Z-B-chennai-P2-S1003-G0.001,chennai,Family Z-B,1024,1024,True
EXP-Z-B-chennai-P2-S1003-G0.005,chennai,Family Z-B,1024,1024,True
EXP-Z-B-chennai-P2-S1003-G0.01,chennai,Family Z-B,1024,1024,True
EXP-Z-A-chennai-P2-S1004,chennai,Family Z-A,1024,1024,True
EXP-Z-B-chennai-P2-S1004-G0.0001,chennai,Family Z-B,1024,1024,True
EXP-Z-B-chennai-P2-S1004-G0.001,chennai,Family Z-B,1024,1024,True
EXP-Z-B-chennai-P2-S1004-G0.005,chennai,Family Z-B,1024,1024,True
EXP-Z-B-chennai-P2-S1004-G0.01,chennai,Family Z-B,1024,1024,True
EXP-Z-A-chennai-P3-S1000,chennai,Family Z-A,1024,1024,True
EXP-Z-B-chennai-P3-S1000-G0.0001,chennai,Family Z-B,1024,1024,True
EXP-Z-B-chennai-P3-S1000-G0.001,chennai,Family Z-B,1024,1024,True
EXP-Z-B-chennai-P3-S1000-G0.005,chennai,Family Z-B,1024,1024,True
EXP-Z-B-chennai-P3-S1000-G0.01,chennai,Family Z-B,1024,1024,True
EXP-Z-A-chennai-P3-S1001,chennai,Family Z-A,1024,1024,True
EXP-Z-B-chennai-P3-S1001-G0.0001,chennai,Family Z-B,1024,1024,True
EXP-Z-B-chennai-P3-S1001-G0.001,chennai,Family Z-B,1024,1024,True
EXP-Z-B-chennai-P3-S1001-G0.005,chennai,Family Z-B,1024,1024,True
EXP-Z-B-chennai-P3-S1001-G0.01,chennai,Family Z-B,1024,1024,True
EXP-Z-A-chennai-P3-S1002,chennai,Family Z-A,1024,1024,True
EXP-Z-B-chennai-P3-S1002-G0.0001,chennai,Family Z-B,1024,1024,True
EXP-Z-B-chennai-P3-S1002-G0.001,chennai,Family Z-B,1024,1024,True
EXP-Z-B-chennai-P3-S1002-G0.005,chennai,Family Z-B,1024,1024,True
EXP-Z-B-chennai-P3-S1002-G0.01,chennai,Family Z-B,1024,1024,True
EXP-Z-A-chennai-P3-S1003,chennai,Family Z-A,1024,1024,True
EXP-Z-B-chennai-P3-S1003-G0.0001,chennai,Family Z-B,1024,1024,True
EXP-Z-B-chennai-P3-S1003-G0.001,chennai,Family Z-B,1024,1024,True
EXP-Z-B-chennai-P3-S1003-G0.005,chennai,Family Z-B,1024,1024,True
EXP-Z-B-chennai-P3-S1003-G0.01,chennai,Family Z-B,1024,1024,True
EXP-Z-A-chennai-P3-S1004,chennai,Family Z-A,1024,1024,True
EXP-Z-B-chennai-P3-S1004-G0.0001,chennai,Family Z-B,1024,1024,True
EXP-Z-B-chennai-P3-S1004-G0.001,chennai,Family Z-B,1024,1024,True
EXP-Z-B-chennai-P3-S1004-G0.005,chennai,Family Z-B,1024,1024,True
EXP-Z-B-chennai-P3-S1004-G0.01,chennai,Family Z-B,1024,1024,True
EXP-Z-A-chennai-P4-S1000,chennai,Family Z-A,1024,1024,True
EXP-Z-B-chennai-P4-S1000-G0.0001,chennai,Family Z-B,1024,1024,True
EXP-Z-B-chennai-P4-S1000-G0.001,chennai,Family Z-B,1024,1024,True
EXP-Z-B-chennai-P4-S1000-G0.005,chennai,Family Z-B,1024,1024,True
EXP-Z-B-chennai-P4-S1000-G0.01,chennai,Family Z-B,1024,1024,True
EXP-Z-A-chennai-P4-S1001,chennai,Family Z-A,1024,1024,True
EXP-Z-B-chennai-P4-S1001-G0.0001,chennai,Family Z-B,1024,1024,True
EXP-Z-B-chennai-P4-S1001-G0.001,chennai,Family Z-B,1024,1024,True
EXP-Z-B-chennai-P4-S1001-G0.005,chennai,Family Z-B,1024,1024,True
EXP-Z-B-chennai-P4-S1001-G0.01,chennai,Family Z-B,1024,1024,True
EXP-Z-A-chennai-P4-S1002,chennai,Family Z-A,1024,1024,True
EXP-Z-B-chennai-P4-S1002-G0.0001,chennai,Family Z-B,1024,1024,True
EXP-Z-B-chennai-P4-S1002-G0.001,chennai,Family Z-B,1024,1024,True
EXP-Z-B-chennai-P4-S1002-G0.005,chennai,Family Z-B,1024,1024,True
EXP-Z-B-chennai-P4-S1002-G0.01,chennai,Family Z-B,1024,1024,True
EXP-Z-A-chennai-P4-S1003,chennai,Family Z-A,1024,1024,True
EXP-Z-B-chennai-P4-S1003-G0.0001,chennai,Family Z-B,1024,1024,True
EXP-Z-B-chennai-P4-S1003-G0.001,chennai,Family Z-B,1024,1024,True
EXP-Z-B-chennai-P4-S1003-G0.005,chennai,Family Z-B,1024,1024,True
EXP-Z-B-chennai-P4-S1003-G0.01,chennai,Family Z-B,1024,1024,True
EXP-Z-A-chennai-P4-S1004,chennai,Family Z-A,1024,1024,True
EXP-Z-B-chennai-P4-S1004-G0.0001,chennai,Family Z-B,1024,1024,True
EXP-Z-B-chennai-P4-S1004-G0.001,chennai,Family Z-B,1024,1024,True
EXP-Z-B-chennai-P4-S1004-G0.005,chennai,Family Z-B,1024,1024,True
EXP-Z-B-chennai-P4-S1004-G0.01,chennai,Family Z-B,1024,1024,True
EXP-Z-A-chennai-P5-S1000,chennai,Family Z-A,1024,1024,True
EXP-Z-B-chennai-P5-S1000-G0.0001,chennai,Family Z-B,1024,1024,True
EXP-Z-B-chennai-P5-S1000-G0.001,chennai,Family Z-B,1024,1024,True
EXP-Z-B-chennai-P5-S1000-G0.005,chennai,Family Z-B,1024,1024,True
EXP-Z-B-chennai-P5-S1000-G0.01,chennai,Family Z-B,1024,1024,True
EXP-Z-A-chennai-P5-S1001,chennai,Family Z-A,1024,1024,True
EXP-Z-B-chennai-P5-S1001-G0.0001,chennai,Family Z-B,1024,1024,True
EXP-Z-B-chennai-P5-S1001-G0.001,chennai,Family Z-B,1024,1024,True
EXP-Z-B-chennai-P5-S1001-G0.005,chennai,Family Z-B,1024,1024,True
EXP-Z-B-chennai-P5-S1001-G0.01,chennai,Family Z-B,1024,1024,True
EXP-Z-A-chennai-P5-S1002,chennai,Family Z-A,1024,1024,True
EXP-Z-B-chennai-P5-S1002-G0.0001,chennai,Family Z-B,1024,1024,True
EXP-Z-B-chennai-P5-S1002-G0.001,chennai,Family Z-B,1024,1024,True
EXP-Z-B-chennai-P5-S1002-G0.005,chennai,Family Z-B,1024,1024,True
EXP-Z-B-chennai-P5-S1002-G0.01,chennai,Family Z-B,1024,1024,True
EXP-Z-A-chennai-P5-S1003,chennai,Family Z-A,1024,1024,True
EXP-Z-B-chennai-P5-S1003-G0.0001,chennai,Family Z-B,1024,1024,True
EXP-Z-B-chennai-P5-S1003-G0.001,chennai,Family Z-B,1024,1024,True
EXP-Z-B-chennai-P5-S1003-G0.005,chennai,Family Z-B,1024,1024,True
EXP-Z-B-chennai-P5-S1003-G0.01,chennai,Family Z-B,1024,1024,True
EXP-Z-A-chennai-P5-S1004,chennai,Family Z-A,1024,1024,True
EXP-Z-B-chennai-P5-S1004-G0.0001,chennai,Family Z-B,1024,1024,True
EXP-Z-B-chennai-P5-S1004-G0.001,chennai,Family Z-B,1024,1024,True
EXP-Z-B-chennai-P5-S1004-G0.005,chennai,Family Z-B,1024,1024,True
EXP-Z-B-chennai-P5-S1004-G0.01,chennai,Family Z-B,1024,1024,True
EXP-Z-A-coimbatore-P1-S1000,coimbatore,Family Z-A,1024,1024,True
EXP-Z-B-coimbatore-P1-S1000-G0.0001,coimbatore,Family Z-B,1024,1024,True
EXP-Z-B-coimbatore-P1-S1000-G0.001,coimbatore,Family Z-B,1024,1024,True
EXP-Z-B-coimbatore-P1-S1000-G0.005,coimbatore,Family Z-B,1024,1024,True
EXP-Z-B-coimbatore-P1-S1000-G0.01,coimbatore,Family Z-B,1024,1024,True
EXP-Z-A-coimbatore-P1-S1001,coimbatore,Family Z-A,1024,1024,True
EXP-Z-B-coimbatore-P1-S1001-G0.0001,coimbatore,Family Z-B,1024,1024,True
EXP-Z-B-coimbatore-P1-S1001-G0.001,coimbatore,Family Z-B,1024,1024,True
EXP-Z-B-coimbatore-P1-S1001-G0.005,coimbatore,Family Z-B,1024,1024,True
EXP-Z-B-coimbatore-P1-S1001-G0.01,coimbatore,Family Z-B,1024,1024,True
EXP-Z-A-coimbatore-P1-S1002,coimbatore,Family Z-A,1024,1024,True
EXP-Z-B-coimbatore-P1-S1002-G0.0001,coimbatore,Family Z-B,1024,1024,True
EXP-Z-B-coimbatore-P1-S1002-G0.001,coimbatore,Family Z-B,1024,1024,True
EXP-Z-B-coimbatore-P1-S1002-G0.005,coimbatore,Family Z-B,1024,1024,True
EXP-Z-B-coimbatore-P1-S1002-G0.01,coimbatore,Family Z-B,1024,1024,True
EXP-Z-A-coimbatore-P1-S1003,coimbatore,Family Z-A,1024,1024,True
EXP-Z-B-coimbatore-P1-S1003-G0.0001,coimbatore,Family Z-B,1024,1024,True
EXP-Z-B-coimbatore-P1-S1003-G0.001,coimbatore,Family Z-B,1024,1024,True
EXP-Z-B-coimbatore-P1-S1003-G0.005,coimbatore,Family Z-B,1024,1024,True
EXP-Z-B-coimbatore-P1-S1003-G0.01,coimbatore,Family Z-B,1024,1024,True
EXP-Z-A-coimbatore-P1-S1004,coimbatore,Family Z-A,1024,1024,True
EXP-Z-B-coimbatore-P1-S1004-G0.0001,coimbatore,Family Z-B,1024,1024,True
EXP-Z-B-coimbatore-P1-S1004-G0.001,coimbatore,Family Z-B,1024,1024,True
EXP-Z-B-coimbatore-P1-S1004-G0.005,coimbatore,Family Z-B,1024,1024,True
EXP-Z-B-coimbatore-P1-S1004-G0.01,coimbatore,Family Z-B,1024,1024,True
EXP-Z-A-coimbatore-P2-S1000,coimbatore,Family Z-A,1024,1024,True
EXP-Z-B-coimbatore-P2-S1000-G0.0001,coimbatore,Family Z-B,1024,1024,True
EXP-Z-B-coimbatore-P2-S1000-G0.001,coimbatore,Family Z-B,1024,1024,True
EXP-Z-B-coimbatore-P2-S1000-G0.005,coimbatore,Family Z-B,1024,1024,True
EXP-Z-B-coimbatore-P2-S1000-G0.01,coimbatore,Family Z-B,1024,1024,True
EXP-Z-A-coimbatore-P2-S1001,coimbatore,Family Z-A,1024,1024,True
EXP-Z-B-coimbatore-P2-S1001-G0.0001,coimbatore,Family Z-B,1024,1024,True
EXP-Z-B-coimbatore-P2-S1001-G0.001,coimbatore,Family Z-B,1024,1024,True
EXP-Z-B-coimbatore-P2-S1001-G0.005,coimbatore,Family Z-B,1024,1024,True
EXP-Z-B-coimbatore-P2-S1001-G0.01,coimbatore,Family Z-B,1024,1024,True
EXP-Z-A-coimbatore-P2-S1002,coimbatore,Family Z-A,1024,1024,True
EXP-Z-B-coimbatore-P2-S1002-G0.0001,coimbatore,Family Z-B,1024,1024,True
EXP-Z-B-coimbatore-P2-S1002-G0.001,coimbatore,Family Z-B,1024,1024,True
EXP-Z-B-coimbatore-P2-S1002-G0.005,coimbatore,Family Z-B,1024,1024,True
EXP-Z-B-coimbatore-P2-S1002-G0.01,coimbatore,Family Z-B,1024,1024,True
EXP-Z-A-coimbatore-P2-S1003,coimbatore,Family Z-A,1024,1024,True
EXP-Z-B-coimbatore-P2-S1003-G0.0001,coimbatore,Family Z-B,1024,1024,True
EXP-Z-B-coimbatore-P2-S1003-G0.001,coimbatore,Family Z-B,1024,1024,True
EXP-Z-B-coimbatore-P2-S1003-G0.005,coimbatore,Family Z-B,1024,1024,True
EXP-Z-B-coimbatore-P2-S1003-G0.01,coimbatore,Family Z-B,1024,1024,True
EXP-Z-A-coimbatore-P2-S1004,coimbatore,Family Z-A,1024,1024,True
EXP-Z-B-coimbatore-P2-S1004-G0.0001,coimbatore,Family Z-B,1024,1024,True
EXP-Z-B-coimbatore-P2-S1004-G0.001,coimbatore,Family Z-B,1024,1024,True
EXP-Z-B-coimbatore-P2-S1004-G0.005,coimbatore,Family Z-B,1024,1024,True
EXP-Z-B-coimbatore-P2-S1004-G0.01,coimbatore,Family Z-B,1024,1024,True
EXP-Z-A-coimbatore-P3-S1000,coimbatore,Family Z-A,1024,1024,True
EXP-Z-B-coimbatore-P3-S1000-G0.0001,coimbatore,Family Z-B,1024,1024,True
EXP-Z-B-coimbatore-P3-S1000-G0.001,coimbatore,Family Z-B,1024,1024,True
EXP-Z-B-coimbatore-P3-S1000-G0.005,coimbatore,Family Z-B,1024,1024,True
EXP-Z-B-coimbatore-P3-S1000-G0.01,coimbatore,Family Z-B,1024,1024,True
EXP-Z-A-coimbatore-P3-S1001,coimbatore,Family Z-A,1024,1024,True
EXP-Z-B-coimbatore-P3-S1001-G0.0001,coimbatore,Family Z-B,1024,1024,True
EXP-Z-B-coimbatore-P3-S1001-G0.001,coimbatore,Family Z-B,1024,1024,True
EXP-Z-B-coimbatore-P3-S1001-G0.005,coimbatore,Family Z-B,1024,1024,True
EXP-Z-B-coimbatore-P3-S1001-G0.01,coimbatore,Family Z-B,1024,1024,True
EXP-Z-A-coimbatore-P3-S1002,coimbatore,Family Z-A,1024,1024,True
EXP-Z-B-coimbatore-P3-S1002-G0.0001,coimbatore,Family Z-B,1024,1024,True
EXP-Z-B-coimbatore-P3-S1002-G0.001,coimbatore,Family Z-B,1024,1024,True
EXP-Z-B-coimbatore-P3-S1002-G0.005,coimbatore,Family Z-B,1024,1024,True
EXP-Z-B-coimbatore-P3-S1002-G0.01,coimbatore,Family Z-B,1024,1024,True
EXP-Z-A-coimbatore-P3-S1003,coimbatore,Family Z-A,1024,1024,True
EXP-Z-B-coimbatore-P3-S1003-G0.0001,coimbatore,Family Z-B,1024,1024,True
EXP-Z-B-coimbatore-P3-S1003-G0.001,coimbatore,Family Z-B,1024,1024,True
EXP-Z-B-coimbatore-P3-S1003-G0.005,coimbatore,Family Z-B,1024,1024,True
EXP-Z-B-coimbatore-P3-S1003-G0.01,coimbatore,Family Z-B,1024,1024,True
EXP-Z-A-coimbatore-P3-S1004,coimbatore,Family Z-A,1024,1024,True
EXP-Z-B-coimbatore-P3-S1004-G0.0001,coimbatore,Family Z-B,1024,1024,True
EXP-Z-B-coimbatore-P3-S1004-G0.001,coimbatore,Family Z-B,1024,1024,True
EXP-Z-B-coimbatore-P3-S1004-G0.005,coimbatore,Family Z-B,1024,1024,True
EXP-Z-B-coimbatore-P3-S1004-G0.01,coimbatore,Family Z-B,1024,1024,True
EXP-Z-A-coimbatore-P4-S1000,coimbatore,Family Z-A,1024,1024,True
EXP-Z-B-coimbatore-P4-S1000-G0.0001,coimbatore,Family Z-B,1024,1024,True
EXP-Z-B-coimbatore-P4-S1000-G0.001,coimbatore,Family Z-B,1024,1024,True
EXP-Z-B-coimbatore-P4-S1000-G0.005,coimbatore,Family Z-B,1024,1024,True
EXP-Z-B-coimbatore-P4-S1000-G0.01,coimbatore,Family Z-B,1024,1024,True
EXP-Z-A-coimbatore-P4-S1001,coimbatore,Family Z-A,1024,1024,True
EXP-Z-B-coimbatore-P4-S1001-G0.0001,coimbatore,Family Z-B,1024,1024,True
EXP-Z-B-coimbatore-P4-S1001-G0.001,coimbatore,Family Z-B,1024,1024,True
EXP-Z-B-coimbatore-P4-S1001-G0.005,coimbatore,Family Z-B,1024,1024,True
EXP-Z-B-coimbatore-P4-S1001-G0.01,coimbatore,Family Z-B,1024,1024,True
EXP-Z-A-coimbatore-P4-S1002,coimbatore,Family Z-A,1024,1024,True
EXP-Z-B-coimbatore-P4-S1002-G0.0001,coimbatore,Family Z-B,1024,1024,True
EXP-Z-B-coimbatore-P4-S1002-G0.001,coimbatore,Family Z-B,1024,1024,True
EXP-Z-B-coimbatore-P4-S1002-G0.005,coimbatore,Family Z-B,1024,1024,True
EXP-Z-B-coimbatore-P4-S1002-G0.01,coimbatore,Family Z-B,1024,1024,True
EXP-Z-A-coimbatore-P4-S1003,coimbatore,Family Z-A,1024,1024,True
EXP-Z-B-coimbatore-P4-S1003-G0.0001,coimbatore,Family Z-B,1024,1024,True
EXP-Z-B-coimbatore-P4-S1003-G0.001,coimbatore,Family Z-B,1024,1024,True
EXP-Z-B-coimbatore-P4-S1003-G0.005,coimbatore,Family Z-B,1024,1024,True
EXP-Z-B-coimbatore-P4-S1003-G0.01,coimbatore,Family Z-B,1024,1024,True
EXP-Z-A-coimbatore-P4-S1004,coimbatore,Family Z-A,1024,1024,True
EXP-Z-B-coimbatore-P4-S1004-G0.0001,coimbatore,Family Z-B,1024,1024,True
EXP-Z-B-coimbatore-P4-S1004-G0.001,coimbatore,Family Z-B,1024,1024,True
EXP-Z-B-coimbatore-P4-S1004-G0.005,coimbatore,Family Z-B,1024,1024,True
EXP-Z-B-coimbatore-P4-S1004-G0.01,coimbatore,Family Z-B,1024,1024,True
EXP-Z-A-coimbatore-P5-S1000,coimbatore,Family Z-A,1024,1024,True
EXP-Z-B-coimbatore-P5-S1000-G0.0001,coimbatore,Family Z-B,1024,1024,True
EXP-Z-B-coimbatore-P5-S1000-G0.001,coimbatore,Family Z-B,1024,1024,True
EXP-Z-B-coimbatore-P5-S1000-G0.005,coimbatore,Family Z-B,1024,1024,True
EXP-Z-B-coimbatore-P5-S1000-G0.01,coimbatore,Family Z-B,1024,1024,True
EXP-Z-A-coimbatore-P5-S1001,coimbatore,Family Z-A,1024,1024,True
EXP-Z-B-coimbatore-P5-S1001-G0.0001,coimbatore,Family Z-B,1024,1024,True
EXP-Z-B-coimbatore-P5-S1001-G0.001,coimbatore,Family Z-B,1024,1024,True
EXP-Z-B-coimbatore-P5-S1001-G0.005,coimbatore,Family Z-B,1024,1024,True
EXP-Z-B-coimbatore-P5-S1001-G0.01,coimbatore,Family Z-B,1024,1024,True
EXP-Z-A-coimbatore-P5-S1002,coimbatore,Family Z-A,1024,1024,True
EXP-Z-B-coimbatore-P5-S1002-G0.0001,coimbatore,Family Z-B,1024,1024,True
EXP-Z-B-coimbatore-P5-S1002-G0.001,coimbatore,Family Z-B,1024,1024,True
EXP-Z-B-coimbatore-P5-S1002-G0.005,coimbatore,Family Z-B,1024,1024,True
EXP-Z-B-coimbatore-P5-S1002-G0.01,coimbatore,Family Z-B,1024,1024,True
EXP-Z-A-coimbatore-P5-S1003,coimbatore,Family Z-A,1024,1024,True
EXP-Z-B-coimbatore-P5-S1003-G0.0001,coimbatore,Family Z-B,1024,1024,True
EXP-Z-B-coimbatore-P5-S1003-G0.001,coimbatore,Family Z-B,1024,1024,True
EXP-Z-B-coimbatore-P5-S1003-G0.005,coimbatore,Family Z-B,1024,1024,True
EXP-Z-B-coimbatore-P5-S1003-G0.01,coimbatore,Family Z-B,1024,1024,True
EXP-Z-A-coimbatore-P5-S1004,coimbatore,Family Z-A,1024,1024,True
EXP-Z-B-coimbatore-P5-S1004-G0.0001,coimbatore,Family Z-B,1024,1024,True
EXP-Z-B-coimbatore-P5-S1004-G0.001,coimbatore,Family Z-B,1024,1024,True
EXP-Z-B-coimbatore-P5-S1004-G0.005,coimbatore,Family Z-B,1024,1024,True
EXP-Z-B-coimbatore-P5-S1004-G0.01,coimbatore,Family Z-B,1024,1024,True
EXP-Z-A-cuddalore-P1-S1000,cuddalore,Family Z-A,1024,1024,True
EXP-Z-B-cuddalore-P1-S1000-G0.0001,cuddalore,Family Z-B,1024,1024,True
EXP-Z-B-cuddalore-P1-S1000-G0.001,cuddalore,Family Z-B,1024,1024,True
EXP-Z-B-cuddalore-P1-S1000-G0.005,cuddalore,Family Z-B,1024,1024,True
EXP-Z-B-cuddalore-P1-S1000-G0.01,cuddalore,Family Z-B,1024,1024,True
EXP-Z-A-cuddalore-P1-S1001,cuddalore,Family Z-A,1024,1024,True
EXP-Z-B-cuddalore-P1-S1001-G0.0001,cuddalore,Family Z-B,1024,1024,True
EXP-Z-B-cuddalore-P1-S1001-G0.001,cuddalore,Family Z-B,1024,1024,True
EXP-Z-B-cuddalore-P1-S1001-G0.005,cuddalore,Family Z-B,1024,1024,True
EXP-Z-B-cuddalore-P1-S1001-G0.01,cuddalore,Family Z-B,1024,1024,True
EXP-Z-A-cuddalore-P1-S1002,cuddalore,Family Z-A,1024,1024,True
EXP-Z-B-cuddalore-P1-S1002-G0.0001,cuddalore,Family Z-B,1024,1024,True
EXP-Z-B-cuddalore-P1-S1002-G0.001,cuddalore,Family Z-B,1024,1024,True
EXP-Z-B-cuddalore-P1-S1002-G0.005,cuddalore,Family Z-B,1024,1024,True
EXP-Z-B-cuddalore-P1-S1002-G0.01,cuddalore,Family Z-B,1024,1024,True
EXP-Z-A-cuddalore-P1-S1003,cuddalore,Family Z-A,1024,1024,True
EXP-Z-B-cuddalore-P1-S1003-G0.0001,cuddalore,Family Z-B,1024,1024,True
EXP-Z-B-cuddalore-P1-S1003-G0.001,cuddalore,Family Z-B,1024,1024,True
EXP-Z-B-cuddalore-P1-S1003-G0.005,cuddalore,Family Z-B,1024,1024,True
EXP-Z-B-cuddalore-P1-S1003-G0.01,cuddalore,Family Z-B,1024,1024,True
EXP-Z-A-cuddalore-P1-S1004,cuddalore,Family Z-A,1024,1024,True
EXP-Z-B-cuddalore-P1-S1004-G0.0001,cuddalore,Family Z-B,1024,1024,True
EXP-Z-B-cuddalore-P1-S1004-G0.001,cuddalore,Family Z-B,1024,1024,True
EXP-Z-B-cuddalore-P1-S1004-G0.005,cuddalore,Family Z-B,1024,1024,True
EXP-Z-B-cuddalore-P1-S1004-G0.01,cuddalore,Family Z-B,1024,1024,True
EXP-Z-A-cuddalore-P2-S1000,cuddalore,Family Z-A,1024,1024,True
EXP-Z-B-cuddalore-P2-S1000-G0.0001,cuddalore,Family Z-B,1024,1024,True
EXP-Z-B-cuddalore-P2-S1000-G0.001,cuddalore,Family Z-B,1024,1024,True
EXP-Z-B-cuddalore-P2-S1000-G0.005,cuddalore,Family Z-B,1024,1024,True
EXP-Z-B-cuddalore-P2-S1000-G0.01,cuddalore,Family Z-B,1024,1024,True
EXP-Z-A-cuddalore-P2-S1001,cuddalore,Family Z-A,1024,1024,True
EXP-Z-B-cuddalore-P2-S1001-G0.0001,cuddalore,Family Z-B,1024,1024,True
EXP-Z-B-cuddalore-P2-S1001-G0.001,cuddalore,Family Z-B,1024,1024,True
EXP-Z-B-cuddalore-P2-S1001-G0.005,cuddalore,Family Z-B,1024,1024,True
EXP-Z-B-cuddalore-P2-S1001-G0.01,cuddalore,Family Z-B,1024,1024,True
EXP-Z-A-cuddalore-P2-S1002,cuddalore,Family Z-A,1024,1024,True
EXP-Z-B-cuddalore-P2-S1002-G0.0001,cuddalore,Family Z-B,1024,1024,True
EXP-Z-B-cuddalore-P2-S1002-G0.001,cuddalore,Family Z-B,1024,1024,True
EXP-Z-B-cuddalore-P2-S1002-G0.005,cuddalore,Family Z-B,1024,1024,True
EXP-Z-B-cuddalore-P2-S1002-G0.01,cuddalore,Family Z-B,1024,1024,True
EXP-Z-A-cuddalore-P2-S1003,cuddalore,Family Z-A,1024,1024,True
EXP-Z-B-cuddalore-P2-S1003-G0.0001,cuddalore,Family Z-B,1024,1024,True
EXP-Z-B-cuddalore-P2-S1003-G0.001,cuddalore,Family Z-B,1024,1024,True
EXP-Z-B-cuddalore-P2-S1003-G0.005,cuddalore,Family Z-B,1024,1024,True
EXP-Z-B-cuddalore-P2-S1003-G0.01,cuddalore,Family Z-B,1024,1024,True
EXP-Z-A-cuddalore-P2-S1004,cuddalore,Family Z-A,1024,1024,True
EXP-Z-B-cuddalore-P2-S1004-G0.0001,cuddalore,Family Z-B,1024,1024,True
EXP-Z-B-cuddalore-P2-S1004-G0.001,cuddalore,Family Z-B,1024,1024,True
EXP-Z-B-cuddalore-P2-S1004-G0.005,cuddalore,Family Z-B,1024,1024,True
EXP-Z-B-cuddalore-P2-S1004-G0.01,cuddalore,Family Z-B,1024,1024,True
EXP-Z-A-cuddalore-P3-S1000,cuddalore,Family Z-A,1024,1024,True
EXP-Z-B-cuddalore-P3-S1000-G0.0001,cuddalore,Family Z-B,1024,1024,True
EXP-Z-B-cuddalore-P3-S1000-G0.001,cuddalore,Family Z-B,1024,1024,True
EXP-Z-B-cuddalore-P3-S1000-G0.005,cuddalore,Family Z-B,1024,1024,True
EXP-Z-B-cuddalore-P3-S1000-G0.01,cuddalore,Family Z-B,1024,1024,True
EXP-Z-A-cuddalore-P3-S1001,cuddalore,Family Z-A,1024,1024,True
EXP-Z-B-cuddalore-P3-S1001-G0.0001,cuddalore,Family Z-B,1024,1024,True
EXP-Z-B-cuddalore-P3-S1001-G0.001,cuddalore,Family Z-B,1024,1024,True
EXP-Z-B-cuddalore-P3-S1001-G0.005,cuddalore,Family Z-B,1024,1024,True
EXP-Z-B-cuddalore-P3-S1001-G0.01,cuddalore,Family Z-B,1024,1024,True
EXP-Z-A-cuddalore-P3-S1002,cuddalore,Family Z-A,1024,1024,True
EXP-Z-B-cuddalore-P3-S1002-G0.0001,cuddalore,Family Z-B,1024,1024,True
EXP-Z-B-cuddalore-P3-S1002-G0.001,cuddalore,Family Z-B,1024,1024,True
EXP-Z-B-cuddalore-P3-S1002-G0.005,cuddalore,Family Z-B,1024,1024,True
EXP-Z-B-cuddalore-P3-S1002-G0.01,cuddalore,Family Z-B,1024,1024,True
EXP-Z-A-cuddalore-P3-S1003,cuddalore,Family Z-A,1024,1024,True
EXP-Z-B-cuddalore-P3-S1003-G0.0001,cuddalore,Family Z-B,1024,1024,True
EXP-Z-B-cuddalore-P3-S1003-G0.001,cuddalore,Family Z-B,1024,1024,True
EXP-Z-B-cuddalore-P3-S1003-G0.005,cuddalore,Family Z-B,1024,1024,True
EXP-Z-B-cuddalore-P3-S1003-G0.01,cuddalore,Family Z-B,1024,1024,True
EXP-Z-A-cuddalore-P3-S1004,cuddalore,Family Z-A,1024,1024,True
EXP-Z-B-cuddalore-P3-S1004-G0.0001,cuddalore,Family Z-B,1024,1024,True
EXP-Z-B-cuddalore-P3-S1004-G0.001,cuddalore,Family Z-B,1024,1024,True
EXP-Z-B-cuddalore-P3-S1004-G0.005,cuddalore,Family Z-B,1024,1024,True
EXP-Z-B-cuddalore-P3-S1004-G0.01,cuddalore,Family Z-B,1024,1024,True
EXP-Z-A-cuddalore-P4-S1000,cuddalore,Family Z-A,1024,1024,True
EXP-Z-B-cuddalore-P4-S1000-G0.0001,cuddalore,Family Z-B,1024,1024,True
EXP-Z-B-cuddalore-P4-S1000-G0.001,cuddalore,Family Z-B,1024,1024,True
EXP-Z-B-cuddalore-P4-S1000-G0.005,cuddalore,Family Z-B,1024,1024,True
EXP-Z-B-cuddalore-P4-S1000-G0.01,cuddalore,Family Z-B,1024,1024,True
EXP-Z-A-cuddalore-P4-S1001,cuddalore,Family Z-A,1024,1024,True
EXP-Z-B-cuddalore-P4-S1001-G0.0001,cuddalore,Family Z-B,1024,1024,True
EXP-Z-B-cuddalore-P4-S1001-G0.001,cuddalore,Family Z-B,1024,1024,True
EXP-Z-B-cuddalore-P4-S1001-G0.005,cuddalore,Family Z-B,1024,1024,True
EXP-Z-B-cuddalore-P4-S1001-G0.01,cuddalore,Family Z-B,1024,1024,True
EXP-Z-A-cuddalore-P4-S1002,cuddalore,Family Z-A,1024,1024,True
EXP-Z-B-cuddalore-P4-S1002-G0.0001,cuddalore,Family Z-B,1024,1024,True
EXP-Z-B-cuddalore-P4-S1002-G0.001,cuddalore,Family Z-B,1024,1024,True
EXP-Z-B-cuddalore-P4-S1002-G0.005,cuddalore,Family Z-B,1024,1024,True
EXP-Z-B-cuddalore-P4-S1002-G0.01,cuddalore,Family Z-B,1024,1024,True
EXP-Z-A-cuddalore-P4-S1003,cuddalore,Family Z-A,1024,1024,True
EXP-Z-B-cuddalore-P4-S1003-G0.0001,cuddalore,Family Z-B,1024,1024,True
EXP-Z-B-cuddalore-P4-S1003-G0.001,cuddalore,Family Z-B,1024,1024,True
EXP-Z-B-cuddalore-P4-S1003-G0.005,cuddalore,Family Z-B,1024,1024,True
EXP-Z-B-cuddalore-P4-S1003-G0.01,cuddalore,Family Z-B,1024,1024,True
EXP-Z-A-cuddalore-P4-S1004,cuddalore,Family Z-A,1024,1024,True
EXP-Z-B-cuddalore-P4-S1004-G0.0001,cuddalore,Family Z-B,1024,1024,True
EXP-Z-B-cuddalore-P4-S1004-G0.001,cuddalore,Family Z-B,1024,1024,True
EXP-Z-B-cuddalore-P4-S1004-G0.005,cuddalore,Family Z-B,1024,1024,True
EXP-Z-B-cuddalore-P4-S1004-G0.01,cuddalore,Family Z-B,1024,1024,True
EXP-Z-A-cuddalore-P5-S1000,cuddalore,Family Z-A,1024,1024,True
EXP-Z-B-cuddalore-P5-S1000-G0.0001,cuddalore,Family Z-B,1024,1024,True
EXP-Z-B-cuddalore-P5-S1000-G0.001,cuddalore,Family Z-B,1024,1024,True
EXP-Z-B-cuddalore-P5-S1000-G0.005,cuddalore,Family Z-B,1024,1024,True
EXP-Z-B-cuddalore-P5-S1000-G0.01,cuddalore,Family Z-B,1024,1024,True
EXP-Z-A-cuddalore-P5-S1001,cuddalore,Family Z-A,1024,1024,True
EXP-Z-B-cuddalore-P5-S1001-G0.0001,cuddalore,Family Z-B,1024,1024,True
EXP-Z-B-cuddalore-P5-S1001-G0.001,cuddalore,Family Z-B,1024,1024,True
EXP-Z-B-cuddalore-P5-S1001-G0.005,cuddalore,Family Z-B,1024,1024,True
EXP-Z-B-cuddalore-P5-S1001-G0.01,cuddalore,Family Z-B,1024,1024,True
EXP-Z-A-cuddalore-P5-S1002,cuddalore,Family Z-A,1024,1024,True
EXP-Z-B-cuddalore-P5-S1002-G0.0001,cuddalore,Family Z-B,1024,1024,True
EXP-Z-B-cuddalore-P5-S1002-G0.001,cuddalore,Family Z-B,1024,1024,True
EXP-Z-B-cuddalore-P5-S1002-G0.005,cuddalore,Family Z-B,1024,1024,True
EXP-Z-B-cuddalore-P5-S1002-G0.01,cuddalore,Family Z-B,1024,1024,True
EXP-Z-A-cuddalore-P5-S1003,cuddalore,Family Z-A,1024,1024,True
EXP-Z-B-cuddalore-P5-S1003-G0.0001,cuddalore,Family Z-B,1024,1024,True
EXP-Z-B-cuddalore-P5-S1003-G0.001,cuddalore,Family Z-B,1024,1024,True
EXP-Z-B-cuddalore-P5-S1003-G0.005,cuddalore,Family Z-B,1024,1024,True
EXP-Z-B-cuddalore-P5-S1003-G0.01,cuddalore,Family Z-B,1024,1024,True
EXP-Z-A-cuddalore-P5-S1004,cuddalore,Family Z-A,1024,1024,True
EXP-Z-B-cuddalore-P5-S1004-G0.0001,cuddalore,Family Z-B,1024,1024,True
EXP-Z-B-cuddalore-P5-S1004-G0.001,cuddalore,Family Z-B,1024,1024,True
EXP-Z-B-cuddalore-P5-S1004-G0.005,cuddalore,Family Z-B,1024,1024,True
EXP-Z-B-cuddalore-P5-S1004-G0.01,cuddalore,Family Z-B,1024,1024,True
EXP-Z-A-dharmapuri-P1-S1000,dharmapuri,Family Z-A,1024,1024,True
EXP-Z-B-dharmapuri-P1-S1000-G0.0001,dharmapuri,Family Z-B,1024,1024,True
EXP-Z-B-dharmapuri-P1-S1000-G0.001,dharmapuri,Family Z-B,1024,1024,True
EXP-Z-B-dharmapuri-P1-S1000-G0.005,dharmapuri,Family Z-B,1024,1024,True
EXP-Z-B-dharmapuri-P1-S1000-G0.01,dharmapuri,Family Z-B,1024,1024,True
EXP-Z-A-dharmapuri-P1-S1001,dharmapuri,Family Z-A,1024,1024,True
EXP-Z-B-dharmapuri-P1-S1001-G0.0001,dharmapuri,Family Z-B,1024,1024,True
EXP-Z-B-dharmapuri-P1-S1001-G0.001,dharmapuri,Family Z-B,1024,1024,True
EXP-Z-B-dharmapuri-P1-S1001-G0.005,dharmapuri,Family Z-B,1024,1024,True
EXP-Z-B-dharmapuri-P1-S1001-G0.01,dharmapuri,Family Z-B,1024,1024,True
EXP-Z-A-dharmapuri-P1-S1002,dharmapuri,Family Z-A,1024,1024,True
EXP-Z-B-dharmapuri-P1-S1002-G0.0001,dharmapuri,Family Z-B,1024,1024,True
EXP-Z-B-dharmapuri-P1-S1002-G0.001,dharmapuri,Family Z-B,1024,1024,True
EXP-Z-B-dharmapuri-P1-S1002-G0.005,dharmapuri,Family Z-B,1024,1024,True
EXP-Z-B-dharmapuri-P1-S1002-G0.01,dharmapuri,Family Z-B,1024,1024,True
EXP-Z-A-dharmapuri-P1-S1003,dharmapuri,Family Z-A,1024,1024,True
EXP-Z-B-dharmapuri-P1-S1003-G0.0001,dharmapuri,Family Z-B,1024,1024,True
EXP-Z-B-dharmapuri-P1-S1003-G0.001,dharmapuri,Family Z-B,1024,1024,True
EXP-Z-B-dharmapuri-P1-S1003-G0.005,dharmapuri,Family Z-B,1024,1024,True
EXP-Z-B-dharmapuri-P1-S1003-G0.01,dharmapuri,Family Z-B,1024,1024,True
EXP-Z-A-dharmapuri-P1-S1004,dharmapuri,Family Z-A,1024,1024,True
EXP-Z-B-dharmapuri-P1-S1004-G0.0001,dharmapuri,Family Z-B,1024,1024,True
EXP-Z-B-dharmapuri-P1-S1004-G0.001,dharmapuri,Family Z-B,1024,1024,True
EXP-Z-B-dharmapuri-P1-S1004-G0.005,dharmapuri,Family Z-B,1024,1024,True
EXP-Z-B-dharmapuri-P1-S1004-G0.01,dharmapuri,Family Z-B,1024,1024,True
EXP-Z-A-dharmapuri-P2-S1000,dharmapuri,Family Z-A,1024,1024,True
EXP-Z-B-dharmapuri-P2-S1000-G0.0001,dharmapuri,Family Z-B,1024,1024,True
EXP-Z-B-dharmapuri-P2-S1000-G0.001,dharmapuri,Family Z-B,1024,1024,True
EXP-Z-B-dharmapuri-P2-S1000-G0.005,dharmapuri,Family Z-B,1024,1024,True
EXP-Z-B-dharmapuri-P2-S1000-G0.01,dharmapuri,Family Z-B,1024,1024,True
EXP-Z-A-dharmapuri-P2-S1001,dharmapuri,Family Z-A,1024,1024,True
EXP-Z-B-dharmapuri-P2-S1001-G0.0001,dharmapuri,Family Z-B,1024,1024,True
EXP-Z-B-dharmapuri-P2-S1001-G0.001,dharmapuri,Family Z-B,1024,1024,True
EXP-Z-B-dharmapuri-P2-S1001-G0.005,dharmapuri,Family Z-B,1024,1024,True
EXP-Z-B-dharmapuri-P2-S1001-G0.01,dharmapuri,Family Z-B,1024,1024,True
EXP-Z-A-dharmapuri-P2-S1002,dharmapuri,Family Z-A,1024,1024,True
EXP-Z-B-dharmapuri-P2-S1002-G0.0001,dharmapuri,Family Z-B,1024,1024,True
EXP-Z-B-dharmapuri-P2-S1002-G0.001,dharmapuri,Family Z-B,1024,1024,True
EXP-Z-B-dharmapuri-P2-S1002-G0.005,dharmapuri,Family Z-B,1024,1024,True
EXP-Z-B-dharmapuri-P2-S1002-G0.01,dharmapuri,Family Z-B,1024,1024,True
EXP-Z-A-dharmapuri-P2-S1003,dharmapuri,Family Z-A,1024,1024,True
EXP-Z-B-dharmapuri-P2-S1003-G0.0001,dharmapuri,Family Z-B,1024,1024,True
EXP-Z-B-dharmapuri-P2-S1003-G0.001,dharmapuri,Family Z-B,1024,1024,True
EXP-Z-B-dharmapuri-P2-S1003-G0.005,dharmapuri,Family Z-B,1024,1024,True
EXP-Z-B-dharmapuri-P2-S1003-G0.01,dharmapuri,Family Z-B,1024,1024,True
EXP-Z-A-dharmapuri-P2-S1004,dharmapuri,Family Z-A,1024,1024,True
EXP-Z-B-dharmapuri-P2-S1004-G0.0001,dharmapuri,Family Z-B,1024,1024,True
EXP-Z-B-dharmapuri-P2-S1004-G0.001,dharmapuri,Family Z-B,1024,1024,True
EXP-Z-B-dharmapuri-P2-S1004-G0.005,dharmapuri,Family Z-B,1024,1024,True
EXP-Z-B-dharmapuri-P2-S1004-G0.01,dharmapuri,Family Z-B,1024,1024,True
EXP-Z-A-dharmapuri-P3-S1000,dharmapuri,Family Z-A,1024,1024,True
EXP-Z-B-dharmapuri-P3-S1000-G0.0001,dharmapuri,Family Z-B,1024,1024,True
EXP-Z-B-dharmapuri-P3-S1000-G0.001,dharmapuri,Family Z-B,1024,1024,True
EXP-Z-B-dharmapuri-P3-S1000-G0.005,dharmapuri,Family Z-B,1024,1024,True
EXP-Z-B-dharmapuri-P3-S1000-G0.01,dharmapuri,Family Z-B,1024,1024,True
EXP-Z-A-dharmapuri-P3-S1001,dharmapuri,Family Z-A,1024,1024,True
EXP-Z-B-dharmapuri-P3-S1001-G0.0001,dharmapuri,Family Z-B,1024,1024,True
EXP-Z-B-dharmapuri-P3-S1001-G0.001,dharmapuri,Family Z-B,1024,1024,True
EXP-Z-B-dharmapuri-P3-S1001-G0.005,dharmapuri,Family Z-B,1024,1024,True
EXP-Z-B-dharmapuri-P3-S1001-G0.01,dharmapuri,Family Z-B,1024,1024,True
EXP-Z-A-dharmapuri-P3-S1002,dharmapuri,Family Z-A,1024,1024,True
EXP-Z-B-dharmapuri-P3-S1002-G0.0001,dharmapuri,Family Z-B,1024,1024,True
EXP-Z-B-dharmapuri-P3-S1002-G0.001,dharmapuri,Family Z-B,1024,1024,True
EXP-Z-B-dharmapuri-P3-S1002-G0.005,dharmapuri,Family Z-B,1024,1024,True
EXP-Z-B-dharmapuri-P3-S1002-G0.01,dharmapuri,Family Z-B,1024,1024,True
EXP-Z-A-dharmapuri-P3-S1003,dharmapuri,Family Z-A,1024,1024,True
EXP-Z-B-dharmapuri-P3-S1003-G0.0001,dharmapuri,Family Z-B,1024,1024,True
EXP-Z-B-dharmapuri-P3-S1003-G0.001,dharmapuri,Family Z-B,1024,1024,True
EXP-Z-B-dharmapuri-P3-S1003-G0.005,dharmapuri,Family Z-B,1024,1024,True
EXP-Z-B-dharmapuri-P3-S1003-G0.01,dharmapuri,Family Z-B,1024,1024,True
EXP-Z-A-dharmapuri-P3-S1004,dharmapuri,Family Z-A,1024,1024,True
EXP-Z-B-dharmapuri-P3-S1004-G0.0001,dharmapuri,Family Z-B,1024,1024,True
EXP-Z-B-dharmapuri-P3-S1004-G0.001,dharmapuri,Family Z-B,1024,1024,True
EXP-Z-B-dharmapuri-P3-S1004-G0.005,dharmapuri,Family Z-B,1024,1024,True
EXP-Z-B-dharmapuri-P3-S1004-G0.01,dharmapuri,Family Z-B,1024,1024,True
EXP-Z-A-dharmapuri-P4-S1000,dharmapuri,Family Z-A,1024,1024,True
EXP-Z-B-dharmapuri-P4-S1000-G0.0001,dharmapuri,Family Z-B,1024,1024,True
EXP-Z-B-dharmapuri-P4-S1000-G0.001,dharmapuri,Family Z-B,1024,1024,True
EXP-Z-B-dharmapuri-P4-S1000-G0.005,dharmapuri,Family Z-B,1024,1024,True
EXP-Z-B-dharmapuri-P4-S1000-G0.01,dharmapuri,Family Z-B,1024,1024,True
EXP-Z-A-dharmapuri-P4-S1001,dharmapuri,Family Z-A,1024,1024,True
EXP-Z-B-dharmapuri-P4-S1001-G0.0001,dharmapuri,Family Z-B,1024,1024,True
EXP-Z-B-dharmapuri-P4-S1001-G0.001,dharmapuri,Family Z-B,1024,1024,True
EXP-Z-B-dharmapuri-P4-S1001-G0.005,dharmapuri,Family Z-B,1024,1024,True
EXP-Z-B-dharmapuri-P4-S1001-G0.01,dharmapuri,Family Z-B,1024,1024,True
EXP-Z-A-dharmapuri-P4-S1002,dharmapuri,Family Z-A,1024,1024,True
EXP-Z-B-dharmapuri-P4-S1002-G0.0001,dharmapuri,Family Z-B,1024,1024,True
EXP-Z-B-dharmapuri-P4-S1002-G0.001,dharmapuri,Family Z-B,1024,1024,True
EXP-Z-B-dharmapuri-P4-S1002-G0.005,dharmapuri,Family Z-B,1024,1024,True
EXP-Z-B-dharmapuri-P4-S1002-G0.01,dharmapuri,Family Z-B,1024,1024,True
EXP-Z-A-dharmapuri-P4-S1003,dharmapuri,Family Z-A,1024,1024,True
EXP-Z-B-dharmapuri-P4-S1003-G0.0001,dharmapuri,Family Z-B,1024,1024,True
EXP-Z-B-dharmapuri-P4-S1003-G0.001,dharmapuri,Family Z-B,1024,1024,True
EXP-Z-B-dharmapuri-P4-S1003-G0.005,dharmapuri,Family Z-B,1024,1024,True
EXP-Z-B-dharmapuri-P4-S1003-G0.01,dharmapuri,Family Z-B,1024,1024,True
EXP-Z-A-dharmapuri-P4-S1004,dharmapuri,Family Z-A,1024,1024,True
EXP-Z-B-dharmapuri-P4-S1004-G0.0001,dharmapuri,Family Z-B,1024,1024,True
EXP-Z-B-dharmapuri-P4-S1004-G0.001,dharmapuri,Family Z-B,1024,1024,True
EXP-Z-B-dharmapuri-P4-S1004-G0.005,dharmapuri,Family Z-B,1024,1024,True
EXP-Z-B-dharmapuri-P4-S1004-G0.01,dharmapuri,Family Z-B,1024,1024,True
EXP-Z-A-dharmapuri-P5-S1000,dharmapuri,Family Z-A,1024,1024,True
EXP-Z-B-dharmapuri-P5-S1000-G0.0001,dharmapuri,Family Z-B,1024,1024,True
EXP-Z-B-dharmapuri-P5-S1000-G0.001,dharmapuri,Family Z-B,1024,1024,True
EXP-Z-B-dharmapuri-P5-S1000-G0.005,dharmapuri,Family Z-B,1024,1024,True
EXP-Z-B-dharmapuri-P5-S1000-G0.01,dharmapuri,Family Z-B,1024,1024,True
EXP-Z-A-dharmapuri-P5-S1001,dharmapuri,Family Z-A,1024,1024,True
EXP-Z-B-dharmapuri-P5-S1001-G0.0001,dharmapuri,Family Z-B,1024,1024,True
EXP-Z-B-dharmapuri-P5-S1001-G0.001,dharmapuri,Family Z-B,1024,1024,True
EXP-Z-B-dharmapuri-P5-S1001-G0.005,dharmapuri,Family Z-B,1024,1024,True
EXP-Z-B-dharmapuri-P5-S1001-G0.01,dharmapuri,Family Z-B,1024,1024,True
EXP-Z-A-dharmapuri-P5-S1002,dharmapuri,Family Z-A,1024,1024,True
EXP-Z-B-dharmapuri-P5-S1002-G0.0001,dharmapuri,Family Z-B,1024,1024,True
EXP-Z-B-dharmapuri-P5-S1002-G0.001,dharmapuri,Family Z-B,1024,1024,True
EXP-Z-B-dharmapuri-P5-S1002-G0.005,dharmapuri,Family Z-B,1024,1024,True
EXP-Z-B-dharmapuri-P5-S1002-G0.01,dharmapuri,Family Z-B,1024,1024,True
EXP-Z-A-dharmapuri-P5-S1003,dharmapuri,Family Z-A,1024,1024,True
EXP-Z-B-dharmapuri-P5-S1003-G0.0001,dharmapuri,Family Z-B,1024,1024,True
EXP-Z-B-dharmapuri-P5-S1003-G0.001,dharmapuri,Family Z-B,1024,1024,True
EXP-Z-B-dharmapuri-P5-S1003-G0.005,dharmapuri,Family Z-B,1024,1024,True
EXP-Z-B-dharmapuri-P5-S1003-G0.01,dharmapuri,Family Z-B,1024,1024,True
EXP-Z-A-dharmapuri-P5-S1004,dharmapuri,Family Z-A,1024,1024,True
EXP-Z-B-dharmapuri-P5-S1004-G0.0001,dharmapuri,Family Z-B,1024,1024,True
EXP-Z-B-dharmapuri-P5-S1004-G0.001,dharmapuri,Family Z-B,1024,1024,True
EXP-Z-B-dharmapuri-P5-S1004-G0.005,dharmapuri,Family Z-B,1024,1024,True
EXP-Z-B-dharmapuri-P5-S1004-G0.01,dharmapuri,Family Z-B,1024,1024,True
EXP-Z-A-dindigul-P1-S1000,dindigul,Family Z-A,1024,1024,True
EXP-Z-B-dindigul-P1-S1000-G0.0001,dindigul,Family Z-B,1024,1024,True
EXP-Z-B-dindigul-P1-S1000-G0.001,dindigul,Family Z-B,1024,1024,True
EXP-Z-B-dindigul-P1-S1000-G0.005,dindigul,Family Z-B,1024,1024,True
EXP-Z-B-dindigul-P1-S1000-G0.01,dindigul,Family Z-B,1024,1024,True
EXP-Z-A-dindigul-P1-S1001,dindigul,Family Z-A,1024,1024,True
EXP-Z-B-dindigul-P1-S1001-G0.0001,dindigul,Family Z-B,1024,1024,True
EXP-Z-B-dindigul-P1-S1001-G0.001,dindigul,Family Z-B,1024,1024,True
EXP-Z-B-dindigul-P1-S1001-G0.005,dindigul,Family Z-B,1024,1024,True
EXP-Z-B-dindigul-P1-S1001-G0.01,dindigul,Family Z-B,1024,1024,True
EXP-Z-A-dindigul-P1-S1002,dindigul,Family Z-A,1024,1024,True
EXP-Z-B-dindigul-P1-S1002-G0.0001,dindigul,Family Z-B,1024,1024,True
EXP-Z-B-dindigul-P1-S1002-G0.001,dindigul,Family Z-B,1024,1024,True
EXP-Z-B-dindigul-P1-S1002-G0.005,dindigul,Family Z-B,1024,1024,True
EXP-Z-B-dindigul-P1-S1002-G0.01,dindigul,Family Z-B,1024,1024,True
EXP-Z-A-dindigul-P1-S1003,dindigul,Family Z-A,1024,1024,True
EXP-Z-B-dindigul-P1-S1003-G0.0001,dindigul,Family Z-B,1024,1024,True
EXP-Z-B-dindigul-P1-S1003-G0.001,dindigul,Family Z-B,1024,1024,True
EXP-Z-B-dindigul-P1-S1003-G0.005,dindigul,Family Z-B,1024,1024,True
EXP-Z-B-dindigul-P1-S1003-G0.01,dindigul,Family Z-B,1024,1024,True
EXP-Z-A-dindigul-P1-S1004,dindigul,Family Z-A,1024,1024,True
EXP-Z-B-dindigul-P1-S1004-G0.0001,dindigul,Family Z-B,1024,1024,True
EXP-Z-B-dindigul-P1-S1004-G0.001,dindigul,Family Z-B,1024,1024,True
EXP-Z-B-dindigul-P1-S1004-G0.005,dindigul,Family Z-B,1024,1024,True
EXP-Z-B-dindigul-P1-S1004-G0.01,dindigul,Family Z-B,1024,1024,True
EXP-Z-A-dindigul-P2-S1000,dindigul,Family Z-A,1024,1024,True
EXP-Z-B-dindigul-P2-S1000-G0.0001,dindigul,Family Z-B,1024,1024,True
EXP-Z-B-dindigul-P2-S1000-G0.001,dindigul,Family Z-B,1024,1024,True
EXP-Z-B-dindigul-P2-S1000-G0.005,dindigul,Family Z-B,1024,1024,True
EXP-Z-B-dindigul-P2-S1000-G0.01,dindigul,Family Z-B,1024,1024,True
EXP-Z-A-dindigul-P2-S1001,dindigul,Family Z-A,1024,1024,True
EXP-Z-B-dindigul-P2-S1001-G0.0001,dindigul,Family Z-B,1024,1024,True
EXP-Z-B-dindigul-P2-S1001-G0.001,dindigul,Family Z-B,1024,1024,True
EXP-Z-B-dindigul-P2-S1001-G0.005,dindigul,Family Z-B,1024,1024,True
EXP-Z-B-dindigul-P2-S1001-G0.01,dindigul,Family Z-B,1024,1024,True
EXP-Z-A-dindigul-P2-S1002,dindigul,Family Z-A,1024,1024,True
EXP-Z-B-dindigul-P2-S1002-G0.0001,dindigul,Family Z-B,1024,1024,True
EXP-Z-B-dindigul-P2-S1002-G0.001,dindigul,Family Z-B,1024,1024,True
EXP-Z-B-dindigul-P2-S1002-G0.005,dindigul,Family Z-B,1024,1024,True
EXP-Z-B-dindigul-P2-S1002-G0.01,dindigul,Family Z-B,1024,1024,True
EXP-Z-A-dindigul-P2-S1003,dindigul,Family Z-A,1024,1024,True
EXP-Z-B-dindigul-P2-S1003-G0.0001,dindigul,Family Z-B,1024,1024,True
EXP-Z-B-dindigul-P2-S1003-G0.001,dindigul,Family Z-B,1024,1024,True
EXP-Z-B-dindigul-P2-S1003-G0.005,dindigul,Family Z-B,1024,1024,True
EXP-Z-B-dindigul-P2-S1003-G0.01,dindigul,Family Z-B,1024,1024,True
EXP-Z-A-dindigul-P2-S1004,dindigul,Family Z-A,1024,1024,True
EXP-Z-B-dindigul-P2-S1004-G0.0001,dindigul,Family Z-B,1024,1024,True
EXP-Z-B-dindigul-P2-S1004-G0.001,dindigul,Family Z-B,1024,1024,True
EXP-Z-B-dindigul-P2-S1004-G0.005,dindigul,Family Z-B,1024,1024,True
EXP-Z-B-dindigul-P2-S1004-G0.01,dindigul,Family Z-B,1024,1024,True
EXP-Z-A-dindigul-P3-S1000,dindigul,Family Z-A,1024,1024,True
EXP-Z-B-dindigul-P3-S1000-G0.0001,dindigul,Family Z-B,1024,1024,True
EXP-Z-B-dindigul-P3-S1000-G0.001,dindigul,Family Z-B,1024,1024,True
EXP-Z-B-dindigul-P3-S1000-G0.005,dindigul,Family Z-B,1024,1024,True
EXP-Z-B-dindigul-P3-S1000-G0.01,dindigul,Family Z-B,1024,1024,True
EXP-Z-A-dindigul-P3-S1001,dindigul,Family Z-A,1024,1024,True
EXP-Z-B-dindigul-P3-S1001-G0.0001,dindigul,Family Z-B,1024,1024,True
EXP-Z-B-dindigul-P3-S1001-G0.001,dindigul,Family Z-B,1024,1024,True
EXP-Z-B-dindigul-P3-S1001-G0.005,dindigul,Family Z-B,1024,1024,True
EXP-Z-B-dindigul-P3-S1001-G0.01,dindigul,Family Z-B,1024,1024,True
EXP-Z-A-dindigul-P3-S1002,dindigul,Family Z-A,1024,1024,True
EXP-Z-B-dindigul-P3-S1002-G0.0001,dindigul,Family Z-B,1024,1024,True
EXP-Z-B-dindigul-P3-S1002-G0.001,dindigul,Family Z-B,1024,1024,True
EXP-Z-B-dindigul-P3-S1002-G0.005,dindigul,Family Z-B,1024,1024,True
EXP-Z-B-dindigul-P3-S1002-G0.01,dindigul,Family Z-B,1024,1024,True
EXP-Z-A-dindigul-P3-S1003,dindigul,Family Z-A,1024,1024,True
EXP-Z-B-dindigul-P3-S1003-G0.0001,dindigul,Family Z-B,1024,1024,True
EXP-Z-B-dindigul-P3-S1003-G0.001,dindigul,Family Z-B,1024,1024,True
EXP-Z-B-dindigul-P3-S1003-G0.005,dindigul,Family Z-B,1024,1024,True
EXP-Z-B-dindigul-P3-S1003-G0.01,dindigul,Family Z-B,1024,1024,True
EXP-Z-A-dindigul-P3-S1004,dindigul,Family Z-A,1024,1024,True
EXP-Z-B-dindigul-P3-S1004-G0.0001,dindigul,Family Z-B,1024,1024,True
EXP-Z-B-dindigul-P3-S1004-G0.001,dindigul,Family Z-B,1024,1024,True
EXP-Z-B-dindigul-P3-S1004-G0.005,dindigul,Family Z-B,1024,1024,True
EXP-Z-B-dindigul-P3-S1004-G0.01,dindigul,Family Z-B,1024,1024,True
EXP-Z-A-dindigul-P4-S1000,dindigul,Family Z-A,1024,1024,True
EXP-Z-B-dindigul-P4-S1000-G0.0001,dindigul,Family Z-B,1024,1024,True
EXP-Z-B-dindigul-P4-S1000-G0.001,dindigul,Family Z-B,1024,1024,True
EXP-Z-B-dindigul-P4-S1000-G0.005,dindigul,Family Z-B,1024,1024,True
EXP-Z-B-dindigul-P4-S1000-G0.01,dindigul,Family Z-B,1024,1024,True
EXP-Z-A-dindigul-P4-S1001,dindigul,Family Z-A,1024,1024,True
EXP-Z-B-dindigul-P4-S1001-G0.0001,dindigul,Family Z-B,1024,1024,True
EXP-Z-B-dindigul-P4-S1001-G0.001,dindigul,Family Z-B,1024,1024,True
EXP-Z-B-dindigul-P4-S1001-G0.005,dindigul,Family Z-B,1024,1024,True
EXP-Z-B-dindigul-P4-S1001-G0.01,dindigul,Family Z-B,1024,1024,True
EXP-Z-A-dindigul-P4-S1002,dindigul,Family Z-A,1024,1024,True
EXP-Z-B-dindigul-P4-S1002-G0.0001,dindigul,Family Z-B,1024,1024,True
EXP-Z-B-dindigul-P4-S1002-G0.001,dindigul,Family Z-B,1024,1024,True
EXP-Z-B-dindigul-P4-S1002-G0.005,dindigul,Family Z-B,1024,1024,True
EXP-Z-B-dindigul-P4-S1002-G0.01,dindigul,Family Z-B,1024,1024,True
EXP-Z-A-dindigul-P4-S1003,dindigul,Family Z-A,1024,1024,True
EXP-Z-B-dindigul-P4-S1003-G0.0001,dindigul,Family Z-B,1024,1024,True
EXP-Z-B-dindigul-P4-S1003-G0.001,dindigul,Family Z-B,1024,1024,True
EXP-Z-B-dindigul-P4-S1003-G0.005,dindigul,Family Z-B,1024,1024,True
EXP-Z-B-dindigul-P4-S1003-G0.01,dindigul,Family Z-B,1024,1024,True
EXP-Z-A-dindigul-P4-S1004,dindigul,Family Z-A,1024,1024,True
EXP-Z-B-dindigul-P4-S1004-G0.0001,dindigul,Family Z-B,1024,1024,True
EXP-Z-B-dindigul-P4-S1004-G0.001,dindigul,Family Z-B,1024,1024,True
EXP-Z-B-dindigul-P4-S1004-G0.005,dindigul,Family Z-B,1024,1024,True
EXP-Z-B-dindigul-P4-S1004-G0.01,dindigul,Family Z-B,1024,1024,True
EXP-Z-A-dindigul-P5-S1000,dindigul,Family Z-A,1024,1024,True
EXP-Z-B-dindigul-P5-S1000-G0.0001,dindigul,Family Z-B,1024,1024,True
EXP-Z-B-dindigul-P5-S1000-G0.001,dindigul,Family Z-B,1024,1024,True
EXP-Z-B-dindigul-P5-S1000-G0.005,dindigul,Family Z-B,1024,1024,True
EXP-Z-B-dindigul-P5-S1000-G0.01,dindigul,Family Z-B,1024,1024,True
EXP-Z-A-dindigul-P5-S1001,dindigul,Family Z-A,1024,1024,True
EXP-Z-B-dindigul-P5-S1001-G0.0001,dindigul,Family Z-B,1024,1024,True
EXP-Z-B-dindigul-P5-S1001-G0.001,dindigul,Family Z-B,1024,1024,True
EXP-Z-B-dindigul-P5-S1001-G0.005,dindigul,Family Z-B,1024,1024,True
EXP-Z-B-dindigul-P5-S1001-G0.01,dindigul,Family Z-B,1024,1024,True
EXP-Z-A-dindigul-P5-S1002,dindigul,Family Z-A,1024,1024,True
EXP-Z-B-dindigul-P5-S1002-G0.0001,dindigul,Family Z-B,1024,1024,True
EXP-Z-B-dindigul-P5-S1002-G0.001,dindigul,Family Z-B,1024,1024,True
EXP-Z-B-dindigul-P5-S1002-G0.005,dindigul,Family Z-B,1024,1024,True
EXP-Z-B-dindigul-P5-S1002-G0.01,dindigul,Family Z-B,1024,1024,True
EXP-Z-A-dindigul-P5-S1003,dindigul,Family Z-A,1024,1024,True
EXP-Z-B-dindigul-P5-S1003-G0.0001,dindigul,Family Z-B,1024,1024,True
EXP-Z-B-dindigul-P5-S1003-G0.001,dindigul,Family Z-B,1024,1024,True
EXP-Z-B-dindigul-P5-S1003-G0.005,dindigul,Family Z-B,1024,1024,True
EXP-Z-B-dindigul-P5-S1003-G0.01,dindigul,Family Z-B,1024,1024,True
EXP-Z-A-dindigul-P5-S1004,dindigul,Family Z-A,1024,1024,True
EXP-Z-B-dindigul-P5-S1004-G0.0001,dindigul,Family Z-B,1024,1024,True
EXP-Z-B-dindigul-P5-S1004-G0.001,dindigul,Family Z-B,1024,1024,True
EXP-Z-B-dindigul-P5-S1004-G0.005,dindigul,Family Z-B,1024,1024,True
EXP-Z-B-dindigul-P5-S1004-G0.01,dindigul,Family Z-B,1024,1024,True
EXP-Z-A-erode-P1-S1000,erode,Family Z-A,1024,1024,True
EXP-Z-B-erode-P1-S1000-G0.0001,erode,Family Z-B,1024,1024,True
EXP-Z-B-erode-P1-S1000-G0.001,erode,Family Z-B,1024,1024,True
EXP-Z-B-erode-P1-S1000-G0.005,erode,Family Z-B,1024,1024,True
EXP-Z-B-erode-P1-S1000-G0.01,erode,Family Z-B,1024,1024,True
EXP-Z-A-erode-P1-S1001,erode,Family Z-A,1024,1024,True
EXP-Z-B-erode-P1-S1001-G0.0001,erode,Family Z-B,1024,1024,True
EXP-Z-B-erode-P1-S1001-G0.001,erode,Family Z-B,1024,1024,True
EXP-Z-B-erode-P1-S1001-G0.005,erode,Family Z-B,1024,1024,True
EXP-Z-B-erode-P1-S1001-G0.01,erode,Family Z-B,1024,1024,True
EXP-Z-A-erode-P1-S1002,erode,Family Z-A,1024,1024,True
EXP-Z-B-erode-P1-S1002-G0.0001,erode,Family Z-B,1024,1024,True
EXP-Z-B-erode-P1-S1002-G0.001,erode,Family Z-B,1024,1024,True
EXP-Z-B-erode-P1-S1002-G0.005,erode,Family Z-B,1024,1024,True
EXP-Z-B-erode-P1-S1002-G0.01,erode,Family Z-B,1024,1024,True
EXP-Z-A-erode-P1-S1003,erode,Family Z-A,1024,1024,True
EXP-Z-B-erode-P1-S1003-G0.0001,erode,Family Z-B,1024,1024,True
EXP-Z-B-erode-P1-S1003-G0.001,erode,Family Z-B,1024,1024,True
EXP-Z-B-erode-P1-S1003-G0.005,erode,Family Z-B,1024,1024,True
EXP-Z-B-erode-P1-S1003-G0.01,erode,Family Z-B,1024,1024,True
EXP-Z-A-erode-P1-S1004,erode,Family Z-A,1024,1024,True
EXP-Z-B-erode-P1-S1004-G0.0001,erode,Family Z-B,1024,1024,True
EXP-Z-B-erode-P1-S1004-G0.001,erode,Family Z-B,1024,1024,True
EXP-Z-B-erode-P1-S1004-G0.005,erode,Family Z-B,1024,1024,True
EXP-Z-B-erode-P1-S1004-G0.01,erode,Family Z-B,1024,1024,True
EXP-Z-A-erode-P2-S1000,erode,Family Z-A,1024,1024,True
EXP-Z-B-erode-P2-S1000-G0.0001,erode,Family Z-B,1024,1024,True
EXP-Z-B-erode-P2-S1000-G0.001,erode,Family Z-B,1024,1024,True
EXP-Z-B-erode-P2-S1000-G0.005,erode,Family Z-B,1024,1024,True
EXP-Z-B-erode-P2-S1000-G0.01,erode,Family Z-B,1024,1024,True
EXP-Z-A-erode-P2-S1001,erode,Family Z-A,1024,1024,True
EXP-Z-B-erode-P2-S1001-G0.0001,erode,Family Z-B,1024,1024,True
EXP-Z-B-erode-P2-S1001-G0.001,erode,Family Z-B,1024,1024,True
EXP-Z-B-erode-P2-S1001-G0.005,erode,Family Z-B,1024,1024,True
EXP-Z-B-erode-P2-S1001-G0.01,erode,Family Z-B,1024,1024,True
EXP-Z-A-erode-P2-S1002,erode,Family Z-A,1024,1024,True
EXP-Z-B-erode-P2-S1002-G0.0001,erode,Family Z-B,1024,1024,True
EXP-Z-B-erode-P2-S1002-G0.001,erode,Family Z-B,1024,1024,True
EXP-Z-B-erode-P2-S1002-G0.005,erode,Family Z-B,1024,1024,True
EXP-Z-B-erode-P2-S1002-G0.01,erode,Family Z-B,1024,1024,True
EXP-Z-A-erode-P2-S1003,erode,Family Z-A,1024,1024,True
EXP-Z-B-erode-P2-S1003-G0.0001,erode,Family Z-B,1024,1024,True
EXP-Z-B-erode-P2-S1003-G0.001,erode,Family Z-B,1024,1024,True
EXP-Z-B-erode-P2-S1003-G0.005,erode,Family Z-B,1024,1024,True
EXP-Z-B-erode-P2-S1003-G0.01,erode,Family Z-B,1024,1024,True
EXP-Z-A-erode-P2-S1004,erode,Family Z-A,1024,1024,True
EXP-Z-B-erode-P2-S1004-G0.0001,erode,Family Z-B,1024,1024,True
EXP-Z-B-erode-P2-S1004-G0.001,erode,Family Z-B,1024,1024,True
EXP-Z-B-erode-P2-S1004-G0.005,erode,Family Z-B,1024,1024,True
EXP-Z-B-erode-P2-S1004-G0.01,erode,Family Z-B,1024,1024,True
EXP-Z-A-erode-P3-S1000,erode,Family Z-A,1024,1024,True
EXP-Z-B-erode-P3-S1000-G0.0001,erode,Family Z-B,1024,1024,True
EXP-Z-B-erode-P3-S1000-G0.001,erode,Family Z-B,1024,1024,True
EXP-Z-B-erode-P3-S1000-G0.005,erode,Family Z-B,1024,1024,True
EXP-Z-B-erode-P3-S1000-G0.01,erode,Family Z-B,1024,1024,True
EXP-Z-A-erode-P3-S1001,erode,Family Z-A,1024,1024,True
EXP-Z-B-erode-P3-S1001-G0.0001,erode,Family Z-B,1024,1024,True
EXP-Z-B-erode-P3-S1001-G0.001,erode,Family Z-B,1024,1024,True
EXP-Z-B-erode-P3-S1001-G0.005,erode,Family Z-B,1024,1024,True
EXP-Z-B-erode-P3-S1001-G0.01,erode,Family Z-B,1024,1024,True
EXP-Z-A-erode-P3-S1002,erode,Family Z-A,1024,1024,True
EXP-Z-B-erode-P3-S1002-G0.0001,erode,Family Z-B,1024,1024,True
EXP-Z-B-erode-P3-S1002-G0.001,erode,Family Z-B,1024,1024,True
EXP-Z-B-erode-P3-S1002-G0.005,erode,Family Z-B,1024,1024,True
EXP-Z-B-erode-P3-S1002-G0.01,erode,Family Z-B,1024,1024,True
EXP-Z-A-erode-P3-S1003,erode,Family Z-A,1024,1024,True
EXP-Z-B-erode-P3-S1003-G0.0001,erode,Family Z-B,1024,1024,True
EXP-Z-B-erode-P3-S1003-G0.001,erode,Family Z-B,1024,1024,True
EXP-Z-B-erode-P3-S1003-G0.005,erode,Family Z-B,1024,1024,True
EXP-Z-B-erode-P3-S1003-G0.01,erode,Family Z-B,1024,1024,True
EXP-Z-A-erode-P3-S1004,erode,Family Z-A,1024,1024,True
EXP-Z-B-erode-P3-S1004-G0.0001,erode,Family Z-B,1024,1024,True
EXP-Z-B-erode-P3-S1004-G0.001,erode,Family Z-B,1024,1024,True
EXP-Z-B-erode-P3-S1004-G0.005,erode,Family Z-B,1024,1024,True
EXP-Z-B-erode-P3-S1004-G0.01,erode,Family Z-B,1024,1024,True
EXP-Z-A-erode-P4-S1000,erode,Family Z-A,1024,1024,True
EXP-Z-B-erode-P4-S1000-G0.0001,erode,Family Z-B,1024,1024,True
EXP-Z-B-erode-P4-S1000-G0.001,erode,Family Z-B,1024,1024,True
EXP-Z-B-erode-P4-S1000-G0.005,erode,Family Z-B,1024,1024,True
EXP-Z-B-erode-P4-S1000-G0.01,erode,Family Z-B,1024,1024,True
EXP-Z-A-erode-P4-S1001,erode,Family Z-A,1024,1024,True
EXP-Z-B-erode-P4-S1001-G0.0001,erode,Family Z-B,1024,1024,True
EXP-Z-B-erode-P4-S1001-G0.001,erode,Family Z-B,1024,1024,True
EXP-Z-B-erode-P4-S1001-G0.005,erode,Family Z-B,1024,1024,True
EXP-Z-B-erode-P4-S1001-G0.01,erode,Family Z-B,1024,1024,True
EXP-Z-A-erode-P4-S1002,erode,Family Z-A,1024,1024,True
EXP-Z-B-erode-P4-S1002-G0.0001,erode,Family Z-B,1024,1024,True
EXP-Z-B-erode-P4-S1002-G0.001,erode,Family Z-B,1024,1024,True
EXP-Z-B-erode-P4-S1002-G0.005,erode,Family Z-B,1024,1024,True
EXP-Z-B-erode-P4-S1002-G0.01,erode,Family Z-B,1024,1024,True
EXP-Z-A-erode-P4-S1003,erode,Family Z-A,1024,1024,True
EXP-Z-B-erode-P4-S1003-G0.0001,erode,Family Z-B,1024,1024,True
EXP-Z-B-erode-P4-S1003-G0.001,erode,Family Z-B,1024,1024,True
EXP-Z-B-erode-P4-S1003-G0.005,erode,Family Z-B,1024,1024,True
EXP-Z-B-erode-P4-S1003-G0.01,erode,Family Z-B,1024,1024,True
EXP-Z-A-erode-P4-S1004,erode,Family Z-A,1024,1024,True
EXP-Z-B-erode-P4-S1004-G0.0001,erode,Family Z-B,1024,1024,True
EXP-Z-B-erode-P4-S1004-G0.001,erode,Family Z-B,1024,1024,True
EXP-Z-B-erode-P4-S1004-G0.005,erode,Family Z-B,1024,1024,True
EXP-Z-B-erode-P4-S1004-G0.01,erode,Family Z-B,1024,1024,True
EXP-Z-A-erode-P5-S1000,erode,Family Z-A,1024,1024,True
EXP-Z-B-erode-P5-S1000-G0.0001,erode,Family Z-B,1024,1024,True
EXP-Z-B-erode-P5-S1000-G0.001,erode,Family Z-B,1024,1024,True
EXP-Z-B-erode-P5-S1000-G0.005,erode,Family Z-B,1024,1024,True
EXP-Z-B-erode-P5-S1000-G0.01,erode,Family Z-B,1024,1024,True
EXP-Z-A-erode-P5-S1001,erode,Family Z-A,1024,1024,True
EXP-Z-B-erode-P5-S1001-G0.0001,erode,Family Z-B,1024,1024,True
EXP-Z-B-erode-P5-S1001-G0.001,erode,Family Z-B,1024,1024,True
EXP-Z-B-erode-P5-S1001-G0.005,erode,Family Z-B,1024,1024,True
EXP-Z-B-erode-P5-S1001-G0.01,erode,Family Z-B,1024,1024,True
EXP-Z-A-erode-P5-S1002,erode,Family Z-A,1024,1024,True
EXP-Z-B-erode-P5-S1002-G0.0001,erode,Family Z-B,1024,1024,True
EXP-Z-B-erode-P5-S1002-G0.001,erode,Family Z-B,1024,1024,True
EXP-Z-B-erode-P5-S1002-G0.005,erode,Family Z-B,1024,1024,True
EXP-Z-B-erode-P5-S1002-G0.01,erode,Family Z-B,1024,1024,True
EXP-Z-A-erode-P5-S1003,erode,Family Z-A,1024,1024,True
EXP-Z-B-erode-P5-S1003-G0.0001,erode,Family Z-B,1024,1024,True
EXP-Z-B-erode-P5-S1003-G0.001,erode,Family Z-B,1024,1024,True
EXP-Z-B-erode-P5-S1003-G0.005,erode,Family Z-B,1024,1024,True
EXP-Z-B-erode-P5-S1003-G0.01,erode,Family Z-B,1024,1024,True
EXP-Z-A-erode-P5-S1004,erode,Family Z-A,1024,1024,True
EXP-Z-B-erode-P5-S1004-G0.0001,erode,Family Z-B,1024,1024,True
EXP-Z-B-erode-P5-S1004-G0.001,erode,Family Z-B,1024,1024,True
EXP-Z-B-erode-P5-S1004-G0.005,erode,Family Z-B,1024,1024,True
EXP-Z-B-erode-P5-S1004-G0.01,erode,Family Z-B,1024,1024,True
EXP-Z-A-kallakurichi-P1-S1000,kallakurichi,Family Z-A,1024,1024,True
EXP-Z-B-kallakurichi-P1-S1000-G0.0001,kallakurichi,Family Z-B,1024,1024,True
EXP-Z-B-kallakurichi-P1-S1000-G0.001,kallakurichi,Family Z-B,1024,1024,True
EXP-Z-B-kallakurichi-P1-S1000-G0.005,kallakurichi,Family Z-B,1024,1024,True
EXP-Z-B-kallakurichi-P1-S1000-G0.01,kallakurichi,Family Z-B,1024,1024,True
EXP-Z-A-kallakurichi-P1-S1001,kallakurichi,Family Z-A,1024,1024,True
EXP-Z-B-kallakurichi-P1-S1001-G0.0001,kallakurichi,Family Z-B,1024,1024,True
EXP-Z-B-kallakurichi-P1-S1001-G0.001,kallakurichi,Family Z-B,1024,1024,True
EXP-Z-B-kallakurichi-P1-S1001-G0.005,kallakurichi,Family Z-B,1024,1024,True
EXP-Z-B-kallakurichi-P1-S1001-G0.01,kallakurichi,Family Z-B,1024,1024,True
EXP-Z-A-kallakurichi-P1-S1002,kallakurichi,Family Z-A,1024,1024,True
EXP-Z-B-kallakurichi-P1-S1002-G0.0001,kallakurichi,Family Z-B,1024,1024,True
EXP-Z-B-kallakurichi-P1-S1002-G0.001,kallakurichi,Family Z-B,1024,1024,True
EXP-Z-B-kallakurichi-P1-S1002-G0.005,kallakurichi,Family Z-B,1024,1024,True
EXP-Z-B-kallakurichi-P1-S1002-G0.01,kallakurichi,Family Z-B,1024,1024,True
EXP-Z-A-kallakurichi-P1-S1003,kallakurichi,Family Z-A,1024,1024,True
EXP-Z-B-kallakurichi-P1-S1003-G0.0001,kallakurichi,Family Z-B,1024,1024,True
EXP-Z-B-kallakurichi-P1-S1003-G0.001,kallakurichi,Family Z-B,1024,1024,True
EXP-Z-B-kallakurichi-P1-S1003-G0.005,kallakurichi,Family Z-B,1024,1024,True
EXP-Z-B-kallakurichi-P1-S1003-G0.01,kallakurichi,Family Z-B,1024,1024,True
EXP-Z-A-kallakurichi-P1-S1004,kallakurichi,Family Z-A,1024,1024,True
EXP-Z-B-kallakurichi-P1-S1004-G0.0001,kallakurichi,Family Z-B,1024,1024,True
EXP-Z-B-kallakurichi-P1-S1004-G0.001,kallakurichi,Family Z-B,1024,1024,True
EXP-Z-B-kallakurichi-P1-S1004-G0.005,kallakurichi,Family Z-B,1024,1024,True
EXP-Z-B-kallakurichi-P1-S1004-G0.01,kallakurichi,Family Z-B,1024,1024,True
EXP-Z-A-kallakurichi-P2-S1000,kallakurichi,Family Z-A,1024,1024,True
EXP-Z-B-kallakurichi-P2-S1000-G0.0001,kallakurichi,Family Z-B,1024,1024,True
EXP-Z-B-kallakurichi-P2-S1000-G0.001,kallakurichi,Family Z-B,1024,1024,True
EXP-Z-B-kallakurichi-P2-S1000-G0.005,kallakurichi,Family Z-B,1024,1024,True
EXP-Z-B-kallakurichi-P2-S1000-G0.01,kallakurichi,Family Z-B,1024,1024,True
EXP-Z-A-kallakurichi-P2-S1001,kallakurichi,Family Z-A,1024,1024,True
EXP-Z-B-kallakurichi-P2-S1001-G0.0001,kallakurichi,Family Z-B,1024,1024,True
EXP-Z-B-kallakurichi-P2-S1001-G0.001,kallakurichi,Family Z-B,1024,1024,True
EXP-Z-B-kallakurichi-P2-S1001-G0.005,kallakurichi,Family Z-B,1024,1024,True
EXP-Z-B-kallakurichi-P2-S1001-G0.01,kallakurichi,Family Z-B,1024,1024,True
EXP-Z-A-kallakurichi-P2-S1002,kallakurichi,Family Z-A,1024,1024,True
EXP-Z-B-kallakurichi-P2-S1002-G0.0001,kallakurichi,Family Z-B,1024,1024,True
EXP-Z-B-kallakurichi-P2-S1002-G0.001,kallakurichi,Family Z-B,1024,1024,True
EXP-Z-B-kallakurichi-P2-S1002-G0.005,kallakurichi,Family Z-B,1024,1024,True
EXP-Z-B-kallakurichi-P2-S1002-G0.01,kallakurichi,Family Z-B,1024,1024,True
EXP-Z-A-kallakurichi-P2-S1003,kallakurichi,Family Z-A,1024,1024,True
EXP-Z-B-kallakurichi-P2-S1003-G0.0001,kallakurichi,Family Z-B,1024,1024,True
EXP-Z-B-kallakurichi-P2-S1003-G0.001,kallakurichi,Family Z-B,1024,1024,True
EXP-Z-B-kallakurichi-P2-S1003-G0.005,kallakurichi,Family Z-B,1024,1024,True
EXP-Z-B-kallakurichi-P2-S1003-G0.01,kallakurichi,Family Z-B,1024,1024,True
EXP-Z-A-kallakurichi-P2-S1004,kallakurichi,Family Z-A,1024,1024,True
EXP-Z-B-kallakurichi-P2-S1004-G0.0001,kallakurichi,Family Z-B,1024,1024,True
EXP-Z-B-kallakurichi-P2-S1004-G0.001,kallakurichi,Family Z-B,1024,1024,True
EXP-Z-B-kallakurichi-P2-S1004-G0.005,kallakurichi,Family Z-B,1024,1024,True
EXP-Z-B-kallakurichi-P2-S1004-G0.01,kallakurichi,Family Z-B,1024,1024,True
EXP-Z-A-kallakurichi-P3-S1000,kallakurichi,Family Z-A,1024,1024,True
EXP-Z-B-kallakurichi-P3-S1000-G0.0001,kallakurichi,Family Z-B,1024,1024,True
EXP-Z-B-kallakurichi-P3-S1000-G0.001,kallakurichi,Family Z-B,1024,1024,True
EXP-Z-B-kallakurichi-P3-S1000-G0.005,kallakurichi,Family Z-B,1024,1024,True
EXP-Z-B-kallakurichi-P3-S1000-G0.01,kallakurichi,Family Z-B,1024,1024,True
EXP-Z-A-kallakurichi-P3-S1001,kallakurichi,Family Z-A,1024,1024,True
EXP-Z-B-kallakurichi-P3-S1001-G0.0001,kallakurichi,Family Z-B,1024,1024,True
EXP-Z-B-kallakurichi-P3-S1001-G0.001,kallakurichi,Family Z-B,1024,1024,True
EXP-Z-B-kallakurichi-P3-S1001-G0.005,kallakurichi,Family Z-B,1024,1024,True
EXP-Z-B-kallakurichi-P3-S1001-G0.01,kallakurichi,Family Z-B,1024,1024,True
EXP-Z-A-kallakurichi-P3-S1002,kallakurichi,Family Z-A,1024,1024,True
EXP-Z-B-kallakurichi-P3-S1002-G0.0001,kallakurichi,Family Z-B,1024,1024,True
EXP-Z-B-kallakurichi-P3-S1002-G0.001,kallakurichi,Family Z-B,1024,1024,True
EXP-Z-B-kallakurichi-P3-S1002-G0.005,kallakurichi,Family Z-B,1024,1024,True
EXP-Z-B-kallakurichi-P3-S1002-G0.01,kallakurichi,Family Z-B,1024,1024,True
EXP-Z-A-kallakurichi-P3-S1003,kallakurichi,Family Z-A,1024,1024,True
EXP-Z-B-kallakurichi-P3-S1003-G0.0001,kallakurichi,Family Z-B,1024,1024,True
EXP-Z-B-kallakurichi-P3-S1003-G0.001,kallakurichi,Family Z-B,1024,1024,True
EXP-Z-B-kallakurichi-P3-S1003-G0.005,kallakurichi,Family Z-B,1024,1024,True
EXP-Z-B-kallakurichi-P3-S1003-G0.01,kallakurichi,Family Z-B,1024,1024,True
EXP-Z-A-kallakurichi-P3-S1004,kallakurichi,Family Z-A,1024,1024,True
EXP-Z-B-kallakurichi-P3-S1004-G0.0001,kallakurichi,Family Z-B,1024,1024,True
EXP-Z-B-kallakurichi-P3-S1004-G0.001,kallakurichi,Family Z-B,1024,1024,True
EXP-Z-B-kallakurichi-P3-S1004-G0.005,kallakurichi,Family Z-B,1024,1024,True
EXP-Z-B-kallakurichi-P3-S1004-G0.01,kallakurichi,Family Z-B,1024,1024,True
EXP-Z-A-kallakurichi-P4-S1000,kallakurichi,Family Z-A,1024,1024,True
EXP-Z-B-kallakurichi-P4-S1000-G0.0001,kallakurichi,Family Z-B,1024,1024,True
EXP-Z-B-kallakurichi-P4-S1000-G0.001,kallakurichi,Family Z-B,1024,1024,True
EXP-Z-B-kallakurichi-P4-S1000-G0.005,kallakurichi,Family Z-B,1024,1024,True
EXP-Z-B-kallakurichi-P4-S1000-G0.01,kallakurichi,Family Z-B,1024,1024,True
EXP-Z-A-kallakurichi-P4-S1001,kallakurichi,Family Z-A,1024,1024,True
EXP-Z-B-kallakurichi-P4-S1001-G0.0001,kallakurichi,Family Z-B,1024,1024,True
EXP-Z-B-kallakurichi-P4-S1001-G0.001,kallakurichi,Family Z-B,1024,1024,True
EXP-Z-B-kallakurichi-P4-S1001-G0.005,kallakurichi,Family Z-B,1024,1024,True
EXP-Z-B-kallakurichi-P4-S1001-G0.01,kallakurichi,Family Z-B,1024,1024,True
EXP-Z-A-kallakurichi-P4-S1002,kallakurichi,Family Z-A,1024,1024,True
EXP-Z-B-kallakurichi-P4-S1002-G0.0001,kallakurichi,Family Z-B,1024,1024,True
EXP-Z-B-kallakurichi-P4-S1002-G0.001,kallakurichi,Family Z-B,1024,1024,True
EXP-Z-B-kallakurichi-P4-S1002-G0.005,kallakurichi,Family Z-B,1024,1024,True
EXP-Z-B-kallakurichi-P4-S1002-G0.01,kallakurichi,Family Z-B,1024,1024,True
EXP-Z-A-kallakurichi-P4-S1003,kallakurichi,Family Z-A,1024,1024,True
EXP-Z-B-kallakurichi-P4-S1003-G0.0001,kallakurichi,Family Z-B,1024,1024,True
EXP-Z-B-kallakurichi-P4-S1003-G0.001,kallakurichi,Family Z-B,1024,1024,True
EXP-Z-B-kallakurichi-P4-S1003-G0.005,kallakurichi,Family Z-B,1024,1024,True
EXP-Z-B-kallakurichi-P4-S1003-G0.01,kallakurichi,Family Z-B,1024,1024,True
EXP-Z-A-kallakurichi-P4-S1004,kallakurichi,Family Z-A,1024,1024,True
EXP-Z-B-kallakurichi-P4-S1004-G0.0001,kallakurichi,Family Z-B,1024,1024,True
EXP-Z-B-kallakurichi-P4-S1004-G0.001,kallakurichi,Family Z-B,1024,1024,True
EXP-Z-B-kallakurichi-P4-S1004-G0.005,kallakurichi,Family Z-B,1024,1024,True
EXP-Z-B-kallakurichi-P4-S1004-G0.01,kallakurichi,Family Z-B,1024,1024,True
EXP-Z-A-kallakurichi-P5-S1000,kallakurichi,Family Z-A,1024,1024,True
EXP-Z-B-kallakurichi-P5-S1000-G0.0001,kallakurichi,Family Z-B,1024,1024,True
EXP-Z-B-kallakurichi-P5-S1000-G0.001,kallakurichi,Family Z-B,1024,1024,True
EXP-Z-B-kallakurichi-P5-S1000-G0.005,kallakurichi,Family Z-B,1024,1024,True
EXP-Z-B-kallakurichi-P5-S1000-G0.01,kallakurichi,Family Z-B,1024,1024,True
EXP-Z-A-kallakurichi-P5-S1001,kallakurichi,Family Z-A,1024,1024,True
EXP-Z-B-kallakurichi-P5-S1001-G0.0001,kallakurichi,Family Z-B,1024,1024,True
EXP-Z-B-kallakurichi-P5-S1001-G0.001,kallakurichi,Family Z-B,1024,1024,True
EXP-Z-B-kallakurichi-P5-S1001-G0.005,kallakurichi,Family Z-B,1024,1024,True
EXP-Z-B-kallakurichi-P5-S1001-G0.01,kallakurichi,Family Z-B,1024,1024,True
EXP-Z-A-kallakurichi-P5-S1002,kallakurichi,Family Z-A,1024,1024,True
EXP-Z-B-kallakurichi-P5-S1002-G0.0001,kallakurichi,Family Z-B,1024,1024,True
EXP-Z-B-kallakurichi-P5-S1002-G0.001,kallakurichi,Family Z-B,1024,1024,True
EXP-Z-B-kallakurichi-P5-S1002-G0.005,kallakurichi,Family Z-B,1024,1024,True
EXP-Z-B-kallakurichi-P5-S1002-G0.01,kallakurichi,Family Z-B,1024,1024,True
EXP-Z-A-kallakurichi-P5-S1003,kallakurichi,Family Z-A,1024,1024,True
EXP-Z-B-kallakurichi-P5-S1003-G0.0001,kallakurichi,Family Z-B,1024,1024,True
EXP-Z-B-kallakurichi-P5-S1003-G0.001,kallakurichi,Family Z-B,1024,1024,True
EXP-Z-B-kallakurichi-P5-S1003-G0.005,kallakurichi,Family Z-B,1024,1024,True
EXP-Z-B-kallakurichi-P5-S1003-G0.01,kallakurichi,Family Z-B,1024,1024,True
EXP-Z-A-kallakurichi-P5-S1004,kallakurichi,Family Z-A,1024,1024,True
EXP-Z-B-kallakurichi-P5-S1004-G0.0001,kallakurichi,Family Z-B,1024,1024,True
EXP-Z-B-kallakurichi-P5-S1004-G0.001,kallakurichi,Family Z-B,1024,1024,True
EXP-Z-B-kallakurichi-P5-S1004-G0.005,kallakurichi,Family Z-B,1024,1024,True
EXP-Z-B-kallakurichi-P5-S1004-G0.01,kallakurichi,Family Z-B,1024,1024,True
EXP-Z-A-kancheepuram-P1-S1000,kancheepuram,Family Z-A,1024,1024,True
EXP-Z-B-kancheepuram-P1-S1000-G0.0001,kancheepuram,Family Z-B,1024,1024,True
EXP-Z-B-kancheepuram-P1-S1000-G0.001,kancheepuram,Family Z-B,1024,1024,True
EXP-Z-B-kancheepuram-P1-S1000-G0.005,kancheepuram,Family Z-B,1024,1024,True
EXP-Z-B-kancheepuram-P1-S1000-G0.01,kancheepuram,Family Z-B,1024,1024,True
EXP-Z-A-kancheepuram-P1-S1001,kancheepuram,Family Z-A,1024,1024,True
EXP-Z-B-kancheepuram-P1-S1001-G0.0001,kancheepuram,Family Z-B,1024,1024,True
EXP-Z-B-kancheepuram-P1-S1001-G0.001,kancheepuram,Family Z-B,1024,1024,True
EXP-Z-B-kancheepuram-P1-S1001-G0.005,kancheepuram,Family Z-B,1024,1024,True
EXP-Z-B-kancheepuram-P1-S1001-G0.01,kancheepuram,Family Z-B,1024,1024,True
EXP-Z-A-kancheepuram-P1-S1002,kancheepuram,Family Z-A,1024,1024,True
EXP-Z-B-kancheepuram-P1-S1002-G0.0001,kancheepuram,Family Z-B,1024,1024,True
EXP-Z-B-kancheepuram-P1-S1002-G0.001,kancheepuram,Family Z-B,1024,1024,True
EXP-Z-B-kancheepuram-P1-S1002-G0.005,kancheepuram,Family Z-B,1024,1024,True
EXP-Z-B-kancheepuram-P1-S1002-G0.01,kancheepuram,Family Z-B,1024,1024,True
EXP-Z-A-kancheepuram-P1-S1003,kancheepuram,Family Z-A,1024,1024,True
EXP-Z-B-kancheepuram-P1-S1003-G0.0001,kancheepuram,Family Z-B,1024,1024,True
EXP-Z-B-kancheepuram-P1-S1003-G0.001,kancheepuram,Family Z-B,1024,1024,True
EXP-Z-B-kancheepuram-P1-S1003-G0.005,kancheepuram,Family Z-B,1024,1024,True
EXP-Z-B-kancheepuram-P1-S1003-G0.01,kancheepuram,Family Z-B,1024,1024,True
EXP-Z-A-kancheepuram-P1-S1004,kancheepuram,Family Z-A,1024,1024,True
EXP-Z-B-kancheepuram-P1-S1004-G0.0001,kancheepuram,Family Z-B,1024,1024,True
EXP-Z-B-kancheepuram-P1-S1004-G0.001,kancheepuram,Family Z-B,1024,1024,True
EXP-Z-B-kancheepuram-P1-S1004-G0.005,kancheepuram,Family Z-B,1024,1024,True
EXP-Z-B-kancheepuram-P1-S1004-G0.01,kancheepuram,Family Z-B,1024,1024,True
EXP-Z-A-kancheepuram-P2-S1000,kancheepuram,Family Z-A,1024,1024,True
EXP-Z-B-kancheepuram-P2-S1000-G0.0001,kancheepuram,Family Z-B,1024,1024,True
EXP-Z-B-kancheepuram-P2-S1000-G0.001,kancheepuram,Family Z-B,1024,1024,True
EXP-Z-B-kancheepuram-P2-S1000-G0.005,kancheepuram,Family Z-B,1024,1024,True
EXP-Z-B-kancheepuram-P2-S1000-G0.01,kancheepuram,Family Z-B,1024,1024,True
EXP-Z-A-kancheepuram-P2-S1001,kancheepuram,Family Z-A,1024,1024,True
EXP-Z-B-kancheepuram-P2-S1001-G0.0001,kancheepuram,Family Z-B,1024,1024,True
EXP-Z-B-kancheepuram-P2-S1001-G0.001,kancheepuram,Family Z-B,1024,1024,True
EXP-Z-B-kancheepuram-P2-S1001-G0.005,kancheepuram,Family Z-B,1024,1024,True
EXP-Z-B-kancheepuram-P2-S1001-G0.01,kancheepuram,Family Z-B,1024,1024,True
EXP-Z-A-kancheepuram-P2-S1002,kancheepuram,Family Z-A,1024,1024,True
EXP-Z-B-kancheepuram-P2-S1002-G0.0001,kancheepuram,Family Z-B,1024,1024,True
EXP-Z-B-kancheepuram-P2-S1002-G0.001,kancheepuram,Family Z-B,1024,1024,True
EXP-Z-B-kancheepuram-P2-S1002-G0.005,kancheepuram,Family Z-B,1024,1024,True
EXP-Z-B-kancheepuram-P2-S1002-G0.01,kancheepuram,Family Z-B,1024,1024,True
EXP-Z-A-kancheepuram-P2-S1003,kancheepuram,Family Z-A,1024,1024,True
EXP-Z-B-kancheepuram-P2-S1003-G0.0001,kancheepuram,Family Z-B,1024,1024,True
EXP-Z-B-kancheepuram-P2-S1003-G0.001,kancheepuram,Family Z-B,1024,1024,True
EXP-Z-B-kancheepuram-P2-S1003-G0.005,kancheepuram,Family Z-B,1024,1024,True
EXP-Z-B-kancheepuram-P2-S1003-G0.01,kancheepuram,Family Z-B,1024,1024,True
EXP-Z-A-kancheepuram-P2-S1004,kancheepuram,Family Z-A,1024,1024,True
EXP-Z-B-kancheepuram-P2-S1004-G0.0001,kancheepuram,Family Z-B,1024,1024,True
EXP-Z-B-kancheepuram-P2-S1004-G0.001,kancheepuram,Family Z-B,1024,1024,True
EXP-Z-B-kancheepuram-P2-S1004-G0.005,kancheepuram,Family Z-B,1024,1024,True
EXP-Z-B-kancheepuram-P2-S1004-G0.01,kancheepuram,Family Z-B,1024,1024,True
EXP-Z-A-kancheepuram-P3-S1000,kancheepuram,Family Z-A,1024,1024,True
EXP-Z-B-kancheepuram-P3-S1000-G0.0001,kancheepuram,Family Z-B,1024,1024,True
EXP-Z-B-kancheepuram-P3-S1000-G0.001,kancheepuram,Family Z-B,1024,1024,True
EXP-Z-B-kancheepuram-P3-S1000-G0.005,kancheepuram,Family Z-B,1024,1024,True
EXP-Z-B-kancheepuram-P3-S1000-G0.01,kancheepuram,Family Z-B,1024,1024,True
EXP-Z-A-kancheepuram-P3-S1001,kancheepuram,Family Z-A,1024,1024,True
EXP-Z-B-kancheepuram-P3-S1001-G0.0001,kancheepuram,Family Z-B,1024,1024,True
EXP-Z-B-kancheepuram-P3-S1001-G0.001,kancheepuram,Family Z-B,1024,1024,True
EXP-Z-B-kancheepuram-P3-S1001-G0.005,kancheepuram,Family Z-B,1024,1024,True
EXP-Z-B-kancheepuram-P3-S1001-G0.01,kancheepuram,Family Z-B,1024,1024,True
EXP-Z-A-kancheepuram-P3-S1002,kancheepuram,Family Z-A,1024,1024,True
EXP-Z-B-kancheepuram-P3-S1002-G0.0001,kancheepuram,Family Z-B,1024,1024,True
EXP-Z-B-kancheepuram-P3-S1002-G0.001,kancheepuram,Family Z-B,1024,1024,True
EXP-Z-B-kancheepuram-P3-S1002-G0.005,kancheepuram,Family Z-B,1024,1024,True
EXP-Z-B-kancheepuram-P3-S1002-G0.01,kancheepuram,Family Z-B,1024,1024,True
EXP-Z-A-kancheepuram-P3-S1003,kancheepuram,Family Z-A,1024,1024,True
EXP-Z-B-kancheepuram-P3-S1003-G0.0001,kancheepuram,Family Z-B,1024,1024,True
EXP-Z-B-kancheepuram-P3-S1003-G0.001,kancheepuram,Family Z-B,1024,1024,True
EXP-Z-B-kancheepuram-P3-S1003-G0.005,kancheepuram,Family Z-B,1024,1024,True
EXP-Z-B-kancheepuram-P3-S1003-G0.01,kancheepuram,Family Z-B,1024,1024,True
EXP-Z-A-kancheepuram-P3-S1004,kancheepuram,Family Z-A,1024,1024,True
EXP-Z-B-kancheepuram-P3-S1004-G0.0001,kancheepuram,Family Z-B,1024,1024,True
EXP-Z-B-kancheepuram-P3-S1004-G0.001,kancheepuram,Family Z-B,1024,1024,True
EXP-Z-B-kancheepuram-P3-S1004-G0.005,kancheepuram,Family Z-B,1024,1024,True
EXP-Z-B-kancheepuram-P3-S1004-G0.01,kancheepuram,Family Z-B,1024,1024,True
EXP-Z-A-kancheepuram-P4-S1000,kancheepuram,Family Z-A,1024,1024,True
EXP-Z-B-kancheepuram-P4-S1000-G0.0001,kancheepuram,Family Z-B,1024,1024,True
EXP-Z-B-kancheepuram-P4-S1000-G0.001,kancheepuram,Family Z-B,1024,1024,True
EXP-Z-B-kancheepuram-P4-S1000-G0.005,kancheepuram,Family Z-B,1024,1024,True
EXP-Z-B-kancheepuram-P4-S1000-G0.01,kancheepuram,Family Z-B,1024,1024,True
EXP-Z-A-kancheepuram-P4-S1001,kancheepuram,Family Z-A,1024,1024,True
EXP-Z-B-kancheepuram-P4-S1001-G0.0001,kancheepuram,Family Z-B,1024,1024,True
EXP-Z-B-kancheepuram-P4-S1001-G0.001,kancheepuram,Family Z-B,1024,1024,True
EXP-Z-B-kancheepuram-P4-S1001-G0.005,kancheepuram,Family Z-B,1024,1024,True
EXP-Z-B-kancheepuram-P4-S1001-G0.01,kancheepuram,Family Z-B,1024,1024,True
EXP-Z-A-kancheepuram-P4-S1002,kancheepuram,Family Z-A,1024,1024,True
EXP-Z-B-kancheepuram-P4-S1002-G0.0001,kancheepuram,Family Z-B,1024,1024,True
EXP-Z-B-kancheepuram-P4-S1002-G0.001,kancheepuram,Family Z-B,1024,1024,True
EXP-Z-B-kancheepuram-P4-S1002-G0.005,kancheepuram,Family Z-B,1024,1024,True
EXP-Z-B-kancheepuram-P4-S1002-G0.01,kancheepuram,Family Z-B,1024,1024,True
EXP-Z-A-kancheepuram-P4-S1003,kancheepuram,Family Z-A,1024,1024,True
EXP-Z-B-kancheepuram-P4-S1003-G0.0001,kancheepuram,Family Z-B,1024,1024,True
EXP-Z-B-kancheepuram-P4-S1003-G0.001,kancheepuram,Family Z-B,1024,1024,True
EXP-Z-B-kancheepuram-P4-S1003-G0.005,kancheepuram,Family Z-B,1024,1024,True
EXP-Z-B-kancheepuram-P4-S1003-G0.01,kancheepuram,Family Z-B,1024,1024,True
EXP-Z-A-kancheepuram-P4-S1004,kancheepuram,Family Z-A,1024,1024,True
EXP-Z-B-kancheepuram-P4-S1004-G0.0001,kancheepuram,Family Z-B,1024,1024,True
EXP-Z-B-kancheepuram-P4-S1004-G0.001,kancheepuram,Family Z-B,1024,1024,True
EXP-Z-B-kancheepuram-P4-S1004-G0.005,kancheepuram,Family Z-B,1024,1024,True
EXP-Z-B-kancheepuram-P4-S1004-G0.01,kancheepuram,Family Z-B,1024,1024,True
EXP-Z-A-kancheepuram-P5-S1000,kancheepuram,Family Z-A,1024,1024,True
EXP-Z-B-kancheepuram-P5-S1000-G0.0001,kancheepuram,Family Z-B,1024,1024,True
EXP-Z-B-kancheepuram-P5-S1000-G0.001,kancheepuram,Family Z-B,1024,1024,True
EXP-Z-B-kancheepuram-P5-S1000-G0.005,kancheepuram,Family Z-B,1024,1024,True
EXP-Z-B-kancheepuram-P5-S1000-G0.01,kancheepuram,Family Z-B,1024,1024,True
EXP-Z-A-kancheepuram-P5-S1001,kancheepuram,Family Z-A,1024,1024,True
EXP-Z-B-kancheepuram-P5-S1001-G0.0001,kancheepuram,Family Z-B,1024,1024,True
EXP-Z-B-kancheepuram-P5-S1001-G0.001,kancheepuram,Family Z-B,1024,1024,True
EXP-Z-B-kancheepuram-P5-S1001-G0.005,kancheepuram,Family Z-B,1024,1024,True
EXP-Z-B-kancheepuram-P5-S1001-G0.01,kancheepuram,Family Z-B,1024,1024,True
EXP-Z-A-kancheepuram-P5-S1002,kancheepuram,Family Z-A,1024,1024,True
EXP-Z-B-kancheepuram-P5-S1002-G0.0001,kancheepuram,Family Z-B,1024,1024,True
EXP-Z-B-kancheepuram-P5-S1002-G0.001,kancheepuram,Family Z-B,1024,1024,True
EXP-Z-B-kancheepuram-P5-S1002-G0.005,kancheepuram,Family Z-B,1024,1024,True
EXP-Z-B-kancheepuram-P5-S1002-G0.01,kancheepuram,Family Z-B,1024,1024,True
EXP-Z-A-kancheepuram-P5-S1003,kancheepuram,Family Z-A,1024,1024,True
EXP-Z-B-kancheepuram-P5-S1003-G0.0001,kancheepuram,Family Z-B,1024,1024,True
EXP-Z-B-kancheepuram-P5-S1003-G0.001,kancheepuram,Family Z-B,1024,1024,True
EXP-Z-B-kancheepuram-P5-S1003-G0.005,kancheepuram,Family Z-B,1024,1024,True
EXP-Z-B-kancheepuram-P5-S1003-G0.01,kancheepuram,Family Z-B,1024,1024,True
EXP-Z-A-kancheepuram-P5-S1004,kancheepuram,Family Z-A,1024,1024,True
EXP-Z-B-kancheepuram-P5-S1004-G0.0001,kancheepuram,Family Z-B,1024,1024,True
EXP-Z-B-kancheepuram-P5-S1004-G0.001,kancheepuram,Family Z-B,1024,1024,True
EXP-Z-B-kancheepuram-P5-S1004-G0.005,kancheepuram,Family Z-B,1024,1024,True
EXP-Z-B-kancheepuram-P5-S1004-G0.01,kancheepuram,Family Z-B,1024,1024,True
EXP-Z-A-kanyakumari-P1-S1000,kanyakumari,Family Z-A,1024,1024,True
EXP-Z-B-kanyakumari-P1-S1000-G0.0001,kanyakumari,Family Z-B,1024,1024,True
EXP-Z-B-kanyakumari-P1-S1000-G0.001,kanyakumari,Family Z-B,1024,1024,True
EXP-Z-B-kanyakumari-P1-S1000-G0.005,kanyakumari,Family Z-B,1024,1024,True
EXP-Z-B-kanyakumari-P1-S1000-G0.01,kanyakumari,Family Z-B,1024,1024,True
EXP-Z-A-kanyakumari-P1-S1001,kanyakumari,Family Z-A,1024,1024,True
EXP-Z-B-kanyakumari-P1-S1001-G0.0001,kanyakumari,Family Z-B,1024,1024,True
EXP-Z-B-kanyakumari-P1-S1001-G0.001,kanyakumari,Family Z-B,1024,1024,True
EXP-Z-B-kanyakumari-P1-S1001-G0.005,kanyakumari,Family Z-B,1024,1024,True
EXP-Z-B-kanyakumari-P1-S1001-G0.01,kanyakumari,Family Z-B,1024,1024,True
EXP-Z-A-kanyakumari-P1-S1002,kanyakumari,Family Z-A,1024,1024,True
EXP-Z-B-kanyakumari-P1-S1002-G0.0001,kanyakumari,Family Z-B,1024,1024,True
EXP-Z-B-kanyakumari-P1-S1002-G0.001,kanyakumari,Family Z-B,1024,1024,True
EXP-Z-B-kanyakumari-P1-S1002-G0.005,kanyakumari,Family Z-B,1024,1024,True
EXP-Z-B-kanyakumari-P1-S1002-G0.01,kanyakumari,Family Z-B,1024,1024,True
EXP-Z-A-kanyakumari-P1-S1003,kanyakumari,Family Z-A,1024,1024,True
EXP-Z-B-kanyakumari-P1-S1003-G0.0001,kanyakumari,Family Z-B,1024,1024,True
EXP-Z-B-kanyakumari-P1-S1003-G0.001,kanyakumari,Family Z-B,1024,1024,True
EXP-Z-B-kanyakumari-P1-S1003-G0.005,kanyakumari,Family Z-B,1024,1024,True
EXP-Z-B-kanyakumari-P1-S1003-G0.01,kanyakumari,Family Z-B,1024,1024,True
EXP-Z-A-kanyakumari-P1-S1004,kanyakumari,Family Z-A,1024,1024,True
EXP-Z-B-kanyakumari-P1-S1004-G0.0001,kanyakumari,Family Z-B,1024,1024,True
EXP-Z-B-kanyakumari-P1-S1004-G0.001,kanyakumari,Family Z-B,1024,1024,True
EXP-Z-B-kanyakumari-P1-S1004-G0.005,kanyakumari,Family Z-B,1024,1024,True
EXP-Z-B-kanyakumari-P1-S1004-G0.01,kanyakumari,Family Z-B,1024,1024,True
EXP-Z-A-kanyakumari-P2-S1000,kanyakumari,Family Z-A,1024,1024,True
EXP-Z-B-kanyakumari-P2-S1000-G0.0001,kanyakumari,Family Z-B,1024,1024,True
EXP-Z-B-kanyakumari-P2-S1000-G0.001,kanyakumari,Family Z-B,1024,1024,True
EXP-Z-B-kanyakumari-P2-S1000-G0.005,kanyakumari,Family Z-B,1024,1024,True
EXP-Z-B-kanyakumari-P2-S1000-G0.01,kanyakumari,Family Z-B,1024,1024,True
EXP-Z-A-kanyakumari-P2-S1001,kanyakumari,Family Z-A,1024,1024,True
EXP-Z-B-kanyakumari-P2-S1001-G0.0001,kanyakumari,Family Z-B,1024,1024,True
EXP-Z-B-kanyakumari-P2-S1001-G0.001,kanyakumari,Family Z-B,1024,1024,True
EXP-Z-B-kanyakumari-P2-S1001-G0.005,kanyakumari,Family Z-B,1024,1024,True
EXP-Z-B-kanyakumari-P2-S1001-G0.01,kanyakumari,Family Z-B,1024,1024,True
EXP-Z-A-kanyakumari-P2-S1002,kanyakumari,Family Z-A,1024,1024,True
EXP-Z-B-kanyakumari-P2-S1002-G0.0001,kanyakumari,Family Z-B,1024,1024,True
EXP-Z-B-kanyakumari-P2-S1002-G0.001,kanyakumari,Family Z-B,1024,1024,True
EXP-Z-B-kanyakumari-P2-S1002-G0.005,kanyakumari,Family Z-B,1024,1024,True
EXP-Z-B-kanyakumari-P2-S1002-G0.01,kanyakumari,Family Z-B,1024,1024,True
EXP-Z-A-kanyakumari-P2-S1003,kanyakumari,Family Z-A,1024,1024,True
EXP-Z-B-kanyakumari-P2-S1003-G0.0001,kanyakumari,Family Z-B,1024,1024,True
EXP-Z-B-kanyakumari-P2-S1003-G0.001,kanyakumari,Family Z-B,1024,1024,True
EXP-Z-B-kanyakumari-P2-S1003-G0.005,kanyakumari,Family Z-B,1024,1024,True
EXP-Z-B-kanyakumari-P2-S1003-G0.01,kanyakumari,Family Z-B,1024,1024,True
EXP-Z-A-kanyakumari-P2-S1004,kanyakumari,Family Z-A,1024,1024,True
EXP-Z-B-kanyakumari-P2-S1004-G0.0001,kanyakumari,Family Z-B,1024,1024,True
EXP-Z-B-kanyakumari-P2-S1004-G0.001,kanyakumari,Family Z-B,1024,1024,True
EXP-Z-B-kanyakumari-P2-S1004-G0.005,kanyakumari,Family Z-B,1024,1024,True
EXP-Z-B-kanyakumari-P2-S1004-G0.01,kanyakumari,Family Z-B,1024,1024,True
EXP-Z-A-kanyakumari-P3-S1000,kanyakumari,Family Z-A,1024,1024,True
EXP-Z-B-kanyakumari-P3-S1000-G0.0001,kanyakumari,Family Z-B,1024,1024,True
EXP-Z-B-kanyakumari-P3-S1000-G0.001,kanyakumari,Family Z-B,1024,1024,True
EXP-Z-B-kanyakumari-P3-S1000-G0.005,kanyakumari,Family Z-B,1024,1024,True
EXP-Z-B-kanyakumari-P3-S1000-G0.01,kanyakumari,Family Z-B,1024,1024,True
EXP-Z-A-kanyakumari-P3-S1001,kanyakumari,Family Z-A,1024,1024,True
EXP-Z-B-kanyakumari-P3-S1001-G0.0001,kanyakumari,Family Z-B,1024,1024,True
EXP-Z-B-kanyakumari-P3-S1001-G0.001,kanyakumari,Family Z-B,1024,1024,True
EXP-Z-B-kanyakumari-P3-S1001-G0.005,kanyakumari,Family Z-B,1024,1024,True
EXP-Z-B-kanyakumari-P3-S1001-G0.01,kanyakumari,Family Z-B,1024,1024,True
EXP-Z-A-kanyakumari-P3-S1002,kanyakumari,Family Z-A,1024,1024,True
EXP-Z-B-kanyakumari-P3-S1002-G0.0001,kanyakumari,Family Z-B,1024,1024,True
EXP-Z-B-kanyakumari-P3-S1002-G0.001,kanyakumari,Family Z-B,1024,1024,True
EXP-Z-B-kanyakumari-P3-S1002-G0.005,kanyakumari,Family Z-B,1024,1024,True
EXP-Z-B-kanyakumari-P3-S1002-G0.01,kanyakumari,Family Z-B,1024,1024,True
EXP-Z-A-kanyakumari-P3-S1003,kanyakumari,Family Z-A,1024,1024,True
EXP-Z-B-kanyakumari-P3-S1003-G0.0001,kanyakumari,Family Z-B,1024,1024,True
EXP-Z-B-kanyakumari-P3-S1003-G0.001,kanyakumari,Family Z-B,1024,1024,True
EXP-Z-B-kanyakumari-P3-S1003-G0.005,kanyakumari,Family Z-B,1024,1024,True
EXP-Z-B-kanyakumari-P3-S1003-G0.01,kanyakumari,Family Z-B,1024,1024,True
EXP-Z-A-kanyakumari-P3-S1004,kanyakumari,Family Z-A,1024,1024,True
EXP-Z-B-kanyakumari-P3-S1004-G0.0001,kanyakumari,Family Z-B,1024,1024,True
EXP-Z-B-kanyakumari-P3-S1004-G0.001,kanyakumari,Family Z-B,1024,1024,True
EXP-Z-B-kanyakumari-P3-S1004-G0.005,kanyakumari,Family Z-B,1024,1024,True
EXP-Z-B-kanyakumari-P3-S1004-G0.01,kanyakumari,Family Z-B,1024,1024,True
EXP-Z-A-kanyakumari-P4-S1000,kanyakumari,Family Z-A,1024,1024,True
EXP-Z-B-kanyakumari-P4-S1000-G0.0001,kanyakumari,Family Z-B,1024,1024,True
EXP-Z-B-kanyakumari-P4-S1000-G0.001,kanyakumari,Family Z-B,1024,1024,True
EXP-Z-B-kanyakumari-P4-S1000-G0.005,kanyakumari,Family Z-B,1024,1024,True
EXP-Z-B-kanyakumari-P4-S1000-G0.01,kanyakumari,Family Z-B,1024,1024,True
EXP-Z-A-kanyakumari-P4-S1001,kanyakumari,Family Z-A,1024,1024,True
EXP-Z-B-kanyakumari-P4-S1001-G0.0001,kanyakumari,Family Z-B,1024,1024,True
EXP-Z-B-kanyakumari-P4-S1001-G0.001,kanyakumari,Family Z-B,1024,1024,True
EXP-Z-B-kanyakumari-P4-S1001-G0.005,kanyakumari,Family Z-B,1024,1024,True
EXP-Z-B-kanyakumari-P4-S1001-G0.01,kanyakumari,Family Z-B,1024,1024,True
EXP-Z-A-kanyakumari-P4-S1002,kanyakumari,Family Z-A,1024,1024,True
EXP-Z-B-kanyakumari-P4-S1002-G0.0001,kanyakumari,Family Z-B,1024,1024,True
EXP-Z-B-kanyakumari-P4-S1002-G0.001,kanyakumari,Family Z-B,1024,1024,True
EXP-Z-B-kanyakumari-P4-S1002-G0.005,kanyakumari,Family Z-B,1024,1024,True
EXP-Z-B-kanyakumari-P4-S1002-G0.01,kanyakumari,Family Z-B,1024,1024,True
EXP-Z-A-kanyakumari-P4-S1003,kanyakumari,Family Z-A,1024,1024,True
EXP-Z-B-kanyakumari-P4-S1003-G0.0001,kanyakumari,Family Z-B,1024,1024,True
EXP-Z-B-kanyakumari-P4-S1003-G0.001,kanyakumari,Family Z-B,1024,1024,True
EXP-Z-B-kanyakumari-P4-S1003-G0.005,kanyakumari,Family Z-B,1024,1024,True
EXP-Z-B-kanyakumari-P4-S1003-G0.01,kanyakumari,Family Z-B,1024,1024,True
EXP-Z-A-kanyakumari-P4-S1004,kanyakumari,Family Z-A,1024,1024,True
EXP-Z-B-kanyakumari-P4-S1004-G0.0001,kanyakumari,Family Z-B,1024,1024,True
EXP-Z-B-kanyakumari-P4-S1004-G0.001,kanyakumari,Family Z-B,1024,1024,True
EXP-Z-B-kanyakumari-P4-S1004-G0.005,kanyakumari,Family Z-B,1024,1024,True
EXP-Z-B-kanyakumari-P4-S1004-G0.01,kanyakumari,Family Z-B,1024,1024,True
EXP-Z-A-kanyakumari-P5-S1000,kanyakumari,Family Z-A,1024,1024,True
EXP-Z-B-kanyakumari-P5-S1000-G0.0001,kanyakumari,Family Z-B,1024,1024,True
EXP-Z-B-kanyakumari-P5-S1000-G0.001,kanyakumari,Family Z-B,1024,1024,True
EXP-Z-B-kanyakumari-P5-S1000-G0.005,kanyakumari,Family Z-B,1024,1024,True
EXP-Z-B-kanyakumari-P5-S1000-G0.01,kanyakumari,Family Z-B,1024,1024,True
EXP-Z-A-kanyakumari-P5-S1001,kanyakumari,Family Z-A,1024,1024,True
EXP-Z-B-kanyakumari-P5-S1001-G0.0001,kanyakumari,Family Z-B,1024,1024,True
EXP-Z-B-kanyakumari-P5-S1001-G0.001,kanyakumari,Family Z-B,1024,1024,True
EXP-Z-B-kanyakumari-P5-S1001-G0.005,kanyakumari,Family Z-B,1024,1024,True
EXP-Z-B-kanyakumari-P5-S1001-G0.01,kanyakumari,Family Z-B,1024,1024,True
EXP-Z-A-kanyakumari-P5-S1002,kanyakumari,Family Z-A,1024,1024,True
EXP-Z-B-kanyakumari-P5-S1002-G0.0001,kanyakumari,Family Z-B,1024,1024,True
EXP-Z-B-kanyakumari-P5-S1002-G0.001,kanyakumari,Family Z-B,1024,1024,True
EXP-Z-B-kanyakumari-P5-S1002-G0.005,kanyakumari,Family Z-B,1024,1024,True
EXP-Z-B-kanyakumari-P5-S1002-G0.01,kanyakumari,Family Z-B,1024,1024,True
EXP-Z-A-kanyakumari-P5-S1003,kanyakumari,Family Z-A,1024,1024,True
EXP-Z-B-kanyakumari-P5-S1003-G0.0001,kanyakumari,Family Z-B,1024,1024,True
EXP-Z-B-kanyakumari-P5-S1003-G0.001,kanyakumari,Family Z-B,1024,1024,True
EXP-Z-B-kanyakumari-P5-S1003-G0.005,kanyakumari,Family Z-B,1024,1024,True
EXP-Z-B-kanyakumari-P5-S1003-G0.01,kanyakumari,Family Z-B,1024,1024,True
EXP-Z-A-kanyakumari-P5-S1004,kanyakumari,Family Z-A,1024,1024,True
EXP-Z-B-kanyakumari-P5-S1004-G0.0001,kanyakumari,Family Z-B,1024,1024,True
EXP-Z-B-kanyakumari-P5-S1004-G0.001,kanyakumari,Family Z-B,1024,1024,True
EXP-Z-B-kanyakumari-P5-S1004-G0.005,kanyakumari,Family Z-B,1024,1024,True
EXP-Z-B-kanyakumari-P5-S1004-G0.01,kanyakumari,Family Z-B,1024,1024,True
EXP-Z-A-karur-P1-S1000,karur,Family Z-A,1024,1024,True
EXP-Z-B-karur-P1-S1000-G0.0001,karur,Family Z-B,1024,1024,True
EXP-Z-B-karur-P1-S1000-G0.001,karur,Family Z-B,1024,1024,True
EXP-Z-B-karur-P1-S1000-G0.005,karur,Family Z-B,1024,1024,True
EXP-Z-B-karur-P1-S1000-G0.01,karur,Family Z-B,1024,1024,True
EXP-Z-A-karur-P1-S1001,karur,Family Z-A,1024,1024,True
EXP-Z-B-karur-P1-S1001-G0.0001,karur,Family Z-B,1024,1024,True
EXP-Z-B-karur-P1-S1001-G0.001,karur,Family Z-B,1024,1024,True
EXP-Z-B-karur-P1-S1001-G0.005,karur,Family Z-B,1024,1024,True
EXP-Z-B-karur-P1-S1001-G0.01,karur,Family Z-B,1024,1024,True
EXP-Z-A-karur-P1-S1002,karur,Family Z-A,1024,1024,True
EXP-Z-B-karur-P1-S1002-G0.0001,karur,Family Z-B,1024,1024,True
EXP-Z-B-karur-P1-S1002-G0.001,karur,Family Z-B,1024,1024,True
EXP-Z-B-karur-P1-S1002-G0.005,karur,Family Z-B,1024,1024,True
EXP-Z-B-karur-P1-S1002-G0.01,karur,Family Z-B,1024,1024,True
EXP-Z-A-karur-P1-S1003,karur,Family Z-A,1024,1024,True
EXP-Z-B-karur-P1-S1003-G0.0001,karur,Family Z-B,1024,1024,True
EXP-Z-B-karur-P1-S1003-G0.001,karur,Family Z-B,1024,1024,True
EXP-Z-B-karur-P1-S1003-G0.005,karur,Family Z-B,1024,1024,True
EXP-Z-B-karur-P1-S1003-G0.01,karur,Family Z-B,1024,1024,True
EXP-Z-A-karur-P1-S1004,karur,Family Z-A,1024,1024,True
EXP-Z-B-karur-P1-S1004-G0.0001,karur,Family Z-B,1024,1024,True
EXP-Z-B-karur-P1-S1004-G0.001,karur,Family Z-B,1024,1024,True
EXP-Z-B-karur-P1-S1004-G0.005,karur,Family Z-B,1024,1024,True
EXP-Z-B-karur-P1-S1004-G0.01,karur,Family Z-B,1024,1024,True
EXP-Z-A-karur-P2-S1000,karur,Family Z-A,1024,1024,True
EXP-Z-B-karur-P2-S1000-G0.0001,karur,Family Z-B,1024,1024,True
EXP-Z-B-karur-P2-S1000-G0.001,karur,Family Z-B,1024,1024,True
EXP-Z-B-karur-P2-S1000-G0.005,karur,Family Z-B,1024,1024,True
EXP-Z-B-karur-P2-S1000-G0.01,karur,Family Z-B,1024,1024,True
EXP-Z-A-karur-P2-S1001,karur,Family Z-A,1024,1024,True
EXP-Z-B-karur-P2-S1001-G0.0001,karur,Family Z-B,1024,1024,True
EXP-Z-B-karur-P2-S1001-G0.001,karur,Family Z-B,1024,1024,True
EXP-Z-B-karur-P2-S1001-G0.005,karur,Family Z-B,1024,1024,True
EXP-Z-B-karur-P2-S1001-G0.01,karur,Family Z-B,1024,1024,True
EXP-Z-A-karur-P2-S1002,karur,Family Z-A,1024,1024,True
EXP-Z-B-karur-P2-S1002-G0.0001,karur,Family Z-B,1024,1024,True
EXP-Z-B-karur-P2-S1002-G0.001,karur,Family Z-B,1024,1024,True
EXP-Z-B-karur-P2-S1002-G0.005,karur,Family Z-B,1024,1024,True
EXP-Z-B-karur-P2-S1002-G0.01,karur,Family Z-B,1024,1024,True
EXP-Z-A-karur-P2-S1003,karur,Family Z-A,1024,1024,True
EXP-Z-B-karur-P2-S1003-G0.0001,karur,Family Z-B,1024,1024,True
EXP-Z-B-karur-P2-S1003-G0.001,karur,Family Z-B,1024,1024,True
EXP-Z-B-karur-P2-S1003-G0.005,karur,Family Z-B,1024,1024,True
EXP-Z-B-karur-P2-S1003-G0.01,karur,Family Z-B,1024,1024,True
EXP-Z-A-karur-P2-S1004,karur,Family Z-A,1024,1024,True
EXP-Z-B-karur-P2-S1004-G0.0001,karur,Family Z-B,1024,1024,True
EXP-Z-B-karur-P2-S1004-G0.001,karur,Family Z-B,1024,1024,True
EXP-Z-B-karur-P2-S1004-G0.005,karur,Family Z-B,1024,1024,True
EXP-Z-B-karur-P2-S1004-G0.01,karur,Family Z-B,1024,1024,True
EXP-Z-A-karur-P3-S1000,karur,Family Z-A,1024,1024,True
EXP-Z-B-karur-P3-S1000-G0.0001,karur,Family Z-B,1024,1024,True
EXP-Z-B-karur-P3-S1000-G0.001,karur,Family Z-B,1024,1024,True
EXP-Z-B-karur-P3-S1000-G0.005,karur,Family Z-B,1024,1024,True
EXP-Z-B-karur-P3-S1000-G0.01,karur,Family Z-B,1024,1024,True
EXP-Z-A-karur-P3-S1001,karur,Family Z-A,1024,1024,True
EXP-Z-B-karur-P3-S1001-G0.0001,karur,Family Z-B,1024,1024,True
EXP-Z-B-karur-P3-S1001-G0.001,karur,Family Z-B,1024,1024,True
EXP-Z-B-karur-P3-S1001-G0.005,karur,Family Z-B,1024,1024,True
EXP-Z-B-karur-P3-S1001-G0.01,karur,Family Z-B,1024,1024,True
EXP-Z-A-karur-P3-S1002,karur,Family Z-A,1024,1024,True
EXP-Z-B-karur-P3-S1002-G0.0001,karur,Family Z-B,1024,1024,True
EXP-Z-B-karur-P3-S1002-G0.001,karur,Family Z-B,1024,1024,True
EXP-Z-B-karur-P3-S1002-G0.005,karur,Family Z-B,1024,1024,True
EXP-Z-B-karur-P3-S1002-G0.01,karur,Family Z-B,1024,1024,True
EXP-Z-A-karur-P3-S1003,karur,Family Z-A,1024,1024,True
EXP-Z-B-karur-P3-S1003-G0.0001,karur,Family Z-B,1024,1024,True
EXP-Z-B-karur-P3-S1003-G0.001,karur,Family Z-B,1024,1024,True
EXP-Z-B-karur-P3-S1003-G0.005,karur,Family Z-B,1024,1024,True
EXP-Z-B-karur-P3-S1003-G0.01,karur,Family Z-B,1024,1024,True
EXP-Z-A-karur-P3-S1004,karur,Family Z-A,1024,1024,True
EXP-Z-B-karur-P3-S1004-G0.0001,karur,Family Z-B,1024,1024,True
EXP-Z-B-karur-P3-S1004-G0.001,karur,Family Z-B,1024,1024,True
EXP-Z-B-karur-P3-S1004-G0.005,karur,Family Z-B,1024,1024,True
EXP-Z-B-karur-P3-S1004-G0.01,karur,Family Z-B,1024,1024,True
EXP-Z-A-karur-P4-S1000,karur,Family Z-A,1024,1024,True
EXP-Z-B-karur-P4-S1000-G0.0001,karur,Family Z-B,1024,1024,True
EXP-Z-B-karur-P4-S1000-G0.001,karur,Family Z-B,1024,1024,True
EXP-Z-B-karur-P4-S1000-G0.005,karur,Family Z-B,1024,1024,True
EXP-Z-B-karur-P4-S1000-G0.01,karur,Family Z-B,1024,1024,True
EXP-Z-A-karur-P4-S1001,karur,Family Z-A,1024,1024,True
EXP-Z-B-karur-P4-S1001-G0.0001,karur,Family Z-B,1024,1024,True
EXP-Z-B-karur-P4-S1001-G0.001,karur,Family Z-B,1024,1024,True
EXP-Z-B-karur-P4-S1001-G0.005,karur,Family Z-B,1024,1024,True
EXP-Z-B-karur-P4-S1001-G0.01,karur,Family Z-B,1024,1024,True
EXP-Z-A-karur-P4-S1002,karur,Family Z-A,1024,1024,True
EXP-Z-B-karur-P4-S1002-G0.0001,karur,Family Z-B,1024,1024,True
EXP-Z-B-karur-P4-S1002-G0.001,karur,Family Z-B,1024,1024,True
EXP-Z-B-karur-P4-S1002-G0.005,karur,Family Z-B,1024,1024,True
EXP-Z-B-karur-P4-S1002-G0.01,karur,Family Z-B,1024,1024,True
EXP-Z-A-karur-P4-S1003,karur,Family Z-A,1024,1024,True
EXP-Z-B-karur-P4-S1003-G0.0001,karur,Family Z-B,1024,1024,True
EXP-Z-B-karur-P4-S1003-G0.001,karur,Family Z-B,1024,1024,True
EXP-Z-B-karur-P4-S1003-G0.005,karur,Family Z-B,1024,1024,True
EXP-Z-B-karur-P4-S1003-G0.01,karur,Family Z-B,1024,1024,True
EXP-Z-A-karur-P4-S1004,karur,Family Z-A,1024,1024,True
EXP-Z-B-karur-P4-S1004-G0.0001,karur,Family Z-B,1024,1024,True
EXP-Z-B-karur-P4-S1004-G0.001,karur,Family Z-B,1024,1024,True
EXP-Z-B-karur-P4-S1004-G0.005,karur,Family Z-B,1024,1024,True
EXP-Z-B-karur-P4-S1004-G0.01,karur,Family Z-B,1024,1024,True
EXP-Z-A-karur-P5-S1000,karur,Family Z-A,1024,1024,True
EXP-Z-B-karur-P5-S1000-G0.0001,karur,Family Z-B,1024,1024,True
EXP-Z-B-karur-P5-S1000-G0.001,karur,Family Z-B,1024,1024,True
EXP-Z-B-karur-P5-S1000-G0.005,karur,Family Z-B,1024,1024,True
EXP-Z-B-karur-P5-S1000-G0.01,karur,Family Z-B,1024,1024,True
EXP-Z-A-karur-P5-S1001,karur,Family Z-A,1024,1024,True
EXP-Z-B-karur-P5-S1001-G0.0001,karur,Family Z-B,1024,1024,True
EXP-Z-B-karur-P5-S1001-G0.001,karur,Family Z-B,1024,1024,True
EXP-Z-B-karur-P5-S1001-G0.005,karur,Family Z-B,1024,1024,True
EXP-Z-B-karur-P5-S1001-G0.01,karur,Family Z-B,1024,1024,True
EXP-Z-A-karur-P5-S1002,karur,Family Z-A,1024,1024,True
EXP-Z-B-karur-P5-S1002-G0.0001,karur,Family Z-B,1024,1024,True
EXP-Z-B-karur-P5-S1002-G0.001,karur,Family Z-B,1024,1024,True
EXP-Z-B-karur-P5-S1002-G0.005,karur,Family Z-B,1024,1024,True
EXP-Z-B-karur-P5-S1002-G0.01,karur,Family Z-B,1024,1024,True
EXP-Z-A-karur-P5-S1003,karur,Family Z-A,1024,1024,True
EXP-Z-B-karur-P5-S1003-G0.0001,karur,Family Z-B,1024,1024,True
EXP-Z-B-karur-P5-S1003-G0.001,karur,Family Z-B,1024,1024,True
EXP-Z-B-karur-P5-S1003-G0.005,karur,Family Z-B,1024,1024,True
EXP-Z-B-karur-P5-S1003-G0.01,karur,Family Z-B,1024,1024,True
EXP-Z-A-karur-P5-S1004,karur,Family Z-A,1024,1024,True
EXP-Z-B-karur-P5-S1004-G0.0001,karur,Family Z-B,1024,1024,True
EXP-Z-B-karur-P5-S1004-G0.001,karur,Family Z-B,1024,1024,True
EXP-Z-B-karur-P5-S1004-G0.005,karur,Family Z-B,1024,1024,True
EXP-Z-B-karur-P5-S1004-G0.01,karur,Family Z-B,1024,1024,True
EXP-Z-A-krishnagiri-P1-S1000,krishnagiri,Family Z-A,1024,1024,True
EXP-Z-B-krishnagiri-P1-S1000-G0.0001,krishnagiri,Family Z-B,1024,1024,True
EXP-Z-B-krishnagiri-P1-S1000-G0.001,krishnagiri,Family Z-B,1024,1024,True
EXP-Z-B-krishnagiri-P1-S1000-G0.005,krishnagiri,Family Z-B,1024,1024,True
EXP-Z-B-krishnagiri-P1-S1000-G0.01,krishnagiri,Family Z-B,1024,1024,True
EXP-Z-A-krishnagiri-P1-S1001,krishnagiri,Family Z-A,1024,1024,True
EXP-Z-B-krishnagiri-P1-S1001-G0.0001,krishnagiri,Family Z-B,1024,1024,True
EXP-Z-B-krishnagiri-P1-S1001-G0.001,krishnagiri,Family Z-B,1024,1024,True
EXP-Z-B-krishnagiri-P1-S1001-G0.005,krishnagiri,Family Z-B,1024,1024,True
EXP-Z-B-krishnagiri-P1-S1001-G0.01,krishnagiri,Family Z-B,1024,1024,True
EXP-Z-A-krishnagiri-P1-S1002,krishnagiri,Family Z-A,1024,1024,True
EXP-Z-B-krishnagiri-P1-S1002-G0.0001,krishnagiri,Family Z-B,1024,1024,True
EXP-Z-B-krishnagiri-P1-S1002-G0.001,krishnagiri,Family Z-B,1024,1024,True
EXP-Z-B-krishnagiri-P1-S1002-G0.005,krishnagiri,Family Z-B,1024,1024,True
EXP-Z-B-krishnagiri-P1-S1002-G0.01,krishnagiri,Family Z-B,1024,1024,True
EXP-Z-A-krishnagiri-P1-S1003,krishnagiri,Family Z-A,1024,1024,True
EXP-Z-B-krishnagiri-P1-S1003-G0.0001,krishnagiri,Family Z-B,1024,1024,True
EXP-Z-B-krishnagiri-P1-S1003-G0.001,krishnagiri,Family Z-B,1024,1024,True
EXP-Z-B-krishnagiri-P1-S1003-G0.005,krishnagiri,Family Z-B,1024,1024,True
EXP-Z-B-krishnagiri-P1-S1003-G0.01,krishnagiri,Family Z-B,1024,1024,True
EXP-Z-A-krishnagiri-P1-S1004,krishnagiri,Family Z-A,1024,1024,True
EXP-Z-B-krishnagiri-P1-S1004-G0.0001,krishnagiri,Family Z-B,1024,1024,True
EXP-Z-B-krishnagiri-P1-S1004-G0.001,krishnagiri,Family Z-B,1024,1024,True
EXP-Z-B-krishnagiri-P1-S1004-G0.005,krishnagiri,Family Z-B,1024,1024,True
EXP-Z-B-krishnagiri-P1-S1004-G0.01,krishnagiri,Family Z-B,1024,1024,True
EXP-Z-A-krishnagiri-P2-S1000,krishnagiri,Family Z-A,1024,1024,True
EXP-Z-B-krishnagiri-P2-S1000-G0.0001,krishnagiri,Family Z-B,1024,1024,True
EXP-Z-B-krishnagiri-P2-S1000-G0.001,krishnagiri,Family Z-B,1024,1024,True
EXP-Z-B-krishnagiri-P2-S1000-G0.005,krishnagiri,Family Z-B,1024,1024,True
EXP-Z-B-krishnagiri-P2-S1000-G0.01,krishnagiri,Family Z-B,1024,1024,True
EXP-Z-A-krishnagiri-P2-S1001,krishnagiri,Family Z-A,1024,1024,True
EXP-Z-B-krishnagiri-P2-S1001-G0.0001,krishnagiri,Family Z-B,1024,1024,True
EXP-Z-B-krishnagiri-P2-S1001-G0.001,krishnagiri,Family Z-B,1024,1024,True
EXP-Z-B-krishnagiri-P2-S1001-G0.005,krishnagiri,Family Z-B,1024,1024,True
EXP-Z-B-krishnagiri-P2-S1001-G0.01,krishnagiri,Family Z-B,1024,1024,True
EXP-Z-A-krishnagiri-P2-S1002,krishnagiri,Family Z-A,1024,1024,True
EXP-Z-B-krishnagiri-P2-S1002-G0.0001,krishnagiri,Family Z-B,1024,1024,True
EXP-Z-B-krishnagiri-P2-S1002-G0.001,krishnagiri,Family Z-B,1024,1024,True
EXP-Z-B-krishnagiri-P2-S1002-G0.005,krishnagiri,Family Z-B,1024,1024,True
EXP-Z-B-krishnagiri-P2-S1002-G0.01,krishnagiri,Family Z-B,1024,1024,True
EXP-Z-A-krishnagiri-P2-S1003,krishnagiri,Family Z-A,1024,1024,True
EXP-Z-B-krishnagiri-P2-S1003-G0.0001,krishnagiri,Family Z-B,1024,1024,True
EXP-Z-B-krishnagiri-P2-S1003-G0.001,krishnagiri,Family Z-B,1024,1024,True
EXP-Z-B-krishnagiri-P2-S1003-G0.005,krishnagiri,Family Z-B,1024,1024,True
EXP-Z-B-krishnagiri-P2-S1003-G0.01,krishnagiri,Family Z-B,1024,1024,True
EXP-Z-A-krishnagiri-P2-S1004,krishnagiri,Family Z-A,1024,1024,True
EXP-Z-B-krishnagiri-P2-S1004-G0.0001,krishnagiri,Family Z-B,1024,1024,True
EXP-Z-B-krishnagiri-P2-S1004-G0.001,krishnagiri,Family Z-B,1024,1024,True
EXP-Z-B-krishnagiri-P2-S1004-G0.005,krishnagiri,Family Z-B,1024,1024,True
EXP-Z-B-krishnagiri-P2-S1004-G0.01,krishnagiri,Family Z-B,1024,1024,True
EXP-Z-A-krishnagiri-P3-S1000,krishnagiri,Family Z-A,1024,1024,True
EXP-Z-B-krishnagiri-P3-S1000-G0.0001,krishnagiri,Family Z-B,1024,1024,True
EXP-Z-B-krishnagiri-P3-S1000-G0.001,krishnagiri,Family Z-B,1024,1024,True
EXP-Z-B-krishnagiri-P3-S1000-G0.005,krishnagiri,Family Z-B,1024,1024,True
EXP-Z-B-krishnagiri-P3-S1000-G0.01,krishnagiri,Family Z-B,1024,1024,True
EXP-Z-A-krishnagiri-P3-S1001,krishnagiri,Family Z-A,1024,1024,True
EXP-Z-B-krishnagiri-P3-S1001-G0.0001,krishnagiri,Family Z-B,1024,1024,True
EXP-Z-B-krishnagiri-P3-S1001-G0.001,krishnagiri,Family Z-B,1024,1024,True
EXP-Z-B-krishnagiri-P3-S1001-G0.005,krishnagiri,Family Z-B,1024,1024,True
EXP-Z-B-krishnagiri-P3-S1001-G0.01,krishnagiri,Family Z-B,1024,1024,True
EXP-Z-A-krishnagiri-P3-S1002,krishnagiri,Family Z-A,1024,1024,True
EXP-Z-B-krishnagiri-P3-S1002-G0.0001,krishnagiri,Family Z-B,1024,1024,True
EXP-Z-B-krishnagiri-P3-S1002-G0.001,krishnagiri,Family Z-B,1024,1024,True
EXP-Z-B-krishnagiri-P3-S1002-G0.005,krishnagiri,Family Z-B,1024,1024,True
EXP-Z-B-krishnagiri-P3-S1002-G0.01,krishnagiri,Family Z-B,1024,1024,True
EXP-Z-A-krishnagiri-P3-S1003,krishnagiri,Family Z-A,1024,1024,True
EXP-Z-B-krishnagiri-P3-S1003-G0.0001,krishnagiri,Family Z-B,1024,1024,True
EXP-Z-B-krishnagiri-P3-S1003-G0.001,krishnagiri,Family Z-B,1024,1024,True
EXP-Z-B-krishnagiri-P3-S1003-G0.005,krishnagiri,Family Z-B,1024,1024,True
EXP-Z-B-krishnagiri-P3-S1003-G0.01,krishnagiri,Family Z-B,1024,1024,True
EXP-Z-A-krishnagiri-P3-S1004,krishnagiri,Family Z-A,1024,1024,True
EXP-Z-B-krishnagiri-P3-S1004-G0.0001,krishnagiri,Family Z-B,1024,1024,True
EXP-Z-B-krishnagiri-P3-S1004-G0.001,krishnagiri,Family Z-B,1024,1024,True
EXP-Z-B-krishnagiri-P3-S1004-G0.005,krishnagiri,Family Z-B,1024,1024,True
EXP-Z-B-krishnagiri-P3-S1004-G0.01,krishnagiri,Family Z-B,1024,1024,True
EXP-Z-A-krishnagiri-P4-S1000,krishnagiri,Family Z-A,1024,1024,True
EXP-Z-B-krishnagiri-P4-S1000-G0.0001,krishnagiri,Family Z-B,1024,1024,True
EXP-Z-B-krishnagiri-P4-S1000-G0.001,krishnagiri,Family Z-B,1024,1024,True
EXP-Z-B-krishnagiri-P4-S1000-G0.005,krishnagiri,Family Z-B,1024,1024,True
EXP-Z-B-krishnagiri-P4-S1000-G0.01,krishnagiri,Family Z-B,1024,1024,True
EXP-Z-A-krishnagiri-P4-S1001,krishnagiri,Family Z-A,1024,1024,True
EXP-Z-B-krishnagiri-P4-S1001-G0.0001,krishnagiri,Family Z-B,1024,1024,True
EXP-Z-B-krishnagiri-P4-S1001-G0.001,krishnagiri,Family Z-B,1024,1024,True
EXP-Z-B-krishnagiri-P4-S1001-G0.005,krishnagiri,Family Z-B,1024,1024,True
EXP-Z-B-krishnagiri-P4-S1001-G0.01,krishnagiri,Family Z-B,1024,1024,True
EXP-Z-A-krishnagiri-P4-S1002,krishnagiri,Family Z-A,1024,1024,True
EXP-Z-B-krishnagiri-P4-S1002-G0.0001,krishnagiri,Family Z-B,1024,1024,True
EXP-Z-B-krishnagiri-P4-S1002-G0.001,krishnagiri,Family Z-B,1024,1024,True
EXP-Z-B-krishnagiri-P4-S1002-G0.005,krishnagiri,Family Z-B,1024,1024,True
EXP-Z-B-krishnagiri-P4-S1002-G0.01,krishnagiri,Family Z-B,1024,1024,True
EXP-Z-A-krishnagiri-P4-S1003,krishnagiri,Family Z-A,1024,1024,True
EXP-Z-B-krishnagiri-P4-S1003-G0.0001,krishnagiri,Family Z-B,1024,1024,True
EXP-Z-B-krishnagiri-P4-S1003-G0.001,krishnagiri,Family Z-B,1024,1024,True
EXP-Z-B-krishnagiri-P4-S1003-G0.005,krishnagiri,Family Z-B,1024,1024,True
EXP-Z-B-krishnagiri-P4-S1003-G0.01,krishnagiri,Family Z-B,1024,1024,True
EXP-Z-A-krishnagiri-P4-S1004,krishnagiri,Family Z-A,1024,1024,True
EXP-Z-B-krishnagiri-P4-S1004-G0.0001,krishnagiri,Family Z-B,1024,1024,True
EXP-Z-B-krishnagiri-P4-S1004-G0.001,krishnagiri,Family Z-B,1024,1024,True
EXP-Z-B-krishnagiri-P4-S1004-G0.005,krishnagiri,Family Z-B,1024,1024,True
EXP-Z-B-krishnagiri-P4-S1004-G0.01,krishnagiri,Family Z-B,1024,1024,True
EXP-Z-A-krishnagiri-P5-S1000,krishnagiri,Family Z-A,1024,1024,True
EXP-Z-B-krishnagiri-P5-S1000-G0.0001,krishnagiri,Family Z-B,1024,1024,True
EXP-Z-B-krishnagiri-P5-S1000-G0.001,krishnagiri,Family Z-B,1024,1024,True
EXP-Z-B-krishnagiri-P5-S1000-G0.005,krishnagiri,Family Z-B,1024,1024,True
EXP-Z-B-krishnagiri-P5-S1000-G0.01,krishnagiri,Family Z-B,1024,1024,True
EXP-Z-A-krishnagiri-P5-S1001,krishnagiri,Family Z-A,1024,1024,True
EXP-Z-B-krishnagiri-P5-S1001-G0.0001,krishnagiri,Family Z-B,1024,1024,True
EXP-Z-B-krishnagiri-P5-S1001-G0.001,krishnagiri,Family Z-B,1024,1024,True
EXP-Z-B-krishnagiri-P5-S1001-G0.005,krishnagiri,Family Z-B,1024,1024,True
EXP-Z-B-krishnagiri-P5-S1001-G0.01,krishnagiri,Family Z-B,1024,1024,True
EXP-Z-A-krishnagiri-P5-S1002,krishnagiri,Family Z-A,1024,1024,True
EXP-Z-B-krishnagiri-P5-S1002-G0.0001,krishnagiri,Family Z-B,1024,1024,True
EXP-Z-B-krishnagiri-P5-S1002-G0.001,krishnagiri,Family Z-B,1024,1024,True
EXP-Z-B-krishnagiri-P5-S1002-G0.005,krishnagiri,Family Z-B,1024,1024,True
EXP-Z-B-krishnagiri-P5-S1002-G0.01,krishnagiri,Family Z-B,1024,1024,True
EXP-Z-A-krishnagiri-P5-S1003,krishnagiri,Family Z-A,1024,1024,True
EXP-Z-B-krishnagiri-P5-S1003-G0.0001,krishnagiri,Family Z-B,1024,1024,True
EXP-Z-B-krishnagiri-P5-S1003-G0.001,krishnagiri,Family Z-B,1024,1024,True
EXP-Z-B-krishnagiri-P5-S1003-G0.005,krishnagiri,Family Z-B,1024,1024,True
EXP-Z-B-krishnagiri-P5-S1003-G0.01,krishnagiri,Family Z-B,1024,1024,True
EXP-Z-A-krishnagiri-P5-S1004,krishnagiri,Family Z-A,1024,1024,True
EXP-Z-B-krishnagiri-P5-S1004-G0.0001,krishnagiri,Family Z-B,1024,1024,True
EXP-Z-B-krishnagiri-P5-S1004-G0.001,krishnagiri,Family Z-B,1024,1024,True
EXP-Z-B-krishnagiri-P5-S1004-G0.005,krishnagiri,Family Z-B,1024,1024,True
EXP-Z-B-krishnagiri-P5-S1004-G0.01,krishnagiri,Family Z-B,1024,1024,True
EXP-Z-A-madurai-P1-S1000,madurai,Family Z-A,1024,1024,True
EXP-Z-B-madurai-P1-S1000-G0.0001,madurai,Family Z-B,1024,1024,True
EXP-Z-B-madurai-P1-S1000-G0.001,madurai,Family Z-B,1024,1024,True
EXP-Z-B-madurai-P1-S1000-G0.005,madurai,Family Z-B,1024,1024,True
EXP-Z-B-madurai-P1-S1000-G0.01,madurai,Family Z-B,1024,1024,True
EXP-Z-A-madurai-P1-S1001,madurai,Family Z-A,1024,1024,True
EXP-Z-B-madurai-P1-S1001-G0.0001,madurai,Family Z-B,1024,1024,True
EXP-Z-B-madurai-P1-S1001-G0.001,madurai,Family Z-B,1024,1024,True
EXP-Z-B-madurai-P1-S1001-G0.005,madurai,Family Z-B,1024,1024,True
EXP-Z-B-madurai-P1-S1001-G0.01,madurai,Family Z-B,1024,1024,True
EXP-Z-A-madurai-P1-S1002,madurai,Family Z-A,1024,1024,True
EXP-Z-B-madurai-P1-S1002-G0.0001,madurai,Family Z-B,1024,1024,True
EXP-Z-B-madurai-P1-S1002-G0.001,madurai,Family Z-B,1024,1024,True
EXP-Z-B-madurai-P1-S1002-G0.005,madurai,Family Z-B,1024,1024,True
EXP-Z-B-madurai-P1-S1002-G0.01,madurai,Family Z-B,1024,1024,True
EXP-Z-A-madurai-P1-S1003,madurai,Family Z-A,1024,1024,True
EXP-Z-B-madurai-P1-S1003-G0.0001,madurai,Family Z-B,1024,1024,True
EXP-Z-B-madurai-P1-S1003-G0.001,madurai,Family Z-B,1024,1024,True
EXP-Z-B-madurai-P1-S1003-G0.005,madurai,Family Z-B,1024,1024,True
EXP-Z-B-madurai-P1-S1003-G0.01,madurai,Family Z-B,1024,1024,True
EXP-Z-A-madurai-P1-S1004,madurai,Family Z-A,1024,1024,True
EXP-Z-B-madurai-P1-S1004-G0.0001,madurai,Family Z-B,1024,1024,True
EXP-Z-B-madurai-P1-S1004-G0.001,madurai,Family Z-B,1024,1024,True
EXP-Z-B-madurai-P1-S1004-G0.005,madurai,Family Z-B,1024,1024,True
EXP-Z-B-madurai-P1-S1004-G0.01,madurai,Family Z-B,1024,1024,True
EXP-Z-A-madurai-P2-S1000,madurai,Family Z-A,1024,1024,True
EXP-Z-B-madurai-P2-S1000-G0.0001,madurai,Family Z-B,1024,1024,True
EXP-Z-B-madurai-P2-S1000-G0.001,madurai,Family Z-B,1024,1024,True
EXP-Z-B-madurai-P2-S1000-G0.005,madurai,Family Z-B,1024,1024,True
EXP-Z-B-madurai-P2-S1000-G0.01,madurai,Family Z-B,1024,1024,True
EXP-Z-A-madurai-P2-S1001,madurai,Family Z-A,1024,1024,True
EXP-Z-B-madurai-P2-S1001-G0.0001,madurai,Family Z-B,1024,1024,True
EXP-Z-B-madurai-P2-S1001-G0.001,madurai,Family Z-B,1024,1024,True
EXP-Z-B-madurai-P2-S1001-G0.005,madurai,Family Z-B,1024,1024,True
EXP-Z-B-madurai-P2-S1001-G0.01,madurai,Family Z-B,1024,1024,True
EXP-Z-A-madurai-P2-S1002,madurai,Family Z-A,1024,1024,True
EXP-Z-B-madurai-P2-S1002-G0.0001,madurai,Family Z-B,1024,1024,True
EXP-Z-B-madurai-P2-S1002-G0.001,madurai,Family Z-B,1024,1024,True
EXP-Z-B-madurai-P2-S1002-G0.005,madurai,Family Z-B,1024,1024,True
EXP-Z-B-madurai-P2-S1002-G0.01,madurai,Family Z-B,1024,1024,True
EXP-Z-A-madurai-P2-S1003,madurai,Family Z-A,1024,1024,True
EXP-Z-B-madurai-P2-S1003-G0.0001,madurai,Family Z-B,1024,1024,True
EXP-Z-B-madurai-P2-S1003-G0.001,madurai,Family Z-B,1024,1024,True
EXP-Z-B-madurai-P2-S1003-G0.005,madurai,Family Z-B,1024,1024,True
EXP-Z-B-madurai-P2-S1003-G0.01,madurai,Family Z-B,1024,1024,True
EXP-Z-A-madurai-P2-S1004,madurai,Family Z-A,1024,1024,True
EXP-Z-B-madurai-P2-S1004-G0.0001,madurai,Family Z-B,1024,1024,True
EXP-Z-B-madurai-P2-S1004-G0.001,madurai,Family Z-B,1024,1024,True
EXP-Z-B-madurai-P2-S1004-G0.005,madurai,Family Z-B,1024,1024,True
EXP-Z-B-madurai-P2-S1004-G0.01,madurai,Family Z-B,1024,1024,True
EXP-Z-A-madurai-P3-S1000,madurai,Family Z-A,1024,1024,True
EXP-Z-B-madurai-P3-S1000-G0.0001,madurai,Family Z-B,1024,1024,True
EXP-Z-B-madurai-P3-S1000-G0.001,madurai,Family Z-B,1024,1024,True
EXP-Z-B-madurai-P3-S1000-G0.005,madurai,Family Z-B,1024,1024,True
EXP-Z-B-madurai-P3-S1000-G0.01,madurai,Family Z-B,1024,1024,True
EXP-Z-A-madurai-P3-S1001,madurai,Family Z-A,1024,1024,True
EXP-Z-B-madurai-P3-S1001-G0.0001,madurai,Family Z-B,1024,1024,True
EXP-Z-B-madurai-P3-S1001-G0.001,madurai,Family Z-B,1024,1024,True
EXP-Z-B-madurai-P3-S1001-G0.005,madurai,Family Z-B,1024,1024,True
EXP-Z-B-madurai-P3-S1001-G0.01,madurai,Family Z-B,1024,1024,True
EXP-Z-A-madurai-P3-S1002,madurai,Family Z-A,1024,1024,True
EXP-Z-B-madurai-P3-S1002-G0.0001,madurai,Family Z-B,1024,1024,True
EXP-Z-B-madurai-P3-S1002-G0.001,madurai,Family Z-B,1024,1024,True
EXP-Z-B-madurai-P3-S1002-G0.005,madurai,Family Z-B,1024,1024,True
EXP-Z-B-madurai-P3-S1002-G0.01,madurai,Family Z-B,1024,1024,True
EXP-Z-A-madurai-P3-S1003,madurai,Family Z-A,1024,1024,True
EXP-Z-B-madurai-P3-S1003-G0.0001,madurai,Family Z-B,1024,1024,True
EXP-Z-B-madurai-P3-S1003-G0.001,madurai,Family Z-B,1024,1024,True
EXP-Z-B-madurai-P3-S1003-G0.005,madurai,Family Z-B,1024,1024,True
EXP-Z-B-madurai-P3-S1003-G0.01,madurai,Family Z-B,1024,1024,True
EXP-Z-A-madurai-P3-S1004,madurai,Family Z-A,1024,1024,True
EXP-Z-B-madurai-P3-S1004-G0.0001,madurai,Family Z-B,1024,1024,True
EXP-Z-B-madurai-P3-S1004-G0.001,madurai,Family Z-B,1024,1024,True
EXP-Z-B-madurai-P3-S1004-G0.005,madurai,Family Z-B,1024,1024,True
EXP-Z-B-madurai-P3-S1004-G0.01,madurai,Family Z-B,1024,1024,True
EXP-Z-A-madurai-P4-S1000,madurai,Family Z-A,1024,1024,True
EXP-Z-B-madurai-P4-S1000-G0.0001,madurai,Family Z-B,1024,1024,True
EXP-Z-B-madurai-P4-S1000-G0.001,madurai,Family Z-B,1024,1024,True
EXP-Z-B-madurai-P4-S1000-G0.005,madurai,Family Z-B,1024,1024,True
EXP-Z-B-madurai-P4-S1000-G0.01,madurai,Family Z-B,1024,1024,True
EXP-Z-A-madurai-P4-S1001,madurai,Family Z-A,1024,1024,True
EXP-Z-B-madurai-P4-S1001-G0.0001,madurai,Family Z-B,1024,1024,True
EXP-Z-B-madurai-P4-S1001-G0.001,madurai,Family Z-B,1024,1024,True
EXP-Z-B-madurai-P4-S1001-G0.005,madurai,Family Z-B,1024,1024,True
EXP-Z-B-madurai-P4-S1001-G0.01,madurai,Family Z-B,1024,1024,True
EXP-Z-A-madurai-P4-S1002,madurai,Family Z-A,1024,1024,True
EXP-Z-B-madurai-P4-S1002-G0.0001,madurai,Family Z-B,1024,1024,True
EXP-Z-B-madurai-P4-S1002-G0.001,madurai,Family Z-B,1024,1024,True
EXP-Z-B-madurai-P4-S1002-G0.005,madurai,Family Z-B,1024,1024,True
EXP-Z-B-madurai-P4-S1002-G0.01,madurai,Family Z-B,1024,1024,True
EXP-Z-A-madurai-P4-S1003,madurai,Family Z-A,1024,1024,True
EXP-Z-B-madurai-P4-S1003-G0.0001,madurai,Family Z-B,1024,1024,True
EXP-Z-B-madurai-P4-S1003-G0.001,madurai,Family Z-B,1024,1024,True
EXP-Z-B-madurai-P4-S1003-G0.005,madurai,Family Z-B,1024,1024,True
EXP-Z-B-madurai-P4-S1003-G0.01,madurai,Family Z-B,1024,1024,True
EXP-Z-A-madurai-P4-S1004,madurai,Family Z-A,1024,1024,True
EXP-Z-B-madurai-P4-S1004-G0.0001,madurai,Family Z-B,1024,1024,True
EXP-Z-B-madurai-P4-S1004-G0.001,madurai,Family Z-B,1024,1024,True
EXP-Z-B-madurai-P4-S1004-G0.005,madurai,Family Z-B,1024,1024,True
EXP-Z-B-madurai-P4-S1004-G0.01,madurai,Family Z-B,1024,1024,True
EXP-Z-A-madurai-P5-S1000,madurai,Family Z-A,1024,1024,True
EXP-Z-B-madurai-P5-S1000-G0.0001,madurai,Family Z-B,1024,1024,True
EXP-Z-B-madurai-P5-S1000-G0.001,madurai,Family Z-B,1024,1024,True
EXP-Z-B-madurai-P5-S1000-G0.005,madurai,Family Z-B,1024,1024,True
EXP-Z-B-madurai-P5-S1000-G0.01,madurai,Family Z-B,1024,1024,True
EXP-Z-A-madurai-P5-S1001,madurai,Family Z-A,1024,1024,True
EXP-Z-B-madurai-P5-S1001-G0.0001,madurai,Family Z-B,1024,1024,True
EXP-Z-B-madurai-P5-S1001-G0.001,madurai,Family Z-B,1024,1024,True
EXP-Z-B-madurai-P5-S1001-G0.005,madurai,Family Z-B,1024,1024,True
EXP-Z-B-madurai-P5-S1001-G0.01,madurai,Family Z-B,1024,1024,True
EXP-Z-A-madurai-P5-S1002,madurai,Family Z-A,1024,1024,True
EXP-Z-B-madurai-P5-S1002-G0.0001,madurai,Family Z-B,1024,1024,True
EXP-Z-B-madurai-P5-S1002-G0.001,madurai,Family Z-B,1024,1024,True
EXP-Z-B-madurai-P5-S1002-G0.005,madurai,Family Z-B,1024,1024,True
EXP-Z-B-madurai-P5-S1002-G0.01,madurai,Family Z-B,1024,1024,True
EXP-Z-A-madurai-P5-S1003,madurai,Family Z-A,1024,1024,True
EXP-Z-B-madurai-P5-S1003-G0.0001,madurai,Family Z-B,1024,1024,True
EXP-Z-B-madurai-P5-S1003-G0.001,madurai,Family Z-B,1024,1024,True
EXP-Z-B-madurai-P5-S1003-G0.005,madurai,Family Z-B,1024,1024,True
EXP-Z-B-madurai-P5-S1003-G0.01,madurai,Family Z-B,1024,1024,True
EXP-Z-A-madurai-P5-S1004,madurai,Family Z-A,1024,1024,True
EXP-Z-B-madurai-P5-S1004-G0.0001,madurai,Family Z-B,1024,1024,True
EXP-Z-B-madurai-P5-S1004-G0.001,madurai,Family Z-B,1024,1024,True
EXP-Z-B-madurai-P5-S1004-G0.005,madurai,Family Z-B,1024,1024,True
EXP-Z-B-madurai-P5-S1004-G0.01,madurai,Family Z-B,1024,1024,True
EXP-Z-A-mayiladuthurai-P1-S1000,mayiladuthurai,Family Z-A,1024,1024,True
EXP-Z-B-mayiladuthurai-P1-S1000-G0.0001,mayiladuthurai,Family Z-B,1024,1024,True
EXP-Z-B-mayiladuthurai-P1-S1000-G0.001,mayiladuthurai,Family Z-B,1024,1024,True
EXP-Z-B-mayiladuthurai-P1-S1000-G0.005,mayiladuthurai,Family Z-B,1024,1024,True
EXP-Z-B-mayiladuthurai-P1-S1000-G0.01,mayiladuthurai,Family Z-B,1024,1024,True
EXP-Z-A-mayiladuthurai-P1-S1001,mayiladuthurai,Family Z-A,1024,1024,True
EXP-Z-B-mayiladuthurai-P1-S1001-G0.0001,mayiladuthurai,Family Z-B,1024,1024,True
EXP-Z-B-mayiladuthurai-P1-S1001-G0.001,mayiladuthurai,Family Z-B,1024,1024,True
EXP-Z-B-mayiladuthurai-P1-S1001-G0.005,mayiladuthurai,Family Z-B,1024,1024,True
EXP-Z-B-mayiladuthurai-P1-S1001-G0.01,mayiladuthurai,Family Z-B,1024,1024,True
EXP-Z-A-mayiladuthurai-P1-S1002,mayiladuthurai,Family Z-A,1024,1024,True
EXP-Z-B-mayiladuthurai-P1-S1002-G0.0001,mayiladuthurai,Family Z-B,1024,1024,True
EXP-Z-B-mayiladuthurai-P1-S1002-G0.001,mayiladuthurai,Family Z-B,1024,1024,True
EXP-Z-B-mayiladuthurai-P1-S1002-G0.005,mayiladuthurai,Family Z-B,1024,1024,True
EXP-Z-B-mayiladuthurai-P1-S1002-G0.01,mayiladuthurai,Family Z-B,1024,1024,True
EXP-Z-A-mayiladuthurai-P1-S1003,mayiladuthurai,Family Z-A,1024,1024,True
EXP-Z-B-mayiladuthurai-P1-S1003-G0.0001,mayiladuthurai,Family Z-B,1024,1024,True
EXP-Z-B-mayiladuthurai-P1-S1003-G0.001,mayiladuthurai,Family Z-B,1024,1024,True
EXP-Z-B-mayiladuthurai-P1-S1003-G0.005,mayiladuthurai,Family Z-B,1024,1024,True
EXP-Z-B-mayiladuthurai-P1-S1003-G0.01,mayiladuthurai,Family Z-B,1024,1024,True
EXP-Z-A-mayiladuthurai-P1-S1004,mayiladuthurai,Family Z-A,1024,1024,True
EXP-Z-B-mayiladuthurai-P1-S1004-G0.0001,mayiladuthurai,Family Z-B,1024,1024,True
EXP-Z-B-mayiladuthurai-P1-S1004-G0.001,mayiladuthurai,Family Z-B,1024,1024,True
EXP-Z-B-mayiladuthurai-P1-S1004-G0.005,mayiladuthurai,Family Z-B,1024,1024,True
EXP-Z-B-mayiladuthurai-P1-S1004-G0.01,mayiladuthurai,Family Z-B,1024,1024,True
EXP-Z-A-mayiladuthurai-P2-S1000,mayiladuthurai,Family Z-A,1024,1024,True
EXP-Z-B-mayiladuthurai-P2-S1000-G0.0001,mayiladuthurai,Family Z-B,1024,1024,True
EXP-Z-B-mayiladuthurai-P2-S1000-G0.001,mayiladuthurai,Family Z-B,1024,1024,True
EXP-Z-B-mayiladuthurai-P2-S1000-G0.005,mayiladuthurai,Family Z-B,1024,1024,True
EXP-Z-B-mayiladuthurai-P2-S1000-G0.01,mayiladuthurai,Family Z-B,1024,1024,True
EXP-Z-A-mayiladuthurai-P2-S1001,mayiladuthurai,Family Z-A,1024,1024,True
EXP-Z-B-mayiladuthurai-P2-S1001-G0.0001,mayiladuthurai,Family Z-B,1024,1024,True
EXP-Z-B-mayiladuthurai-P2-S1001-G0.001,mayiladuthurai,Family Z-B,1024,1024,True
EXP-Z-B-mayiladuthurai-P2-S1001-G0.005,mayiladuthurai,Family Z-B,1024,1024,True
EXP-Z-B-mayiladuthurai-P2-S1001-G0.01,mayiladuthurai,Family Z-B,1024,1024,True
EXP-Z-A-mayiladuthurai-P2-S1002,mayiladuthurai,Family Z-A,1024,1024,True
EXP-Z-B-mayiladuthurai-P2-S1002-G0.0001,mayiladuthurai,Family Z-B,1024,1024,True
EXP-Z-B-mayiladuthurai-P2-S1002-G0.001,mayiladuthurai,Family Z-B,1024,1024,True
EXP-Z-B-mayiladuthurai-P2-S1002-G0.005,mayiladuthurai,Family Z-B,1024,1024,True
EXP-Z-B-mayiladuthurai-P2-S1002-G0.01,mayiladuthurai,Family Z-B,1024,1024,True
EXP-Z-A-mayiladuthurai-P2-S1003,mayiladuthurai,Family Z-A,1024,1024,True
EXP-Z-B-mayiladuthurai-P2-S1003-G0.0001,mayiladuthurai,Family Z-B,1024,1024,True
EXP-Z-B-mayiladuthurai-P2-S1003-G0.001,mayiladuthurai,Family Z-B,1024,1024,True
EXP-Z-B-mayiladuthurai-P2-S1003-G0.005,mayiladuthurai,Family Z-B,1024,1024,True
EXP-Z-B-mayiladuthurai-P2-S1003-G0.01,mayiladuthurai,Family Z-B,1024,1024,True
EXP-Z-A-mayiladuthurai-P2-S1004,mayiladuthurai,Family Z-A,1024,1024,True
EXP-Z-B-mayiladuthurai-P2-S1004-G0.0001,mayiladuthurai,Family Z-B,1024,1024,True
EXP-Z-B-mayiladuthurai-P2-S1004-G0.001,mayiladuthurai,Family Z-B,1024,1024,True
EXP-Z-B-mayiladuthurai-P2-S1004-G0.005,mayiladuthurai,Family Z-B,1024,1024,True
EXP-Z-B-mayiladuthurai-P2-S1004-G0.01,mayiladuthurai,Family Z-B,1024,1024,True
EXP-Z-A-mayiladuthurai-P3-S1000,mayiladuthurai,Family Z-A,1024,1024,True
EXP-Z-B-mayiladuthurai-P3-S1000-G0.0001,mayiladuthurai,Family Z-B,1024,1024,True
EXP-Z-B-mayiladuthurai-P3-S1000-G0.001,mayiladuthurai,Family Z-B,1024,1024,True
EXP-Z-B-mayiladuthurai-P3-S1000-G0.005,mayiladuthurai,Family Z-B,1024,1024,True
EXP-Z-B-mayiladuthurai-P3-S1000-G0.01,mayiladuthurai,Family Z-B,1024,1024,True
EXP-Z-A-mayiladuthurai-P3-S1001,mayiladuthurai,Family Z-A,1024,1024,True
EXP-Z-B-mayiladuthurai-P3-S1001-G0.0001,mayiladuthurai,Family Z-B,1024,1024,True
EXP-Z-B-mayiladuthurai-P3-S1001-G0.001,mayiladuthurai,Family Z-B,1024,1024,True
EXP-Z-B-mayiladuthurai-P3-S1001-G0.005,mayiladuthurai,Family Z-B,1024,1024,True
EXP-Z-B-mayiladuthurai-P3-S1001-G0.01,mayiladuthurai,Family Z-B,1024,1024,True
EXP-Z-A-mayiladuthurai-P3-S1002,mayiladuthurai,Family Z-A,1024,1024,True
EXP-Z-B-mayiladuthurai-P3-S1002-G0.0001,mayiladuthurai,Family Z-B,1024,1024,True
EXP-Z-B-mayiladuthurai-P3-S1002-G0.001,mayiladuthurai,Family Z-B,1024,1024,True
EXP-Z-B-mayiladuthurai-P3-S1002-G0.005,mayiladuthurai,Family Z-B,1024,1024,True
EXP-Z-B-mayiladuthurai-P3-S1002-G0.01,mayiladuthurai,Family Z-B,1024,1024,True
EXP-Z-A-mayiladuthurai-P3-S1003,mayiladuthurai,Family Z-A,1024,1024,True
EXP-Z-B-mayiladuthurai-P3-S1003-G0.0001,mayiladuthurai,Family Z-B,1024,1024,True
EXP-Z-B-mayiladuthurai-P3-S1003-G0.001,mayiladuthurai,Family Z-B,1024,1024,True
EXP-Z-B-mayiladuthurai-P3-S1003-G0.005,mayiladuthurai,Family Z-B,1024,1024,True
EXP-Z-B-mayiladuthurai-P3-S1003-G0.01,mayiladuthurai,Family Z-B,1024,1024,True
EXP-Z-A-mayiladuthurai-P3-S1004,mayiladuthurai,Family Z-A,1024,1024,True
EXP-Z-B-mayiladuthurai-P3-S1004-G0.0001,mayiladuthurai,Family Z-B,1024,1024,True
EXP-Z-B-mayiladuthurai-P3-S1004-G0.001,mayiladuthurai,Family Z-B,1024,1024,True
EXP-Z-B-mayiladuthurai-P3-S1004-G0.005,mayiladuthurai,Family Z-B,1024,1024,True
EXP-Z-B-mayiladuthurai-P3-S1004-G0.01,mayiladuthurai,Family Z-B,1024,1024,True
EXP-Z-A-mayiladuthurai-P4-S1000,mayiladuthurai,Family Z-A,1024,1024,True
EXP-Z-B-mayiladuthurai-P4-S1000-G0.0001,mayiladuthurai,Family Z-B,1024,1024,True
EXP-Z-B-mayiladuthurai-P4-S1000-G0.001,mayiladuthurai,Family Z-B,1024,1024,True
EXP-Z-B-mayiladuthurai-P4-S1000-G0.005,mayiladuthurai,Family Z-B,1024,1024,True
EXP-Z-B-mayiladuthurai-P4-S1000-G0.01,mayiladuthurai,Family Z-B,1024,1024,True
EXP-Z-A-mayiladuthurai-P4-S1001,mayiladuthurai,Family Z-A,1024,1024,True
EXP-Z-B-mayiladuthurai-P4-S1001-G0.0001,mayiladuthurai,Family Z-B,1024,1024,True
EXP-Z-B-mayiladuthurai-P4-S1001-G0.001,mayiladuthurai,Family Z-B,1024,1024,True
EXP-Z-B-mayiladuthurai-P4-S1001-G0.005,mayiladuthurai,Family Z-B,1024,1024,True
EXP-Z-B-mayiladuthurai-P4-S1001-G0.01,mayiladuthurai,Family Z-B,1024,1024,True
EXP-Z-A-mayiladuthurai-P4-S1002,mayiladuthurai,Family Z-A,1024,1024,True
EXP-Z-B-mayiladuthurai-P4-S1002-G0.0001,mayiladuthurai,Family Z-B,1024,1024,True
EXP-Z-B-mayiladuthurai-P4-S1002-G0.001,mayiladuthurai,Family Z-B,1024,1024,True
EXP-Z-B-mayiladuthurai-P4-S1002-G0.005,mayiladuthurai,Family Z-B,1024,1024,True
EXP-Z-B-mayiladuthurai-P4-S1002-G0.01,mayiladuthurai,Family Z-B,1024,1024,True
EXP-Z-A-mayiladuthurai-P4-S1003,mayiladuthurai,Family Z-A,1024,1024,True
EXP-Z-B-mayiladuthurai-P4-S1003-G0.0001,mayiladuthurai,Family Z-B,1024,1024,True
EXP-Z-B-mayiladuthurai-P4-S1003-G0.001,mayiladuthurai,Family Z-B,1024,1024,True
EXP-Z-B-mayiladuthurai-P4-S1003-G0.005,mayiladuthurai,Family Z-B,1024,1024,True
EXP-Z-B-mayiladuthurai-P4-S1003-G0.01,mayiladuthurai,Family Z-B,1024,1024,True
EXP-Z-A-mayiladuthurai-P4-S1004,mayiladuthurai,Family Z-A,1024,1024,True
EXP-Z-B-mayiladuthurai-P4-S1004-G0.0001,mayiladuthurai,Family Z-B,1024,1024,True
EXP-Z-B-mayiladuthurai-P4-S1004-G0.001,mayiladuthurai,Family Z-B,1024,1024,True
EXP-Z-B-mayiladuthurai-P4-S1004-G0.005,mayiladuthurai,Family Z-B,1024,1024,True
EXP-Z-B-mayiladuthurai-P4-S1004-G0.01,mayiladuthurai,Family Z-B,1024,1024,True
EXP-Z-A-mayiladuthurai-P5-S1000,mayiladuthurai,Family Z-A,1024,1024,True
EXP-Z-B-mayiladuthurai-P5-S1000-G0.0001,mayiladuthurai,Family Z-B,1024,1024,True
EXP-Z-B-mayiladuthurai-P5-S1000-G0.001,mayiladuthurai,Family Z-B,1024,1024,True
EXP-Z-B-mayiladuthurai-P5-S1000-G0.005,mayiladuthurai,Family Z-B,1024,1024,True
EXP-Z-B-mayiladuthurai-P5-S1000-G0.01,mayiladuthurai,Family Z-B,1024,1024,True
EXP-Z-A-mayiladuthurai-P5-S1001,mayiladuthurai,Family Z-A,1024,1024,True
EXP-Z-B-mayiladuthurai-P5-S1001-G0.0001,mayiladuthurai,Family Z-B,1024,1024,True
EXP-Z-B-mayiladuthurai-P5-S1001-G0.001,mayiladuthurai,Family Z-B,1024,1024,True
EXP-Z-B-mayiladuthurai-P5-S1001-G0.005,mayiladuthurai,Family Z-B,1024,1024,True
EXP-Z-B-mayiladuthurai-P5-S1001-G0.01,mayiladuthurai,Family Z-B,1024,1024,True
EXP-Z-A-mayiladuthurai-P5-S1002,mayiladuthurai,Family Z-A,1024,1024,True
EXP-Z-B-mayiladuthurai-P5-S1002-G0.0001,mayiladuthurai,Family Z-B,1024,1024,True
EXP-Z-B-mayiladuthurai-P5-S1002-G0.001,mayiladuthurai,Family Z-B,1024,1024,True
EXP-Z-B-mayiladuthurai-P5-S1002-G0.005,mayiladuthurai,Family Z-B,1024,1024,True
EXP-Z-B-mayiladuthurai-P5-S1002-G0.01,mayiladuthurai,Family Z-B,1024,1024,True
EXP-Z-A-mayiladuthurai-P5-S1003,mayiladuthurai,Family Z-A,1024,1024,True
EXP-Z-B-mayiladuthurai-P5-S1003-G0.0001,mayiladuthurai,Family Z-B,1024,1024,True
EXP-Z-B-mayiladuthurai-P5-S1003-G0.001,mayiladuthurai,Family Z-B,1024,1024,True
EXP-Z-B-mayiladuthurai-P5-S1003-G0.005,mayiladuthurai,Family Z-B,1024,1024,True
EXP-Z-B-mayiladuthurai-P5-S1003-G0.01,mayiladuthurai,Family Z-B,1024,1024,True
EXP-Z-A-mayiladuthurai-P5-S1004,mayiladuthurai,Family Z-A,1024,1024,True
EXP-Z-B-mayiladuthurai-P5-S1004-G0.0001,mayiladuthurai,Family Z-B,1024,1024,True
EXP-Z-B-mayiladuthurai-P5-S1004-G0.001,mayiladuthurai,Family Z-B,1024,1024,True
EXP-Z-B-mayiladuthurai-P5-S1004-G0.005,mayiladuthurai,Family Z-B,1024,1024,True
EXP-Z-B-mayiladuthurai-P5-S1004-G0.01,mayiladuthurai,Family Z-B,1024,1024,True
EXP-Z-A-nagapattinam-P1-S1000,nagapattinam,Family Z-A,1024,1024,True
EXP-Z-B-nagapattinam-P1-S1000-G0.0001,nagapattinam,Family Z-B,1024,1024,True
EXP-Z-B-nagapattinam-P1-S1000-G0.001,nagapattinam,Family Z-B,1024,1024,True
EXP-Z-B-nagapattinam-P1-S1000-G0.005,nagapattinam,Family Z-B,1024,1024,True
EXP-Z-B-nagapattinam-P1-S1000-G0.01,nagapattinam,Family Z-B,1024,1024,True
EXP-Z-A-nagapattinam-P1-S1001,nagapattinam,Family Z-A,1024,1024,True
EXP-Z-B-nagapattinam-P1-S1001-G0.0001,nagapattinam,Family Z-B,1024,1024,True
EXP-Z-B-nagapattinam-P1-S1001-G0.001,nagapattinam,Family Z-B,1024,1024,True
EXP-Z-B-nagapattinam-P1-S1001-G0.005,nagapattinam,Family Z-B,1024,1024,True
EXP-Z-B-nagapattinam-P1-S1001-G0.01,nagapattinam,Family Z-B,1024,1024,True
EXP-Z-A-nagapattinam-P1-S1002,nagapattinam,Family Z-A,1024,1024,True
EXP-Z-B-nagapattinam-P1-S1002-G0.0001,nagapattinam,Family Z-B,1024,1024,True
EXP-Z-B-nagapattinam-P1-S1002-G0.001,nagapattinam,Family Z-B,1024,1024,True
EXP-Z-B-nagapattinam-P1-S1002-G0.005,nagapattinam,Family Z-B,1024,1024,True
EXP-Z-B-nagapattinam-P1-S1002-G0.01,nagapattinam,Family Z-B,1024,1024,True
EXP-Z-A-nagapattinam-P1-S1003,nagapattinam,Family Z-A,1024,1024,True
EXP-Z-B-nagapattinam-P1-S1003-G0.0001,nagapattinam,Family Z-B,1024,1024,True
EXP-Z-B-nagapattinam-P1-S1003-G0.001,nagapattinam,Family Z-B,1024,1024,True
EXP-Z-B-nagapattinam-P1-S1003-G0.005,nagapattinam,Family Z-B,1024,1024,True
EXP-Z-B-nagapattinam-P1-S1003-G0.01,nagapattinam,Family Z-B,1024,1024,True
EXP-Z-A-nagapattinam-P1-S1004,nagapattinam,Family Z-A,1024,1024,True
EXP-Z-B-nagapattinam-P1-S1004-G0.0001,nagapattinam,Family Z-B,1024,1024,True
EXP-Z-B-nagapattinam-P1-S1004-G0.001,nagapattinam,Family Z-B,1024,1024,True
EXP-Z-B-nagapattinam-P1-S1004-G0.005,nagapattinam,Family Z-B,1024,1024,True
EXP-Z-B-nagapattinam-P1-S1004-G0.01,nagapattinam,Family Z-B,1024,1024,True
EXP-Z-A-nagapattinam-P2-S1000,nagapattinam,Family Z-A,1024,1024,True
EXP-Z-B-nagapattinam-P2-S1000-G0.0001,nagapattinam,Family Z-B,1024,1024,True
EXP-Z-B-nagapattinam-P2-S1000-G0.001,nagapattinam,Family Z-B,1024,1024,True
EXP-Z-B-nagapattinam-P2-S1000-G0.005,nagapattinam,Family Z-B,1024,1024,True
EXP-Z-B-nagapattinam-P2-S1000-G0.01,nagapattinam,Family Z-B,1024,1024,True
EXP-Z-A-nagapattinam-P2-S1001,nagapattinam,Family Z-A,1024,1024,True
EXP-Z-B-nagapattinam-P2-S1001-G0.0001,nagapattinam,Family Z-B,1024,1024,True
EXP-Z-B-nagapattinam-P2-S1001-G0.001,nagapattinam,Family Z-B,1024,1024,True
EXP-Z-B-nagapattinam-P2-S1001-G0.005,nagapattinam,Family Z-B,1024,1024,True
EXP-Z-B-nagapattinam-P2-S1001-G0.01,nagapattinam,Family Z-B,1024,1024,True
EXP-Z-A-nagapattinam-P2-S1002,nagapattinam,Family Z-A,1024,1024,True
EXP-Z-B-nagapattinam-P2-S1002-G0.0001,nagapattinam,Family Z-B,1024,1024,True
EXP-Z-B-nagapattinam-P2-S1002-G0.001,nagapattinam,Family Z-B,1024,1024,True
EXP-Z-B-nagapattinam-P2-S1002-G0.005,nagapattinam,Family Z-B,1024,1024,True
EXP-Z-B-nagapattinam-P2-S1002-G0.01,nagapattinam,Family Z-B,1024,1024,True
EXP-Z-A-nagapattinam-P2-S1003,nagapattinam,Family Z-A,1024,1024,True
EXP-Z-B-nagapattinam-P2-S1003-G0.0001,nagapattinam,Family Z-B,1024,1024,True
EXP-Z-B-nagapattinam-P2-S1003-G0.001,nagapattinam,Family Z-B,1024,1024,True
EXP-Z-B-nagapattinam-P2-S1003-G0.005,nagapattinam,Family Z-B,1024,1024,True
EXP-Z-B-nagapattinam-P2-S1003-G0.01,nagapattinam,Family Z-B,1024,1024,True
EXP-Z-A-nagapattinam-P2-S1004,nagapattinam,Family Z-A,1024,1024,True
EXP-Z-B-nagapattinam-P2-S1004-G0.0001,nagapattinam,Family Z-B,1024,1024,True
EXP-Z-B-nagapattinam-P2-S1004-G0.001,nagapattinam,Family Z-B,1024,1024,True
EXP-Z-B-nagapattinam-P2-S1004-G0.005,nagapattinam,Family Z-B,1024,1024,True
EXP-Z-B-nagapattinam-P2-S1004-G0.01,nagapattinam,Family Z-B,1024,1024,True
EXP-Z-A-nagapattinam-P3-S1000,nagapattinam,Family Z-A,1024,1024,True
EXP-Z-B-nagapattinam-P3-S1000-G0.0001,nagapattinam,Family Z-B,1024,1024,True
EXP-Z-B-nagapattinam-P3-S1000-G0.001,nagapattinam,Family Z-B,1024,1024,True
EXP-Z-B-nagapattinam-P3-S1000-G0.005,nagapattinam,Family Z-B,1024,1024,True
EXP-Z-B-nagapattinam-P3-S1000-G0.01,nagapattinam,Family Z-B,1024,1024,True
EXP-Z-A-nagapattinam-P3-S1001,nagapattinam,Family Z-A,1024,1024,True
EXP-Z-B-nagapattinam-P3-S1001-G0.0001,nagapattinam,Family Z-B,1024,1024,True
EXP-Z-B-nagapattinam-P3-S1001-G0.001,nagapattinam,Family Z-B,1024,1024,True
EXP-Z-B-nagapattinam-P3-S1001-G0.005,nagapattinam,Family Z-B,1024,1024,True
EXP-Z-B-nagapattinam-P3-S1001-G0.01,nagapattinam,Family Z-B,1024,1024,True
EXP-Z-A-nagapattinam-P3-S1002,nagapattinam,Family Z-A,1024,1024,True
EXP-Z-B-nagapattinam-P3-S1002-G0.0001,nagapattinam,Family Z-B,1024,1024,True
EXP-Z-B-nagapattinam-P3-S1002-G0.001,nagapattinam,Family Z-B,1024,1024,True
EXP-Z-B-nagapattinam-P3-S1002-G0.005,nagapattinam,Family Z-B,1024,1024,True
EXP-Z-B-nagapattinam-P3-S1002-G0.01,nagapattinam,Family Z-B,1024,1024,True
EXP-Z-A-nagapattinam-P3-S1003,nagapattinam,Family Z-A,1024,1024,True
EXP-Z-B-nagapattinam-P3-S1003-G0.0001,nagapattinam,Family Z-B,1024,1024,True
EXP-Z-B-nagapattinam-P3-S1003-G0.001,nagapattinam,Family Z-B,1024,1024,True
EXP-Z-B-nagapattinam-P3-S1003-G0.005,nagapattinam,Family Z-B,1024,1024,True
EXP-Z-B-nagapattinam-P3-S1003-G0.01,nagapattinam,Family Z-B,1024,1024,True
EXP-Z-A-nagapattinam-P3-S1004,nagapattinam,Family Z-A,1024,1024,True
EXP-Z-B-nagapattinam-P3-S1004-G0.0001,nagapattinam,Family Z-B,1024,1024,True
EXP-Z-B-nagapattinam-P3-S1004-G0.001,nagapattinam,Family Z-B,1024,1024,True
EXP-Z-B-nagapattinam-P3-S1004-G0.005,nagapattinam,Family Z-B,1024,1024,True
EXP-Z-B-nagapattinam-P3-S1004-G0.01,nagapattinam,Family Z-B,1024,1024,True
EXP-Z-A-nagapattinam-P4-S1000,nagapattinam,Family Z-A,1024,1024,True
EXP-Z-B-nagapattinam-P4-S1000-G0.0001,nagapattinam,Family Z-B,1024,1024,True
EXP-Z-B-nagapattinam-P4-S1000-G0.001,nagapattinam,Family Z-B,1024,1024,True
EXP-Z-B-nagapattinam-P4-S1000-G0.005,nagapattinam,Family Z-B,1024,1024,True
EXP-Z-B-nagapattinam-P4-S1000-G0.01,nagapattinam,Family Z-B,1024,1024,True
EXP-Z-A-nagapattinam-P4-S1001,nagapattinam,Family Z-A,1024,1024,True
EXP-Z-B-nagapattinam-P4-S1001-G0.0001,nagapattinam,Family Z-B,1024,1024,True
EXP-Z-B-nagapattinam-P4-S1001-G0.001,nagapattinam,Family Z-B,1024,1024,True
EXP-Z-B-nagapattinam-P4-S1001-G0.005,nagapattinam,Family Z-B,1024,1024,True
EXP-Z-B-nagapattinam-P4-S1001-G0.01,nagapattinam,Family Z-B,1024,1024,True
EXP-Z-A-nagapattinam-P4-S1002,nagapattinam,Family Z-A,1024,1024,True
EXP-Z-B-nagapattinam-P4-S1002-G0.0001,nagapattinam,Family Z-B,1024,1024,True
EXP-Z-B-nagapattinam-P4-S1002-G0.001,nagapattinam,Family Z-B,1024,1024,True
EXP-Z-B-nagapattinam-P4-S1002-G0.005,nagapattinam,Family Z-B,1024,1024,True
EXP-Z-B-nagapattinam-P4-S1002-G0.01,nagapattinam,Family Z-B,1024,1024,True
EXP-Z-A-nagapattinam-P4-S1003,nagapattinam,Family Z-A,1024,1024,True
EXP-Z-B-nagapattinam-P4-S1003-G0.0001,nagapattinam,Family Z-B,1024,1024,True
EXP-Z-B-nagapattinam-P4-S1003-G0.001,nagapattinam,Family Z-B,1024,1024,True
EXP-Z-B-nagapattinam-P4-S1003-G0.005,nagapattinam,Family Z-B,1024,1024,True
EXP-Z-B-nagapattinam-P4-S1003-G0.01,nagapattinam,Family Z-B,1024,1024,True
EXP-Z-A-nagapattinam-P4-S1004,nagapattinam,Family Z-A,1024,1024,True
EXP-Z-B-nagapattinam-P4-S1004-G0.0001,nagapattinam,Family Z-B,1024,1024,True
EXP-Z-B-nagapattinam-P4-S1004-G0.001,nagapattinam,Family Z-B,1024,1024,True
EXP-Z-B-nagapattinam-P4-S1004-G0.005,nagapattinam,Family Z-B,1024,1024,True
EXP-Z-B-nagapattinam-P4-S1004-G0.01,nagapattinam,Family Z-B,1024,1024,True
EXP-Z-A-nagapattinam-P5-S1000,nagapattinam,Family Z-A,1024,1024,True
EXP-Z-B-nagapattinam-P5-S1000-G0.0001,nagapattinam,Family Z-B,1024,1024,True
EXP-Z-B-nagapattinam-P5-S1000-G0.001,nagapattinam,Family Z-B,1024,1024,True
EXP-Z-B-nagapattinam-P5-S1000-G0.005,nagapattinam,Family Z-B,1024,1024,True
EXP-Z-B-nagapattinam-P5-S1000-G0.01,nagapattinam,Family Z-B,1024,1024,True
EXP-Z-A-nagapattinam-P5-S1001,nagapattinam,Family Z-A,1024,1024,True
EXP-Z-B-nagapattinam-P5-S1001-G0.0001,nagapattinam,Family Z-B,1024,1024,True
EXP-Z-B-nagapattinam-P5-S1001-G0.001,nagapattinam,Family Z-B,1024,1024,True
EXP-Z-B-nagapattinam-P5-S1001-G0.005,nagapattinam,Family Z-B,1024,1024,True
EXP-Z-B-nagapattinam-P5-S1001-G0.01,nagapattinam,Family Z-B,1024,1024,True
EXP-Z-A-nagapattinam-P5-S1002,nagapattinam,Family Z-A,1024,1024,True
EXP-Z-B-nagapattinam-P5-S1002-G0.0001,nagapattinam,Family Z-B,1024,1024,True
EXP-Z-B-nagapattinam-P5-S1002-G0.001,nagapattinam,Family Z-B,1024,1024,True
EXP-Z-B-nagapattinam-P5-S1002-G0.005,nagapattinam,Family Z-B,1024,1024,True
EXP-Z-B-nagapattinam-P5-S1002-G0.01,nagapattinam,Family Z-B,1024,1024,True
EXP-Z-A-nagapattinam-P5-S1003,nagapattinam,Family Z-A,1024,1024,True
EXP-Z-B-nagapattinam-P5-S1003-G0.0001,nagapattinam,Family Z-B,1024,1024,True
EXP-Z-B-nagapattinam-P5-S1003-G0.001,nagapattinam,Family Z-B,1024,1024,True
EXP-Z-B-nagapattinam-P5-S1003-G0.005,nagapattinam,Family Z-B,1024,1024,True
EXP-Z-B-nagapattinam-P5-S1003-G0.01,nagapattinam,Family Z-B,1024,1024,True
EXP-Z-A-nagapattinam-P5-S1004,nagapattinam,Family Z-A,1024,1024,True
EXP-Z-B-nagapattinam-P5-S1004-G0.0001,nagapattinam,Family Z-B,1024,1024,True
EXP-Z-B-nagapattinam-P5-S1004-G0.001,nagapattinam,Family Z-B,1024,1024,True
EXP-Z-B-nagapattinam-P5-S1004-G0.005,nagapattinam,Family Z-B,1024,1024,True
EXP-Z-B-nagapattinam-P5-S1004-G0.01,nagapattinam,Family Z-B,1024,1024,True
EXP-Z-A-namakkal-P1-S1000,namakkal,Family Z-A,1024,1024,True
EXP-Z-B-namakkal-P1-S1000-G0.0001,namakkal,Family Z-B,1024,1024,True
EXP-Z-B-namakkal-P1-S1000-G0.001,namakkal,Family Z-B,1024,1024,True
EXP-Z-B-namakkal-P1-S1000-G0.005,namakkal,Family Z-B,1024,1024,True
EXP-Z-B-namakkal-P1-S1000-G0.01,namakkal,Family Z-B,1024,1024,True
EXP-Z-A-namakkal-P1-S1001,namakkal,Family Z-A,1024,1024,True
EXP-Z-B-namakkal-P1-S1001-G0.0001,namakkal,Family Z-B,1024,1024,True
EXP-Z-B-namakkal-P1-S1001-G0.001,namakkal,Family Z-B,1024,1024,True
EXP-Z-B-namakkal-P1-S1001-G0.005,namakkal,Family Z-B,1024,1024,True
EXP-Z-B-namakkal-P1-S1001-G0.01,namakkal,Family Z-B,1024,1024,True
EXP-Z-A-namakkal-P1-S1002,namakkal,Family Z-A,1024,1024,True
EXP-Z-B-namakkal-P1-S1002-G0.0001,namakkal,Family Z-B,1024,1024,True
EXP-Z-B-namakkal-P1-S1002-G0.001,namakkal,Family Z-B,1024,1024,True
EXP-Z-B-namakkal-P1-S1002-G0.005,namakkal,Family Z-B,1024,1024,True
EXP-Z-B-namakkal-P1-S1002-G0.01,namakkal,Family Z-B,1024,1024,True
EXP-Z-A-namakkal-P1-S1003,namakkal,Family Z-A,1024,1024,True
EXP-Z-B-namakkal-P1-S1003-G0.0001,namakkal,Family Z-B,1024,1024,True
EXP-Z-B-namakkal-P1-S1003-G0.001,namakkal,Family Z-B,1024,1024,True
EXP-Z-B-namakkal-P1-S1003-G0.005,namakkal,Family Z-B,1024,1024,True
EXP-Z-B-namakkal-P1-S1003-G0.01,namakkal,Family Z-B,1024,1024,True
EXP-Z-A-namakkal-P1-S1004,namakkal,Family Z-A,1024,1024,True
EXP-Z-B-namakkal-P1-S1004-G0.0001,namakkal,Family Z-B,1024,1024,True
EXP-Z-B-namakkal-P1-S1004-G0.001,namakkal,Family Z-B,1024,1024,True
EXP-Z-B-namakkal-P1-S1004-G0.005,namakkal,Family Z-B,1024,1024,True
EXP-Z-B-namakkal-P1-S1004-G0.01,namakkal,Family Z-B,1024,1024,True
EXP-Z-A-namakkal-P2-S1000,namakkal,Family Z-A,1024,1024,True
EXP-Z-B-namakkal-P2-S1000-G0.0001,namakkal,Family Z-B,1024,1024,True
EXP-Z-B-namakkal-P2-S1000-G0.001,namakkal,Family Z-B,1024,1024,True
EXP-Z-B-namakkal-P2-S1000-G0.005,namakkal,Family Z-B,1024,1024,True
EXP-Z-B-namakkal-P2-S1000-G0.01,namakkal,Family Z-B,1024,1024,True
EXP-Z-A-namakkal-P2-S1001,namakkal,Family Z-A,1024,1024,True
EXP-Z-B-namakkal-P2-S1001-G0.0001,namakkal,Family Z-B,1024,1024,True
EXP-Z-B-namakkal-P2-S1001-G0.001,namakkal,Family Z-B,1024,1024,True
EXP-Z-B-namakkal-P2-S1001-G0.005,namakkal,Family Z-B,1024,1024,True
EXP-Z-B-namakkal-P2-S1001-G0.01,namakkal,Family Z-B,1024,1024,True
EXP-Z-A-namakkal-P2-S1002,namakkal,Family Z-A,1024,1024,True
EXP-Z-B-namakkal-P2-S1002-G0.0001,namakkal,Family Z-B,1024,1024,True
EXP-Z-B-namakkal-P2-S1002-G0.001,namakkal,Family Z-B,1024,1024,True
EXP-Z-B-namakkal-P2-S1002-G0.005,namakkal,Family Z-B,1024,1024,True
EXP-Z-B-namakkal-P2-S1002-G0.01,namakkal,Family Z-B,1024,1024,True
EXP-Z-A-namakkal-P2-S1003,namakkal,Family Z-A,1024,1024,True
EXP-Z-B-namakkal-P2-S1003-G0.0001,namakkal,Family Z-B,1024,1024,True
EXP-Z-B-namakkal-P2-S1003-G0.001,namakkal,Family Z-B,1024,1024,True
EXP-Z-B-namakkal-P2-S1003-G0.005,namakkal,Family Z-B,1024,1024,True
EXP-Z-B-namakkal-P2-S1003-G0.01,namakkal,Family Z-B,1024,1024,True
EXP-Z-A-namakkal-P2-S1004,namakkal,Family Z-A,1024,1024,True
EXP-Z-B-namakkal-P2-S1004-G0.0001,namakkal,Family Z-B,1024,1024,True
EXP-Z-B-namakkal-P2-S1004-G0.001,namakkal,Family Z-B,1024,1024,True
EXP-Z-B-namakkal-P2-S1004-G0.005,namakkal,Family Z-B,1024,1024,True
EXP-Z-B-namakkal-P2-S1004-G0.01,namakkal,Family Z-B,1024,1024,True
EXP-Z-A-namakkal-P3-S1000,namakkal,Family Z-A,1024,1024,True
EXP-Z-B-namakkal-P3-S1000-G0.0001,namakkal,Family Z-B,1024,1024,True
EXP-Z-B-namakkal-P3-S1000-G0.001,namakkal,Family Z-B,1024,1024,True
EXP-Z-B-namakkal-P3-S1000-G0.005,namakkal,Family Z-B,1024,1024,True
EXP-Z-B-namakkal-P3-S1000-G0.01,namakkal,Family Z-B,1024,1024,True
EXP-Z-A-namakkal-P3-S1001,namakkal,Family Z-A,1024,1024,True
EXP-Z-B-namakkal-P3-S1001-G0.0001,namakkal,Family Z-B,1024,1024,True
EXP-Z-B-namakkal-P3-S1001-G0.001,namakkal,Family Z-B,1024,1024,True
EXP-Z-B-namakkal-P3-S1001-G0.005,namakkal,Family Z-B,1024,1024,True
EXP-Z-B-namakkal-P3-S1001-G0.01,namakkal,Family Z-B,1024,1024,True
EXP-Z-A-namakkal-P3-S1002,namakkal,Family Z-A,1024,1024,True
EXP-Z-B-namakkal-P3-S1002-G0.0001,namakkal,Family Z-B,1024,1024,True
EXP-Z-B-namakkal-P3-S1002-G0.001,namakkal,Family Z-B,1024,1024,True
EXP-Z-B-namakkal-P3-S1002-G0.005,namakkal,Family Z-B,1024,1024,True
EXP-Z-B-namakkal-P3-S1002-G0.01,namakkal,Family Z-B,1024,1024,True
EXP-Z-A-namakkal-P3-S1003,namakkal,Family Z-A,1024,1024,True
EXP-Z-B-namakkal-P3-S1003-G0.0001,namakkal,Family Z-B,1024,1024,True
EXP-Z-B-namakkal-P3-S1003-G0.001,namakkal,Family Z-B,1024,1024,True
EXP-Z-B-namakkal-P3-S1003-G0.005,namakkal,Family Z-B,1024,1024,True
EXP-Z-B-namakkal-P3-S1003-G0.01,namakkal,Family Z-B,1024,1024,True
EXP-Z-A-namakkal-P3-S1004,namakkal,Family Z-A,1024,1024,True
EXP-Z-B-namakkal-P3-S1004-G0.0001,namakkal,Family Z-B,1024,1024,True
EXP-Z-B-namakkal-P3-S1004-G0.001,namakkal,Family Z-B,1024,1024,True
EXP-Z-B-namakkal-P3-S1004-G0.005,namakkal,Family Z-B,1024,1024,True
EXP-Z-B-namakkal-P3-S1004-G0.01,namakkal,Family Z-B,1024,1024,True
EXP-Z-A-namakkal-P4-S1000,namakkal,Family Z-A,1024,1024,True
EXP-Z-B-namakkal-P4-S1000-G0.0001,namakkal,Family Z-B,1024,1024,True
EXP-Z-B-namakkal-P4-S1000-G0.001,namakkal,Family Z-B,1024,1024,True
EXP-Z-B-namakkal-P4-S1000-G0.005,namakkal,Family Z-B,1024,1024,True
EXP-Z-B-namakkal-P4-S1000-G0.01,namakkal,Family Z-B,1024,1024,True
EXP-Z-A-namakkal-P4-S1001,namakkal,Family Z-A,1024,1024,True
EXP-Z-B-namakkal-P4-S1001-G0.0001,namakkal,Family Z-B,1024,1024,True
EXP-Z-B-namakkal-P4-S1001-G0.001,namakkal,Family Z-B,1024,1024,True
EXP-Z-B-namakkal-P4-S1001-G0.005,namakkal,Family Z-B,1024,1024,True
EXP-Z-B-namakkal-P4-S1001-G0.01,namakkal,Family Z-B,1024,1024,True
EXP-Z-A-namakkal-P4-S1002,namakkal,Family Z-A,1024,1024,True
EXP-Z-B-namakkal-P4-S1002-G0.0001,namakkal,Family Z-B,1024,1024,True
EXP-Z-B-namakkal-P4-S1002-G0.001,namakkal,Family Z-B,1024,1024,True
EXP-Z-B-namakkal-P4-S1002-G0.005,namakkal,Family Z-B,1024,1024,True
EXP-Z-B-namakkal-P4-S1002-G0.01,namakkal,Family Z-B,1024,1024,True
EXP-Z-A-namakkal-P4-S1003,namakkal,Family Z-A,1024,1024,True
EXP-Z-B-namakkal-P4-S1003-G0.0001,namakkal,Family Z-B,1024,1024,True
EXP-Z-B-namakkal-P4-S1003-G0.001,namakkal,Family Z-B,1024,1024,True
EXP-Z-B-namakkal-P4-S1003-G0.005,namakkal,Family Z-B,1024,1024,True
EXP-Z-B-namakkal-P4-S1003-G0.01,namakkal,Family Z-B,1024,1024,True
EXP-Z-A-namakkal-P4-S1004,namakkal,Family Z-A,1024,1024,True
EXP-Z-B-namakkal-P4-S1004-G0.0001,namakkal,Family Z-B,1024,1024,True
EXP-Z-B-namakkal-P4-S1004-G0.001,namakkal,Family Z-B,1024,1024,True
EXP-Z-B-namakkal-P4-S1004-G0.005,namakkal,Family Z-B,1024,1024,True
EXP-Z-B-namakkal-P4-S1004-G0.01,namakkal,Family Z-B,1024,1024,True
EXP-Z-A-namakkal-P5-S1000,namakkal,Family Z-A,1024,1024,True
EXP-Z-B-namakkal-P5-S1000-G0.0001,namakkal,Family Z-B,1024,1024,True
EXP-Z-B-namakkal-P5-S1000-G0.001,namakkal,Family Z-B,1024,1024,True
EXP-Z-B-namakkal-P5-S1000-G0.005,namakkal,Family Z-B,1024,1024,True
EXP-Z-B-namakkal-P5-S1000-G0.01,namakkal,Family Z-B,1024,1024,True
EXP-Z-A-namakkal-P5-S1001,namakkal,Family Z-A,1024,1024,True
EXP-Z-B-namakkal-P5-S1001-G0.0001,namakkal,Family Z-B,1024,1024,True
EXP-Z-B-namakkal-P5-S1001-G0.001,namakkal,Family Z-B,1024,1024,True
EXP-Z-B-namakkal-P5-S1001-G0.005,namakkal,Family Z-B,1024,1024,True
EXP-Z-B-namakkal-P5-S1001-G0.01,namakkal,Family Z-B,1024,1024,True
EXP-Z-A-namakkal-P5-S1002,namakkal,Family Z-A,1024,1024,True
EXP-Z-B-namakkal-P5-S1002-G0.0001,namakkal,Family Z-B,1024,1024,True
EXP-Z-B-namakkal-P5-S1002-G0.001,namakkal,Family Z-B,1024,1024,True
EXP-Z-B-namakkal-P5-S1002-G0.005,namakkal,Family Z-B,1024,1024,True
EXP-Z-B-namakkal-P5-S1002-G0.01,namakkal,Family Z-B,1024,1024,True
EXP-Z-A-namakkal-P5-S1003,namakkal,Family Z-A,1024,1024,True
EXP-Z-B-namakkal-P5-S1003-G0.0001,namakkal,Family Z-B,1024,1024,True
EXP-Z-B-namakkal-P5-S1003-G0.001,namakkal,Family Z-B,1024,1024,True
EXP-Z-B-namakkal-P5-S1003-G0.005,namakkal,Family Z-B,1024,1024,True
EXP-Z-B-namakkal-P5-S1003-G0.01,namakkal,Family Z-B,1024,1024,True
EXP-Z-A-namakkal-P5-S1004,namakkal,Family Z-A,1024,1024,True
EXP-Z-B-namakkal-P5-S1004-G0.0001,namakkal,Family Z-B,1024,1024,True
EXP-Z-B-namakkal-P5-S1004-G0.001,namakkal,Family Z-B,1024,1024,True
EXP-Z-B-namakkal-P5-S1004-G0.005,namakkal,Family Z-B,1024,1024,True
EXP-Z-B-namakkal-P5-S1004-G0.01,namakkal,Family Z-B,1024,1024,True
EXP-Z-A-nilgiris-P1-S1000,nilgiris,Family Z-A,1024,1024,True
EXP-Z-B-nilgiris-P1-S1000-G0.0001,nilgiris,Family Z-B,1024,1024,True
EXP-Z-B-nilgiris-P1-S1000-G0.001,nilgiris,Family Z-B,1024,1024,True
EXP-Z-B-nilgiris-P1-S1000-G0.005,nilgiris,Family Z-B,1024,1024,True
EXP-Z-B-nilgiris-P1-S1000-G0.01,nilgiris,Family Z-B,1024,1024,True
EXP-Z-A-nilgiris-P1-S1001,nilgiris,Family Z-A,1024,1024,True
EXP-Z-B-nilgiris-P1-S1001-G0.0001,nilgiris,Family Z-B,1024,1024,True
EXP-Z-B-nilgiris-P1-S1001-G0.001,nilgiris,Family Z-B,1024,1024,True
EXP-Z-B-nilgiris-P1-S1001-G0.005,nilgiris,Family Z-B,1024,1024,True
EXP-Z-B-nilgiris-P1-S1001-G0.01,nilgiris,Family Z-B,1024,1024,True
EXP-Z-A-nilgiris-P1-S1002,nilgiris,Family Z-A,1024,1024,True
EXP-Z-B-nilgiris-P1-S1002-G0.0001,nilgiris,Family Z-B,1024,1024,True
EXP-Z-B-nilgiris-P1-S1002-G0.001,nilgiris,Family Z-B,1024,1024,True
EXP-Z-B-nilgiris-P1-S1002-G0.005,nilgiris,Family Z-B,1024,1024,True
EXP-Z-B-nilgiris-P1-S1002-G0.01,nilgiris,Family Z-B,1024,1024,True
EXP-Z-A-nilgiris-P1-S1003,nilgiris,Family Z-A,1024,1024,True
EXP-Z-B-nilgiris-P1-S1003-G0.0001,nilgiris,Family Z-B,1024,1024,True
EXP-Z-B-nilgiris-P1-S1003-G0.001,nilgiris,Family Z-B,1024,1024,True
EXP-Z-B-nilgiris-P1-S1003-G0.005,nilgiris,Family Z-B,1024,1024,True
EXP-Z-B-nilgiris-P1-S1003-G0.01,nilgiris,Family Z-B,1024,1024,True
EXP-Z-A-nilgiris-P1-S1004,nilgiris,Family Z-A,1024,1024,True
EXP-Z-B-nilgiris-P1-S1004-G0.0001,nilgiris,Family Z-B,1024,1024,True
EXP-Z-B-nilgiris-P1-S1004-G0.001,nilgiris,Family Z-B,1024,1024,True
EXP-Z-B-nilgiris-P1-S1004-G0.005,nilgiris,Family Z-B,1024,1024,True
EXP-Z-B-nilgiris-P1-S1004-G0.01,nilgiris,Family Z-B,1024,1024,True
EXP-Z-A-nilgiris-P2-S1000,nilgiris,Family Z-A,1024,1024,True
EXP-Z-B-nilgiris-P2-S1000-G0.0001,nilgiris,Family Z-B,1024,1024,True
EXP-Z-B-nilgiris-P2-S1000-G0.001,nilgiris,Family Z-B,1024,1024,True
EXP-Z-B-nilgiris-P2-S1000-G0.005,nilgiris,Family Z-B,1024,1024,True
EXP-Z-B-nilgiris-P2-S1000-G0.01,nilgiris,Family Z-B,1024,1024,True
EXP-Z-A-nilgiris-P2-S1001,nilgiris,Family Z-A,1024,1024,True
EXP-Z-B-nilgiris-P2-S1001-G0.0001,nilgiris,Family Z-B,1024,1024,True
EXP-Z-B-nilgiris-P2-S1001-G0.001,nilgiris,Family Z-B,1024,1024,True
EXP-Z-B-nilgiris-P2-S1001-G0.005,nilgiris,Family Z-B,1024,1024,True
EXP-Z-B-nilgiris-P2-S1001-G0.01,nilgiris,Family Z-B,1024,1024,True
EXP-Z-A-nilgiris-P2-S1002,nilgiris,Family Z-A,1024,1024,True
EXP-Z-B-nilgiris-P2-S1002-G0.0001,nilgiris,Family Z-B,1024,1024,True
EXP-Z-B-nilgiris-P2-S1002-G0.001,nilgiris,Family Z-B,1024,1024,True
EXP-Z-B-nilgiris-P2-S1002-G0.005,nilgiris,Family Z-B,1024,1024,True
EXP-Z-B-nilgiris-P2-S1002-G0.01,nilgiris,Family Z-B,1024,1024,True
EXP-Z-A-nilgiris-P2-S1003,nilgiris,Family Z-A,1024,1024,True
EXP-Z-B-nilgiris-P2-S1003-G0.0001,nilgiris,Family Z-B,1024,1024,True
EXP-Z-B-nilgiris-P2-S1003-G0.001,nilgiris,Family Z-B,1024,1024,True
EXP-Z-B-nilgiris-P2-S1003-G0.005,nilgiris,Family Z-B,1024,1024,True
EXP-Z-B-nilgiris-P2-S1003-G0.01,nilgiris,Family Z-B,1024,1024,True
EXP-Z-A-nilgiris-P2-S1004,nilgiris,Family Z-A,1024,1024,True
EXP-Z-B-nilgiris-P2-S1004-G0.0001,nilgiris,Family Z-B,1024,1024,True
EXP-Z-B-nilgiris-P2-S1004-G0.001,nilgiris,Family Z-B,1024,1024,True
EXP-Z-B-nilgiris-P2-S1004-G0.005,nilgiris,Family Z-B,1024,1024,True
EXP-Z-B-nilgiris-P2-S1004-G0.01,nilgiris,Family Z-B,1024,1024,True
EXP-Z-A-nilgiris-P3-S1000,nilgiris,Family Z-A,1024,1024,True
EXP-Z-B-nilgiris-P3-S1000-G0.0001,nilgiris,Family Z-B,1024,1024,True
EXP-Z-B-nilgiris-P3-S1000-G0.001,nilgiris,Family Z-B,1024,1024,True
EXP-Z-B-nilgiris-P3-S1000-G0.005,nilgiris,Family Z-B,1024,1024,True
EXP-Z-B-nilgiris-P3-S1000-G0.01,nilgiris,Family Z-B,1024,1024,True
EXP-Z-A-nilgiris-P3-S1001,nilgiris,Family Z-A,1024,1024,True
EXP-Z-B-nilgiris-P3-S1001-G0.0001,nilgiris,Family Z-B,1024,1024,True
EXP-Z-B-nilgiris-P3-S1001-G0.001,nilgiris,Family Z-B,1024,1024,True
EXP-Z-B-nilgiris-P3-S1001-G0.005,nilgiris,Family Z-B,1024,1024,True
EXP-Z-B-nilgiris-P3-S1001-G0.01,nilgiris,Family Z-B,1024,1024,True
EXP-Z-A-nilgiris-P3-S1002,nilgiris,Family Z-A,1024,1024,True
EXP-Z-B-nilgiris-P3-S1002-G0.0001,nilgiris,Family Z-B,1024,1024,True
EXP-Z-B-nilgiris-P3-S1002-G0.001,nilgiris,Family Z-B,1024,1024,True
EXP-Z-B-nilgiris-P3-S1002-G0.005,nilgiris,Family Z-B,1024,1024,True
EXP-Z-B-nilgiris-P3-S1002-G0.01,nilgiris,Family Z-B,1024,1024,True
EXP-Z-A-nilgiris-P3-S1003,nilgiris,Family Z-A,1024,1024,True
EXP-Z-B-nilgiris-P3-S1003-G0.0001,nilgiris,Family Z-B,1024,1024,True
EXP-Z-B-nilgiris-P3-S1003-G0.001,nilgiris,Family Z-B,1024,1024,True
EXP-Z-B-nilgiris-P3-S1003-G0.005,nilgiris,Family Z-B,1024,1024,True
EXP-Z-B-nilgiris-P3-S1003-G0.01,nilgiris,Family Z-B,1024,1024,True
EXP-Z-A-nilgiris-P3-S1004,nilgiris,Family Z-A,1024,1024,True
EXP-Z-B-nilgiris-P3-S1004-G0.0001,nilgiris,Family Z-B,1024,1024,True
EXP-Z-B-nilgiris-P3-S1004-G0.001,nilgiris,Family Z-B,1024,1024,True
EXP-Z-B-nilgiris-P3-S1004-G0.005,nilgiris,Family Z-B,1024,1024,True
EXP-Z-B-nilgiris-P3-S1004-G0.01,nilgiris,Family Z-B,1024,1024,True
EXP-Z-A-nilgiris-P4-S1000,nilgiris,Family Z-A,1024,1024,True
EXP-Z-B-nilgiris-P4-S1000-G0.0001,nilgiris,Family Z-B,1024,1024,True
EXP-Z-B-nilgiris-P4-S1000-G0.001,nilgiris,Family Z-B,1024,1024,True
EXP-Z-B-nilgiris-P4-S1000-G0.005,nilgiris,Family Z-B,1024,1024,True
EXP-Z-B-nilgiris-P4-S1000-G0.01,nilgiris,Family Z-B,1024,1024,True
EXP-Z-A-nilgiris-P4-S1001,nilgiris,Family Z-A,1024,1024,True
EXP-Z-B-nilgiris-P4-S1001-G0.0001,nilgiris,Family Z-B,1024,1024,True
EXP-Z-B-nilgiris-P4-S1001-G0.001,nilgiris,Family Z-B,1024,1024,True
EXP-Z-B-nilgiris-P4-S1001-G0.005,nilgiris,Family Z-B,1024,1024,True
EXP-Z-B-nilgiris-P4-S1001-G0.01,nilgiris,Family Z-B,1024,1024,True
EXP-Z-A-nilgiris-P4-S1002,nilgiris,Family Z-A,1024,1024,True
EXP-Z-B-nilgiris-P4-S1002-G0.0001,nilgiris,Family Z-B,1024,1024,True
EXP-Z-B-nilgiris-P4-S1002-G0.001,nilgiris,Family Z-B,1024,1024,True
EXP-Z-B-nilgiris-P4-S1002-G0.005,nilgiris,Family Z-B,1024,1024,True
EXP-Z-B-nilgiris-P4-S1002-G0.01,nilgiris,Family Z-B,1024,1024,True
EXP-Z-A-nilgiris-P4-S1003,nilgiris,Family Z-A,1024,1024,True
EXP-Z-B-nilgiris-P4-S1003-G0.0001,nilgiris,Family Z-B,1024,1024,True
EXP-Z-B-nilgiris-P4-S1003-G0.001,nilgiris,Family Z-B,1024,1024,True
EXP-Z-B-nilgiris-P4-S1003-G0.005,nilgiris,Family Z-B,1024,1024,True
EXP-Z-B-nilgiris-P4-S1003-G0.01,nilgiris,Family Z-B,1024,1024,True
EXP-Z-A-nilgiris-P4-S1004,nilgiris,Family Z-A,1024,1024,True
EXP-Z-B-nilgiris-P4-S1004-G0.0001,nilgiris,Family Z-B,1024,1024,True
EXP-Z-B-nilgiris-P4-S1004-G0.001,nilgiris,Family Z-B,1024,1024,True
EXP-Z-B-nilgiris-P4-S1004-G0.005,nilgiris,Family Z-B,1024,1024,True
EXP-Z-B-nilgiris-P4-S1004-G0.01,nilgiris,Family Z-B,1024,1024,True
EXP-Z-A-nilgiris-P5-S1000,nilgiris,Family Z-A,1024,1024,True
EXP-Z-B-nilgiris-P5-S1000-G0.0001,nilgiris,Family Z-B,1024,1024,True
EXP-Z-B-nilgiris-P5-S1000-G0.001,nilgiris,Family Z-B,1024,1024,True
EXP-Z-B-nilgiris-P5-S1000-G0.005,nilgiris,Family Z-B,1024,1024,True
EXP-Z-B-nilgiris-P5-S1000-G0.01,nilgiris,Family Z-B,1024,1024,True
EXP-Z-A-nilgiris-P5-S1001,nilgiris,Family Z-A,1024,1024,True
EXP-Z-B-nilgiris-P5-S1001-G0.0001,nilgiris,Family Z-B,1024,1024,True
EXP-Z-B-nilgiris-P5-S1001-G0.001,nilgiris,Family Z-B,1024,1024,True
EXP-Z-B-nilgiris-P5-S1001-G0.005,nilgiris,Family Z-B,1024,1024,True
EXP-Z-B-nilgiris-P5-S1001-G0.01,nilgiris,Family Z-B,1024,1024,True
EXP-Z-A-nilgiris-P5-S1002,nilgiris,Family Z-A,1024,1024,True
EXP-Z-B-nilgiris-P5-S1002-G0.0001,nilgiris,Family Z-B,1024,1024,True
EXP-Z-B-nilgiris-P5-S1002-G0.001,nilgiris,Family Z-B,1024,1024,True
EXP-Z-B-nilgiris-P5-S1002-G0.005,nilgiris,Family Z-B,1024,1024,True
EXP-Z-B-nilgiris-P5-S1002-G0.01,nilgiris,Family Z-B,1024,1024,True
EXP-Z-A-nilgiris-P5-S1003,nilgiris,Family Z-A,1024,1024,True
EXP-Z-B-nilgiris-P5-S1003-G0.0001,nilgiris,Family Z-B,1024,1024,True
EXP-Z-B-nilgiris-P5-S1003-G0.001,nilgiris,Family Z-B,1024,1024,True
EXP-Z-B-nilgiris-P5-S1003-G0.005,nilgiris,Family Z-B,1024,1024,True
EXP-Z-B-nilgiris-P5-S1003-G0.01,nilgiris,Family Z-B,1024,1024,True
EXP-Z-A-nilgiris-P5-S1004,nilgiris,Family Z-A,1024,1024,True
EXP-Z-B-nilgiris-P5-S1004-G0.0001,nilgiris,Family Z-B,1024,1024,True
EXP-Z-B-nilgiris-P5-S1004-G0.001,nilgiris,Family Z-B,1024,1024,True
EXP-Z-B-nilgiris-P5-S1004-G0.005,nilgiris,Family Z-B,1024,1024,True
EXP-Z-B-nilgiris-P5-S1004-G0.01,nilgiris,Family Z-B,1024,1024,True
EXP-Z-A-perambalur-P1-S1000,perambalur,Family Z-A,1024,1024,True
EXP-Z-B-perambalur-P1-S1000-G0.0001,perambalur,Family Z-B,1024,1024,True
EXP-Z-B-perambalur-P1-S1000-G0.001,perambalur,Family Z-B,1024,1024,True
EXP-Z-B-perambalur-P1-S1000-G0.005,perambalur,Family Z-B,1024,1024,True
EXP-Z-B-perambalur-P1-S1000-G0.01,perambalur,Family Z-B,1024,1024,True
EXP-Z-A-perambalur-P1-S1001,perambalur,Family Z-A,1024,1024,True
EXP-Z-B-perambalur-P1-S1001-G0.0001,perambalur,Family Z-B,1024,1024,True
EXP-Z-B-perambalur-P1-S1001-G0.001,perambalur,Family Z-B,1024,1024,True
EXP-Z-B-perambalur-P1-S1001-G0.005,perambalur,Family Z-B,1024,1024,True
EXP-Z-B-perambalur-P1-S1001-G0.01,perambalur,Family Z-B,1024,1024,True
EXP-Z-A-perambalur-P1-S1002,perambalur,Family Z-A,1024,1024,True
EXP-Z-B-perambalur-P1-S1002-G0.0001,perambalur,Family Z-B,1024,1024,True
EXP-Z-B-perambalur-P1-S1002-G0.001,perambalur,Family Z-B,1024,1024,True
EXP-Z-B-perambalur-P1-S1002-G0.005,perambalur,Family Z-B,1024,1024,True
EXP-Z-B-perambalur-P1-S1002-G0.01,perambalur,Family Z-B,1024,1024,True
EXP-Z-A-perambalur-P1-S1003,perambalur,Family Z-A,1024,1024,True
EXP-Z-B-perambalur-P1-S1003-G0.0001,perambalur,Family Z-B,1024,1024,True
EXP-Z-B-perambalur-P1-S1003-G0.001,perambalur,Family Z-B,1024,1024,True
EXP-Z-B-perambalur-P1-S1003-G0.005,perambalur,Family Z-B,1024,1024,True
EXP-Z-B-perambalur-P1-S1003-G0.01,perambalur,Family Z-B,1024,1024,True
EXP-Z-A-perambalur-P1-S1004,perambalur,Family Z-A,1024,1024,True
EXP-Z-B-perambalur-P1-S1004-G0.0001,perambalur,Family Z-B,1024,1024,True
EXP-Z-B-perambalur-P1-S1004-G0.001,perambalur,Family Z-B,1024,1024,True
EXP-Z-B-perambalur-P1-S1004-G0.005,perambalur,Family Z-B,1024,1024,True
EXP-Z-B-perambalur-P1-S1004-G0.01,perambalur,Family Z-B,1024,1024,True
EXP-Z-A-perambalur-P2-S1000,perambalur,Family Z-A,1024,1024,True
EXP-Z-B-perambalur-P2-S1000-G0.0001,perambalur,Family Z-B,1024,1024,True
EXP-Z-B-perambalur-P2-S1000-G0.001,perambalur,Family Z-B,1024,1024,True
EXP-Z-B-perambalur-P2-S1000-G0.005,perambalur,Family Z-B,1024,1024,True
EXP-Z-B-perambalur-P2-S1000-G0.01,perambalur,Family Z-B,1024,1024,True
EXP-Z-A-perambalur-P2-S1001,perambalur,Family Z-A,1024,1024,True
EXP-Z-B-perambalur-P2-S1001-G0.0001,perambalur,Family Z-B,1024,1024,True
EXP-Z-B-perambalur-P2-S1001-G0.001,perambalur,Family Z-B,1024,1024,True
EXP-Z-B-perambalur-P2-S1001-G0.005,perambalur,Family Z-B,1024,1024,True
EXP-Z-B-perambalur-P2-S1001-G0.01,perambalur,Family Z-B,1024,1024,True
EXP-Z-A-perambalur-P2-S1002,perambalur,Family Z-A,1024,1024,True
EXP-Z-B-perambalur-P2-S1002-G0.0001,perambalur,Family Z-B,1024,1024,True
EXP-Z-B-perambalur-P2-S1002-G0.001,perambalur,Family Z-B,1024,1024,True
EXP-Z-B-perambalur-P2-S1002-G0.005,perambalur,Family Z-B,1024,1024,True
EXP-Z-B-perambalur-P2-S1002-G0.01,perambalur,Family Z-B,1024,1024,True
EXP-Z-A-perambalur-P2-S1003,perambalur,Family Z-A,1024,1024,True
EXP-Z-B-perambalur-P2-S1003-G0.0001,perambalur,Family Z-B,1024,1024,True
EXP-Z-B-perambalur-P2-S1003-G0.001,perambalur,Family Z-B,1024,1024,True
EXP-Z-B-perambalur-P2-S1003-G0.005,perambalur,Family Z-B,1024,1024,True
EXP-Z-B-perambalur-P2-S1003-G0.01,perambalur,Family Z-B,1024,1024,True
EXP-Z-A-perambalur-P2-S1004,perambalur,Family Z-A,1024,1024,True
EXP-Z-B-perambalur-P2-S1004-G0.0001,perambalur,Family Z-B,1024,1024,True
EXP-Z-B-perambalur-P2-S1004-G0.001,perambalur,Family Z-B,1024,1024,True
EXP-Z-B-perambalur-P2-S1004-G0.005,perambalur,Family Z-B,1024,1024,True
EXP-Z-B-perambalur-P2-S1004-G0.01,perambalur,Family Z-B,1024,1024,True
EXP-Z-A-perambalur-P3-S1000,perambalur,Family Z-A,1024,1024,True
EXP-Z-B-perambalur-P3-S1000-G0.0001,perambalur,Family Z-B,1024,1024,True
EXP-Z-B-perambalur-P3-S1000-G0.001,perambalur,Family Z-B,1024,1024,True
EXP-Z-B-perambalur-P3-S1000-G0.005,perambalur,Family Z-B,1024,1024,True
EXP-Z-B-perambalur-P3-S1000-G0.01,perambalur,Family Z-B,1024,1024,True
EXP-Z-A-perambalur-P3-S1001,perambalur,Family Z-A,1024,1024,True
EXP-Z-B-perambalur-P3-S1001-G0.0001,perambalur,Family Z-B,1024,1024,True
EXP-Z-B-perambalur-P3-S1001-G0.001,perambalur,Family Z-B,1024,1024,True
EXP-Z-B-perambalur-P3-S1001-G0.005,perambalur,Family Z-B,1024,1024,True
EXP-Z-B-perambalur-P3-S1001-G0.01,perambalur,Family Z-B,1024,1024,True
EXP-Z-A-perambalur-P3-S1002,perambalur,Family Z-A,1024,1024,True
EXP-Z-B-perambalur-P3-S1002-G0.0001,perambalur,Family Z-B,1024,1024,True
EXP-Z-B-perambalur-P3-S1002-G0.001,perambalur,Family Z-B,1024,1024,True
EXP-Z-B-perambalur-P3-S1002-G0.005,perambalur,Family Z-B,1024,1024,True
EXP-Z-B-perambalur-P3-S1002-G0.01,perambalur,Family Z-B,1024,1024,True
EXP-Z-A-perambalur-P3-S1003,perambalur,Family Z-A,1024,1024,True
EXP-Z-B-perambalur-P3-S1003-G0.0001,perambalur,Family Z-B,1024,1024,True
EXP-Z-B-perambalur-P3-S1003-G0.001,perambalur,Family Z-B,1024,1024,True
EXP-Z-B-perambalur-P3-S1003-G0.005,perambalur,Family Z-B,1024,1024,True
EXP-Z-B-perambalur-P3-S1003-G0.01,perambalur,Family Z-B,1024,1024,True
EXP-Z-A-perambalur-P3-S1004,perambalur,Family Z-A,1024,1024,True
EXP-Z-B-perambalur-P3-S1004-G0.0001,perambalur,Family Z-B,1024,1024,True
EXP-Z-B-perambalur-P3-S1004-G0.001,perambalur,Family Z-B,1024,1024,True
EXP-Z-B-perambalur-P3-S1004-G0.005,perambalur,Family Z-B,1024,1024,True
EXP-Z-B-perambalur-P3-S1004-G0.01,perambalur,Family Z-B,1024,1024,True
EXP-Z-A-perambalur-P4-S1000,perambalur,Family Z-A,1024,1024,True
EXP-Z-B-perambalur-P4-S1000-G0.0001,perambalur,Family Z-B,1024,1024,True
EXP-Z-B-perambalur-P4-S1000-G0.001,perambalur,Family Z-B,1024,1024,True
EXP-Z-B-perambalur-P4-S1000-G0.005,perambalur,Family Z-B,1024,1024,True
EXP-Z-B-perambalur-P4-S1000-G0.01,perambalur,Family Z-B,1024,1024,True
EXP-Z-A-perambalur-P4-S1001,perambalur,Family Z-A,1024,1024,True
EXP-Z-B-perambalur-P4-S1001-G0.0001,perambalur,Family Z-B,1024,1024,True
EXP-Z-B-perambalur-P4-S1001-G0.001,perambalur,Family Z-B,1024,1024,True
EXP-Z-B-perambalur-P4-S1001-G0.005,perambalur,Family Z-B,1024,1024,True
EXP-Z-B-perambalur-P4-S1001-G0.01,perambalur,Family Z-B,1024,1024,True
EXP-Z-A-perambalur-P4-S1002,perambalur,Family Z-A,1024,1024,True
EXP-Z-B-perambalur-P4-S1002-G0.0001,perambalur,Family Z-B,1024,1024,True
EXP-Z-B-perambalur-P4-S1002-G0.001,perambalur,Family Z-B,1024,1024,True
EXP-Z-B-perambalur-P4-S1002-G0.005,perambalur,Family Z-B,1024,1024,True
EXP-Z-B-perambalur-P4-S1002-G0.01,perambalur,Family Z-B,1024,1024,True
EXP-Z-A-perambalur-P4-S1003,perambalur,Family Z-A,1024,1024,True
EXP-Z-B-perambalur-P4-S1003-G0.0001,perambalur,Family Z-B,1024,1024,True
EXP-Z-B-perambalur-P4-S1003-G0.001,perambalur,Family Z-B,1024,1024,True
EXP-Z-B-perambalur-P4-S1003-G0.005,perambalur,Family Z-B,1024,1024,True
EXP-Z-B-perambalur-P4-S1003-G0.01,perambalur,Family Z-B,1024,1024,True
EXP-Z-A-perambalur-P4-S1004,perambalur,Family Z-A,1024,1024,True
EXP-Z-B-perambalur-P4-S1004-G0.0001,perambalur,Family Z-B,1024,1024,True
EXP-Z-B-perambalur-P4-S1004-G0.001,perambalur,Family Z-B,1024,1024,True
EXP-Z-B-perambalur-P4-S1004-G0.005,perambalur,Family Z-B,1024,1024,True
EXP-Z-B-perambalur-P4-S1004-G0.01,perambalur,Family Z-B,1024,1024,True
EXP-Z-A-perambalur-P5-S1000,perambalur,Family Z-A,1024,1024,True
EXP-Z-B-perambalur-P5-S1000-G0.0001,perambalur,Family Z-B,1024,1024,True
EXP-Z-B-perambalur-P5-S1000-G0.001,perambalur,Family Z-B,1024,1024,True
EXP-Z-B-perambalur-P5-S1000-G0.005,perambalur,Family Z-B,1024,1024,True
EXP-Z-B-perambalur-P5-S1000-G0.01,perambalur,Family Z-B,1024,1024,True
EXP-Z-A-perambalur-P5-S1001,perambalur,Family Z-A,1024,1024,True
EXP-Z-B-perambalur-P5-S1001-G0.0001,perambalur,Family Z-B,1024,1024,True
EXP-Z-B-perambalur-P5-S1001-G0.001,perambalur,Family Z-B,1024,1024,True
EXP-Z-B-perambalur-P5-S1001-G0.005,perambalur,Family Z-B,1024,1024,True
EXP-Z-B-perambalur-P5-S1001-G0.01,perambalur,Family Z-B,1024,1024,True
EXP-Z-A-perambalur-P5-S1002,perambalur,Family Z-A,1024,1024,True
EXP-Z-B-perambalur-P5-S1002-G0.0001,perambalur,Family Z-B,1024,1024,True
EXP-Z-B-perambalur-P5-S1002-G0.001,perambalur,Family Z-B,1024,1024,True
EXP-Z-B-perambalur-P5-S1002-G0.005,perambalur,Family Z-B,1024,1024,True
EXP-Z-B-perambalur-P5-S1002-G0.01,perambalur,Family Z-B,1024,1024,True
EXP-Z-A-perambalur-P5-S1003,perambalur,Family Z-A,1024,1024,True
EXP-Z-B-perambalur-P5-S1003-G0.0001,perambalur,Family Z-B,1024,1024,True
EXP-Z-B-perambalur-P5-S1003-G0.001,perambalur,Family Z-B,1024,1024,True
EXP-Z-B-perambalur-P5-S1003-G0.005,perambalur,Family Z-B,1024,1024,True
EXP-Z-B-perambalur-P5-S1003-G0.01,perambalur,Family Z-B,1024,1024,True
EXP-Z-A-perambalur-P5-S1004,perambalur,Family Z-A,1024,1024,True
EXP-Z-B-perambalur-P5-S1004-G0.0001,perambalur,Family Z-B,1024,1024,True
EXP-Z-B-perambalur-P5-S1004-G0.001,perambalur,Family Z-B,1024,1024,True
EXP-Z-B-perambalur-P5-S1004-G0.005,perambalur,Family Z-B,1024,1024,True
EXP-Z-B-perambalur-P5-S1004-G0.01,perambalur,Family Z-B,1024,1024,True
EXP-Z-A-pudukkottai-P1-S1000,pudukkottai,Family Z-A,1024,1024,True
EXP-Z-B-pudukkottai-P1-S1000-G0.0001,pudukkottai,Family Z-B,1024,1024,True
EXP-Z-B-pudukkottai-P1-S1000-G0.001,pudukkottai,Family Z-B,1024,1024,True
EXP-Z-B-pudukkottai-P1-S1000-G0.005,pudukkottai,Family Z-B,1024,1024,True
EXP-Z-B-pudukkottai-P1-S1000-G0.01,pudukkottai,Family Z-B,1024,1024,True
EXP-Z-A-pudukkottai-P1-S1001,pudukkottai,Family Z-A,1024,1024,True
EXP-Z-B-pudukkottai-P1-S1001-G0.0001,pudukkottai,Family Z-B,1024,1024,True
EXP-Z-B-pudukkottai-P1-S1001-G0.001,pudukkottai,Family Z-B,1024,1024,True
EXP-Z-B-pudukkottai-P1-S1001-G0.005,pudukkottai,Family Z-B,1024,1024,True
EXP-Z-B-pudukkottai-P1-S1001-G0.01,pudukkottai,Family Z-B,1024,1024,True
EXP-Z-A-pudukkottai-P1-S1002,pudukkottai,Family Z-A,1024,1024,True
EXP-Z-B-pudukkottai-P1-S1002-G0.0001,pudukkottai,Family Z-B,1024,1024,True
EXP-Z-B-pudukkottai-P1-S1002-G0.001,pudukkottai,Family Z-B,1024,1024,True
EXP-Z-B-pudukkottai-P1-S1002-G0.005,pudukkottai,Family Z-B,1024,1024,True
EXP-Z-B-pudukkottai-P1-S1002-G0.01,pudukkottai,Family Z-B,1024,1024,True
EXP-Z-A-pudukkottai-P1-S1003,pudukkottai,Family Z-A,1024,1024,True
EXP-Z-B-pudukkottai-P1-S1003-G0.0001,pudukkottai,Family Z-B,1024,1024,True
EXP-Z-B-pudukkottai-P1-S1003-G0.001,pudukkottai,Family Z-B,1024,1024,True
EXP-Z-B-pudukkottai-P1-S1003-G0.005,pudukkottai,Family Z-B,1024,1024,True
EXP-Z-B-pudukkottai-P1-S1003-G0.01,pudukkottai,Family Z-B,1024,1024,True
EXP-Z-A-pudukkottai-P1-S1004,pudukkottai,Family Z-A,1024,1024,True
EXP-Z-B-pudukkottai-P1-S1004-G0.0001,pudukkottai,Family Z-B,1024,1024,True
EXP-Z-B-pudukkottai-P1-S1004-G0.001,pudukkottai,Family Z-B,1024,1024,True
EXP-Z-B-pudukkottai-P1-S1004-G0.005,pudukkottai,Family Z-B,1024,1024,True
EXP-Z-B-pudukkottai-P1-S1004-G0.01,pudukkottai,Family Z-B,1024,1024,True
EXP-Z-A-pudukkottai-P2-S1000,pudukkottai,Family Z-A,1024,1024,True
EXP-Z-B-pudukkottai-P2-S1000-G0.0001,pudukkottai,Family Z-B,1024,1024,True
EXP-Z-B-pudukkottai-P2-S1000-G0.001,pudukkottai,Family Z-B,1024,1024,True
EXP-Z-B-pudukkottai-P2-S1000-G0.005,pudukkottai,Family Z-B,1024,1024,True
EXP-Z-B-pudukkottai-P2-S1000-G0.01,pudukkottai,Family Z-B,1024,1024,True
EXP-Z-A-pudukkottai-P2-S1001,pudukkottai,Family Z-A,1024,1024,True
EXP-Z-B-pudukkottai-P2-S1001-G0.0001,pudukkottai,Family Z-B,1024,1024,True
EXP-Z-B-pudukkottai-P2-S1001-G0.001,pudukkottai,Family Z-B,1024,1024,True
EXP-Z-B-pudukkottai-P2-S1001-G0.005,pudukkottai,Family Z-B,1024,1024,True
EXP-Z-B-pudukkottai-P2-S1001-G0.01,pudukkottai,Family Z-B,1024,1024,True
EXP-Z-A-pudukkottai-P2-S1002,pudukkottai,Family Z-A,1024,1024,True
EXP-Z-B-pudukkottai-P2-S1002-G0.0001,pudukkottai,Family Z-B,1024,1024,True
EXP-Z-B-pudukkottai-P2-S1002-G0.001,pudukkottai,Family Z-B,1024,1024,True
EXP-Z-B-pudukkottai-P2-S1002-G0.005,pudukkottai,Family Z-B,1024,1024,True
EXP-Z-B-pudukkottai-P2-S1002-G0.01,pudukkottai,Family Z-B,1024,1024,True
EXP-Z-A-pudukkottai-P2-S1003,pudukkottai,Family Z-A,1024,1024,True
EXP-Z-B-pudukkottai-P2-S1003-G0.0001,pudukkottai,Family Z-B,1024,1024,True
EXP-Z-B-pudukkottai-P2-S1003-G0.001,pudukkottai,Family Z-B,1024,1024,True
EXP-Z-B-pudukkottai-P2-S1003-G0.005,pudukkottai,Family Z-B,1024,1024,True
EXP-Z-B-pudukkottai-P2-S1003-G0.01,pudukkottai,Family Z-B,1024,1024,True
EXP-Z-A-pudukkottai-P2-S1004,pudukkottai,Family Z-A,1024,1024,True
EXP-Z-B-pudukkottai-P2-S1004-G0.0001,pudukkottai,Family Z-B,1024,1024,True
EXP-Z-B-pudukkottai-P2-S1004-G0.001,pudukkottai,Family Z-B,1024,1024,True
EXP-Z-B-pudukkottai-P2-S1004-G0.005,pudukkottai,Family Z-B,1024,1024,True
EXP-Z-B-pudukkottai-P2-S1004-G0.01,pudukkottai,Family Z-B,1024,1024,True
EXP-Z-A-pudukkottai-P3-S1000,pudukkottai,Family Z-A,1024,1024,True
EXP-Z-B-pudukkottai-P3-S1000-G0.0001,pudukkottai,Family Z-B,1024,1024,True
EXP-Z-B-pudukkottai-P3-S1000-G0.001,pudukkottai,Family Z-B,1024,1024,True
EXP-Z-B-pudukkottai-P3-S1000-G0.005,pudukkottai,Family Z-B,1024,1024,True
EXP-Z-B-pudukkottai-P3-S1000-G0.01,pudukkottai,Family Z-B,1024,1024,True
EXP-Z-A-pudukkottai-P3-S1001,pudukkottai,Family Z-A,1024,1024,True
EXP-Z-B-pudukkottai-P3-S1001-G0.0001,pudukkottai,Family Z-B,1024,1024,True
EXP-Z-B-pudukkottai-P3-S1001-G0.001,pudukkottai,Family Z-B,1024,1024,True
EXP-Z-B-pudukkottai-P3-S1001-G0.005,pudukkottai,Family Z-B,1024,1024,True
EXP-Z-B-pudukkottai-P3-S1001-G0.01,pudukkottai,Family Z-B,1024,1024,True
EXP-Z-A-pudukkottai-P3-S1002,pudukkottai,Family Z-A,1024,1024,True
EXP-Z-B-pudukkottai-P3-S1002-G0.0001,pudukkottai,Family Z-B,1024,1024,True
EXP-Z-B-pudukkottai-P3-S1002-G0.001,pudukkottai,Family Z-B,1024,1024,True
EXP-Z-B-pudukkottai-P3-S1002-G0.005,pudukkottai,Family Z-B,1024,1024,True
EXP-Z-B-pudukkottai-P3-S1002-G0.01,pudukkottai,Family Z-B,1024,1024,True
EXP-Z-A-pudukkottai-P3-S1003,pudukkottai,Family Z-A,1024,1024,True
EXP-Z-B-pudukkottai-P3-S1003-G0.0001,pudukkottai,Family Z-B,1024,1024,True
EXP-Z-B-pudukkottai-P3-S1003-G0.001,pudukkottai,Family Z-B,1024,1024,True
EXP-Z-B-pudukkottai-P3-S1003-G0.005,pudukkottai,Family Z-B,1024,1024,True
EXP-Z-B-pudukkottai-P3-S1003-G0.01,pudukkottai,Family Z-B,1024,1024,True
EXP-Z-A-pudukkottai-P3-S1004,pudukkottai,Family Z-A,1024,1024,True
EXP-Z-B-pudukkottai-P3-S1004-G0.0001,pudukkottai,Family Z-B,1024,1024,True
EXP-Z-B-pudukkottai-P3-S1004-G0.001,pudukkottai,Family Z-B,1024,1024,True
EXP-Z-B-pudukkottai-P3-S1004-G0.005,pudukkottai,Family Z-B,1024,1024,True
EXP-Z-B-pudukkottai-P3-S1004-G0.01,pudukkottai,Family Z-B,1024,1024,True
EXP-Z-A-pudukkottai-P4-S1000,pudukkottai,Family Z-A,1024,1024,True
EXP-Z-B-pudukkottai-P4-S1000-G0.0001,pudukkottai,Family Z-B,1024,1024,True
EXP-Z-B-pudukkottai-P4-S1000-G0.001,pudukkottai,Family Z-B,1024,1024,True
EXP-Z-B-pudukkottai-P4-S1000-G0.005,pudukkottai,Family Z-B,1024,1024,True
EXP-Z-B-pudukkottai-P4-S1000-G0.01,pudukkottai,Family Z-B,1024,1024,True
EXP-Z-A-pudukkottai-P4-S1001,pudukkottai,Family Z-A,1024,1024,True
EXP-Z-B-pudukkottai-P4-S1001-G0.0001,pudukkottai,Family Z-B,1024,1024,True
EXP-Z-B-pudukkottai-P4-S1001-G0.001,pudukkottai,Family Z-B,1024,1024,True
EXP-Z-B-pudukkottai-P4-S1001-G0.005,pudukkottai,Family Z-B,1024,1024,True
EXP-Z-B-pudukkottai-P4-S1001-G0.01,pudukkottai,Family Z-B,1024,1024,True
EXP-Z-A-pudukkottai-P4-S1002,pudukkottai,Family Z-A,1024,1024,True
EXP-Z-B-pudukkottai-P4-S1002-G0.0001,pudukkottai,Family Z-B,1024,1024,True
EXP-Z-B-pudukkottai-P4-S1002-G0.001,pudukkottai,Family Z-B,1024,1024,True
EXP-Z-B-pudukkottai-P4-S1002-G0.005,pudukkottai,Family Z-B,1024,1024,True
EXP-Z-B-pudukkottai-P4-S1002-G0.01,pudukkottai,Family Z-B,1024,1024,True
EXP-Z-A-pudukkottai-P4-S1003,pudukkottai,Family Z-A,1024,1024,True
EXP-Z-B-pudukkottai-P4-S1003-G0.0001,pudukkottai,Family Z-B,1024,1024,True
EXP-Z-B-pudukkottai-P4-S1003-G0.001,pudukkottai,Family Z-B,1024,1024,True
EXP-Z-B-pudukkottai-P4-S1003-G0.005,pudukkottai,Family Z-B,1024,1024,True
EXP-Z-B-pudukkottai-P4-S1003-G0.01,pudukkottai,Family Z-B,1024,1024,True
EXP-Z-A-pudukkottai-P4-S1004,pudukkottai,Family Z-A,1024,1024,True
EXP-Z-B-pudukkottai-P4-S1004-G0.0001,pudukkottai,Family Z-B,1024,1024,True
EXP-Z-B-pudukkottai-P4-S1004-G0.001,pudukkottai,Family Z-B,1024,1024,True
EXP-Z-B-pudukkottai-P4-S1004-G0.005,pudukkottai,Family Z-B,1024,1024,True
EXP-Z-B-pudukkottai-P4-S1004-G0.01,pudukkottai,Family Z-B,1024,1024,True
EXP-Z-A-pudukkottai-P5-S1000,pudukkottai,Family Z-A,1024,1024,True
EXP-Z-B-pudukkottai-P5-S1000-G0.0001,pudukkottai,Family Z-B,1024,1024,True
EXP-Z-B-pudukkottai-P5-S1000-G0.001,pudukkottai,Family Z-B,1024,1024,True
EXP-Z-B-pudukkottai-P5-S1000-G0.005,pudukkottai,Family Z-B,1024,1024,True
EXP-Z-B-pudukkottai-P5-S1000-G0.01,pudukkottai,Family Z-B,1024,1024,True
EXP-Z-A-pudukkottai-P5-S1001,pudukkottai,Family Z-A,1024,1024,True
EXP-Z-B-pudukkottai-P5-S1001-G0.0001,pudukkottai,Family Z-B,1024,1024,True
EXP-Z-B-pudukkottai-P5-S1001-G0.001,pudukkottai,Family Z-B,1024,1024,True
EXP-Z-B-pudukkottai-P5-S1001-G0.005,pudukkottai,Family Z-B,1024,1024,True
EXP-Z-B-pudukkottai-P5-S1001-G0.01,pudukkottai,Family Z-B,1024,1024,True
EXP-Z-A-pudukkottai-P5-S1002,pudukkottai,Family Z-A,1024,1024,True
EXP-Z-B-pudukkottai-P5-S1002-G0.0001,pudukkottai,Family Z-B,1024,1024,True
EXP-Z-B-pudukkottai-P5-S1002-G0.001,pudukkottai,Family Z-B,1024,1024,True
EXP-Z-B-pudukkottai-P5-S1002-G0.005,pudukkottai,Family Z-B,1024,1024,True
EXP-Z-B-pudukkottai-P5-S1002-G0.01,pudukkottai,Family Z-B,1024,1024,True
EXP-Z-A-pudukkottai-P5-S1003,pudukkottai,Family Z-A,1024,1024,True
EXP-Z-B-pudukkottai-P5-S1003-G0.0001,pudukkottai,Family Z-B,1024,1024,True
EXP-Z-B-pudukkottai-P5-S1003-G0.001,pudukkottai,Family Z-B,1024,1024,True
EXP-Z-B-pudukkottai-P5-S1003-G0.005,pudukkottai,Family Z-B,1024,1024,True
EXP-Z-B-pudukkottai-P5-S1003-G0.01,pudukkottai,Family Z-B,1024,1024,True
EXP-Z-A-pudukkottai-P5-S1004,pudukkottai,Family Z-A,1024,1024,True
EXP-Z-B-pudukkottai-P5-S1004-G0.0001,pudukkottai,Family Z-B,1024,1024,True
EXP-Z-B-pudukkottai-P5-S1004-G0.001,pudukkottai,Family Z-B,1024,1024,True
EXP-Z-B-pudukkottai-P5-S1004-G0.005,pudukkottai,Family Z-B,1024,1024,True
EXP-Z-B-pudukkottai-P5-S1004-G0.01,pudukkottai,Family Z-B,1024,1024,True
EXP-Z-A-ramanathapuram-P1-S1000,ramanathapuram,Family Z-A,1024,1024,True
EXP-Z-B-ramanathapuram-P1-S1000-G0.0001,ramanathapuram,Family Z-B,1024,1024,True
EXP-Z-B-ramanathapuram-P1-S1000-G0.001,ramanathapuram,Family Z-B,1024,1024,True
EXP-Z-B-ramanathapuram-P1-S1000-G0.005,ramanathapuram,Family Z-B,1024,1024,True
EXP-Z-B-ramanathapuram-P1-S1000-G0.01,ramanathapuram,Family Z-B,1024,1024,True
EXP-Z-A-ramanathapuram-P1-S1001,ramanathapuram,Family Z-A,1024,1024,True
EXP-Z-B-ramanathapuram-P1-S1001-G0.0001,ramanathapuram,Family Z-B,1024,1024,True
EXP-Z-B-ramanathapuram-P1-S1001-G0.001,ramanathapuram,Family Z-B,1024,1024,True
EXP-Z-B-ramanathapuram-P1-S1001-G0.005,ramanathapuram,Family Z-B,1024,1024,True
EXP-Z-B-ramanathapuram-P1-S1001-G0.01,ramanathapuram,Family Z-B,1024,1024,True
EXP-Z-A-ramanathapuram-P1-S1002,ramanathapuram,Family Z-A,1024,1024,True
EXP-Z-B-ramanathapuram-P1-S1002-G0.0001,ramanathapuram,Family Z-B,1024,1024,True
EXP-Z-B-ramanathapuram-P1-S1002-G0.001,ramanathapuram,Family Z-B,1024,1024,True
EXP-Z-B-ramanathapuram-P1-S1002-G0.005,ramanathapuram,Family Z-B,1024,1024,True
EXP-Z-B-ramanathapuram-P1-S1002-G0.01,ramanathapuram,Family Z-B,1024,1024,True
EXP-Z-A-ramanathapuram-P1-S1003,ramanathapuram,Family Z-A,1024,1024,True
EXP-Z-B-ramanathapuram-P1-S1003-G0.0001,ramanathapuram,Family Z-B,1024,1024,True
EXP-Z-B-ramanathapuram-P1-S1003-G0.001,ramanathapuram,Family Z-B,1024,1024,True
EXP-Z-B-ramanathapuram-P1-S1003-G0.005,ramanathapuram,Family Z-B,1024,1024,True
EXP-Z-B-ramanathapuram-P1-S1003-G0.01,ramanathapuram,Family Z-B,1024,1024,True
EXP-Z-A-ramanathapuram-P1-S1004,ramanathapuram,Family Z-A,1024,1024,True
EXP-Z-B-ramanathapuram-P1-S1004-G0.0001,ramanathapuram,Family Z-B,1024,1024,True
EXP-Z-B-ramanathapuram-P1-S1004-G0.001,ramanathapuram,Family Z-B,1024,1024,True
EXP-Z-B-ramanathapuram-P1-S1004-G0.005,ramanathapuram,Family Z-B,1024,1024,True
EXP-Z-B-ramanathapuram-P1-S1004-G0.01,ramanathapuram,Family Z-B,1024,1024,True
EXP-Z-A-ramanathapuram-P2-S1000,ramanathapuram,Family Z-A,1024,1024,True
EXP-Z-B-ramanathapuram-P2-S1000-G0.0001,ramanathapuram,Family Z-B,1024,1024,True
EXP-Z-B-ramanathapuram-P2-S1000-G0.001,ramanathapuram,Family Z-B,1024,1024,True
EXP-Z-B-ramanathapuram-P2-S1000-G0.005,ramanathapuram,Family Z-B,1024,1024,True
EXP-Z-B-ramanathapuram-P2-S1000-G0.01,ramanathapuram,Family Z-B,1024,1024,True
EXP-Z-A-ramanathapuram-P2-S1001,ramanathapuram,Family Z-A,1024,1024,True
EXP-Z-B-ramanathapuram-P2-S1001-G0.0001,ramanathapuram,Family Z-B,1024,1024,True
EXP-Z-B-ramanathapuram-P2-S1001-G0.001,ramanathapuram,Family Z-B,1024,1024,True
EXP-Z-B-ramanathapuram-P2-S1001-G0.005,ramanathapuram,Family Z-B,1024,1024,True
EXP-Z-B-ramanathapuram-P2-S1001-G0.01,ramanathapuram,Family Z-B,1024,1024,True
EXP-Z-A-ramanathapuram-P2-S1002,ramanathapuram,Family Z-A,1024,1024,True
EXP-Z-B-ramanathapuram-P2-S1002-G0.0001,ramanathapuram,Family Z-B,1024,1024,True
EXP-Z-B-ramanathapuram-P2-S1002-G0.001,ramanathapuram,Family Z-B,1024,1024,True
EXP-Z-B-ramanathapuram-P2-S1002-G0.005,ramanathapuram,Family Z-B,1024,1024,True
EXP-Z-B-ramanathapuram-P2-S1002-G0.01,ramanathapuram,Family Z-B,1024,1024,True
EXP-Z-A-ramanathapuram-P2-S1003,ramanathapuram,Family Z-A,1024,1024,True
EXP-Z-B-ramanathapuram-P2-S1003-G0.0001,ramanathapuram,Family Z-B,1024,1024,True
EXP-Z-B-ramanathapuram-P2-S1003-G0.001,ramanathapuram,Family Z-B,1024,1024,True
EXP-Z-B-ramanathapuram-P2-S1003-G0.005,ramanathapuram,Family Z-B,1024,1024,True
EXP-Z-B-ramanathapuram-P2-S1003-G0.01,ramanathapuram,Family Z-B,1024,1024,True
EXP-Z-A-ramanathapuram-P2-S1004,ramanathapuram,Family Z-A,1024,1024,True
EXP-Z-B-ramanathapuram-P2-S1004-G0.0001,ramanathapuram,Family Z-B,1024,1024,True
EXP-Z-B-ramanathapuram-P2-S1004-G0.001,ramanathapuram,Family Z-B,1024,1024,True
EXP-Z-B-ramanathapuram-P2-S1004-G0.005,ramanathapuram,Family Z-B,1024,1024,True
EXP-Z-B-ramanathapuram-P2-S1004-G0.01,ramanathapuram,Family Z-B,1024,1024,True
EXP-Z-A-ramanathapuram-P3-S1000,ramanathapuram,Family Z-A,1024,1024,True
EXP-Z-B-ramanathapuram-P3-S1000-G0.0001,ramanathapuram,Family Z-B,1024,1024,True
EXP-Z-B-ramanathapuram-P3-S1000-G0.001,ramanathapuram,Family Z-B,1024,1024,True
EXP-Z-B-ramanathapuram-P3-S1000-G0.005,ramanathapuram,Family Z-B,1024,1024,True
EXP-Z-B-ramanathapuram-P3-S1000-G0.01,ramanathapuram,Family Z-B,1024,1024,True
EXP-Z-A-ramanathapuram-P3-S1001,ramanathapuram,Family Z-A,1024,1024,True
EXP-Z-B-ramanathapuram-P3-S1001-G0.0001,ramanathapuram,Family Z-B,1024,1024,True
EXP-Z-B-ramanathapuram-P3-S1001-G0.001,ramanathapuram,Family Z-B,1024,1024,True
EXP-Z-B-ramanathapuram-P3-S1001-G0.005,ramanathapuram,Family Z-B,1024,1024,True
EXP-Z-B-ramanathapuram-P3-S1001-G0.01,ramanathapuram,Family Z-B,1024,1024,True
EXP-Z-A-ramanathapuram-P3-S1002,ramanathapuram,Family Z-A,1024,1024,True
EXP-Z-B-ramanathapuram-P3-S1002-G0.0001,ramanathapuram,Family Z-B,1024,1024,True
EXP-Z-B-ramanathapuram-P3-S1002-G0.001,ramanathapuram,Family Z-B,1024,1024,True
EXP-Z-B-ramanathapuram-P3-S1002-G0.005,ramanathapuram,Family Z-B,1024,1024,True
EXP-Z-B-ramanathapuram-P3-S1002-G0.01,ramanathapuram,Family Z-B,1024,1024,True
EXP-Z-A-ramanathapuram-P3-S1003,ramanathapuram,Family Z-A,1024,1024,True
EXP-Z-B-ramanathapuram-P3-S1003-G0.0001,ramanathapuram,Family Z-B,1024,1024,True
EXP-Z-B-ramanathapuram-P3-S1003-G0.001,ramanathapuram,Family Z-B,1024,1024,True
EXP-Z-B-ramanathapuram-P3-S1003-G0.005,ramanathapuram,Family Z-B,1024,1024,True
EXP-Z-B-ramanathapuram-P3-S1003-G0.01,ramanathapuram,Family Z-B,1024,1024,True
EXP-Z-A-ramanathapuram-P3-S1004,ramanathapuram,Family Z-A,1024,1024,True
EXP-Z-B-ramanathapuram-P3-S1004-G0.0001,ramanathapuram,Family Z-B,1024,1024,True
EXP-Z-B-ramanathapuram-P3-S1004-G0.001,ramanathapuram,Family Z-B,1024,1024,True
EXP-Z-B-ramanathapuram-P3-S1004-G0.005,ramanathapuram,Family Z-B,1024,1024,True
EXP-Z-B-ramanathapuram-P3-S1004-G0.01,ramanathapuram,Family Z-B,1024,1024,True
EXP-Z-A-ramanathapuram-P4-S1000,ramanathapuram,Family Z-A,1024,1024,True
EXP-Z-B-ramanathapuram-P4-S1000-G0.0001,ramanathapuram,Family Z-B,1024,1024,True
EXP-Z-B-ramanathapuram-P4-S1000-G0.001,ramanathapuram,Family Z-B,1024,1024,True
EXP-Z-B-ramanathapuram-P4-S1000-G0.005,ramanathapuram,Family Z-B,1024,1024,True
EXP-Z-B-ramanathapuram-P4-S1000-G0.01,ramanathapuram,Family Z-B,1024,1024,True
EXP-Z-A-ramanathapuram-P4-S1001,ramanathapuram,Family Z-A,1024,1024,True
EXP-Z-B-ramanathapuram-P4-S1001-G0.0001,ramanathapuram,Family Z-B,1024,1024,True
EXP-Z-B-ramanathapuram-P4-S1001-G0.001,ramanathapuram,Family Z-B,1024,1024,True
EXP-Z-B-ramanathapuram-P4-S1001-G0.005,ramanathapuram,Family Z-B,1024,1024,True
EXP-Z-B-ramanathapuram-P4-S1001-G0.01,ramanathapuram,Family Z-B,1024,1024,True
EXP-Z-A-ramanathapuram-P4-S1002,ramanathapuram,Family Z-A,1024,1024,True
EXP-Z-B-ramanathapuram-P4-S1002-G0.0001,ramanathapuram,Family Z-B,1024,1024,True
EXP-Z-B-ramanathapuram-P4-S1002-G0.001,ramanathapuram,Family Z-B,1024,1024,True
EXP-Z-B-ramanathapuram-P4-S1002-G0.005,ramanathapuram,Family Z-B,1024,1024,True
EXP-Z-B-ramanathapuram-P4-S1002-G0.01,ramanathapuram,Family Z-B,1024,1024,True
EXP-Z-A-ramanathapuram-P4-S1003,ramanathapuram,Family Z-A,1024,1024,True
EXP-Z-B-ramanathapuram-P4-S1003-G0.0001,ramanathapuram,Family Z-B,1024,1024,True
EXP-Z-B-ramanathapuram-P4-S1003-G0.001,ramanathapuram,Family Z-B,1024,1024,True
EXP-Z-B-ramanathapuram-P4-S1003-G0.005,ramanathapuram,Family Z-B,1024,1024,True
EXP-Z-B-ramanathapuram-P4-S1003-G0.01,ramanathapuram,Family Z-B,1024,1024,True
EXP-Z-A-ramanathapuram-P4-S1004,ramanathapuram,Family Z-A,1024,1024,True
EXP-Z-B-ramanathapuram-P4-S1004-G0.0001,ramanathapuram,Family Z-B,1024,1024,True
EXP-Z-B-ramanathapuram-P4-S1004-G0.001,ramanathapuram,Family Z-B,1024,1024,True
EXP-Z-B-ramanathapuram-P4-S1004-G0.005,ramanathapuram,Family Z-B,1024,1024,True
EXP-Z-B-ramanathapuram-P4-S1004-G0.01,ramanathapuram,Family Z-B,1024,1024,True
EXP-Z-A-ramanathapuram-P5-S1000,ramanathapuram,Family Z-A,1024,1024,True
EXP-Z-B-ramanathapuram-P5-S1000-G0.0001,ramanathapuram,Family Z-B,1024,1024,True
EXP-Z-B-ramanathapuram-P5-S1000-G0.001,ramanathapuram,Family Z-B,1024,1024,True
EXP-Z-B-ramanathapuram-P5-S1000-G0.005,ramanathapuram,Family Z-B,1024,1024,True
EXP-Z-B-ramanathapuram-P5-S1000-G0.01,ramanathapuram,Family Z-B,1024,1024,True
EXP-Z-A-ramanathapuram-P5-S1001,ramanathapuram,Family Z-A,1024,1024,True
EXP-Z-B-ramanathapuram-P5-S1001-G0.0001,ramanathapuram,Family Z-B,1024,1024,True
EXP-Z-B-ramanathapuram-P5-S1001-G0.001,ramanathapuram,Family Z-B,1024,1024,True
EXP-Z-B-ramanathapuram-P5-S1001-G0.005,ramanathapuram,Family Z-B,1024,1024,True
EXP-Z-B-ramanathapuram-P5-S1001-G0.01,ramanathapuram,Family Z-B,1024,1024,True
EXP-Z-A-ramanathapuram-P5-S1002,ramanathapuram,Family Z-A,1024,1024,True
EXP-Z-B-ramanathapuram-P5-S1002-G0.0001,ramanathapuram,Family Z-B,1024,1024,True
EXP-Z-B-ramanathapuram-P5-S1002-G0.001,ramanathapuram,Family Z-B,1024,1024,True
EXP-Z-B-ramanathapuram-P5-S1002-G0.005,ramanathapuram,Family Z-B,1024,1024,True
EXP-Z-B-ramanathapuram-P5-S1002-G0.01,ramanathapuram,Family Z-B,1024,1024,True
EXP-Z-A-ramanathapuram-P5-S1003,ramanathapuram,Family Z-A,1024,1024,True
EXP-Z-B-ramanathapuram-P5-S1003-G0.0001,ramanathapuram,Family Z-B,1024,1024,True
EXP-Z-B-ramanathapuram-P5-S1003-G0.001,ramanathapuram,Family Z-B,1024,1024,True
EXP-Z-B-ramanathapuram-P5-S1003-G0.005,ramanathapuram,Family Z-B,1024,1024,True
EXP-Z-B-ramanathapuram-P5-S1003-G0.01,ramanathapuram,Family Z-B,1024,1024,True
EXP-Z-A-ramanathapuram-P5-S1004,ramanathapuram,Family Z-A,1024,1024,True
EXP-Z-B-ramanathapuram-P5-S1004-G0.0001,ramanathapuram,Family Z-B,1024,1024,True
EXP-Z-B-ramanathapuram-P5-S1004-G0.001,ramanathapuram,Family Z-B,1024,1024,True
EXP-Z-B-ramanathapuram-P5-S1004-G0.005,ramanathapuram,Family Z-B,1024,1024,True
EXP-Z-B-ramanathapuram-P5-S1004-G0.01,ramanathapuram,Family Z-B,1024,1024,True
EXP-Z-A-ranipet-P1-S1000,ranipet,Family Z-A,1024,1024,True
EXP-Z-B-ranipet-P1-S1000-G0.0001,ranipet,Family Z-B,1024,1024,True
EXP-Z-B-ranipet-P1-S1000-G0.001,ranipet,Family Z-B,1024,1024,True
EXP-Z-B-ranipet-P1-S1000-G0.005,ranipet,Family Z-B,1024,1024,True
EXP-Z-B-ranipet-P1-S1000-G0.01,ranipet,Family Z-B,1024,1024,True
EXP-Z-A-ranipet-P1-S1001,ranipet,Family Z-A,1024,1024,True
EXP-Z-B-ranipet-P1-S1001-G0.0001,ranipet,Family Z-B,1024,1024,True
EXP-Z-B-ranipet-P1-S1001-G0.001,ranipet,Family Z-B,1024,1024,True
EXP-Z-B-ranipet-P1-S1001-G0.005,ranipet,Family Z-B,1024,1024,True
EXP-Z-B-ranipet-P1-S1001-G0.01,ranipet,Family Z-B,1024,1024,True
EXP-Z-A-ranipet-P1-S1002,ranipet,Family Z-A,1024,1024,True
EXP-Z-B-ranipet-P1-S1002-G0.0001,ranipet,Family Z-B,1024,1024,True
EXP-Z-B-ranipet-P1-S1002-G0.001,ranipet,Family Z-B,1024,1024,True
EXP-Z-B-ranipet-P1-S1002-G0.005,ranipet,Family Z-B,1024,1024,True
EXP-Z-B-ranipet-P1-S1002-G0.01,ranipet,Family Z-B,1024,1024,True
EXP-Z-A-ranipet-P1-S1003,ranipet,Family Z-A,1024,1024,True
EXP-Z-B-ranipet-P1-S1003-G0.0001,ranipet,Family Z-B,1024,1024,True
EXP-Z-B-ranipet-P1-S1003-G0.001,ranipet,Family Z-B,1024,1024,True
EXP-Z-B-ranipet-P1-S1003-G0.005,ranipet,Family Z-B,1024,1024,True
EXP-Z-B-ranipet-P1-S1003-G0.01,ranipet,Family Z-B,1024,1024,True
EXP-Z-A-ranipet-P1-S1004,ranipet,Family Z-A,1024,1024,True
EXP-Z-B-ranipet-P1-S1004-G0.0001,ranipet,Family Z-B,1024,1024,True
EXP-Z-B-ranipet-P1-S1004-G0.001,ranipet,Family Z-B,1024,1024,True
EXP-Z-B-ranipet-P1-S1004-G0.005,ranipet,Family Z-B,1024,1024,True
EXP-Z-B-ranipet-P1-S1004-G0.01,ranipet,Family Z-B,1024,1024,True
EXP-Z-A-ranipet-P2-S1000,ranipet,Family Z-A,1024,1024,True
EXP-Z-B-ranipet-P2-S1000-G0.0001,ranipet,Family Z-B,1024,1024,True
EXP-Z-B-ranipet-P2-S1000-G0.001,ranipet,Family Z-B,1024,1024,True
EXP-Z-B-ranipet-P2-S1000-G0.005,ranipet,Family Z-B,1024,1024,True
EXP-Z-B-ranipet-P2-S1000-G0.01,ranipet,Family Z-B,1024,1024,True
EXP-Z-A-ranipet-P2-S1001,ranipet,Family Z-A,1024,1024,True
EXP-Z-B-ranipet-P2-S1001-G0.0001,ranipet,Family Z-B,1024,1024,True
EXP-Z-B-ranipet-P2-S1001-G0.001,ranipet,Family Z-B,1024,1024,True
EXP-Z-B-ranipet-P2-S1001-G0.005,ranipet,Family Z-B,1024,1024,True
EXP-Z-B-ranipet-P2-S1001-G0.01,ranipet,Family Z-B,1024,1024,True
EXP-Z-A-ranipet-P2-S1002,ranipet,Family Z-A,1024,1024,True
EXP-Z-B-ranipet-P2-S1002-G0.0001,ranipet,Family Z-B,1024,1024,True
EXP-Z-B-ranipet-P2-S1002-G0.001,ranipet,Family Z-B,1024,1024,True
EXP-Z-B-ranipet-P2-S1002-G0.005,ranipet,Family Z-B,1024,1024,True
EXP-Z-B-ranipet-P2-S1002-G0.01,ranipet,Family Z-B,1024,1024,True
EXP-Z-A-ranipet-P2-S1003,ranipet,Family Z-A,1024,1024,True
EXP-Z-B-ranipet-P2-S1003-G0.0001,ranipet,Family Z-B,1024,1024,True
EXP-Z-B-ranipet-P2-S1003-G0.001,ranipet,Family Z-B,1024,1024,True
EXP-Z-B-ranipet-P2-S1003-G0.005,ranipet,Family Z-B,1024,1024,True
EXP-Z-B-ranipet-P2-S1003-G0.01,ranipet,Family Z-B,1024,1024,True
EXP-Z-A-ranipet-P2-S1004,ranipet,Family Z-A,1024,1024,True
EXP-Z-B-ranipet-P2-S1004-G0.0001,ranipet,Family Z-B,1024,1024,True
EXP-Z-B-ranipet-P2-S1004-G0.001,ranipet,Family Z-B,1024,1024,True
EXP-Z-B-ranipet-P2-S1004-G0.005,ranipet,Family Z-B,1024,1024,True
EXP-Z-B-ranipet-P2-S1004-G0.01,ranipet,Family Z-B,1024,1024,True
EXP-Z-A-ranipet-P3-S1000,ranipet,Family Z-A,1024,1024,True
EXP-Z-B-ranipet-P3-S1000-G0.0001,ranipet,Family Z-B,1024,1024,True
EXP-Z-B-ranipet-P3-S1000-G0.001,ranipet,Family Z-B,1024,1024,True
EXP-Z-B-ranipet-P3-S1000-G0.005,ranipet,Family Z-B,1024,1024,True
EXP-Z-B-ranipet-P3-S1000-G0.01,ranipet,Family Z-B,1024,1024,True
EXP-Z-A-ranipet-P3-S1001,ranipet,Family Z-A,1024,1024,True
EXP-Z-B-ranipet-P3-S1001-G0.0001,ranipet,Family Z-B,1024,1024,True
EXP-Z-B-ranipet-P3-S1001-G0.001,ranipet,Family Z-B,1024,1024,True
EXP-Z-B-ranipet-P3-S1001-G0.005,ranipet,Family Z-B,1024,1024,True
EXP-Z-B-ranipet-P3-S1001-G0.01,ranipet,Family Z-B,1024,1024,True
EXP-Z-A-ranipet-P3-S1002,ranipet,Family Z-A,1024,1024,True
EXP-Z-B-ranipet-P3-S1002-G0.0001,ranipet,Family Z-B,1024,1024,True
EXP-Z-B-ranipet-P3-S1002-G0.001,ranipet,Family Z-B,1024,1024,True
EXP-Z-B-ranipet-P3-S1002-G0.005,ranipet,Family Z-B,1024,1024,True
EXP-Z-B-ranipet-P3-S1002-G0.01,ranipet,Family Z-B,1024,1024,True
EXP-Z-A-ranipet-P3-S1003,ranipet,Family Z-A,1024,1024,True
EXP-Z-B-ranipet-P3-S1003-G0.0001,ranipet,Family Z-B,1024,1024,True
EXP-Z-B-ranipet-P3-S1003-G0.001,ranipet,Family Z-B,1024,1024,True
EXP-Z-B-ranipet-P3-S1003-G0.005,ranipet,Family Z-B,1024,1024,True
EXP-Z-B-ranipet-P3-S1003-G0.01,ranipet,Family Z-B,1024,1024,True
EXP-Z-A-ranipet-P3-S1004,ranipet,Family Z-A,1024,1024,True
EXP-Z-B-ranipet-P3-S1004-G0.0001,ranipet,Family Z-B,1024,1024,True
EXP-Z-B-ranipet-P3-S1004-G0.001,ranipet,Family Z-B,1024,1024,True
EXP-Z-B-ranipet-P3-S1004-G0.005,ranipet,Family Z-B,1024,1024,True
EXP-Z-B-ranipet-P3-S1004-G0.01,ranipet,Family Z-B,1024,1024,True
EXP-Z-A-ranipet-P4-S1000,ranipet,Family Z-A,1024,1024,True
EXP-Z-B-ranipet-P4-S1000-G0.0001,ranipet,Family Z-B,1024,1024,True
EXP-Z-B-ranipet-P4-S1000-G0.001,ranipet,Family Z-B,1024,1024,True
EXP-Z-B-ranipet-P4-S1000-G0.005,ranipet,Family Z-B,1024,1024,True
EXP-Z-B-ranipet-P4-S1000-G0.01,ranipet,Family Z-B,1024,1024,True
EXP-Z-A-ranipet-P4-S1001,ranipet,Family Z-A,1024,1024,True
EXP-Z-B-ranipet-P4-S1001-G0.0001,ranipet,Family Z-B,1024,1024,True
EXP-Z-B-ranipet-P4-S1001-G0.001,ranipet,Family Z-B,1024,1024,True
EXP-Z-B-ranipet-P4-S1001-G0.005,ranipet,Family Z-B,1024,1024,True
EXP-Z-B-ranipet-P4-S1001-G0.01,ranipet,Family Z-B,1024,1024,True
EXP-Z-A-ranipet-P4-S1002,ranipet,Family Z-A,1024,1024,True
EXP-Z-B-ranipet-P4-S1002-G0.0001,ranipet,Family Z-B,1024,1024,True
EXP-Z-B-ranipet-P4-S1002-G0.001,ranipet,Family Z-B,1024,1024,True
EXP-Z-B-ranipet-P4-S1002-G0.005,ranipet,Family Z-B,1024,1024,True
EXP-Z-B-ranipet-P4-S1002-G0.01,ranipet,Family Z-B,1024,1024,True
EXP-Z-A-ranipet-P4-S1003,ranipet,Family Z-A,1024,1024,True
EXP-Z-B-ranipet-P4-S1003-G0.0001,ranipet,Family Z-B,1024,1024,True
EXP-Z-B-ranipet-P4-S1003-G0.001,ranipet,Family Z-B,1024,1024,True
EXP-Z-B-ranipet-P4-S1003-G0.005,ranipet,Family Z-B,1024,1024,True
EXP-Z-B-ranipet-P4-S1003-G0.01,ranipet,Family Z-B,1024,1024,True
EXP-Z-A-ranipet-P4-S1004,ranipet,Family Z-A,1024,1024,True
EXP-Z-B-ranipet-P4-S1004-G0.0001,ranipet,Family Z-B,1024,1024,True
EXP-Z-B-ranipet-P4-S1004-G0.001,ranipet,Family Z-B,1024,1024,True
EXP-Z-B-ranipet-P4-S1004-G0.005,ranipet,Family Z-B,1024,1024,True
EXP-Z-B-ranipet-P4-S1004-G0.01,ranipet,Family Z-B,1024,1024,True
EXP-Z-A-ranipet-P5-S1000,ranipet,Family Z-A,1024,1024,True
EXP-Z-B-ranipet-P5-S1000-G0.0001,ranipet,Family Z-B,1024,1024,True
EXP-Z-B-ranipet-P5-S1000-G0.001,ranipet,Family Z-B,1024,1024,True
EXP-Z-B-ranipet-P5-S1000-G0.005,ranipet,Family Z-B,1024,1024,True
EXP-Z-B-ranipet-P5-S1000-G0.01,ranipet,Family Z-B,1024,1024,True
EXP-Z-A-ranipet-P5-S1001,ranipet,Family Z-A,1024,1024,True
EXP-Z-B-ranipet-P5-S1001-G0.0001,ranipet,Family Z-B,1024,1024,True
EXP-Z-B-ranipet-P5-S1001-G0.001,ranipet,Family Z-B,1024,1024,True
EXP-Z-B-ranipet-P5-S1001-G0.005,ranipet,Family Z-B,1024,1024,True
EXP-Z-B-ranipet-P5-S1001-G0.01,ranipet,Family Z-B,1024,1024,True
EXP-Z-A-ranipet-P5-S1002,ranipet,Family Z-A,1024,1024,True
EXP-Z-B-ranipet-P5-S1002-G0.0001,ranipet,Family Z-B,1024,1024,True
EXP-Z-B-ranipet-P5-S1002-G0.001,ranipet,Family Z-B,1024,1024,True
EXP-Z-B-ranipet-P5-S1002-G0.005,ranipet,Family Z-B,1024,1024,True
EXP-Z-B-ranipet-P5-S1002-G0.01,ranipet,Family Z-B,1024,1024,True
EXP-Z-A-ranipet-P5-S1003,ranipet,Family Z-A,1024,1024,True
EXP-Z-B-ranipet-P5-S1003-G0.0001,ranipet,Family Z-B,1024,1024,True
EXP-Z-B-ranipet-P5-S1003-G0.001,ranipet,Family Z-B,1024,1024,True
EXP-Z-B-ranipet-P5-S1003-G0.005,ranipet,Family Z-B,1024,1024,True
EXP-Z-B-ranipet-P5-S1003-G0.01,ranipet,Family Z-B,1024,1024,True
EXP-Z-A-ranipet-P5-S1004,ranipet,Family Z-A,1024,1024,True
EXP-Z-B-ranipet-P5-S1004-G0.0001,ranipet,Family Z-B,1024,1024,True
EXP-Z-B-ranipet-P5-S1004-G0.001,ranipet,Family Z-B,1024,1024,True
EXP-Z-B-ranipet-P5-S1004-G0.005,ranipet,Family Z-B,1024,1024,True
EXP-Z-B-ranipet-P5-S1004-G0.01,ranipet,Family Z-B,1024,1024,True
EXP-Z-A-salem-P1-S1000,salem,Family Z-A,1024,1024,True
EXP-Z-B-salem-P1-S1000-G0.0001,salem,Family Z-B,1024,1024,True
EXP-Z-B-salem-P1-S1000-G0.001,salem,Family Z-B,1024,1024,True
EXP-Z-B-salem-P1-S1000-G0.005,salem,Family Z-B,1024,1024,True
EXP-Z-B-salem-P1-S1000-G0.01,salem,Family Z-B,1024,1024,True
EXP-Z-A-salem-P1-S1001,salem,Family Z-A,1024,1024,True
EXP-Z-B-salem-P1-S1001-G0.0001,salem,Family Z-B,1024,1024,True
EXP-Z-B-salem-P1-S1001-G0.001,salem,Family Z-B,1024,1024,True
EXP-Z-B-salem-P1-S1001-G0.005,salem,Family Z-B,1024,1024,True
EXP-Z-B-salem-P1-S1001-G0.01,salem,Family Z-B,1024,1024,True
EXP-Z-A-salem-P1-S1002,salem,Family Z-A,1024,1024,True
EXP-Z-B-salem-P1-S1002-G0.0001,salem,Family Z-B,1024,1024,True
EXP-Z-B-salem-P1-S1002-G0.001,salem,Family Z-B,1024,1024,True
EXP-Z-B-salem-P1-S1002-G0.005,salem,Family Z-B,1024,1024,True
EXP-Z-B-salem-P1-S1002-G0.01,salem,Family Z-B,1024,1024,True
EXP-Z-A-salem-P1-S1003,salem,Family Z-A,1024,1024,True
EXP-Z-B-salem-P1-S1003-G0.0001,salem,Family Z-B,1024,1024,True
EXP-Z-B-salem-P1-S1003-G0.001,salem,Family Z-B,1024,1024,True
EXP-Z-B-salem-P1-S1003-G0.005,salem,Family Z-B,1024,1024,True
EXP-Z-B-salem-P1-S1003-G0.01,salem,Family Z-B,1024,1024,True
EXP-Z-A-salem-P1-S1004,salem,Family Z-A,1024,1024,True
EXP-Z-B-salem-P1-S1004-G0.0001,salem,Family Z-B,1024,1024,True
EXP-Z-B-salem-P1-S1004-G0.001,salem,Family Z-B,1024,1024,True
EXP-Z-B-salem-P1-S1004-G0.005,salem,Family Z-B,1024,1024,True
EXP-Z-B-salem-P1-S1004-G0.01,salem,Family Z-B,1024,1024,True
EXP-Z-A-salem-P2-S1000,salem,Family Z-A,1024,1024,True
EXP-Z-B-salem-P2-S1000-G0.0001,salem,Family Z-B,1024,1024,True
EXP-Z-B-salem-P2-S1000-G0.001,salem,Family Z-B,1024,1024,True
EXP-Z-B-salem-P2-S1000-G0.005,salem,Family Z-B,1024,1024,True
EXP-Z-B-salem-P2-S1000-G0.01,salem,Family Z-B,1024,1024,True
EXP-Z-A-salem-P2-S1001,salem,Family Z-A,1024,1024,True
EXP-Z-B-salem-P2-S1001-G0.0001,salem,Family Z-B,1024,1024,True
EXP-Z-B-salem-P2-S1001-G0.001,salem,Family Z-B,1024,1024,True
EXP-Z-B-salem-P2-S1001-G0.005,salem,Family Z-B,1024,1024,True
EXP-Z-B-salem-P2-S1001-G0.01,salem,Family Z-B,1024,1024,True
EXP-Z-A-salem-P2-S1002,salem,Family Z-A,1024,1024,True
EXP-Z-B-salem-P2-S1002-G0.0001,salem,Family Z-B,1024,1024,True
EXP-Z-B-salem-P2-S1002-G0.001,salem,Family Z-B,1024,1024,True
EXP-Z-B-salem-P2-S1002-G0.005,salem,Family Z-B,1024,1024,True
EXP-Z-B-salem-P2-S1002-G0.01,salem,Family Z-B,1024,1024,True
EXP-Z-A-salem-P2-S1003,salem,Family Z-A,1024,1024,True
EXP-Z-B-salem-P2-S1003-G0.0001,salem,Family Z-B,1024,1024,True
EXP-Z-B-salem-P2-S1003-G0.001,salem,Family Z-B,1024,1024,True
EXP-Z-B-salem-P2-S1003-G0.005,salem,Family Z-B,1024,1024,True
EXP-Z-B-salem-P2-S1003-G0.01,salem,Family Z-B,1024,1024,True
EXP-Z-A-salem-P2-S1004,salem,Family Z-A,1024,1024,True
EXP-Z-B-salem-P2-S1004-G0.0001,salem,Family Z-B,1024,1024,True
EXP-Z-B-salem-P2-S1004-G0.001,salem,Family Z-B,1024,1024,True
EXP-Z-B-salem-P2-S1004-G0.005,salem,Family Z-B,1024,1024,True
EXP-Z-B-salem-P2-S1004-G0.01,salem,Family Z-B,1024,1024,True
EXP-Z-A-salem-P3-S1000,salem,Family Z-A,1024,1024,True
EXP-Z-B-salem-P3-S1000-G0.0001,salem,Family Z-B,1024,1024,True
EXP-Z-B-salem-P3-S1000-G0.001,salem,Family Z-B,1024,1024,True
EXP-Z-B-salem-P3-S1000-G0.005,salem,Family Z-B,1024,1024,True
EXP-Z-B-salem-P3-S1000-G0.01,salem,Family Z-B,1024,1024,True
EXP-Z-A-salem-P3-S1001,salem,Family Z-A,1024,1024,True
EXP-Z-B-salem-P3-S1001-G0.0001,salem,Family Z-B,1024,1024,True
EXP-Z-B-salem-P3-S1001-G0.001,salem,Family Z-B,1024,1024,True
EXP-Z-B-salem-P3-S1001-G0.005,salem,Family Z-B,1024,1024,True
EXP-Z-B-salem-P3-S1001-G0.01,salem,Family Z-B,1024,1024,True
EXP-Z-A-salem-P3-S1002,salem,Family Z-A,1024,1024,True
EXP-Z-B-salem-P3-S1002-G0.0001,salem,Family Z-B,1024,1024,True
EXP-Z-B-salem-P3-S1002-G0.001,salem,Family Z-B,1024,1024,True
EXP-Z-B-salem-P3-S1002-G0.005,salem,Family Z-B,1024,1024,True
EXP-Z-B-salem-P3-S1002-G0.01,salem,Family Z-B,1024,1024,True
EXP-Z-A-salem-P3-S1003,salem,Family Z-A,1024,1024,True
EXP-Z-B-salem-P3-S1003-G0.0001,salem,Family Z-B,1024,1024,True
EXP-Z-B-salem-P3-S1003-G0.001,salem,Family Z-B,1024,1024,True
EXP-Z-B-salem-P3-S1003-G0.005,salem,Family Z-B,1024,1024,True
EXP-Z-B-salem-P3-S1003-G0.01,salem,Family Z-B,1024,1024,True
EXP-Z-A-salem-P3-S1004,salem,Family Z-A,1024,1024,True
EXP-Z-B-salem-P3-S1004-G0.0001,salem,Family Z-B,1024,1024,True
EXP-Z-B-salem-P3-S1004-G0.001,salem,Family Z-B,1024,1024,True
EXP-Z-B-salem-P3-S1004-G0.005,salem,Family Z-B,1024,1024,True
EXP-Z-B-salem-P3-S1004-G0.01,salem,Family Z-B,1024,1024,True
EXP-Z-A-salem-P4-S1000,salem,Family Z-A,1024,1024,True
EXP-Z-B-salem-P4-S1000-G0.0001,salem,Family Z-B,1024,1024,True
EXP-Z-B-salem-P4-S1000-G0.001,salem,Family Z-B,1024,1024,True
EXP-Z-B-salem-P4-S1000-G0.005,salem,Family Z-B,1024,1024,True
EXP-Z-B-salem-P4-S1000-G0.01,salem,Family Z-B,1024,1024,True
EXP-Z-A-salem-P4-S1001,salem,Family Z-A,1024,1024,True
EXP-Z-B-salem-P4-S1001-G0.0001,salem,Family Z-B,1024,1024,True
EXP-Z-B-salem-P4-S1001-G0.001,salem,Family Z-B,1024,1024,True
EXP-Z-B-salem-P4-S1001-G0.005,salem,Family Z-B,1024,1024,True
EXP-Z-B-salem-P4-S1001-G0.01,salem,Family Z-B,1024,1024,True
EXP-Z-A-salem-P4-S1002,salem,Family Z-A,1024,1024,True
EXP-Z-B-salem-P4-S1002-G0.0001,salem,Family Z-B,1024,1024,True
EXP-Z-B-salem-P4-S1002-G0.001,salem,Family Z-B,1024,1024,True
EXP-Z-B-salem-P4-S1002-G0.005,salem,Family Z-B,1024,1024,True
EXP-Z-B-salem-P4-S1002-G0.01,salem,Family Z-B,1024,1024,True
EXP-Z-A-salem-P4-S1003,salem,Family Z-A,1024,1024,True
EXP-Z-B-salem-P4-S1003-G0.0001,salem,Family Z-B,1024,1024,True
EXP-Z-B-salem-P4-S1003-G0.001,salem,Family Z-B,1024,1024,True
EXP-Z-B-salem-P4-S1003-G0.005,salem,Family Z-B,1024,1024,True
EXP-Z-B-salem-P4-S1003-G0.01,salem,Family Z-B,1024,1024,True
EXP-Z-A-salem-P4-S1004,salem,Family Z-A,1024,1024,True
EXP-Z-B-salem-P4-S1004-G0.0001,salem,Family Z-B,1024,1024,True
EXP-Z-B-salem-P4-S1004-G0.001,salem,Family Z-B,1024,1024,True
EXP-Z-B-salem-P4-S1004-G0.005,salem,Family Z-B,1024,1024,True
EXP-Z-B-salem-P4-S1004-G0.01,salem,Family Z-B,1024,1024,True
EXP-Z-A-salem-P5-S1000,salem,Family Z-A,1024,1024,True
EXP-Z-B-salem-P5-S1000-G0.0001,salem,Family Z-B,1024,1024,True
EXP-Z-B-salem-P5-S1000-G0.001,salem,Family Z-B,1024,1024,True
EXP-Z-B-salem-P5-S1000-G0.005,salem,Family Z-B,1024,1024,True
EXP-Z-B-salem-P5-S1000-G0.01,salem,Family Z-B,1024,1024,True
EXP-Z-A-salem-P5-S1001,salem,Family Z-A,1024,1024,True
EXP-Z-B-salem-P5-S1001-G0.0001,salem,Family Z-B,1024,1024,True
EXP-Z-B-salem-P5-S1001-G0.001,salem,Family Z-B,1024,1024,True
EXP-Z-B-salem-P5-S1001-G0.005,salem,Family Z-B,1024,1024,True
EXP-Z-B-salem-P5-S1001-G0.01,salem,Family Z-B,1024,1024,True
EXP-Z-A-salem-P5-S1002,salem,Family Z-A,1024,1024,True
EXP-Z-B-salem-P5-S1002-G0.0001,salem,Family Z-B,1024,1024,True
EXP-Z-B-salem-P5-S1002-G0.001,salem,Family Z-B,1024,1024,True
EXP-Z-B-salem-P5-S1002-G0.005,salem,Family Z-B,1024,1024,True
EXP-Z-B-salem-P5-S1002-G0.01,salem,Family Z-B,1024,1024,True
EXP-Z-A-salem-P5-S1003,salem,Family Z-A,1024,1024,True
EXP-Z-B-salem-P5-S1003-G0.0001,salem,Family Z-B,1024,1024,True
EXP-Z-B-salem-P5-S1003-G0.001,salem,Family Z-B,1024,1024,True
EXP-Z-B-salem-P5-S1003-G0.005,salem,Family Z-B,1024,1024,True
EXP-Z-B-salem-P5-S1003-G0.01,salem,Family Z-B,1024,1024,True
EXP-Z-A-salem-P5-S1004,salem,Family Z-A,1024,1024,True
EXP-Z-B-salem-P5-S1004-G0.0001,salem,Family Z-B,1024,1024,True
EXP-Z-B-salem-P5-S1004-G0.001,salem,Family Z-B,1024,1024,True
EXP-Z-B-salem-P5-S1004-G0.005,salem,Family Z-B,1024,1024,True
EXP-Z-B-salem-P5-S1004-G0.01,salem,Family Z-B,1024,1024,True
EXP-Z-A-sivaganga-P1-S1000,sivaganga,Family Z-A,1024,1024,True
EXP-Z-B-sivaganga-P1-S1000-G0.0001,sivaganga,Family Z-B,1024,1024,True
EXP-Z-B-sivaganga-P1-S1000-G0.001,sivaganga,Family Z-B,1024,1024,True
EXP-Z-B-sivaganga-P1-S1000-G0.005,sivaganga,Family Z-B,1024,1024,True
EXP-Z-B-sivaganga-P1-S1000-G0.01,sivaganga,Family Z-B,1024,1024,True
EXP-Z-A-sivaganga-P1-S1001,sivaganga,Family Z-A,1024,1024,True
EXP-Z-B-sivaganga-P1-S1001-G0.0001,sivaganga,Family Z-B,1024,1024,True
EXP-Z-B-sivaganga-P1-S1001-G0.001,sivaganga,Family Z-B,1024,1024,True
EXP-Z-B-sivaganga-P1-S1001-G0.005,sivaganga,Family Z-B,1024,1024,True
EXP-Z-B-sivaganga-P1-S1001-G0.01,sivaganga,Family Z-B,1024,1024,True
EXP-Z-A-sivaganga-P1-S1002,sivaganga,Family Z-A,1024,1024,True
EXP-Z-B-sivaganga-P1-S1002-G0.0001,sivaganga,Family Z-B,1024,1024,True
EXP-Z-B-sivaganga-P1-S1002-G0.001,sivaganga,Family Z-B,1024,1024,True
EXP-Z-B-sivaganga-P1-S1002-G0.005,sivaganga,Family Z-B,1024,1024,True
EXP-Z-B-sivaganga-P1-S1002-G0.01,sivaganga,Family Z-B,1024,1024,True
EXP-Z-A-sivaganga-P1-S1003,sivaganga,Family Z-A,1024,1024,True
EXP-Z-B-sivaganga-P1-S1003-G0.0001,sivaganga,Family Z-B,1024,1024,True
EXP-Z-B-sivaganga-P1-S1003-G0.001,sivaganga,Family Z-B,1024,1024,True
EXP-Z-B-sivaganga-P1-S1003-G0.005,sivaganga,Family Z-B,1024,1024,True
EXP-Z-B-sivaganga-P1-S1003-G0.01,sivaganga,Family Z-B,1024,1024,True
EXP-Z-A-sivaganga-P1-S1004,sivaganga,Family Z-A,1024,1024,True
EXP-Z-B-sivaganga-P1-S1004-G0.0001,sivaganga,Family Z-B,1024,1024,True
EXP-Z-B-sivaganga-P1-S1004-G0.001,sivaganga,Family Z-B,1024,1024,True
EXP-Z-B-sivaganga-P1-S1004-G0.005,sivaganga,Family Z-B,1024,1024,True
EXP-Z-B-sivaganga-P1-S1004-G0.01,sivaganga,Family Z-B,1024,1024,True
EXP-Z-A-sivaganga-P2-S1000,sivaganga,Family Z-A,1024,1024,True
EXP-Z-B-sivaganga-P2-S1000-G0.0001,sivaganga,Family Z-B,1024,1024,True
EXP-Z-B-sivaganga-P2-S1000-G0.001,sivaganga,Family Z-B,1024,1024,True
EXP-Z-B-sivaganga-P2-S1000-G0.005,sivaganga,Family Z-B,1024,1024,True
EXP-Z-B-sivaganga-P2-S1000-G0.01,sivaganga,Family Z-B,1024,1024,True
EXP-Z-A-sivaganga-P2-S1001,sivaganga,Family Z-A,1024,1024,True
EXP-Z-B-sivaganga-P2-S1001-G0.0001,sivaganga,Family Z-B,1024,1024,True
EXP-Z-B-sivaganga-P2-S1001-G0.001,sivaganga,Family Z-B,1024,1024,True
EXP-Z-B-sivaganga-P2-S1001-G0.005,sivaganga,Family Z-B,1024,1024,True
EXP-Z-B-sivaganga-P2-S1001-G0.01,sivaganga,Family Z-B,1024,1024,True
EXP-Z-A-sivaganga-P2-S1002,sivaganga,Family Z-A,1024,1024,True
EXP-Z-B-sivaganga-P2-S1002-G0.0001,sivaganga,Family Z-B,1024,1024,True
EXP-Z-B-sivaganga-P2-S1002-G0.001,sivaganga,Family Z-B,1024,1024,True
EXP-Z-B-sivaganga-P2-S1002-G0.005,sivaganga,Family Z-B,1024,1024,True
EXP-Z-B-sivaganga-P2-S1002-G0.01,sivaganga,Family Z-B,1024,1024,True
EXP-Z-A-sivaganga-P2-S1003,sivaganga,Family Z-A,1024,1024,True
EXP-Z-B-sivaganga-P2-S1003-G0.0001,sivaganga,Family Z-B,1024,1024,True
EXP-Z-B-sivaganga-P2-S1003-G0.001,sivaganga,Family Z-B,1024,1024,True
EXP-Z-B-sivaganga-P2-S1003-G0.005,sivaganga,Family Z-B,1024,1024,True
EXP-Z-B-sivaganga-P2-S1003-G0.01,sivaganga,Family Z-B,1024,1024,True
EXP-Z-A-sivaganga-P2-S1004,sivaganga,Family Z-A,1024,1024,True
EXP-Z-B-sivaganga-P2-S1004-G0.0001,sivaganga,Family Z-B,1024,1024,True
EXP-Z-B-sivaganga-P2-S1004-G0.001,sivaganga,Family Z-B,1024,1024,True
EXP-Z-B-sivaganga-P2-S1004-G0.005,sivaganga,Family Z-B,1024,1024,True
EXP-Z-B-sivaganga-P2-S1004-G0.01,sivaganga,Family Z-B,1024,1024,True
EXP-Z-A-sivaganga-P3-S1000,sivaganga,Family Z-A,1024,1024,True
EXP-Z-B-sivaganga-P3-S1000-G0.0001,sivaganga,Family Z-B,1024,1024,True
EXP-Z-B-sivaganga-P3-S1000-G0.001,sivaganga,Family Z-B,1024,1024,True
EXP-Z-B-sivaganga-P3-S1000-G0.005,sivaganga,Family Z-B,1024,1024,True
EXP-Z-B-sivaganga-P3-S1000-G0.01,sivaganga,Family Z-B,1024,1024,True
EXP-Z-A-sivaganga-P3-S1001,sivaganga,Family Z-A,1024,1024,True
EXP-Z-B-sivaganga-P3-S1001-G0.0001,sivaganga,Family Z-B,1024,1024,True
EXP-Z-B-sivaganga-P3-S1001-G0.001,sivaganga,Family Z-B,1024,1024,True
EXP-Z-B-sivaganga-P3-S1001-G0.005,sivaganga,Family Z-B,1024,1024,True
EXP-Z-B-sivaganga-P3-S1001-G0.01,sivaganga,Family Z-B,1024,1024,True
EXP-Z-A-sivaganga-P3-S1002,sivaganga,Family Z-A,1024,1024,True
EXP-Z-B-sivaganga-P3-S1002-G0.0001,sivaganga,Family Z-B,1024,1024,True
EXP-Z-B-sivaganga-P3-S1002-G0.001,sivaganga,Family Z-B,1024,1024,True
EXP-Z-B-sivaganga-P3-S1002-G0.005,sivaganga,Family Z-B,1024,1024,True
EXP-Z-B-sivaganga-P3-S1002-G0.01,sivaganga,Family Z-B,1024,1024,True
EXP-Z-A-sivaganga-P3-S1003,sivaganga,Family Z-A,1024,1024,True
EXP-Z-B-sivaganga-P3-S1003-G0.0001,sivaganga,Family Z-B,1024,1024,True
EXP-Z-B-sivaganga-P3-S1003-G0.001,sivaganga,Family Z-B,1024,1024,True
EXP-Z-B-sivaganga-P3-S1003-G0.005,sivaganga,Family Z-B,1024,1024,True
EXP-Z-B-sivaganga-P3-S1003-G0.01,sivaganga,Family Z-B,1024,1024,True
EXP-Z-A-sivaganga-P3-S1004,sivaganga,Family Z-A,1024,1024,True
EXP-Z-B-sivaganga-P3-S1004-G0.0001,sivaganga,Family Z-B,1024,1024,True
EXP-Z-B-sivaganga-P3-S1004-G0.001,sivaganga,Family Z-B,1024,1024,True
EXP-Z-B-sivaganga-P3-S1004-G0.005,sivaganga,Family Z-B,1024,1024,True
EXP-Z-B-sivaganga-P3-S1004-G0.01,sivaganga,Family Z-B,1024,1024,True
EXP-Z-A-sivaganga-P4-S1000,sivaganga,Family Z-A,1024,1024,True
EXP-Z-B-sivaganga-P4-S1000-G0.0001,sivaganga,Family Z-B,1024,1024,True
EXP-Z-B-sivaganga-P4-S1000-G0.001,sivaganga,Family Z-B,1024,1024,True
EXP-Z-B-sivaganga-P4-S1000-G0.005,sivaganga,Family Z-B,1024,1024,True
EXP-Z-B-sivaganga-P4-S1000-G0.01,sivaganga,Family Z-B,1024,1024,True
EXP-Z-A-sivaganga-P4-S1001,sivaganga,Family Z-A,1024,1024,True
EXP-Z-B-sivaganga-P4-S1001-G0.0001,sivaganga,Family Z-B,1024,1024,True
EXP-Z-B-sivaganga-P4-S1001-G0.001,sivaganga,Family Z-B,1024,1024,True
EXP-Z-B-sivaganga-P4-S1001-G0.005,sivaganga,Family Z-B,1024,1024,True
EXP-Z-B-sivaganga-P4-S1001-G0.01,sivaganga,Family Z-B,1024,1024,True
EXP-Z-A-sivaganga-P4-S1002,sivaganga,Family Z-A,1024,1024,True
EXP-Z-B-sivaganga-P4-S1002-G0.0001,sivaganga,Family Z-B,1024,1024,True
EXP-Z-B-sivaganga-P4-S1002-G0.001,sivaganga,Family Z-B,1024,1024,True
EXP-Z-B-sivaganga-P4-S1002-G0.005,sivaganga,Family Z-B,1024,1024,True
EXP-Z-B-sivaganga-P4-S1002-G0.01,sivaganga,Family Z-B,1024,1024,True
EXP-Z-A-sivaganga-P4-S1003,sivaganga,Family Z-A,1024,1024,True
EXP-Z-B-sivaganga-P4-S1003-G0.0001,sivaganga,Family Z-B,1024,1024,True
EXP-Z-B-sivaganga-P4-S1003-G0.001,sivaganga,Family Z-B,1024,1024,True
EXP-Z-B-sivaganga-P4-S1003-G0.005,sivaganga,Family Z-B,1024,1024,True
EXP-Z-B-sivaganga-P4-S1003-G0.01,sivaganga,Family Z-B,1024,1024,True
EXP-Z-A-sivaganga-P4-S1004,sivaganga,Family Z-A,1024,1024,True
EXP-Z-B-sivaganga-P4-S1004-G0.0001,sivaganga,Family Z-B,1024,1024,True
EXP-Z-B-sivaganga-P4-S1004-G0.001,sivaganga,Family Z-B,1024,1024,True
EXP-Z-B-sivaganga-P4-S1004-G0.005,sivaganga,Family Z-B,1024,1024,True
EXP-Z-B-sivaganga-P4-S1004-G0.01,sivaganga,Family Z-B,1024,1024,True
EXP-Z-A-sivaganga-P5-S1000,sivaganga,Family Z-A,1024,1024,True
EXP-Z-B-sivaganga-P5-S1000-G0.0001,sivaganga,Family Z-B,1024,1024,True
EXP-Z-B-sivaganga-P5-S1000-G0.001,sivaganga,Family Z-B,1024,1024,True
EXP-Z-B-sivaganga-P5-S1000-G0.005,sivaganga,Family Z-B,1024,1024,True
EXP-Z-B-sivaganga-P5-S1000-G0.01,sivaganga,Family Z-B,1024,1024,True
EXP-Z-A-sivaganga-P5-S1001,sivaganga,Family Z-A,1024,1024,True
EXP-Z-B-sivaganga-P5-S1001-G0.0001,sivaganga,Family Z-B,1024,1024,True
EXP-Z-B-sivaganga-P5-S1001-G0.001,sivaganga,Family Z-B,1024,1024,True
EXP-Z-B-sivaganga-P5-S1001-G0.005,sivaganga,Family Z-B,1024,1024,True
EXP-Z-B-sivaganga-P5-S1001-G0.01,sivaganga,Family Z-B,1024,1024,True
EXP-Z-A-sivaganga-P5-S1002,sivaganga,Family Z-A,1024,1024,True
EXP-Z-B-sivaganga-P5-S1002-G0.0001,sivaganga,Family Z-B,1024,1024,True
EXP-Z-B-sivaganga-P5-S1002-G0.001,sivaganga,Family Z-B,1024,1024,True
EXP-Z-B-sivaganga-P5-S1002-G0.005,sivaganga,Family Z-B,1024,1024,True
EXP-Z-B-sivaganga-P5-S1002-G0.01,sivaganga,Family Z-B,1024,1024,True
EXP-Z-A-sivaganga-P5-S1003,sivaganga,Family Z-A,1024,1024,True
EXP-Z-B-sivaganga-P5-S1003-G0.0001,sivaganga,Family Z-B,1024,1024,True
EXP-Z-B-sivaganga-P5-S1003-G0.001,sivaganga,Family Z-B,1024,1024,True
EXP-Z-B-sivaganga-P5-S1003-G0.005,sivaganga,Family Z-B,1024,1024,True
EXP-Z-B-sivaganga-P5-S1003-G0.01,sivaganga,Family Z-B,1024,1024,True
EXP-Z-A-sivaganga-P5-S1004,sivaganga,Family Z-A,1024,1024,True
EXP-Z-B-sivaganga-P5-S1004-G0.0001,sivaganga,Family Z-B,1024,1024,True
EXP-Z-B-sivaganga-P5-S1004-G0.001,sivaganga,Family Z-B,1024,1024,True
EXP-Z-B-sivaganga-P5-S1004-G0.005,sivaganga,Family Z-B,1024,1024,True
EXP-Z-B-sivaganga-P5-S1004-G0.01,sivaganga,Family Z-B,1024,1024,True
EXP-Z-A-tenkasi-P1-S1000,tenkasi,Family Z-A,1024,1024,True
EXP-Z-B-tenkasi-P1-S1000-G0.0001,tenkasi,Family Z-B,1024,1024,True
EXP-Z-B-tenkasi-P1-S1000-G0.001,tenkasi,Family Z-B,1024,1024,True
EXP-Z-B-tenkasi-P1-S1000-G0.005,tenkasi,Family Z-B,1024,1024,True
EXP-Z-B-tenkasi-P1-S1000-G0.01,tenkasi,Family Z-B,1024,1024,True
EXP-Z-A-tenkasi-P1-S1001,tenkasi,Family Z-A,1024,1024,True
EXP-Z-B-tenkasi-P1-S1001-G0.0001,tenkasi,Family Z-B,1024,1024,True
EXP-Z-B-tenkasi-P1-S1001-G0.001,tenkasi,Family Z-B,1024,1024,True
EXP-Z-B-tenkasi-P1-S1001-G0.005,tenkasi,Family Z-B,1024,1024,True
EXP-Z-B-tenkasi-P1-S1001-G0.01,tenkasi,Family Z-B,1024,1024,True
EXP-Z-A-tenkasi-P1-S1002,tenkasi,Family Z-A,1024,1024,True
EXP-Z-B-tenkasi-P1-S1002-G0.0001,tenkasi,Family Z-B,1024,1024,True
EXP-Z-B-tenkasi-P1-S1002-G0.001,tenkasi,Family Z-B,1024,1024,True
EXP-Z-B-tenkasi-P1-S1002-G0.005,tenkasi,Family Z-B,1024,1024,True
EXP-Z-B-tenkasi-P1-S1002-G0.01,tenkasi,Family Z-B,1024,1024,True
EXP-Z-A-tenkasi-P1-S1003,tenkasi,Family Z-A,1024,1024,True
EXP-Z-B-tenkasi-P1-S1003-G0.0001,tenkasi,Family Z-B,1024,1024,True
EXP-Z-B-tenkasi-P1-S1003-G0.001,tenkasi,Family Z-B,1024,1024,True
EXP-Z-B-tenkasi-P1-S1003-G0.005,tenkasi,Family Z-B,1024,1024,True
EXP-Z-B-tenkasi-P1-S1003-G0.01,tenkasi,Family Z-B,1024,1024,True
EXP-Z-A-tenkasi-P1-S1004,tenkasi,Family Z-A,1024,1024,True
EXP-Z-B-tenkasi-P1-S1004-G0.0001,tenkasi,Family Z-B,1024,1024,True
EXP-Z-B-tenkasi-P1-S1004-G0.001,tenkasi,Family Z-B,1024,1024,True
EXP-Z-B-tenkasi-P1-S1004-G0.005,tenkasi,Family Z-B,1024,1024,True
EXP-Z-B-tenkasi-P1-S1004-G0.01,tenkasi,Family Z-B,1024,1024,True
EXP-Z-A-tenkasi-P2-S1000,tenkasi,Family Z-A,1024,1024,True
EXP-Z-B-tenkasi-P2-S1000-G0.0001,tenkasi,Family Z-B,1024,1024,True
EXP-Z-B-tenkasi-P2-S1000-G0.001,tenkasi,Family Z-B,1024,1024,True
EXP-Z-B-tenkasi-P2-S1000-G0.005,tenkasi,Family Z-B,1024,1024,True
EXP-Z-B-tenkasi-P2-S1000-G0.01,tenkasi,Family Z-B,1024,1024,True
EXP-Z-A-tenkasi-P2-S1001,tenkasi,Family Z-A,1024,1024,True
EXP-Z-B-tenkasi-P2-S1001-G0.0001,tenkasi,Family Z-B,1024,1024,True
EXP-Z-B-tenkasi-P2-S1001-G0.001,tenkasi,Family Z-B,1024,1024,True
EXP-Z-B-tenkasi-P2-S1001-G0.005,tenkasi,Family Z-B,1024,1024,True
EXP-Z-B-tenkasi-P2-S1001-G0.01,tenkasi,Family Z-B,1024,1024,True
EXP-Z-A-tenkasi-P2-S1002,tenkasi,Family Z-A,1024,1024,True
EXP-Z-B-tenkasi-P2-S1002-G0.0001,tenkasi,Family Z-B,1024,1024,True
EXP-Z-B-tenkasi-P2-S1002-G0.001,tenkasi,Family Z-B,1024,1024,True
EXP-Z-B-tenkasi-P2-S1002-G0.005,tenkasi,Family Z-B,1024,1024,True
EXP-Z-B-tenkasi-P2-S1002-G0.01,tenkasi,Family Z-B,1024,1024,True
EXP-Z-A-tenkasi-P2-S1003,tenkasi,Family Z-A,1024,1024,True
EXP-Z-B-tenkasi-P2-S1003-G0.0001,tenkasi,Family Z-B,1024,1024,True
EXP-Z-B-tenkasi-P2-S1003-G0.001,tenkasi,Family Z-B,1024,1024,True
EXP-Z-B-tenkasi-P2-S1003-G0.005,tenkasi,Family Z-B,1024,1024,True
EXP-Z-B-tenkasi-P2-S1003-G0.01,tenkasi,Family Z-B,1024,1024,True
EXP-Z-A-tenkasi-P2-S1004,tenkasi,Family Z-A,1024,1024,True
EXP-Z-B-tenkasi-P2-S1004-G0.0001,tenkasi,Family Z-B,1024,1024,True
EXP-Z-B-tenkasi-P2-S1004-G0.001,tenkasi,Family Z-B,1024,1024,True
EXP-Z-B-tenkasi-P2-S1004-G0.005,tenkasi,Family Z-B,1024,1024,True
EXP-Z-B-tenkasi-P2-S1004-G0.01,tenkasi,Family Z-B,1024,1024,True
EXP-Z-A-tenkasi-P3-S1000,tenkasi,Family Z-A,1024,1024,True
EXP-Z-B-tenkasi-P3-S1000-G0.0001,tenkasi,Family Z-B,1024,1024,True
EXP-Z-B-tenkasi-P3-S1000-G0.001,tenkasi,Family Z-B,1024,1024,True
EXP-Z-B-tenkasi-P3-S1000-G0.005,tenkasi,Family Z-B,1024,1024,True
EXP-Z-B-tenkasi-P3-S1000-G0.01,tenkasi,Family Z-B,1024,1024,True
EXP-Z-A-tenkasi-P3-S1001,tenkasi,Family Z-A,1024,1024,True
EXP-Z-B-tenkasi-P3-S1001-G0.0001,tenkasi,Family Z-B,1024,1024,True
EXP-Z-B-tenkasi-P3-S1001-G0.001,tenkasi,Family Z-B,1024,1024,True
EXP-Z-B-tenkasi-P3-S1001-G0.005,tenkasi,Family Z-B,1024,1024,True
EXP-Z-B-tenkasi-P3-S1001-G0.01,tenkasi,Family Z-B,1024,1024,True
EXP-Z-A-tenkasi-P3-S1002,tenkasi,Family Z-A,1024,1024,True
EXP-Z-B-tenkasi-P3-S1002-G0.0001,tenkasi,Family Z-B,1024,1024,True
EXP-Z-B-tenkasi-P3-S1002-G0.001,tenkasi,Family Z-B,1024,1024,True
EXP-Z-B-tenkasi-P3-S1002-G0.005,tenkasi,Family Z-B,1024,1024,True
EXP-Z-B-tenkasi-P3-S1002-G0.01,tenkasi,Family Z-B,1024,1024,True
EXP-Z-A-tenkasi-P3-S1003,tenkasi,Family Z-A,1024,1024,True
EXP-Z-B-tenkasi-P3-S1003-G0.0001,tenkasi,Family Z-B,1024,1024,True
EXP-Z-B-tenkasi-P3-S1003-G0.001,tenkasi,Family Z-B,1024,1024,True
EXP-Z-B-tenkasi-P3-S1003-G0.005,tenkasi,Family Z-B,1024,1024,True
EXP-Z-B-tenkasi-P3-S1003-G0.01,tenkasi,Family Z-B,1024,1024,True
EXP-Z-A-tenkasi-P3-S1004,tenkasi,Family Z-A,1024,1024,True
EXP-Z-B-tenkasi-P3-S1004-G0.0001,tenkasi,Family Z-B,1024,1024,True
EXP-Z-B-tenkasi-P3-S1004-G0.001,tenkasi,Family Z-B,1024,1024,True
EXP-Z-B-tenkasi-P3-S1004-G0.005,tenkasi,Family Z-B,1024,1024,True
EXP-Z-B-tenkasi-P3-S1004-G0.01,tenkasi,Family Z-B,1024,1024,True
EXP-Z-A-tenkasi-P4-S1000,tenkasi,Family Z-A,1024,1024,True
EXP-Z-B-tenkasi-P4-S1000-G0.0001,tenkasi,Family Z-B,1024,1024,True
EXP-Z-B-tenkasi-P4-S1000-G0.001,tenkasi,Family Z-B,1024,1024,True
EXP-Z-B-tenkasi-P4-S1000-G0.005,tenkasi,Family Z-B,1024,1024,True
EXP-Z-B-tenkasi-P4-S1000-G0.01,tenkasi,Family Z-B,1024,1024,True
EXP-Z-A-tenkasi-P4-S1001,tenkasi,Family Z-A,1024,1024,True
EXP-Z-B-tenkasi-P4-S1001-G0.0001,tenkasi,Family Z-B,1024,1024,True
EXP-Z-B-tenkasi-P4-S1001-G0.001,tenkasi,Family Z-B,1024,1024,True
EXP-Z-B-tenkasi-P4-S1001-G0.005,tenkasi,Family Z-B,1024,1024,True
EXP-Z-B-tenkasi-P4-S1001-G0.01,tenkasi,Family Z-B,1024,1024,True
EXP-Z-A-tenkasi-P4-S1002,tenkasi,Family Z-A,1024,1024,True
EXP-Z-B-tenkasi-P4-S1002-G0.0001,tenkasi,Family Z-B,1024,1024,True
EXP-Z-B-tenkasi-P4-S1002-G0.001,tenkasi,Family Z-B,1024,1024,True
EXP-Z-B-tenkasi-P4-S1002-G0.005,tenkasi,Family Z-B,1024,1024,True
EXP-Z-B-tenkasi-P4-S1002-G0.01,tenkasi,Family Z-B,1024,1024,True
EXP-Z-A-tenkasi-P4-S1003,tenkasi,Family Z-A,1024,1024,True
EXP-Z-B-tenkasi-P4-S1003-G0.0001,tenkasi,Family Z-B,1024,1024,True
EXP-Z-B-tenkasi-P4-S1003-G0.001,tenkasi,Family Z-B,1024,1024,True
EXP-Z-B-tenkasi-P4-S1003-G0.005,tenkasi,Family Z-B,1024,1024,True
EXP-Z-B-tenkasi-P4-S1003-G0.01,tenkasi,Family Z-B,1024,1024,True
EXP-Z-A-tenkasi-P4-S1004,tenkasi,Family Z-A,1024,1024,True
EXP-Z-B-tenkasi-P4-S1004-G0.0001,tenkasi,Family Z-B,1024,1024,True
EXP-Z-B-tenkasi-P4-S1004-G0.001,tenkasi,Family Z-B,1024,1024,True
EXP-Z-B-tenkasi-P4-S1004-G0.005,tenkasi,Family Z-B,1024,1024,True
EXP-Z-B-tenkasi-P4-S1004-G0.01,tenkasi,Family Z-B,1024,1024,True
EXP-Z-A-tenkasi-P5-S1000,tenkasi,Family Z-A,1024,1024,True
EXP-Z-B-tenkasi-P5-S1000-G0.0001,tenkasi,Family Z-B,1024,1024,True
EXP-Z-B-tenkasi-P5-S1000-G0.001,tenkasi,Family Z-B,1024,1024,True
EXP-Z-B-tenkasi-P5-S1000-G0.005,tenkasi,Family Z-B,1024,1024,True
EXP-Z-B-tenkasi-P5-S1000-G0.01,tenkasi,Family Z-B,1024,1024,True
EXP-Z-A-tenkasi-P5-S1001,tenkasi,Family Z-A,1024,1024,True
EXP-Z-B-tenkasi-P5-S1001-G0.0001,tenkasi,Family Z-B,1024,1024,True
EXP-Z-B-tenkasi-P5-S1001-G0.001,tenkasi,Family Z-B,1024,1024,True
EXP-Z-B-tenkasi-P5-S1001-G0.005,tenkasi,Family Z-B,1024,1024,True
EXP-Z-B-tenkasi-P5-S1001-G0.01,tenkasi,Family Z-B,1024,1024,True
EXP-Z-A-tenkasi-P5-S1002,tenkasi,Family Z-A,1024,1024,True
EXP-Z-B-tenkasi-P5-S1002-G0.0001,tenkasi,Family Z-B,1024,1024,True
EXP-Z-B-tenkasi-P5-S1002-G0.001,tenkasi,Family Z-B,1024,1024,True
EXP-Z-B-tenkasi-P5-S1002-G0.005,tenkasi,Family Z-B,1024,1024,True
EXP-Z-B-tenkasi-P5-S1002-G0.01,tenkasi,Family Z-B,1024,1024,True
EXP-Z-A-tenkasi-P5-S1003,tenkasi,Family Z-A,1024,1024,True
EXP-Z-B-tenkasi-P5-S1003-G0.0001,tenkasi,Family Z-B,1024,1024,True
EXP-Z-B-tenkasi-P5-S1003-G0.001,tenkasi,Family Z-B,1024,1024,True
EXP-Z-B-tenkasi-P5-S1003-G0.005,tenkasi,Family Z-B,1024,1024,True
EXP-Z-B-tenkasi-P5-S1003-G0.01,tenkasi,Family Z-B,1024,1024,True
EXP-Z-A-tenkasi-P5-S1004,tenkasi,Family Z-A,1024,1024,True
EXP-Z-B-tenkasi-P5-S1004-G0.0001,tenkasi,Family Z-B,1024,1024,True
EXP-Z-B-tenkasi-P5-S1004-G0.001,tenkasi,Family Z-B,1024,1024,True
EXP-Z-B-tenkasi-P5-S1004-G0.005,tenkasi,Family Z-B,1024,1024,True
EXP-Z-B-tenkasi-P5-S1004-G0.01,tenkasi,Family Z-B,1024,1024,True
EXP-Z-A-thanjavur-P1-S1000,thanjavur,Family Z-A,1024,1024,True
EXP-Z-B-thanjavur-P1-S1000-G0.0001,thanjavur,Family Z-B,1024,1024,True
EXP-Z-B-thanjavur-P1-S1000-G0.001,thanjavur,Family Z-B,1024,1024,True
EXP-Z-B-thanjavur-P1-S1000-G0.005,thanjavur,Family Z-B,1024,1024,True
EXP-Z-B-thanjavur-P1-S1000-G0.01,thanjavur,Family Z-B,1024,1024,True
EXP-Z-A-thanjavur-P1-S1001,thanjavur,Family Z-A,1024,1024,True
EXP-Z-B-thanjavur-P1-S1001-G0.0001,thanjavur,Family Z-B,1024,1024,True
EXP-Z-B-thanjavur-P1-S1001-G0.001,thanjavur,Family Z-B,1024,1024,True
EXP-Z-B-thanjavur-P1-S1001-G0.005,thanjavur,Family Z-B,1024,1024,True
EXP-Z-B-thanjavur-P1-S1001-G0.01,thanjavur,Family Z-B,1024,1024,True
EXP-Z-A-thanjavur-P1-S1002,thanjavur,Family Z-A,1024,1024,True
EXP-Z-B-thanjavur-P1-S1002-G0.0001,thanjavur,Family Z-B,1024,1024,True
EXP-Z-B-thanjavur-P1-S1002-G0.001,thanjavur,Family Z-B,1024,1024,True
EXP-Z-B-thanjavur-P1-S1002-G0.005,thanjavur,Family Z-B,1024,1024,True
EXP-Z-B-thanjavur-P1-S1002-G0.01,thanjavur,Family Z-B,1024,1024,True
EXP-Z-A-thanjavur-P1-S1003,thanjavur,Family Z-A,1024,1024,True
EXP-Z-B-thanjavur-P1-S1003-G0.0001,thanjavur,Family Z-B,1024,1024,True
EXP-Z-B-thanjavur-P1-S1003-G0.001,thanjavur,Family Z-B,1024,1024,True
EXP-Z-B-thanjavur-P1-S1003-G0.005,thanjavur,Family Z-B,1024,1024,True
EXP-Z-B-thanjavur-P1-S1003-G0.01,thanjavur,Family Z-B,1024,1024,True
EXP-Z-A-thanjavur-P1-S1004,thanjavur,Family Z-A,1024,1024,True
EXP-Z-B-thanjavur-P1-S1004-G0.0001,thanjavur,Family Z-B,1024,1024,True
EXP-Z-B-thanjavur-P1-S1004-G0.001,thanjavur,Family Z-B,1024,1024,True
EXP-Z-B-thanjavur-P1-S1004-G0.005,thanjavur,Family Z-B,1024,1024,True
EXP-Z-B-thanjavur-P1-S1004-G0.01,thanjavur,Family Z-B,1024,1024,True
EXP-Z-A-thanjavur-P2-S1000,thanjavur,Family Z-A,1024,1024,True
EXP-Z-B-thanjavur-P2-S1000-G0.0001,thanjavur,Family Z-B,1024,1024,True
EXP-Z-B-thanjavur-P2-S1000-G0.001,thanjavur,Family Z-B,1024,1024,True
EXP-Z-B-thanjavur-P2-S1000-G0.005,thanjavur,Family Z-B,1024,1024,True
EXP-Z-B-thanjavur-P2-S1000-G0.01,thanjavur,Family Z-B,1024,1024,True
EXP-Z-A-thanjavur-P2-S1001,thanjavur,Family Z-A,1024,1024,True
EXP-Z-B-thanjavur-P2-S1001-G0.0001,thanjavur,Family Z-B,1024,1024,True
EXP-Z-B-thanjavur-P2-S1001-G0.001,thanjavur,Family Z-B,1024,1024,True
EXP-Z-B-thanjavur-P2-S1001-G0.005,thanjavur,Family Z-B,1024,1024,True
EXP-Z-B-thanjavur-P2-S1001-G0.01,thanjavur,Family Z-B,1024,1024,True
EXP-Z-A-thanjavur-P2-S1002,thanjavur,Family Z-A,1024,1024,True
EXP-Z-B-thanjavur-P2-S1002-G0.0001,thanjavur,Family Z-B,1024,1024,True
EXP-Z-B-thanjavur-P2-S1002-G0.001,thanjavur,Family Z-B,1024,1024,True
EXP-Z-B-thanjavur-P2-S1002-G0.005,thanjavur,Family Z-B,1024,1024,True
EXP-Z-B-thanjavur-P2-S1002-G0.01,thanjavur,Family Z-B,1024,1024,True
EXP-Z-A-thanjavur-P2-S1003,thanjavur,Family Z-A,1024,1024,True
EXP-Z-B-thanjavur-P2-S1003-G0.0001,thanjavur,Family Z-B,1024,1024,True
EXP-Z-B-thanjavur-P2-S1003-G0.001,thanjavur,Family Z-B,1024,1024,True
EXP-Z-B-thanjavur-P2-S1003-G0.005,thanjavur,Family Z-B,1024,1024,True
EXP-Z-B-thanjavur-P2-S1003-G0.01,thanjavur,Family Z-B,1024,1024,True
EXP-Z-A-thanjavur-P2-S1004,thanjavur,Family Z-A,1024,1024,True
EXP-Z-B-thanjavur-P2-S1004-G0.0001,thanjavur,Family Z-B,1024,1024,True
EXP-Z-B-thanjavur-P2-S1004-G0.001,thanjavur,Family Z-B,1024,1024,True
EXP-Z-B-thanjavur-P2-S1004-G0.005,thanjavur,Family Z-B,1024,1024,True
EXP-Z-B-thanjavur-P2-S1004-G0.01,thanjavur,Family Z-B,1024,1024,True
EXP-Z-A-thanjavur-P3-S1000,thanjavur,Family Z-A,1024,1024,True
EXP-Z-B-thanjavur-P3-S1000-G0.0001,thanjavur,Family Z-B,1024,1024,True
EXP-Z-B-thanjavur-P3-S1000-G0.001,thanjavur,Family Z-B,1024,1024,True
EXP-Z-B-thanjavur-P3-S1000-G0.005,thanjavur,Family Z-B,1024,1024,True
EXP-Z-B-thanjavur-P3-S1000-G0.01,thanjavur,Family Z-B,1024,1024,True
EXP-Z-A-thanjavur-P3-S1001,thanjavur,Family Z-A,1024,1024,True
EXP-Z-B-thanjavur-P3-S1001-G0.0001,thanjavur,Family Z-B,1024,1024,True
EXP-Z-B-thanjavur-P3-S1001-G0.001,thanjavur,Family Z-B,1024,1024,True
EXP-Z-B-thanjavur-P3-S1001-G0.005,thanjavur,Family Z-B,1024,1024,True
EXP-Z-B-thanjavur-P3-S1001-G0.01,thanjavur,Family Z-B,1024,1024,True
EXP-Z-A-thanjavur-P3-S1002,thanjavur,Family Z-A,1024,1024,True
EXP-Z-B-thanjavur-P3-S1002-G0.0001,thanjavur,Family Z-B,1024,1024,True
EXP-Z-B-thanjavur-P3-S1002-G0.001,thanjavur,Family Z-B,1024,1024,True
EXP-Z-B-thanjavur-P3-S1002-G0.005,thanjavur,Family Z-B,1024,1024,True
EXP-Z-B-thanjavur-P3-S1002-G0.01,thanjavur,Family Z-B,1024,1024,True
EXP-Z-A-thanjavur-P3-S1003,thanjavur,Family Z-A,1024,1024,True
EXP-Z-B-thanjavur-P3-S1003-G0.0001,thanjavur,Family Z-B,1024,1024,True
EXP-Z-B-thanjavur-P3-S1003-G0.001,thanjavur,Family Z-B,1024,1024,True
EXP-Z-B-thanjavur-P3-S1003-G0.005,thanjavur,Family Z-B,1024,1024,True
EXP-Z-B-thanjavur-P3-S1003-G0.01,thanjavur,Family Z-B,1024,1024,True
EXP-Z-A-thanjavur-P3-S1004,thanjavur,Family Z-A,1024,1024,True
EXP-Z-B-thanjavur-P3-S1004-G0.0001,thanjavur,Family Z-B,1024,1024,True
EXP-Z-B-thanjavur-P3-S1004-G0.001,thanjavur,Family Z-B,1024,1024,True
EXP-Z-B-thanjavur-P3-S1004-G0.005,thanjavur,Family Z-B,1024,1024,True
EXP-Z-B-thanjavur-P3-S1004-G0.01,thanjavur,Family Z-B,1024,1024,True
EXP-Z-A-thanjavur-P4-S1000,thanjavur,Family Z-A,1024,1024,True
EXP-Z-B-thanjavur-P4-S1000-G0.0001,thanjavur,Family Z-B,1024,1024,True
EXP-Z-B-thanjavur-P4-S1000-G0.001,thanjavur,Family Z-B,1024,1024,True
EXP-Z-B-thanjavur-P4-S1000-G0.005,thanjavur,Family Z-B,1024,1024,True
EXP-Z-B-thanjavur-P4-S1000-G0.01,thanjavur,Family Z-B,1024,1024,True
EXP-Z-A-thanjavur-P4-S1001,thanjavur,Family Z-A,1024,1024,True
EXP-Z-B-thanjavur-P4-S1001-G0.0001,thanjavur,Family Z-B,1024,1024,True
EXP-Z-B-thanjavur-P4-S1001-G0.001,thanjavur,Family Z-B,1024,1024,True
EXP-Z-B-thanjavur-P4-S1001-G0.005,thanjavur,Family Z-B,1024,1024,True
EXP-Z-B-thanjavur-P4-S1001-G0.01,thanjavur,Family Z-B,1024,1024,True
EXP-Z-A-thanjavur-P4-S1002,thanjavur,Family Z-A,1024,1024,True
EXP-Z-B-thanjavur-P4-S1002-G0.0001,thanjavur,Family Z-B,1024,1024,True
EXP-Z-B-thanjavur-P4-S1002-G0.001,thanjavur,Family Z-B,1024,1024,True
EXP-Z-B-thanjavur-P4-S1002-G0.005,thanjavur,Family Z-B,1024,1024,True
EXP-Z-B-thanjavur-P4-S1002-G0.01,thanjavur,Family Z-B,1024,1024,True
EXP-Z-A-thanjavur-P4-S1003,thanjavur,Family Z-A,1024,1024,True
EXP-Z-B-thanjavur-P4-S1003-G0.0001,thanjavur,Family Z-B,1024,1024,True
EXP-Z-B-thanjavur-P4-S1003-G0.001,thanjavur,Family Z-B,1024,1024,True
EXP-Z-B-thanjavur-P4-S1003-G0.005,thanjavur,Family Z-B,1024,1024,True
EXP-Z-B-thanjavur-P4-S1003-G0.01,thanjavur,Family Z-B,1024,1024,True
EXP-Z-A-thanjavur-P4-S1004,thanjavur,Family Z-A,1024,1024,True
EXP-Z-B-thanjavur-P4-S1004-G0.0001,thanjavur,Family Z-B,1024,1024,True
EXP-Z-B-thanjavur-P4-S1004-G0.001,thanjavur,Family Z-B,1024,1024,True
EXP-Z-B-thanjavur-P4-S1004-G0.005,thanjavur,Family Z-B,1024,1024,True
EXP-Z-B-thanjavur-P4-S1004-G0.01,thanjavur,Family Z-B,1024,1024,True
EXP-Z-A-thanjavur-P5-S1000,thanjavur,Family Z-A,1024,1024,True
EXP-Z-B-thanjavur-P5-S1000-G0.0001,thanjavur,Family Z-B,1024,1024,True
EXP-Z-B-thanjavur-P5-S1000-G0.001,thanjavur,Family Z-B,1024,1024,True
EXP-Z-B-thanjavur-P5-S1000-G0.005,thanjavur,Family Z-B,1024,1024,True
EXP-Z-B-thanjavur-P5-S1000-G0.01,thanjavur,Family Z-B,1024,1024,True
EXP-Z-A-thanjavur-P5-S1001,thanjavur,Family Z-A,1024,1024,True
EXP-Z-B-thanjavur-P5-S1001-G0.0001,thanjavur,Family Z-B,1024,1024,True
EXP-Z-B-thanjavur-P5-S1001-G0.001,thanjavur,Family Z-B,1024,1024,True
EXP-Z-B-thanjavur-P5-S1001-G0.005,thanjavur,Family Z-B,1024,1024,True
EXP-Z-B-thanjavur-P5-S1001-G0.01,thanjavur,Family Z-B,1024,1024,True
EXP-Z-A-thanjavur-P5-S1002,thanjavur,Family Z-A,1024,1024,True
EXP-Z-B-thanjavur-P5-S1002-G0.0001,thanjavur,Family Z-B,1024,1024,True
EXP-Z-B-thanjavur-P5-S1002-G0.001,thanjavur,Family Z-B,1024,1024,True
EXP-Z-B-thanjavur-P5-S1002-G0.005,thanjavur,Family Z-B,1024,1024,True
EXP-Z-B-thanjavur-P5-S1002-G0.01,thanjavur,Family Z-B,1024,1024,True
EXP-Z-A-thanjavur-P5-S1003,thanjavur,Family Z-A,1024,1024,True
EXP-Z-B-thanjavur-P5-S1003-G0.0001,thanjavur,Family Z-B,1024,1024,True
EXP-Z-B-thanjavur-P5-S1003-G0.001,thanjavur,Family Z-B,1024,1024,True
EXP-Z-B-thanjavur-P5-S1003-G0.005,thanjavur,Family Z-B,1024,1024,True
EXP-Z-B-thanjavur-P5-S1003-G0.01,thanjavur,Family Z-B,1024,1024,True
EXP-Z-A-thanjavur-P5-S1004,thanjavur,Family Z-A,1024,1024,True
EXP-Z-B-thanjavur-P5-S1004-G0.0001,thanjavur,Family Z-B,1024,1024,True
EXP-Z-B-thanjavur-P5-S1004-G0.001,thanjavur,Family Z-B,1024,1024,True
EXP-Z-B-thanjavur-P5-S1004-G0.005,thanjavur,Family Z-B,1024,1024,True
EXP-Z-B-thanjavur-P5-S1004-G0.01,thanjavur,Family Z-B,1024,1024,True
EXP-Z-A-theni-P1-S1000,theni,Family Z-A,1024,1024,True
EXP-Z-B-theni-P1-S1000-G0.0001,theni,Family Z-B,1024,1024,True
EXP-Z-B-theni-P1-S1000-G0.001,theni,Family Z-B,1024,1024,True
EXP-Z-B-theni-P1-S1000-G0.005,theni,Family Z-B,1024,1024,True
EXP-Z-B-theni-P1-S1000-G0.01,theni,Family Z-B,1024,1024,True
EXP-Z-A-theni-P1-S1001,theni,Family Z-A,1024,1024,True
EXP-Z-B-theni-P1-S1001-G0.0001,theni,Family Z-B,1024,1024,True
EXP-Z-B-theni-P1-S1001-G0.001,theni,Family Z-B,1024,1024,True
EXP-Z-B-theni-P1-S1001-G0.005,theni,Family Z-B,1024,1024,True
EXP-Z-B-theni-P1-S1001-G0.01,theni,Family Z-B,1024,1024,True
EXP-Z-A-theni-P1-S1002,theni,Family Z-A,1024,1024,True
EXP-Z-B-theni-P1-S1002-G0.0001,theni,Family Z-B,1024,1024,True
EXP-Z-B-theni-P1-S1002-G0.001,theni,Family Z-B,1024,1024,True
EXP-Z-B-theni-P1-S1002-G0.005,theni,Family Z-B,1024,1024,True
EXP-Z-B-theni-P1-S1002-G0.01,theni,Family Z-B,1024,1024,True
EXP-Z-A-theni-P1-S1003,theni,Family Z-A,1024,1024,True
EXP-Z-B-theni-P1-S1003-G0.0001,theni,Family Z-B,1024,1024,True
EXP-Z-B-theni-P1-S1003-G0.001,theni,Family Z-B,1024,1024,True
EXP-Z-B-theni-P1-S1003-G0.005,theni,Family Z-B,1024,1024,True
EXP-Z-B-theni-P1-S1003-G0.01,theni,Family Z-B,1024,1024,True
EXP-Z-A-theni-P1-S1004,theni,Family Z-A,1024,1024,True
EXP-Z-B-theni-P1-S1004-G0.0001,theni,Family Z-B,1024,1024,True
EXP-Z-B-theni-P1-S1004-G0.001,theni,Family Z-B,1024,1024,True
EXP-Z-B-theni-P1-S1004-G0.005,theni,Family Z-B,1024,1024,True
EXP-Z-B-theni-P1-S1004-G0.01,theni,Family Z-B,1024,1024,True
EXP-Z-A-theni-P2-S1000,theni,Family Z-A,1024,1024,True
EXP-Z-B-theni-P2-S1000-G0.0001,theni,Family Z-B,1024,1024,True
EXP-Z-B-theni-P2-S1000-G0.001,theni,Family Z-B,1024,1024,True
EXP-Z-B-theni-P2-S1000-G0.005,theni,Family Z-B,1024,1024,True
EXP-Z-B-theni-P2-S1000-G0.01,theni,Family Z-B,1024,1024,True
EXP-Z-A-theni-P2-S1001,theni,Family Z-A,1024,1024,True
EXP-Z-B-theni-P2-S1001-G0.0001,theni,Family Z-B,1024,1024,True
EXP-Z-B-theni-P2-S1001-G0.001,theni,Family Z-B,1024,1024,True
EXP-Z-B-theni-P2-S1001-G0.005,theni,Family Z-B,1024,1024,True
EXP-Z-B-theni-P2-S1001-G0.01,theni,Family Z-B,1024,1024,True
EXP-Z-A-theni-P2-S1002,theni,Family Z-A,1024,1024,True
EXP-Z-B-theni-P2-S1002-G0.0001,theni,Family Z-B,1024,1024,True
EXP-Z-B-theni-P2-S1002-G0.001,theni,Family Z-B,1024,1024,True
EXP-Z-B-theni-P2-S1002-G0.005,theni,Family Z-B,1024,1024,True
EXP-Z-B-theni-P2-S1002-G0.01,theni,Family Z-B,1024,1024,True
EXP-Z-A-theni-P2-S1003,theni,Family Z-A,1024,1024,True
EXP-Z-B-theni-P2-S1003-G0.0001,theni,Family Z-B,1024,1024,True
EXP-Z-B-theni-P2-S1003-G0.001,theni,Family Z-B,1024,1024,True
EXP-Z-B-theni-P2-S1003-G0.005,theni,Family Z-B,1024,1024,True
EXP-Z-B-theni-P2-S1003-G0.01,theni,Family Z-B,1024,1024,True
EXP-Z-A-theni-P2-S1004,theni,Family Z-A,1024,1024,True
EXP-Z-B-theni-P2-S1004-G0.0001,theni,Family Z-B,1024,1024,True
EXP-Z-B-theni-P2-S1004-G0.001,theni,Family Z-B,1024,1024,True
EXP-Z-B-theni-P2-S1004-G0.005,theni,Family Z-B,1024,1024,True
EXP-Z-B-theni-P2-S1004-G0.01,theni,Family Z-B,1024,1024,True
EXP-Z-A-theni-P3-S1000,theni,Family Z-A,1024,1024,True
EXP-Z-B-theni-P3-S1000-G0.0001,theni,Family Z-B,1024,1024,True
EXP-Z-B-theni-P3-S1000-G0.001,theni,Family Z-B,1024,1024,True
EXP-Z-B-theni-P3-S1000-G0.005,theni,Family Z-B,1024,1024,True
EXP-Z-B-theni-P3-S1000-G0.01,theni,Family Z-B,1024,1024,True
EXP-Z-A-theni-P3-S1001,theni,Family Z-A,1024,1024,True
EXP-Z-B-theni-P3-S1001-G0.0001,theni,Family Z-B,1024,1024,True
EXP-Z-B-theni-P3-S1001-G0.001,theni,Family Z-B,1024,1024,True
EXP-Z-B-theni-P3-S1001-G0.005,theni,Family Z-B,1024,1024,True
EXP-Z-B-theni-P3-S1001-G0.01,theni,Family Z-B,1024,1024,True
EXP-Z-A-theni-P3-S1002,theni,Family Z-A,1024,1024,True
EXP-Z-B-theni-P3-S1002-G0.0001,theni,Family Z-B,1024,1024,True
EXP-Z-B-theni-P3-S1002-G0.001,theni,Family Z-B,1024,1024,True
EXP-Z-B-theni-P3-S1002-G0.005,theni,Family Z-B,1024,1024,True
EXP-Z-B-theni-P3-S1002-G0.01,theni,Family Z-B,1024,1024,True
EXP-Z-A-theni-P3-S1003,theni,Family Z-A,1024,1024,True
EXP-Z-B-theni-P3-S1003-G0.0001,theni,Family Z-B,1024,1024,True
EXP-Z-B-theni-P3-S1003-G0.001,theni,Family Z-B,1024,1024,True
EXP-Z-B-theni-P3-S1003-G0.005,theni,Family Z-B,1024,1024,True
EXP-Z-B-theni-P3-S1003-G0.01,theni,Family Z-B,1024,1024,True
EXP-Z-A-theni-P3-S1004,theni,Family Z-A,1024,1024,True
EXP-Z-B-theni-P3-S1004-G0.0001,theni,Family Z-B,1024,1024,True
EXP-Z-B-theni-P3-S1004-G0.001,theni,Family Z-B,1024,1024,True
EXP-Z-B-theni-P3-S1004-G0.005,theni,Family Z-B,1024,1024,True
EXP-Z-B-theni-P3-S1004-G0.01,theni,Family Z-B,1024,1024,True
EXP-Z-A-theni-P4-S1000,theni,Family Z-A,1024,1024,True
EXP-Z-B-theni-P4-S1000-G0.0001,theni,Family Z-B,1024,1024,True
EXP-Z-B-theni-P4-S1000-G0.001,theni,Family Z-B,1024,1024,True
EXP-Z-B-theni-P4-S1000-G0.005,theni,Family Z-B,1024,1024,True
EXP-Z-B-theni-P4-S1000-G0.01,theni,Family Z-B,1024,1024,True
EXP-Z-A-theni-P4-S1001,theni,Family Z-A,1024,1024,True
EXP-Z-B-theni-P4-S1001-G0.0001,theni,Family Z-B,1024,1024,True
EXP-Z-B-theni-P4-S1001-G0.001,theni,Family Z-B,1024,1024,True
EXP-Z-B-theni-P4-S1001-G0.005,theni,Family Z-B,1024,1024,True
EXP-Z-B-theni-P4-S1001-G0.01,theni,Family Z-B,1024,1024,True
EXP-Z-A-theni-P4-S1002,theni,Family Z-A,1024,1024,True
EXP-Z-B-theni-P4-S1002-G0.0001,theni,Family Z-B,1024,1024,True
EXP-Z-B-theni-P4-S1002-G0.001,theni,Family Z-B,1024,1024,True
EXP-Z-B-theni-P4-S1002-G0.005,theni,Family Z-B,1024,1024,True
EXP-Z-B-theni-P4-S1002-G0.01,theni,Family Z-B,1024,1024,True
EXP-Z-A-theni-P4-S1003,theni,Family Z-A,1024,1024,True
EXP-Z-B-theni-P4-S1003-G0.0001,theni,Family Z-B,1024,1024,True
EXP-Z-B-theni-P4-S1003-G0.001,theni,Family Z-B,1024,1024,True
EXP-Z-B-theni-P4-S1003-G0.005,theni,Family Z-B,1024,1024,True
EXP-Z-B-theni-P4-S1003-G0.01,theni,Family Z-B,1024,1024,True
EXP-Z-A-theni-P4-S1004,theni,Family Z-A,1024,1024,True
EXP-Z-B-theni-P4-S1004-G0.0001,theni,Family Z-B,1024,1024,True
EXP-Z-B-theni-P4-S1004-G0.001,theni,Family Z-B,1024,1024,True
EXP-Z-B-theni-P4-S1004-G0.005,theni,Family Z-B,1024,1024,True
EXP-Z-B-theni-P4-S1004-G0.01,theni,Family Z-B,1024,1024,True
EXP-Z-A-theni-P5-S1000,theni,Family Z-A,1024,1024,True
EXP-Z-B-theni-P5-S1000-G0.0001,theni,Family Z-B,1024,1024,True
EXP-Z-B-theni-P5-S1000-G0.001,theni,Family Z-B,1024,1024,True
EXP-Z-B-theni-P5-S1000-G0.005,theni,Family Z-B,1024,1024,True
EXP-Z-B-theni-P5-S1000-G0.01,theni,Family Z-B,1024,1024,True
EXP-Z-A-theni-P5-S1001,theni,Family Z-A,1024,1024,True
EXP-Z-B-theni-P5-S1001-G0.0001,theni,Family Z-B,1024,1024,True
EXP-Z-B-theni-P5-S1001-G0.001,theni,Family Z-B,1024,1024,True
EXP-Z-B-theni-P5-S1001-G0.005,theni,Family Z-B,1024,1024,True
EXP-Z-B-theni-P5-S1001-G0.01,theni,Family Z-B,1024,1024,True
EXP-Z-A-theni-P5-S1002,theni,Family Z-A,1024,1024,True
EXP-Z-B-theni-P5-S1002-G0.0001,theni,Family Z-B,1024,1024,True
EXP-Z-B-theni-P5-S1002-G0.001,theni,Family Z-B,1024,1024,True
EXP-Z-B-theni-P5-S1002-G0.005,theni,Family Z-B,1024,1024,True
EXP-Z-B-theni-P5-S1002-G0.01,theni,Family Z-B,1024,1024,True
EXP-Z-A-theni-P5-S1003,theni,Family Z-A,1024,1024,True
EXP-Z-B-theni-P5-S1003-G0.0001,theni,Family Z-B,1024,1024,True
EXP-Z-B-theni-P5-S1003-G0.001,theni,Family Z-B,1024,1024,True
EXP-Z-B-theni-P5-S1003-G0.005,theni,Family Z-B,1024,1024,True
EXP-Z-B-theni-P5-S1003-G0.01,theni,Family Z-B,1024,1024,True
EXP-Z-A-theni-P5-S1004,theni,Family Z-A,1024,1024,True
EXP-Z-B-theni-P5-S1004-G0.0001,theni,Family Z-B,1024,1024,True
EXP-Z-B-theni-P5-S1004-G0.001,theni,Family Z-B,1024,1024,True
EXP-Z-B-theni-P5-S1004-G0.005,theni,Family Z-B,1024,1024,True
EXP-Z-B-theni-P5-S1004-G0.01,theni,Family Z-B,1024,1024,True
EXP-Z-A-thoothukudi-P1-S1000,thoothukudi,Family Z-A,1024,1024,True
EXP-Z-B-thoothukudi-P1-S1000-G0.0001,thoothukudi,Family Z-B,1024,1024,True
EXP-Z-B-thoothukudi-P1-S1000-G0.001,thoothukudi,Family Z-B,1024,1024,True
EXP-Z-B-thoothukudi-P1-S1000-G0.005,thoothukudi,Family Z-B,1024,1024,True
EXP-Z-B-thoothukudi-P1-S1000-G0.01,thoothukudi,Family Z-B,1024,1024,True
EXP-Z-A-thoothukudi-P1-S1001,thoothukudi,Family Z-A,1024,1024,True
EXP-Z-B-thoothukudi-P1-S1001-G0.0001,thoothukudi,Family Z-B,1024,1024,True
EXP-Z-B-thoothukudi-P1-S1001-G0.001,thoothukudi,Family Z-B,1024,1024,True
EXP-Z-B-thoothukudi-P1-S1001-G0.005,thoothukudi,Family Z-B,1024,1024,True
EXP-Z-B-thoothukudi-P1-S1001-G0.01,thoothukudi,Family Z-B,1024,1024,True
EXP-Z-A-thoothukudi-P1-S1002,thoothukudi,Family Z-A,1024,1024,True
EXP-Z-B-thoothukudi-P1-S1002-G0.0001,thoothukudi,Family Z-B,1024,1024,True
EXP-Z-B-thoothukudi-P1-S1002-G0.001,thoothukudi,Family Z-B,1024,1024,True
EXP-Z-B-thoothukudi-P1-S1002-G0.005,thoothukudi,Family Z-B,1024,1024,True
EXP-Z-B-thoothukudi-P1-S1002-G0.01,thoothukudi,Family Z-B,1024,1024,True
EXP-Z-A-thoothukudi-P1-S1003,thoothukudi,Family Z-A,1024,1024,True
EXP-Z-B-thoothukudi-P1-S1003-G0.0001,thoothukudi,Family Z-B,1024,1024,True
EXP-Z-B-thoothukudi-P1-S1003-G0.001,thoothukudi,Family Z-B,1024,1024,True
EXP-Z-B-thoothukudi-P1-S1003-G0.005,thoothukudi,Family Z-B,1024,1024,True
EXP-Z-B-thoothukudi-P1-S1003-G0.01,thoothukudi,Family Z-B,1024,1024,True
EXP-Z-A-thoothukudi-P1-S1004,thoothukudi,Family Z-A,1024,1024,True
EXP-Z-B-thoothukudi-P1-S1004-G0.0001,thoothukudi,Family Z-B,1024,1024,True
EXP-Z-B-thoothukudi-P1-S1004-G0.001,thoothukudi,Family Z-B,1024,1024,True
EXP-Z-B-thoothukudi-P1-S1004-G0.005,thoothukudi,Family Z-B,1024,1024,True
EXP-Z-B-thoothukudi-P1-S1004-G0.01,thoothukudi,Family Z-B,1024,1024,True
EXP-Z-A-thoothukudi-P2-S1000,thoothukudi,Family Z-A,1024,1024,True
EXP-Z-B-thoothukudi-P2-S1000-G0.0001,thoothukudi,Family Z-B,1024,1024,True
EXP-Z-B-thoothukudi-P2-S1000-G0.001,thoothukudi,Family Z-B,1024,1024,True
EXP-Z-B-thoothukudi-P2-S1000-G0.005,thoothukudi,Family Z-B,1024,1024,True
EXP-Z-B-thoothukudi-P2-S1000-G0.01,thoothukudi,Family Z-B,1024,1024,True
EXP-Z-A-thoothukudi-P2-S1001,thoothukudi,Family Z-A,1024,1024,True
EXP-Z-B-thoothukudi-P2-S1001-G0.0001,thoothukudi,Family Z-B,1024,1024,True
EXP-Z-B-thoothukudi-P2-S1001-G0.001,thoothukudi,Family Z-B,1024,1024,True
EXP-Z-B-thoothukudi-P2-S1001-G0.005,thoothukudi,Family Z-B,1024,1024,True
EXP-Z-B-thoothukudi-P2-S1001-G0.01,thoothukudi,Family Z-B,1024,1024,True
EXP-Z-A-thoothukudi-P2-S1002,thoothukudi,Family Z-A,1024,1024,True
EXP-Z-B-thoothukudi-P2-S1002-G0.0001,thoothukudi,Family Z-B,1024,1024,True
EXP-Z-B-thoothukudi-P2-S1002-G0.001,thoothukudi,Family Z-B,1024,1024,True
EXP-Z-B-thoothukudi-P2-S1002-G0.005,thoothukudi,Family Z-B,1024,1024,True
EXP-Z-B-thoothukudi-P2-S1002-G0.01,thoothukudi,Family Z-B,1024,1024,True
EXP-Z-A-thoothukudi-P2-S1003,thoothukudi,Family Z-A,1024,1024,True
EXP-Z-B-thoothukudi-P2-S1003-G0.0001,thoothukudi,Family Z-B,1024,1024,True
EXP-Z-B-thoothukudi-P2-S1003-G0.001,thoothukudi,Family Z-B,1024,1024,True
EXP-Z-B-thoothukudi-P2-S1003-G0.005,thoothukudi,Family Z-B,1024,1024,True
EXP-Z-B-thoothukudi-P2-S1003-G0.01,thoothukudi,Family Z-B,1024,1024,True
EXP-Z-A-thoothukudi-P2-S1004,thoothukudi,Family Z-A,1024,1024,True
EXP-Z-B-thoothukudi-P2-S1004-G0.0001,thoothukudi,Family Z-B,1024,1024,True
EXP-Z-B-thoothukudi-P2-S1004-G0.001,thoothukudi,Family Z-B,1024,1024,True
EXP-Z-B-thoothukudi-P2-S1004-G0.005,thoothukudi,Family Z-B,1024,1024,True
EXP-Z-B-thoothukudi-P2-S1004-G0.01,thoothukudi,Family Z-B,1024,1024,True
EXP-Z-A-thoothukudi-P3-S1000,thoothukudi,Family Z-A,1024,1024,True
EXP-Z-B-thoothukudi-P3-S1000-G0.0001,thoothukudi,Family Z-B,1024,1024,True
EXP-Z-B-thoothukudi-P3-S1000-G0.001,thoothukudi,Family Z-B,1024,1024,True
EXP-Z-B-thoothukudi-P3-S1000-G0.005,thoothukudi,Family Z-B,1024,1024,True
EXP-Z-B-thoothukudi-P3-S1000-G0.01,thoothukudi,Family Z-B,1024,1024,True
EXP-Z-A-thoothukudi-P3-S1001,thoothukudi,Family Z-A,1024,1024,True
EXP-Z-B-thoothukudi-P3-S1001-G0.0001,thoothukudi,Family Z-B,1024,1024,True
EXP-Z-B-thoothukudi-P3-S1001-G0.001,thoothukudi,Family Z-B,1024,1024,True
EXP-Z-B-thoothukudi-P3-S1001-G0.005,thoothukudi,Family Z-B,1024,1024,True
EXP-Z-B-thoothukudi-P3-S1001-G0.01,thoothukudi,Family Z-B,1024,1024,True
EXP-Z-A-thoothukudi-P3-S1002,thoothukudi,Family Z-A,1024,1024,True
EXP-Z-B-thoothukudi-P3-S1002-G0.0001,thoothukudi,Family Z-B,1024,1024,True
EXP-Z-B-thoothukudi-P3-S1002-G0.001,thoothukudi,Family Z-B,1024,1024,True
EXP-Z-B-thoothukudi-P3-S1002-G0.005,thoothukudi,Family Z-B,1024,1024,True
EXP-Z-B-thoothukudi-P3-S1002-G0.01,thoothukudi,Family Z-B,1024,1024,True
EXP-Z-A-thoothukudi-P3-S1003,thoothukudi,Family Z-A,1024,1024,True
EXP-Z-B-thoothukudi-P3-S1003-G0.0001,thoothukudi,Family Z-B,1024,1024,True
EXP-Z-B-thoothukudi-P3-S1003-G0.001,thoothukudi,Family Z-B,1024,1024,True
EXP-Z-B-thoothukudi-P3-S1003-G0.005,thoothukudi,Family Z-B,1024,1024,True
EXP-Z-B-thoothukudi-P3-S1003-G0.01,thoothukudi,Family Z-B,1024,1024,True
EXP-Z-A-thoothukudi-P3-S1004,thoothukudi,Family Z-A,1024,1024,True
EXP-Z-B-thoothukudi-P3-S1004-G0.0001,thoothukudi,Family Z-B,1024,1024,True
EXP-Z-B-thoothukudi-P3-S1004-G0.001,thoothukudi,Family Z-B,1024,1024,True
EXP-Z-B-thoothukudi-P3-S1004-G0.005,thoothukudi,Family Z-B,1024,1024,True
EXP-Z-B-thoothukudi-P3-S1004-G0.01,thoothukudi,Family Z-B,1024,1024,True
EXP-Z-A-thoothukudi-P4-S1000,thoothukudi,Family Z-A,1024,1024,True
EXP-Z-B-thoothukudi-P4-S1000-G0.0001,thoothukudi,Family Z-B,1024,1024,True
EXP-Z-B-thoothukudi-P4-S1000-G0.001,thoothukudi,Family Z-B,1024,1024,True
EXP-Z-B-thoothukudi-P4-S1000-G0.005,thoothukudi,Family Z-B,1024,1024,True
EXP-Z-B-thoothukudi-P4-S1000-G0.01,thoothukudi,Family Z-B,1024,1024,True
EXP-Z-A-thoothukudi-P4-S1001,thoothukudi,Family Z-A,1024,1024,True
EXP-Z-B-thoothukudi-P4-S1001-G0.0001,thoothukudi,Family Z-B,1024,1024,True
EXP-Z-B-thoothukudi-P4-S1001-G0.001,thoothukudi,Family Z-B,1024,1024,True
EXP-Z-B-thoothukudi-P4-S1001-G0.005,thoothukudi,Family Z-B,1024,1024,True
EXP-Z-B-thoothukudi-P4-S1001-G0.01,thoothukudi,Family Z-B,1024,1024,True
EXP-Z-A-thoothukudi-P4-S1002,thoothukudi,Family Z-A,1024,1024,True
EXP-Z-B-thoothukudi-P4-S1002-G0.0001,thoothukudi,Family Z-B,1024,1024,True
EXP-Z-B-thoothukudi-P4-S1002-G0.001,thoothukudi,Family Z-B,1024,1024,True
EXP-Z-B-thoothukudi-P4-S1002-G0.005,thoothukudi,Family Z-B,1024,1024,True
EXP-Z-B-thoothukudi-P4-S1002-G0.01,thoothukudi,Family Z-B,1024,1024,True
EXP-Z-A-thoothukudi-P4-S1003,thoothukudi,Family Z-A,1024,1024,True
EXP-Z-B-thoothukudi-P4-S1003-G0.0001,thoothukudi,Family Z-B,1024,1024,True
EXP-Z-B-thoothukudi-P4-S1003-G0.001,thoothukudi,Family Z-B,1024,1024,True
EXP-Z-B-thoothukudi-P4-S1003-G0.005,thoothukudi,Family Z-B,1024,1024,True
EXP-Z-B-thoothukudi-P4-S1003-G0.01,thoothukudi,Family Z-B,1024,1024,True
EXP-Z-A-thoothukudi-P4-S1004,thoothukudi,Family Z-A,1024,1024,True
EXP-Z-B-thoothukudi-P4-S1004-G0.0001,thoothukudi,Family Z-B,1024,1024,True
EXP-Z-B-thoothukudi-P4-S1004-G0.001,thoothukudi,Family Z-B,1024,1024,True
EXP-Z-B-thoothukudi-P4-S1004-G0.005,thoothukudi,Family Z-B,1024,1024,True
EXP-Z-B-thoothukudi-P4-S1004-G0.01,thoothukudi,Family Z-B,1024,1024,True
EXP-Z-A-thoothukudi-P5-S1000,thoothukudi,Family Z-A,1024,1024,True
EXP-Z-B-thoothukudi-P5-S1000-G0.0001,thoothukudi,Family Z-B,1024,1024,True
EXP-Z-B-thoothukudi-P5-S1000-G0.001,thoothukudi,Family Z-B,1024,1024,True
EXP-Z-B-thoothukudi-P5-S1000-G0.005,thoothukudi,Family Z-B,1024,1024,True
EXP-Z-B-thoothukudi-P5-S1000-G0.01,thoothukudi,Family Z-B,1024,1024,True
EXP-Z-A-thoothukudi-P5-S1001,thoothukudi,Family Z-A,1024,1024,True
EXP-Z-B-thoothukudi-P5-S1001-G0.0001,thoothukudi,Family Z-B,1024,1024,True
EXP-Z-B-thoothukudi-P5-S1001-G0.001,thoothukudi,Family Z-B,1024,1024,True
EXP-Z-B-thoothukudi-P5-S1001-G0.005,thoothukudi,Family Z-B,1024,1024,True
EXP-Z-B-thoothukudi-P5-S1001-G0.01,thoothukudi,Family Z-B,1024,1024,True
EXP-Z-A-thoothukudi-P5-S1002,thoothukudi,Family Z-A,1024,1024,True
EXP-Z-B-thoothukudi-P5-S1002-G0.0001,thoothukudi,Family Z-B,1024,1024,True
EXP-Z-B-thoothukudi-P5-S1002-G0.001,thoothukudi,Family Z-B,1024,1024,True
EXP-Z-B-thoothukudi-P5-S1002-G0.005,thoothukudi,Family Z-B,1024,1024,True
EXP-Z-B-thoothukudi-P5-S1002-G0.01,thoothukudi,Family Z-B,1024,1024,True
EXP-Z-A-thoothukudi-P5-S1003,thoothukudi,Family Z-A,1024,1024,True
EXP-Z-B-thoothukudi-P5-S1003-G0.0001,thoothukudi,Family Z-B,1024,1024,True
EXP-Z-B-thoothukudi-P5-S1003-G0.001,thoothukudi,Family Z-B,1024,1024,True
EXP-Z-B-thoothukudi-P5-S1003-G0.005,thoothukudi,Family Z-B,1024,1024,True
EXP-Z-B-thoothukudi-P5-S1003-G0.01,thoothukudi,Family Z-B,1024,1024,True
EXP-Z-A-thoothukudi-P5-S1004,thoothukudi,Family Z-A,1024,1024,True
EXP-Z-B-thoothukudi-P5-S1004-G0.0001,thoothukudi,Family Z-B,1024,1024,True
EXP-Z-B-thoothukudi-P5-S1004-G0.001,thoothukudi,Family Z-B,1024,1024,True
EXP-Z-B-thoothukudi-P5-S1004-G0.005,thoothukudi,Family Z-B,1024,1024,True
EXP-Z-B-thoothukudi-P5-S1004-G0.01,thoothukudi,Family Z-B,1024,1024,True
EXP-Z-A-tiruchirappalli-P1-S1000,tiruchirappalli,Family Z-A,1024,1024,True
EXP-Z-B-tiruchirappalli-P1-S1000-G0.0001,tiruchirappalli,Family Z-B,1024,1024,True
EXP-Z-B-tiruchirappalli-P1-S1000-G0.001,tiruchirappalli,Family Z-B,1024,1024,True
EXP-Z-B-tiruchirappalli-P1-S1000-G0.005,tiruchirappalli,Family Z-B,1024,1024,True
EXP-Z-B-tiruchirappalli-P1-S1000-G0.01,tiruchirappalli,Family Z-B,1024,1024,True
EXP-Z-A-tiruchirappalli-P1-S1001,tiruchirappalli,Family Z-A,1024,1024,True
EXP-Z-B-tiruchirappalli-P1-S1001-G0.0001,tiruchirappalli,Family Z-B,1024,1024,True
EXP-Z-B-tiruchirappalli-P1-S1001-G0.001,tiruchirappalli,Family Z-B,1024,1024,True
EXP-Z-B-tiruchirappalli-P1-S1001-G0.005,tiruchirappalli,Family Z-B,1024,1024,True
EXP-Z-B-tiruchirappalli-P1-S1001-G0.01,tiruchirappalli,Family Z-B,1024,1024,True
EXP-Z-A-tiruchirappalli-P1-S1002,tiruchirappalli,Family Z-A,1024,1024,True
EXP-Z-B-tiruchirappalli-P1-S1002-G0.0001,tiruchirappalli,Family Z-B,1024,1024,True
EXP-Z-B-tiruchirappalli-P1-S1002-G0.001,tiruchirappalli,Family Z-B,1024,1024,True
EXP-Z-B-tiruchirappalli-P1-S1002-G0.005,tiruchirappalli,Family Z-B,1024,1024,True
EXP-Z-B-tiruchirappalli-P1-S1002-G0.01,tiruchirappalli,Family Z-B,1024,1024,True
EXP-Z-A-tiruchirappalli-P1-S1003,tiruchirappalli,Family Z-A,1024,1024,True
EXP-Z-B-tiruchirappalli-P1-S1003-G0.0001,tiruchirappalli,Family Z-B,1024,1024,True
EXP-Z-B-tiruchirappalli-P1-S1003-G0.001,tiruchirappalli,Family Z-B,1024,1024,True
EXP-Z-B-tiruchirappalli-P1-S1003-G0.005,tiruchirappalli,Family Z-B,1024,1024,True
EXP-Z-B-tiruchirappalli-P1-S1003-G0.01,tiruchirappalli,Family Z-B,1024,1024,True
EXP-Z-A-tiruchirappalli-P1-S1004,tiruchirappalli,Family Z-A,1024,1024,True
EXP-Z-B-tiruchirappalli-P1-S1004-G0.0001,tiruchirappalli,Family Z-B,1024,1024,True
EXP-Z-B-tiruchirappalli-P1-S1004-G0.001,tiruchirappalli,Family Z-B,1024,1024,True
EXP-Z-B-tiruchirappalli-P1-S1004-G0.005,tiruchirappalli,Family Z-B,1024,1024,True
EXP-Z-B-tiruchirappalli-P1-S1004-G0.01,tiruchirappalli,Family Z-B,1024,1024,True
EXP-Z-A-tiruchirappalli-P2-S1000,tiruchirappalli,Family Z-A,1024,1024,True
EXP-Z-B-tiruchirappalli-P2-S1000-G0.0001,tiruchirappalli,Family Z-B,1024,1024,True
EXP-Z-B-tiruchirappalli-P2-S1000-G0.001,tiruchirappalli,Family Z-B,1024,1024,True
EXP-Z-B-tiruchirappalli-P2-S1000-G0.005,tiruchirappalli,Family Z-B,1024,1024,True
EXP-Z-B-tiruchirappalli-P2-S1000-G0.01,tiruchirappalli,Family Z-B,1024,1024,True
EXP-Z-A-tiruchirappalli-P2-S1001,tiruchirappalli,Family Z-A,1024,1024,True
EXP-Z-B-tiruchirappalli-P2-S1001-G0.0001,tiruchirappalli,Family Z-B,1024,1024,True
EXP-Z-B-tiruchirappalli-P2-S1001-G0.001,tiruchirappalli,Family Z-B,1024,1024,True
EXP-Z-B-tiruchirappalli-P2-S1001-G0.005,tiruchirappalli,Family Z-B,1024,1024,True
EXP-Z-B-tiruchirappalli-P2-S1001-G0.01,tiruchirappalli,Family Z-B,1024,1024,True
EXP-Z-A-tiruchirappalli-P2-S1002,tiruchirappalli,Family Z-A,1024,1024,True
EXP-Z-B-tiruchirappalli-P2-S1002-G0.0001,tiruchirappalli,Family Z-B,1024,1024,True
EXP-Z-B-tiruchirappalli-P2-S1002-G0.001,tiruchirappalli,Family Z-B,1024,1024,True
EXP-Z-B-tiruchirappalli-P2-S1002-G0.005,tiruchirappalli,Family Z-B,1024,1024,True
EXP-Z-B-tiruchirappalli-P2-S1002-G0.01,tiruchirappalli,Family Z-B,1024,1024,True
EXP-Z-A-tiruchirappalli-P2-S1003,tiruchirappalli,Family Z-A,1024,1024,True
EXP-Z-B-tiruchirappalli-P2-S1003-G0.0001,tiruchirappalli,Family Z-B,1024,1024,True
EXP-Z-B-tiruchirappalli-P2-S1003-G0.001,tiruchirappalli,Family Z-B,1024,1024,True
EXP-Z-B-tiruchirappalli-P2-S1003-G0.005,tiruchirappalli,Family Z-B,1024,1024,True
EXP-Z-B-tiruchirappalli-P2-S1003-G0.01,tiruchirappalli,Family Z-B,1024,1024,True
EXP-Z-A-tiruchirappalli-P2-S1004,tiruchirappalli,Family Z-A,1024,1024,True
EXP-Z-B-tiruchirappalli-P2-S1004-G0.0001,tiruchirappalli,Family Z-B,1024,1024,True
EXP-Z-B-tiruchirappalli-P2-S1004-G0.001,tiruchirappalli,Family Z-B,1024,1024,True
EXP-Z-B-tiruchirappalli-P2-S1004-G0.005,tiruchirappalli,Family Z-B,1024,1024,True
EXP-Z-B-tiruchirappalli-P2-S1004-G0.01,tiruchirappalli,Family Z-B,1024,1024,True
EXP-Z-A-tiruchirappalli-P3-S1000,tiruchirappalli,Family Z-A,1024,1024,True
EXP-Z-B-tiruchirappalli-P3-S1000-G0.0001,tiruchirappalli,Family Z-B,1024,1024,True
EXP-Z-B-tiruchirappalli-P3-S1000-G0.001,tiruchirappalli,Family Z-B,1024,1024,True
EXP-Z-B-tiruchirappalli-P3-S1000-G0.005,tiruchirappalli,Family Z-B,1024,1024,True
EXP-Z-B-tiruchirappalli-P3-S1000-G0.01,tiruchirappalli,Family Z-B,1024,1024,True
EXP-Z-A-tiruchirappalli-P3-S1001,tiruchirappalli,Family Z-A,1024,1024,True
EXP-Z-B-tiruchirappalli-P3-S1001-G0.0001,tiruchirappalli,Family Z-B,1024,1024,True
EXP-Z-B-tiruchirappalli-P3-S1001-G0.001,tiruchirappalli,Family Z-B,1024,1024,True
EXP-Z-B-tiruchirappalli-P3-S1001-G0.005,tiruchirappalli,Family Z-B,1024,1024,True
EXP-Z-B-tiruchirappalli-P3-S1001-G0.01,tiruchirappalli,Family Z-B,1024,1024,True
EXP-Z-A-tiruchirappalli-P3-S1002,tiruchirappalli,Family Z-A,1024,1024,True
EXP-Z-B-tiruchirappalli-P3-S1002-G0.0001,tiruchirappalli,Family Z-B,1024,1024,True
EXP-Z-B-tiruchirappalli-P3-S1002-G0.001,tiruchirappalli,Family Z-B,1024,1024,True
EXP-Z-B-tiruchirappalli-P3-S1002-G0.005,tiruchirappalli,Family Z-B,1024,1024,True
EXP-Z-B-tiruchirappalli-P3-S1002-G0.01,tiruchirappalli,Family Z-B,1024,1024,True
EXP-Z-A-tiruchirappalli-P3-S1003,tiruchirappalli,Family Z-A,1024,1024,True
EXP-Z-B-tiruchirappalli-P3-S1003-G0.0001,tiruchirappalli,Family Z-B,1024,1024,True
EXP-Z-B-tiruchirappalli-P3-S1003-G0.001,tiruchirappalli,Family Z-B,1024,1024,True
EXP-Z-B-tiruchirappalli-P3-S1003-G0.005,tiruchirappalli,Family Z-B,1024,1024,True
EXP-Z-B-tiruchirappalli-P3-S1003-G0.01,tiruchirappalli,Family Z-B,1024,1024,True
EXP-Z-A-tiruchirappalli-P3-S1004,tiruchirappalli,Family Z-A,1024,1024,True
EXP-Z-B-tiruchirappalli-P3-S1004-G0.0001,tiruchirappalli,Family Z-B,1024,1024,True
EXP-Z-B-tiruchirappalli-P3-S1004-G0.001,tiruchirappalli,Family Z-B,1024,1024,True
EXP-Z-B-tiruchirappalli-P3-S1004-G0.005,tiruchirappalli,Family Z-B,1024,1024,True
EXP-Z-B-tiruchirappalli-P3-S1004-G0.01,tiruchirappalli,Family Z-B,1024,1024,True
EXP-Z-A-tiruchirappalli-P4-S1000,tiruchirappalli,Family Z-A,1024,1024,True
EXP-Z-B-tiruchirappalli-P4-S1000-G0.0001,tiruchirappalli,Family Z-B,1024,1024,True
EXP-Z-B-tiruchirappalli-P4-S1000-G0.001,tiruchirappalli,Family Z-B,1024,1024,True
EXP-Z-B-tiruchirappalli-P4-S1000-G0.005,tiruchirappalli,Family Z-B,1024,1024,True
EXP-Z-B-tiruchirappalli-P4-S1000-G0.01,tiruchirappalli,Family Z-B,1024,1024,True
EXP-Z-A-tiruchirappalli-P4-S1001,tiruchirappalli,Family Z-A,1024,1024,True
EXP-Z-B-tiruchirappalli-P4-S1001-G0.0001,tiruchirappalli,Family Z-B,1024,1024,True
EXP-Z-B-tiruchirappalli-P4-S1001-G0.001,tiruchirappalli,Family Z-B,1024,1024,True
EXP-Z-B-tiruchirappalli-P4-S1001-G0.005,tiruchirappalli,Family Z-B,1024,1024,True
EXP-Z-B-tiruchirappalli-P4-S1001-G0.01,tiruchirappalli,Family Z-B,1024,1024,True
EXP-Z-A-tiruchirappalli-P4-S1002,tiruchirappalli,Family Z-A,1024,1024,True
EXP-Z-B-tiruchirappalli-P4-S1002-G0.0001,tiruchirappalli,Family Z-B,1024,1024,True
EXP-Z-B-tiruchirappalli-P4-S1002-G0.001,tiruchirappalli,Family Z-B,1024,1024,True
EXP-Z-B-tiruchirappalli-P4-S1002-G0.005,tiruchirappalli,Family Z-B,1024,1024,True
EXP-Z-B-tiruchirappalli-P4-S1002-G0.01,tiruchirappalli,Family Z-B,1024,1024,True
EXP-Z-A-tiruchirappalli-P4-S1003,tiruchirappalli,Family Z-A,1024,1024,True
EXP-Z-B-tiruchirappalli-P4-S1003-G0.0001,tiruchirappalli,Family Z-B,1024,1024,True
EXP-Z-B-tiruchirappalli-P4-S1003-G0.001,tiruchirappalli,Family Z-B,1024,1024,True
EXP-Z-B-tiruchirappalli-P4-S1003-G0.005,tiruchirappalli,Family Z-B,1024,1024,True
EXP-Z-B-tiruchirappalli-P4-S1003-G0.01,tiruchirappalli,Family Z-B,1024,1024,True
EXP-Z-A-tiruchirappalli-P4-S1004,tiruchirappalli,Family Z-A,1024,1024,True
EXP-Z-B-tiruchirappalli-P4-S1004-G0.0001,tiruchirappalli,Family Z-B,1024,1024,True
EXP-Z-B-tiruchirappalli-P4-S1004-G0.001,tiruchirappalli,Family Z-B,1024,1024,True
EXP-Z-B-tiruchirappalli-P4-S1004-G0.005,tiruchirappalli,Family Z-B,1024,1024,True
EXP-Z-B-tiruchirappalli-P4-S1004-G0.01,tiruchirappalli,Family Z-B,1024,1024,True
EXP-Z-A-tiruchirappalli-P5-S1000,tiruchirappalli,Family Z-A,1024,1024,True
EXP-Z-B-tiruchirappalli-P5-S1000-G0.0001,tiruchirappalli,Family Z-B,1024,1024,True
EXP-Z-B-tiruchirappalli-P5-S1000-G0.001,tiruchirappalli,Family Z-B,1024,1024,True
EXP-Z-B-tiruchirappalli-P5-S1000-G0.005,tiruchirappalli,Family Z-B,1024,1024,True
EXP-Z-B-tiruchirappalli-P5-S1000-G0.01,tiruchirappalli,Family Z-B,1024,1024,True
EXP-Z-A-tiruchirappalli-P5-S1001,tiruchirappalli,Family Z-A,1024,1024,True
EXP-Z-B-tiruchirappalli-P5-S1001-G0.0001,tiruchirappalli,Family Z-B,1024,1024,True
EXP-Z-B-tiruchirappalli-P5-S1001-G0.001,tiruchirappalli,Family Z-B,1024,1024,True
EXP-Z-B-tiruchirappalli-P5-S1001-G0.005,tiruchirappalli,Family Z-B,1024,1024,True
EXP-Z-B-tiruchirappalli-P5-S1001-G0.01,tiruchirappalli,Family Z-B,1024,1024,True
EXP-Z-A-tiruchirappalli-P5-S1002,tiruchirappalli,Family Z-A,1024,1024,True
EXP-Z-B-tiruchirappalli-P5-S1002-G0.0001,tiruchirappalli,Family Z-B,1024,1024,True
EXP-Z-B-tiruchirappalli-P5-S1002-G0.001,tiruchirappalli,Family Z-B,1024,1024,True
EXP-Z-B-tiruchirappalli-P5-S1002-G0.005,tiruchirappalli,Family Z-B,1024,1024,True
EXP-Z-B-tiruchirappalli-P5-S1002-G0.01,tiruchirappalli,Family Z-B,1024,1024,True
EXP-Z-A-tiruchirappalli-P5-S1003,tiruchirappalli,Family Z-A,1024,1024,True
EXP-Z-B-tiruchirappalli-P5-S1003-G0.0001,tiruchirappalli,Family Z-B,1024,1024,True
EXP-Z-B-tiruchirappalli-P5-S1003-G0.001,tiruchirappalli,Family Z-B,1024,1024,True
EXP-Z-B-tiruchirappalli-P5-S1003-G0.005,tiruchirappalli,Family Z-B,1024,1024,True
EXP-Z-B-tiruchirappalli-P5-S1003-G0.01,tiruchirappalli,Family Z-B,1024,1024,True
EXP-Z-A-tiruchirappalli-P5-S1004,tiruchirappalli,Family Z-A,1024,1024,True
EXP-Z-B-tiruchirappalli-P5-S1004-G0.0001,tiruchirappalli,Family Z-B,1024,1024,True
EXP-Z-B-tiruchirappalli-P5-S1004-G0.001,tiruchirappalli,Family Z-B,1024,1024,True
EXP-Z-B-tiruchirappalli-P5-S1004-G0.005,tiruchirappalli,Family Z-B,1024,1024,True
EXP-Z-B-tiruchirappalli-P5-S1004-G0.01,tiruchirappalli,Family Z-B,1024,1024,True
EXP-Z-A-tirunelveli-P1-S1000,tirunelveli,Family Z-A,1024,1024,True
EXP-Z-B-tirunelveli-P1-S1000-G0.0001,tirunelveli,Family Z-B,1024,1024,True
EXP-Z-B-tirunelveli-P1-S1000-G0.001,tirunelveli,Family Z-B,1024,1024,True
EXP-Z-B-tirunelveli-P1-S1000-G0.005,tirunelveli,Family Z-B,1024,1024,True
EXP-Z-B-tirunelveli-P1-S1000-G0.01,tirunelveli,Family Z-B,1024,1024,True
EXP-Z-A-tirunelveli-P1-S1001,tirunelveli,Family Z-A,1024,1024,True
EXP-Z-B-tirunelveli-P1-S1001-G0.0001,tirunelveli,Family Z-B,1024,1024,True
EXP-Z-B-tirunelveli-P1-S1001-G0.001,tirunelveli,Family Z-B,1024,1024,True
EXP-Z-B-tirunelveli-P1-S1001-G0.005,tirunelveli,Family Z-B,1024,1024,True
EXP-Z-B-tirunelveli-P1-S1001-G0.01,tirunelveli,Family Z-B,1024,1024,True
EXP-Z-A-tirunelveli-P1-S1002,tirunelveli,Family Z-A,1024,1024,True
EXP-Z-B-tirunelveli-P1-S1002-G0.0001,tirunelveli,Family Z-B,1024,1024,True
EXP-Z-B-tirunelveli-P1-S1002-G0.001,tirunelveli,Family Z-B,1024,1024,True
EXP-Z-B-tirunelveli-P1-S1002-G0.005,tirunelveli,Family Z-B,1024,1024,True
EXP-Z-B-tirunelveli-P1-S1002-G0.01,tirunelveli,Family Z-B,1024,1024,True
EXP-Z-A-tirunelveli-P1-S1003,tirunelveli,Family Z-A,1024,1024,True
EXP-Z-B-tirunelveli-P1-S1003-G0.0001,tirunelveli,Family Z-B,1024,1024,True
EXP-Z-B-tirunelveli-P1-S1003-G0.001,tirunelveli,Family Z-B,1024,1024,True
EXP-Z-B-tirunelveli-P1-S1003-G0.005,tirunelveli,Family Z-B,1024,1024,True
EXP-Z-B-tirunelveli-P1-S1003-G0.01,tirunelveli,Family Z-B,1024,1024,True
EXP-Z-A-tirunelveli-P1-S1004,tirunelveli,Family Z-A,1024,1024,True
EXP-Z-B-tirunelveli-P1-S1004-G0.0001,tirunelveli,Family Z-B,1024,1024,True
EXP-Z-B-tirunelveli-P1-S1004-G0.001,tirunelveli,Family Z-B,1024,1024,True
EXP-Z-B-tirunelveli-P1-S1004-G0.005,tirunelveli,Family Z-B,1024,1024,True
EXP-Z-B-tirunelveli-P1-S1004-G0.01,tirunelveli,Family Z-B,1024,1024,True
EXP-Z-A-tirunelveli-P2-S1000,tirunelveli,Family Z-A,1024,1024,True
EXP-Z-B-tirunelveli-P2-S1000-G0.0001,tirunelveli,Family Z-B,1024,1024,True
EXP-Z-B-tirunelveli-P2-S1000-G0.001,tirunelveli,Family Z-B,1024,1024,True
EXP-Z-B-tirunelveli-P2-S1000-G0.005,tirunelveli,Family Z-B,1024,1024,True
EXP-Z-B-tirunelveli-P2-S1000-G0.01,tirunelveli,Family Z-B,1024,1024,True
EXP-Z-A-tirunelveli-P2-S1001,tirunelveli,Family Z-A,1024,1024,True
EXP-Z-B-tirunelveli-P2-S1001-G0.0001,tirunelveli,Family Z-B,1024,1024,True
EXP-Z-B-tirunelveli-P2-S1001-G0.001,tirunelveli,Family Z-B,1024,1024,True
EXP-Z-B-tirunelveli-P2-S1001-G0.005,tirunelveli,Family Z-B,1024,1024,True
EXP-Z-B-tirunelveli-P2-S1001-G0.01,tirunelveli,Family Z-B,1024,1024,True
EXP-Z-A-tirunelveli-P2-S1002,tirunelveli,Family Z-A,1024,1024,True
EXP-Z-B-tirunelveli-P2-S1002-G0.0001,tirunelveli,Family Z-B,1024,1024,True
EXP-Z-B-tirunelveli-P2-S1002-G0.001,tirunelveli,Family Z-B,1024,1024,True
EXP-Z-B-tirunelveli-P2-S1002-G0.005,tirunelveli,Family Z-B,1024,1024,True
EXP-Z-B-tirunelveli-P2-S1002-G0.01,tirunelveli,Family Z-B,1024,1024,True
EXP-Z-A-tirunelveli-P2-S1003,tirunelveli,Family Z-A,1024,1024,True
EXP-Z-B-tirunelveli-P2-S1003-G0.0001,tirunelveli,Family Z-B,1024,1024,True
EXP-Z-B-tirunelveli-P2-S1003-G0.001,tirunelveli,Family Z-B,1024,1024,True
EXP-Z-B-tirunelveli-P2-S1003-G0.005,tirunelveli,Family Z-B,1024,1024,True
EXP-Z-B-tirunelveli-P2-S1003-G0.01,tirunelveli,Family Z-B,1024,1024,True
EXP-Z-A-tirunelveli-P2-S1004,tirunelveli,Family Z-A,1024,1024,True
EXP-Z-B-tirunelveli-P2-S1004-G0.0001,tirunelveli,Family Z-B,1024,1024,True
EXP-Z-B-tirunelveli-P2-S1004-G0.001,tirunelveli,Family Z-B,1024,1024,True
EXP-Z-B-tirunelveli-P2-S1004-G0.005,tirunelveli,Family Z-B,1024,1024,True
EXP-Z-B-tirunelveli-P2-S1004-G0.01,tirunelveli,Family Z-B,1024,1024,True
EXP-Z-A-tirunelveli-P3-S1000,tirunelveli,Family Z-A,1024,1024,True
EXP-Z-B-tirunelveli-P3-S1000-G0.0001,tirunelveli,Family Z-B,1024,1024,True
EXP-Z-B-tirunelveli-P3-S1000-G0.001,tirunelveli,Family Z-B,1024,1024,True
EXP-Z-B-tirunelveli-P3-S1000-G0.005,tirunelveli,Family Z-B,1024,1024,True
EXP-Z-B-tirunelveli-P3-S1000-G0.01,tirunelveli,Family Z-B,1024,1024,True
EXP-Z-A-tirunelveli-P3-S1001,tirunelveli,Family Z-A,1024,1024,True
EXP-Z-B-tirunelveli-P3-S1001-G0.0001,tirunelveli,Family Z-B,1024,1024,True
EXP-Z-B-tirunelveli-P3-S1001-G0.001,tirunelveli,Family Z-B,1024,1024,True
EXP-Z-B-tirunelveli-P3-S1001-G0.005,tirunelveli,Family Z-B,1024,1024,True
EXP-Z-B-tirunelveli-P3-S1001-G0.01,tirunelveli,Family Z-B,1024,1024,True
EXP-Z-A-tirunelveli-P3-S1002,tirunelveli,Family Z-A,1024,1024,True
EXP-Z-B-tirunelveli-P3-S1002-G0.0001,tirunelveli,Family Z-B,1024,1024,True
EXP-Z-B-tirunelveli-P3-S1002-G0.001,tirunelveli,Family Z-B,1024,1024,True
EXP-Z-B-tirunelveli-P3-S1002-G0.005,tirunelveli,Family Z-B,1024,1024,True
EXP-Z-B-tirunelveli-P3-S1002-G0.01,tirunelveli,Family Z-B,1024,1024,True
EXP-Z-A-tirunelveli-P3-S1003,tirunelveli,Family Z-A,1024,1024,True
EXP-Z-B-tirunelveli-P3-S1003-G0.0001,tirunelveli,Family Z-B,1024,1024,True
EXP-Z-B-tirunelveli-P3-S1003-G0.001,tirunelveli,Family Z-B,1024,1024,True
EXP-Z-B-tirunelveli-P3-S1003-G0.005,tirunelveli,Family Z-B,1024,1024,True
EXP-Z-B-tirunelveli-P3-S1003-G0.01,tirunelveli,Family Z-B,1024,1024,True
EXP-Z-A-tirunelveli-P3-S1004,tirunelveli,Family Z-A,1024,1024,True
EXP-Z-B-tirunelveli-P3-S1004-G0.0001,tirunelveli,Family Z-B,1024,1024,True
EXP-Z-B-tirunelveli-P3-S1004-G0.001,tirunelveli,Family Z-B,1024,1024,True
EXP-Z-B-tirunelveli-P3-S1004-G0.005,tirunelveli,Family Z-B,1024,1024,True
EXP-Z-B-tirunelveli-P3-S1004-G0.01,tirunelveli,Family Z-B,1024,1024,True
EXP-Z-A-tirunelveli-P4-S1000,tirunelveli,Family Z-A,1024,1024,True
EXP-Z-B-tirunelveli-P4-S1000-G0.0001,tirunelveli,Family Z-B,1024,1024,True
EXP-Z-B-tirunelveli-P4-S1000-G0.001,tirunelveli,Family Z-B,1024,1024,True
EXP-Z-B-tirunelveli-P4-S1000-G0.005,tirunelveli,Family Z-B,1024,1024,True
EXP-Z-B-tirunelveli-P4-S1000-G0.01,tirunelveli,Family Z-B,1024,1024,True
EXP-Z-A-tirunelveli-P4-S1001,tirunelveli,Family Z-A,1024,1024,True
EXP-Z-B-tirunelveli-P4-S1001-G0.0001,tirunelveli,Family Z-B,1024,1024,True
EXP-Z-B-tirunelveli-P4-S1001-G0.001,tirunelveli,Family Z-B,1024,1024,True
EXP-Z-B-tirunelveli-P4-S1001-G0.005,tirunelveli,Family Z-B,1024,1024,True
EXP-Z-B-tirunelveli-P4-S1001-G0.01,tirunelveli,Family Z-B,1024,1024,True
EXP-Z-A-tirunelveli-P4-S1002,tirunelveli,Family Z-A,1024,1024,True
EXP-Z-B-tirunelveli-P4-S1002-G0.0001,tirunelveli,Family Z-B,1024,1024,True
EXP-Z-B-tirunelveli-P4-S1002-G0.001,tirunelveli,Family Z-B,1024,1024,True
EXP-Z-B-tirunelveli-P4-S1002-G0.005,tirunelveli,Family Z-B,1024,1024,True
EXP-Z-B-tirunelveli-P4-S1002-G0.01,tirunelveli,Family Z-B,1024,1024,True
EXP-Z-A-tirunelveli-P4-S1003,tirunelveli,Family Z-A,1024,1024,True
EXP-Z-B-tirunelveli-P4-S1003-G0.0001,tirunelveli,Family Z-B,1024,1024,True
EXP-Z-B-tirunelveli-P4-S1003-G0.001,tirunelveli,Family Z-B,1024,1024,True
EXP-Z-B-tirunelveli-P4-S1003-G0.005,tirunelveli,Family Z-B,1024,1024,True
EXP-Z-B-tirunelveli-P4-S1003-G0.01,tirunelveli,Family Z-B,1024,1024,True
EXP-Z-A-tirunelveli-P4-S1004,tirunelveli,Family Z-A,1024,1024,True
EXP-Z-B-tirunelveli-P4-S1004-G0.0001,tirunelveli,Family Z-B,1024,1024,True
EXP-Z-B-tirunelveli-P4-S1004-G0.001,tirunelveli,Family Z-B,1024,1024,True
EXP-Z-B-tirunelveli-P4-S1004-G0.005,tirunelveli,Family Z-B,1024,1024,True
EXP-Z-B-tirunelveli-P4-S1004-G0.01,tirunelveli,Family Z-B,1024,1024,True
EXP-Z-A-tirunelveli-P5-S1000,tirunelveli,Family Z-A,1024,1024,True
EXP-Z-B-tirunelveli-P5-S1000-G0.0001,tirunelveli,Family Z-B,1024,1024,True
EXP-Z-B-tirunelveli-P5-S1000-G0.001,tirunelveli,Family Z-B,1024,1024,True
EXP-Z-B-tirunelveli-P5-S1000-G0.005,tirunelveli,Family Z-B,1024,1024,True
EXP-Z-B-tirunelveli-P5-S1000-G0.01,tirunelveli,Family Z-B,1024,1024,True
EXP-Z-A-tirunelveli-P5-S1001,tirunelveli,Family Z-A,1024,1024,True
EXP-Z-B-tirunelveli-P5-S1001-G0.0001,tirunelveli,Family Z-B,1024,1024,True
EXP-Z-B-tirunelveli-P5-S1001-G0.001,tirunelveli,Family Z-B,1024,1024,True
EXP-Z-B-tirunelveli-P5-S1001-G0.005,tirunelveli,Family Z-B,1024,1024,True
EXP-Z-B-tirunelveli-P5-S1001-G0.01,tirunelveli,Family Z-B,1024,1024,True
EXP-Z-A-tirunelveli-P5-S1002,tirunelveli,Family Z-A,1024,1024,True
EXP-Z-B-tirunelveli-P5-S1002-G0.0001,tirunelveli,Family Z-B,1024,1024,True
EXP-Z-B-tirunelveli-P5-S1002-G0.001,tirunelveli,Family Z-B,1024,1024,True
EXP-Z-B-tirunelveli-P5-S1002-G0.005,tirunelveli,Family Z-B,1024,1024,True
EXP-Z-B-tirunelveli-P5-S1002-G0.01,tirunelveli,Family Z-B,1024,1024,True
EXP-Z-A-tirunelveli-P5-S1003,tirunelveli,Family Z-A,1024,1024,True
EXP-Z-B-tirunelveli-P5-S1003-G0.0001,tirunelveli,Family Z-B,1024,1024,True
EXP-Z-B-tirunelveli-P5-S1003-G0.001,tirunelveli,Family Z-B,1024,1024,True
EXP-Z-B-tirunelveli-P5-S1003-G0.005,tirunelveli,Family Z-B,1024,1024,True
EXP-Z-B-tirunelveli-P5-S1003-G0.01,tirunelveli,Family Z-B,1024,1024,True
EXP-Z-A-tirunelveli-P5-S1004,tirunelveli,Family Z-A,1024,1024,True
EXP-Z-B-tirunelveli-P5-S1004-G0.0001,tirunelveli,Family Z-B,1024,1024,True
EXP-Z-B-tirunelveli-P5-S1004-G0.001,tirunelveli,Family Z-B,1024,1024,True
EXP-Z-B-tirunelveli-P5-S1004-G0.005,tirunelveli,Family Z-B,1024,1024,True
EXP-Z-B-tirunelveli-P5-S1004-G0.01,tirunelveli,Family Z-B,1024,1024,True
EXP-Z-A-tirupathur-P1-S1000,tirupathur,Family Z-A,1024,1024,True
EXP-Z-B-tirupathur-P1-S1000-G0.0001,tirupathur,Family Z-B,1024,1024,True
EXP-Z-B-tirupathur-P1-S1000-G0.001,tirupathur,Family Z-B,1024,1024,True
EXP-Z-B-tirupathur-P1-S1000-G0.005,tirupathur,Family Z-B,1024,1024,True
EXP-Z-B-tirupathur-P1-S1000-G0.01,tirupathur,Family Z-B,1024,1024,True
EXP-Z-A-tirupathur-P1-S1001,tirupathur,Family Z-A,1024,1024,True
EXP-Z-B-tirupathur-P1-S1001-G0.0001,tirupathur,Family Z-B,1024,1024,True
EXP-Z-B-tirupathur-P1-S1001-G0.001,tirupathur,Family Z-B,1024,1024,True
EXP-Z-B-tirupathur-P1-S1001-G0.005,tirupathur,Family Z-B,1024,1024,True
EXP-Z-B-tirupathur-P1-S1001-G0.01,tirupathur,Family Z-B,1024,1024,True
EXP-Z-A-tirupathur-P1-S1002,tirupathur,Family Z-A,1024,1024,True
EXP-Z-B-tirupathur-P1-S1002-G0.0001,tirupathur,Family Z-B,1024,1024,True
EXP-Z-B-tirupathur-P1-S1002-G0.001,tirupathur,Family Z-B,1024,1024,True
EXP-Z-B-tirupathur-P1-S1002-G0.005,tirupathur,Family Z-B,1024,1024,True
EXP-Z-B-tirupathur-P1-S1002-G0.01,tirupathur,Family Z-B,1024,1024,True
EXP-Z-A-tirupathur-P1-S1003,tirupathur,Family Z-A,1024,1024,True
EXP-Z-B-tirupathur-P1-S1003-G0.0001,tirupathur,Family Z-B,1024,1024,True
EXP-Z-B-tirupathur-P1-S1003-G0.001,tirupathur,Family Z-B,1024,1024,True
EXP-Z-B-tirupathur-P1-S1003-G0.005,tirupathur,Family Z-B,1024,1024,True
EXP-Z-B-tirupathur-P1-S1003-G0.01,tirupathur,Family Z-B,1024,1024,True
EXP-Z-A-tirupathur-P1-S1004,tirupathur,Family Z-A,1024,1024,True
EXP-Z-B-tirupathur-P1-S1004-G0.0001,tirupathur,Family Z-B,1024,1024,True
EXP-Z-B-tirupathur-P1-S1004-G0.001,tirupathur,Family Z-B,1024,1024,True
EXP-Z-B-tirupathur-P1-S1004-G0.005,tirupathur,Family Z-B,1024,1024,True
EXP-Z-B-tirupathur-P1-S1004-G0.01,tirupathur,Family Z-B,1024,1024,True
EXP-Z-A-tirupathur-P2-S1000,tirupathur,Family Z-A,1024,1024,True
EXP-Z-B-tirupathur-P2-S1000-G0.0001,tirupathur,Family Z-B,1024,1024,True
EXP-Z-B-tirupathur-P2-S1000-G0.001,tirupathur,Family Z-B,1024,1024,True
EXP-Z-B-tirupathur-P2-S1000-G0.005,tirupathur,Family Z-B,1024,1024,True
EXP-Z-B-tirupathur-P2-S1000-G0.01,tirupathur,Family Z-B,1024,1024,True
EXP-Z-A-tirupathur-P2-S1001,tirupathur,Family Z-A,1024,1024,True
EXP-Z-B-tirupathur-P2-S1001-G0.0001,tirupathur,Family Z-B,1024,1024,True
EXP-Z-B-tirupathur-P2-S1001-G0.001,tirupathur,Family Z-B,1024,1024,True
EXP-Z-B-tirupathur-P2-S1001-G0.005,tirupathur,Family Z-B,1024,1024,True
EXP-Z-B-tirupathur-P2-S1001-G0.01,tirupathur,Family Z-B,1024,1024,True
EXP-Z-A-tirupathur-P2-S1002,tirupathur,Family Z-A,1024,1024,True
EXP-Z-B-tirupathur-P2-S1002-G0.0001,tirupathur,Family Z-B,1024,1024,True
EXP-Z-B-tirupathur-P2-S1002-G0.001,tirupathur,Family Z-B,1024,1024,True
EXP-Z-B-tirupathur-P2-S1002-G0.005,tirupathur,Family Z-B,1024,1024,True
EXP-Z-B-tirupathur-P2-S1002-G0.01,tirupathur,Family Z-B,1024,1024,True
EXP-Z-A-tirupathur-P2-S1003,tirupathur,Family Z-A,1024,1024,True
EXP-Z-B-tirupathur-P2-S1003-G0.0001,tirupathur,Family Z-B,1024,1024,True
EXP-Z-B-tirupathur-P2-S1003-G0.001,tirupathur,Family Z-B,1024,1024,True
EXP-Z-B-tirupathur-P2-S1003-G0.005,tirupathur,Family Z-B,1024,1024,True
EXP-Z-B-tirupathur-P2-S1003-G0.01,tirupathur,Family Z-B,1024,1024,True
EXP-Z-A-tirupathur-P2-S1004,tirupathur,Family Z-A,1024,1024,True
EXP-Z-B-tirupathur-P2-S1004-G0.0001,tirupathur,Family Z-B,1024,1024,True
EXP-Z-B-tirupathur-P2-S1004-G0.001,tirupathur,Family Z-B,1024,1024,True
EXP-Z-B-tirupathur-P2-S1004-G0.005,tirupathur,Family Z-B,1024,1024,True
EXP-Z-B-tirupathur-P2-S1004-G0.01,tirupathur,Family Z-B,1024,1024,True
EXP-Z-A-tirupathur-P3-S1000,tirupathur,Family Z-A,1024,1024,True
EXP-Z-B-tirupathur-P3-S1000-G0.0001,tirupathur,Family Z-B,1024,1024,True
EXP-Z-B-tirupathur-P3-S1000-G0.001,tirupathur,Family Z-B,1024,1024,True
EXP-Z-B-tirupathur-P3-S1000-G0.005,tirupathur,Family Z-B,1024,1024,True
EXP-Z-B-tirupathur-P3-S1000-G0.01,tirupathur,Family Z-B,1024,1024,True
EXP-Z-A-tirupathur-P3-S1001,tirupathur,Family Z-A,1024,1024,True
EXP-Z-B-tirupathur-P3-S1001-G0.0001,tirupathur,Family Z-B,1024,1024,True
EXP-Z-B-tirupathur-P3-S1001-G0.001,tirupathur,Family Z-B,1024,1024,True
EXP-Z-B-tirupathur-P3-S1001-G0.005,tirupathur,Family Z-B,1024,1024,True
EXP-Z-B-tirupathur-P3-S1001-G0.01,tirupathur,Family Z-B,1024,1024,True
EXP-Z-A-tirupathur-P3-S1002,tirupathur,Family Z-A,1024,1024,True
EXP-Z-B-tirupathur-P3-S1002-G0.0001,tirupathur,Family Z-B,1024,1024,True
EXP-Z-B-tirupathur-P3-S1002-G0.001,tirupathur,Family Z-B,1024,1024,True
EXP-Z-B-tirupathur-P3-S1002-G0.005,tirupathur,Family Z-B,1024,1024,True
EXP-Z-B-tirupathur-P3-S1002-G0.01,tirupathur,Family Z-B,1024,1024,True
EXP-Z-A-tirupathur-P3-S1003,tirupathur,Family Z-A,1024,1024,True
EXP-Z-B-tirupathur-P3-S1003-G0.0001,tirupathur,Family Z-B,1024,1024,True
EXP-Z-B-tirupathur-P3-S1003-G0.001,tirupathur,Family Z-B,1024,1024,True
EXP-Z-B-tirupathur-P3-S1003-G0.005,tirupathur,Family Z-B,1024,1024,True
EXP-Z-B-tirupathur-P3-S1003-G0.01,tirupathur,Family Z-B,1024,1024,True
EXP-Z-A-tirupathur-P3-S1004,tirupathur,Family Z-A,1024,1024,True
EXP-Z-B-tirupathur-P3-S1004-G0.0001,tirupathur,Family Z-B,1024,1024,True
EXP-Z-B-tirupathur-P3-S1004-G0.001,tirupathur,Family Z-B,1024,1024,True
EXP-Z-B-tirupathur-P3-S1004-G0.005,tirupathur,Family Z-B,1024,1024,True
EXP-Z-B-tirupathur-P3-S1004-G0.01,tirupathur,Family Z-B,1024,1024,True
EXP-Z-A-tirupathur-P4-S1000,tirupathur,Family Z-A,1024,1024,True
EXP-Z-B-tirupathur-P4-S1000-G0.0001,tirupathur,Family Z-B,1024,1024,True
EXP-Z-B-tirupathur-P4-S1000-G0.001,tirupathur,Family Z-B,1024,1024,True
EXP-Z-B-tirupathur-P4-S1000-G0.005,tirupathur,Family Z-B,1024,1024,True
EXP-Z-B-tirupathur-P4-S1000-G0.01,tirupathur,Family Z-B,1024,1024,True
EXP-Z-A-tirupathur-P4-S1001,tirupathur,Family Z-A,1024,1024,True
EXP-Z-B-tirupathur-P4-S1001-G0.0001,tirupathur,Family Z-B,1024,1024,True
EXP-Z-B-tirupathur-P4-S1001-G0.001,tirupathur,Family Z-B,1024,1024,True
EXP-Z-B-tirupathur-P4-S1001-G0.005,tirupathur,Family Z-B,1024,1024,True
EXP-Z-B-tirupathur-P4-S1001-G0.01,tirupathur,Family Z-B,1024,1024,True
EXP-Z-A-tirupathur-P4-S1002,tirupathur,Family Z-A,1024,1024,True
EXP-Z-B-tirupathur-P4-S1002-G0.0001,tirupathur,Family Z-B,1024,1024,True
EXP-Z-B-tirupathur-P4-S1002-G0.001,tirupathur,Family Z-B,1024,1024,True
EXP-Z-B-tirupathur-P4-S1002-G0.005,tirupathur,Family Z-B,1024,1024,True
EXP-Z-B-tirupathur-P4-S1002-G0.01,tirupathur,Family Z-B,1024,1024,True
EXP-Z-A-tirupathur-P4-S1003,tirupathur,Family Z-A,1024,1024,True
EXP-Z-B-tirupathur-P4-S1003-G0.0001,tirupathur,Family Z-B,1024,1024,True
EXP-Z-B-tirupathur-P4-S1003-G0.001,tirupathur,Family Z-B,1024,1024,True
EXP-Z-B-tirupathur-P4-S1003-G0.005,tirupathur,Family Z-B,1024,1024,True
EXP-Z-B-tirupathur-P4-S1003-G0.01,tirupathur,Family Z-B,1024,1024,True
EXP-Z-A-tirupathur-P4-S1004,tirupathur,Family Z-A,1024,1024,True
EXP-Z-B-tirupathur-P4-S1004-G0.0001,tirupathur,Family Z-B,1024,1024,True
EXP-Z-B-tirupathur-P4-S1004-G0.001,tirupathur,Family Z-B,1024,1024,True
EXP-Z-B-tirupathur-P4-S1004-G0.005,tirupathur,Family Z-B,1024,1024,True
EXP-Z-B-tirupathur-P4-S1004-G0.01,tirupathur,Family Z-B,1024,1024,True
EXP-Z-A-tirupathur-P5-S1000,tirupathur,Family Z-A,1024,1024,True
EXP-Z-B-tirupathur-P5-S1000-G0.0001,tirupathur,Family Z-B,1024,1024,True
EXP-Z-B-tirupathur-P5-S1000-G0.001,tirupathur,Family Z-B,1024,1024,True
EXP-Z-B-tirupathur-P5-S1000-G0.005,tirupathur,Family Z-B,1024,1024,True
EXP-Z-B-tirupathur-P5-S1000-G0.01,tirupathur,Family Z-B,1024,1024,True
EXP-Z-A-tirupathur-P5-S1001,tirupathur,Family Z-A,1024,1024,True
EXP-Z-B-tirupathur-P5-S1001-G0.0001,tirupathur,Family Z-B,1024,1024,True
EXP-Z-B-tirupathur-P5-S1001-G0.001,tirupathur,Family Z-B,1024,1024,True
EXP-Z-B-tirupathur-P5-S1001-G0.005,tirupathur,Family Z-B,1024,1024,True
EXP-Z-B-tirupathur-P5-S1001-G0.01,tirupathur,Family Z-B,1024,1024,True
EXP-Z-A-tirupathur-P5-S1002,tirupathur,Family Z-A,1024,1024,True
EXP-Z-B-tirupathur-P5-S1002-G0.0001,tirupathur,Family Z-B,1024,1024,True
EXP-Z-B-tirupathur-P5-S1002-G0.001,tirupathur,Family Z-B,1024,1024,True
EXP-Z-B-tirupathur-P5-S1002-G0.005,tirupathur,Family Z-B,1024,1024,True
EXP-Z-B-tirupathur-P5-S1002-G0.01,tirupathur,Family Z-B,1024,1024,True
EXP-Z-A-tirupathur-P5-S1003,tirupathur,Family Z-A,1024,1024,True
EXP-Z-B-tirupathur-P5-S1003-G0.0001,tirupathur,Family Z-B,1024,1024,True
EXP-Z-B-tirupathur-P5-S1003-G0.001,tirupathur,Family Z-B,1024,1024,True
EXP-Z-B-tirupathur-P5-S1003-G0.005,tirupathur,Family Z-B,1024,1024,True
EXP-Z-B-tirupathur-P5-S1003-G0.01,tirupathur,Family Z-B,1024,1024,True
EXP-Z-A-tirupathur-P5-S1004,tirupathur,Family Z-A,1024,1024,True
EXP-Z-B-tirupathur-P5-S1004-G0.0001,tirupathur,Family Z-B,1024,1024,True
EXP-Z-B-tirupathur-P5-S1004-G0.001,tirupathur,Family Z-B,1024,1024,True
EXP-Z-B-tirupathur-P5-S1004-G0.005,tirupathur,Family Z-B,1024,1024,True
EXP-Z-B-tirupathur-P5-S1004-G0.01,tirupathur,Family Z-B,1024,1024,True
EXP-Z-A-tiruvarur-P1-S1000,tiruvarur,Family Z-A,1024,1024,True
EXP-Z-B-tiruvarur-P1-S1000-G0.0001,tiruvarur,Family Z-B,1024,1024,True
EXP-Z-B-tiruvarur-P1-S1000-G0.001,tiruvarur,Family Z-B,1024,1024,True
EXP-Z-B-tiruvarur-P1-S1000-G0.005,tiruvarur,Family Z-B,1024,1024,True
EXP-Z-B-tiruvarur-P1-S1000-G0.01,tiruvarur,Family Z-B,1024,1024,True
EXP-Z-A-tiruvarur-P1-S1001,tiruvarur,Family Z-A,1024,1024,True
EXP-Z-B-tiruvarur-P1-S1001-G0.0001,tiruvarur,Family Z-B,1024,1024,True
EXP-Z-B-tiruvarur-P1-S1001-G0.001,tiruvarur,Family Z-B,1024,1024,True
EXP-Z-B-tiruvarur-P1-S1001-G0.005,tiruvarur,Family Z-B,1024,1024,True
EXP-Z-B-tiruvarur-P1-S1001-G0.01,tiruvarur,Family Z-B,1024,1024,True
EXP-Z-A-tiruvarur-P1-S1002,tiruvarur,Family Z-A,1024,1024,True
EXP-Z-B-tiruvarur-P1-S1002-G0.0001,tiruvarur,Family Z-B,1024,1024,True
EXP-Z-B-tiruvarur-P1-S1002-G0.001,tiruvarur,Family Z-B,1024,1024,True
EXP-Z-B-tiruvarur-P1-S1002-G0.005,tiruvarur,Family Z-B,1024,1024,True
EXP-Z-B-tiruvarur-P1-S1002-G0.01,tiruvarur,Family Z-B,1024,1024,True
EXP-Z-A-tiruvarur-P1-S1003,tiruvarur,Family Z-A,1024,1024,True
EXP-Z-B-tiruvarur-P1-S1003-G0.0001,tiruvarur,Family Z-B,1024,1024,True
EXP-Z-B-tiruvarur-P1-S1003-G0.001,tiruvarur,Family Z-B,1024,1024,True
EXP-Z-B-tiruvarur-P1-S1003-G0.005,tiruvarur,Family Z-B,1024,1024,True
EXP-Z-B-tiruvarur-P1-S1003-G0.01,tiruvarur,Family Z-B,1024,1024,True
EXP-Z-A-tiruvarur-P1-S1004,tiruvarur,Family Z-A,1024,1024,True
EXP-Z-B-tiruvarur-P1-S1004-G0.0001,tiruvarur,Family Z-B,1024,1024,True
EXP-Z-B-tiruvarur-P1-S1004-G0.001,tiruvarur,Family Z-B,1024,1024,True
EXP-Z-B-tiruvarur-P1-S1004-G0.005,tiruvarur,Family Z-B,1024,1024,True
EXP-Z-B-tiruvarur-P1-S1004-G0.01,tiruvarur,Family Z-B,1024,1024,True
EXP-Z-A-tiruvarur-P2-S1000,tiruvarur,Family Z-A,1024,1024,True
EXP-Z-B-tiruvarur-P2-S1000-G0.0001,tiruvarur,Family Z-B,1024,1024,True
EXP-Z-B-tiruvarur-P2-S1000-G0.001,tiruvarur,Family Z-B,1024,1024,True
EXP-Z-B-tiruvarur-P2-S1000-G0.005,tiruvarur,Family Z-B,1024,1024,True
EXP-Z-B-tiruvarur-P2-S1000-G0.01,tiruvarur,Family Z-B,1024,1024,True
EXP-Z-A-tiruvarur-P2-S1001,tiruvarur,Family Z-A,1024,1024,True
EXP-Z-B-tiruvarur-P2-S1001-G0.0001,tiruvarur,Family Z-B,1024,1024,True
EXP-Z-B-tiruvarur-P2-S1001-G0.001,tiruvarur,Family Z-B,1024,1024,True
EXP-Z-B-tiruvarur-P2-S1001-G0.005,tiruvarur,Family Z-B,1024,1024,True
EXP-Z-B-tiruvarur-P2-S1001-G0.01,tiruvarur,Family Z-B,1024,1024,True
EXP-Z-A-tiruvarur-P2-S1002,tiruvarur,Family Z-A,1024,1024,True
EXP-Z-B-tiruvarur-P2-S1002-G0.0001,tiruvarur,Family Z-B,1024,1024,True
EXP-Z-B-tiruvarur-P2-S1002-G0.001,tiruvarur,Family Z-B,1024,1024,True
EXP-Z-B-tiruvarur-P2-S1002-G0.005,tiruvarur,Family Z-B,1024,1024,True
EXP-Z-B-tiruvarur-P2-S1002-G0.01,tiruvarur,Family Z-B,1024,1024,True
EXP-Z-A-tiruvarur-P2-S1003,tiruvarur,Family Z-A,1024,1024,True
EXP-Z-B-tiruvarur-P2-S1003-G0.0001,tiruvarur,Family Z-B,1024,1024,True
EXP-Z-B-tiruvarur-P2-S1003-G0.001,tiruvarur,Family Z-B,1024,1024,True
EXP-Z-B-tiruvarur-P2-S1003-G0.005,tiruvarur,Family Z-B,1024,1024,True
EXP-Z-B-tiruvarur-P2-S1003-G0.01,tiruvarur,Family Z-B,1024,1024,True
EXP-Z-A-tiruvarur-P2-S1004,tiruvarur,Family Z-A,1024,1024,True
EXP-Z-B-tiruvarur-P2-S1004-G0.0001,tiruvarur,Family Z-B,1024,1024,True
EXP-Z-B-tiruvarur-P2-S1004-G0.001,tiruvarur,Family Z-B,1024,1024,True
EXP-Z-B-tiruvarur-P2-S1004-G0.005,tiruvarur,Family Z-B,1024,1024,True
EXP-Z-B-tiruvarur-P2-S1004-G0.01,tiruvarur,Family Z-B,1024,1024,True
EXP-Z-A-tiruvarur-P3-S1000,tiruvarur,Family Z-A,1024,1024,True
EXP-Z-B-tiruvarur-P3-S1000-G0.0001,tiruvarur,Family Z-B,1024,1024,True
EXP-Z-B-tiruvarur-P3-S1000-G0.001,tiruvarur,Family Z-B,1024,1024,True
EXP-Z-B-tiruvarur-P3-S1000-G0.005,tiruvarur,Family Z-B,1024,1024,True
EXP-Z-B-tiruvarur-P3-S1000-G0.01,tiruvarur,Family Z-B,1024,1024,True
EXP-Z-A-tiruvarur-P3-S1001,tiruvarur,Family Z-A,1024,1024,True
EXP-Z-B-tiruvarur-P3-S1001-G0.0001,tiruvarur,Family Z-B,1024,1024,True
EXP-Z-B-tiruvarur-P3-S1001-G0.001,tiruvarur,Family Z-B,1024,1024,True
EXP-Z-B-tiruvarur-P3-S1001-G0.005,tiruvarur,Family Z-B,1024,1024,True
EXP-Z-B-tiruvarur-P3-S1001-G0.01,tiruvarur,Family Z-B,1024,1024,True
EXP-Z-A-tiruvarur-P3-S1002,tiruvarur,Family Z-A,1024,1024,True
EXP-Z-B-tiruvarur-P3-S1002-G0.0001,tiruvarur,Family Z-B,1024,1024,True
EXP-Z-B-tiruvarur-P3-S1002-G0.001,tiruvarur,Family Z-B,1024,1024,True
EXP-Z-B-tiruvarur-P3-S1002-G0.005,tiruvarur,Family Z-B,1024,1024,True
EXP-Z-B-tiruvarur-P3-S1002-G0.01,tiruvarur,Family Z-B,1024,1024,True
EXP-Z-A-tiruvarur-P3-S1003,tiruvarur,Family Z-A,1024,1024,True
EXP-Z-B-tiruvarur-P3-S1003-G0.0001,tiruvarur,Family Z-B,1024,1024,True
EXP-Z-B-tiruvarur-P3-S1003-G0.001,tiruvarur,Family Z-B,1024,1024,True
EXP-Z-B-tiruvarur-P3-S1003-G0.005,tiruvarur,Family Z-B,1024,1024,True
EXP-Z-B-tiruvarur-P3-S1003-G0.01,tiruvarur,Family Z-B,1024,1024,True
EXP-Z-A-tiruvarur-P3-S1004,tiruvarur,Family Z-A,1024,1024,True
EXP-Z-B-tiruvarur-P3-S1004-G0.0001,tiruvarur,Family Z-B,1024,1024,True
EXP-Z-B-tiruvarur-P3-S1004-G0.001,tiruvarur,Family Z-B,1024,1024,True
EXP-Z-B-tiruvarur-P3-S1004-G0.005,tiruvarur,Family Z-B,1024,1024,True
EXP-Z-B-tiruvarur-P3-S1004-G0.01,tiruvarur,Family Z-B,1024,1024,True
EXP-Z-A-tiruvarur-P4-S1000,tiruvarur,Family Z-A,1024,1024,True
EXP-Z-B-tiruvarur-P4-S1000-G0.0001,tiruvarur,Family Z-B,1024,1024,True
EXP-Z-B-tiruvarur-P4-S1000-G0.001,tiruvarur,Family Z-B,1024,1024,True
EXP-Z-B-tiruvarur-P4-S1000-G0.005,tiruvarur,Family Z-B,1024,1024,True
EXP-Z-B-tiruvarur-P4-S1000-G0.01,tiruvarur,Family Z-B,1024,1024,True
EXP-Z-A-tiruvarur-P4-S1001,tiruvarur,Family Z-A,1024,1024,True
EXP-Z-B-tiruvarur-P4-S1001-G0.0001,tiruvarur,Family Z-B,1024,1024,True
EXP-Z-B-tiruvarur-P4-S1001-G0.001,tiruvarur,Family Z-B,1024,1024,True
EXP-Z-B-tiruvarur-P4-S1001-G0.005,tiruvarur,Family Z-B,1024,1024,True
EXP-Z-B-tiruvarur-P4-S1001-G0.01,tiruvarur,Family Z-B,1024,1024,True
EXP-Z-A-tiruvarur-P4-S1002,tiruvarur,Family Z-A,1024,1024,True
EXP-Z-B-tiruvarur-P4-S1002-G0.0001,tiruvarur,Family Z-B,1024,1024,True
EXP-Z-B-tiruvarur-P4-S1002-G0.001,tiruvarur,Family Z-B,1024,1024,True
EXP-Z-B-tiruvarur-P4-S1002-G0.005,tiruvarur,Family Z-B,1024,1024,True
EXP-Z-B-tiruvarur-P4-S1002-G0.01,tiruvarur,Family Z-B,1024,1024,True
EXP-Z-A-tiruvarur-P4-S1003,tiruvarur,Family Z-A,1024,1024,True
EXP-Z-B-tiruvarur-P4-S1003-G0.0001,tiruvarur,Family Z-B,1024,1024,True
EXP-Z-B-tiruvarur-P4-S1003-G0.001,tiruvarur,Family Z-B,1024,1024,True
EXP-Z-B-tiruvarur-P4-S1003-G0.005,tiruvarur,Family Z-B,1024,1024,True
EXP-Z-B-tiruvarur-P4-S1003-G0.01,tiruvarur,Family Z-B,1024,1024,True
EXP-Z-A-tiruvarur-P4-S1004,tiruvarur,Family Z-A,1024,1024,True
EXP-Z-B-tiruvarur-P4-S1004-G0.0001,tiruvarur,Family Z-B,1024,1024,True
EXP-Z-B-tiruvarur-P4-S1004-G0.001,tiruvarur,Family Z-B,1024,1024,True
EXP-Z-B-tiruvarur-P4-S1004-G0.005,tiruvarur,Family Z-B,1024,1024,True
EXP-Z-B-tiruvarur-P4-S1004-G0.01,tiruvarur,Family Z-B,1024,1024,True
EXP-Z-A-tiruvarur-P5-S1000,tiruvarur,Family Z-A,1024,1024,True
EXP-Z-B-tiruvarur-P5-S1000-G0.0001,tiruvarur,Family Z-B,1024,1024,True
EXP-Z-B-tiruvarur-P5-S1000-G0.001,tiruvarur,Family Z-B,1024,1024,True
EXP-Z-B-tiruvarur-P5-S1000-G0.005,tiruvarur,Family Z-B,1024,1024,True
EXP-Z-B-tiruvarur-P5-S1000-G0.01,tiruvarur,Family Z-B,1024,1024,True
EXP-Z-A-tiruvarur-P5-S1001,tiruvarur,Family Z-A,1024,1024,True
EXP-Z-B-tiruvarur-P5-S1001-G0.0001,tiruvarur,Family Z-B,1024,1024,True
EXP-Z-B-tiruvarur-P5-S1001-G0.001,tiruvarur,Family Z-B,1024,1024,True
EXP-Z-B-tiruvarur-P5-S1001-G0.005,tiruvarur,Family Z-B,1024,1024,True
EXP-Z-B-tiruvarur-P5-S1001-G0.01,tiruvarur,Family Z-B,1024,1024,True
EXP-Z-A-tiruvarur-P5-S1002,tiruvarur,Family Z-A,1024,1024,True
EXP-Z-B-tiruvarur-P5-S1002-G0.0001,tiruvarur,Family Z-B,1024,1024,True
EXP-Z-B-tiruvarur-P5-S1002-G0.001,tiruvarur,Family Z-B,1024,1024,True
EXP-Z-B-tiruvarur-P5-S1002-G0.005,tiruvarur,Family Z-B,1024,1024,True
EXP-Z-B-tiruvarur-P5-S1002-G0.01,tiruvarur,Family Z-B,1024,1024,True
EXP-Z-A-tiruvarur-P5-S1003,tiruvarur,Family Z-A,1024,1024,True
EXP-Z-B-tiruvarur-P5-S1003-G0.0001,tiruvarur,Family Z-B,1024,1024,True
EXP-Z-B-tiruvarur-P5-S1003-G0.001,tiruvarur,Family Z-B,1024,1024,True
EXP-Z-B-tiruvarur-P5-S1003-G0.005,tiruvarur,Family Z-B,1024,1024,True
EXP-Z-B-tiruvarur-P5-S1003-G0.01,tiruvarur,Family Z-B,1024,1024,True
EXP-Z-A-tiruvarur-P5-S1004,tiruvarur,Family Z-A,1024,1024,True
EXP-Z-B-tiruvarur-P5-S1004-G0.0001,tiruvarur,Family Z-B,1024,1024,True
EXP-Z-B-tiruvarur-P5-S1004-G0.001,tiruvarur,Family Z-B,1024,1024,True
EXP-Z-B-tiruvarur-P5-S1004-G0.005,tiruvarur,Family Z-B,1024,1024,True
EXP-Z-B-tiruvarur-P5-S1004-G0.01,tiruvarur,Family Z-B,1024,1024,True
EXP-Z-A-tiruvallur-P1-S1000,tiruvallur,Family Z-A,1024,1024,True
EXP-Z-B-tiruvallur-P1-S1000-G0.0001,tiruvallur,Family Z-B,1024,1024,True
EXP-Z-B-tiruvallur-P1-S1000-G0.001,tiruvallur,Family Z-B,1024,1024,True
EXP-Z-B-tiruvallur-P1-S1000-G0.005,tiruvallur,Family Z-B,1024,1024,True
EXP-Z-B-tiruvallur-P1-S1000-G0.01,tiruvallur,Family Z-B,1024,1024,True
EXP-Z-A-tiruvallur-P1-S1001,tiruvallur,Family Z-A,1024,1024,True
EXP-Z-B-tiruvallur-P1-S1001-G0.0001,tiruvallur,Family Z-B,1024,1024,True
EXP-Z-B-tiruvallur-P1-S1001-G0.001,tiruvallur,Family Z-B,1024,1024,True
EXP-Z-B-tiruvallur-P1-S1001-G0.005,tiruvallur,Family Z-B,1024,1024,True
EXP-Z-B-tiruvallur-P1-S1001-G0.01,tiruvallur,Family Z-B,1024,1024,True
EXP-Z-A-tiruvallur-P1-S1002,tiruvallur,Family Z-A,1024,1024,True
EXP-Z-B-tiruvallur-P1-S1002-G0.0001,tiruvallur,Family Z-B,1024,1024,True
EXP-Z-B-tiruvallur-P1-S1002-G0.001,tiruvallur,Family Z-B,1024,1024,True
EXP-Z-B-tiruvallur-P1-S1002-G0.005,tiruvallur,Family Z-B,1024,1024,True
EXP-Z-B-tiruvallur-P1-S1002-G0.01,tiruvallur,Family Z-B,1024,1024,True
EXP-Z-A-tiruvallur-P1-S1003,tiruvallur,Family Z-A,1024,1024,True
EXP-Z-B-tiruvallur-P1-S1003-G0.0001,tiruvallur,Family Z-B,1024,1024,True
EXP-Z-B-tiruvallur-P1-S1003-G0.001,tiruvallur,Family Z-B,1024,1024,True
EXP-Z-B-tiruvallur-P1-S1003-G0.005,tiruvallur,Family Z-B,1024,1024,True
EXP-Z-B-tiruvallur-P1-S1003-G0.01,tiruvallur,Family Z-B,1024,1024,True
EXP-Z-A-tiruvallur-P1-S1004,tiruvallur,Family Z-A,1024,1024,True
EXP-Z-B-tiruvallur-P1-S1004-G0.0001,tiruvallur,Family Z-B,1024,1024,True
EXP-Z-B-tiruvallur-P1-S1004-G0.001,tiruvallur,Family Z-B,1024,1024,True
EXP-Z-B-tiruvallur-P1-S1004-G0.005,tiruvallur,Family Z-B,1024,1024,True
EXP-Z-B-tiruvallur-P1-S1004-G0.01,tiruvallur,Family Z-B,1024,1024,True
EXP-Z-A-tiruvallur-P2-S1000,tiruvallur,Family Z-A,1024,1024,True
EXP-Z-B-tiruvallur-P2-S1000-G0.0001,tiruvallur,Family Z-B,1024,1024,True
EXP-Z-B-tiruvallur-P2-S1000-G0.001,tiruvallur,Family Z-B,1024,1024,True
EXP-Z-B-tiruvallur-P2-S1000-G0.005,tiruvallur,Family Z-B,1024,1024,True
EXP-Z-B-tiruvallur-P2-S1000-G0.01,tiruvallur,Family Z-B,1024,1024,True
EXP-Z-A-tiruvallur-P2-S1001,tiruvallur,Family Z-A,1024,1024,True
EXP-Z-B-tiruvallur-P2-S1001-G0.0001,tiruvallur,Family Z-B,1024,1024,True
EXP-Z-B-tiruvallur-P2-S1001-G0.001,tiruvallur,Family Z-B,1024,1024,True
EXP-Z-B-tiruvallur-P2-S1001-G0.005,tiruvallur,Family Z-B,1024,1024,True
EXP-Z-B-tiruvallur-P2-S1001-G0.01,tiruvallur,Family Z-B,1024,1024,True
EXP-Z-A-tiruvallur-P2-S1002,tiruvallur,Family Z-A,1024,1024,True
EXP-Z-B-tiruvallur-P2-S1002-G0.0001,tiruvallur,Family Z-B,1024,1024,True
EXP-Z-B-tiruvallur-P2-S1002-G0.001,tiruvallur,Family Z-B,1024,1024,True
EXP-Z-B-tiruvallur-P2-S1002-G0.005,tiruvallur,Family Z-B,1024,1024,True
EXP-Z-B-tiruvallur-P2-S1002-G0.01,tiruvallur,Family Z-B,1024,1024,True
EXP-Z-A-tiruvallur-P2-S1003,tiruvallur,Family Z-A,1024,1024,True
EXP-Z-B-tiruvallur-P2-S1003-G0.0001,tiruvallur,Family Z-B,1024,1024,True
EXP-Z-B-tiruvallur-P2-S1003-G0.001,tiruvallur,Family Z-B,1024,1024,True
EXP-Z-B-tiruvallur-P2-S1003-G0.005,tiruvallur,Family Z-B,1024,1024,True
EXP-Z-B-tiruvallur-P2-S1003-G0.01,tiruvallur,Family Z-B,1024,1024,True
EXP-Z-A-tiruvallur-P2-S1004,tiruvallur,Family Z-A,1024,1024,True
EXP-Z-B-tiruvallur-P2-S1004-G0.0001,tiruvallur,Family Z-B,1024,1024,True
EXP-Z-B-tiruvallur-P2-S1004-G0.001,tiruvallur,Family Z-B,1024,1024,True
EXP-Z-B-tiruvallur-P2-S1004-G0.005,tiruvallur,Family Z-B,1024,1024,True
EXP-Z-B-tiruvallur-P2-S1004-G0.01,tiruvallur,Family Z-B,1024,1024,True
EXP-Z-A-tiruvallur-P3-S1000,tiruvallur,Family Z-A,1024,1024,True
EXP-Z-B-tiruvallur-P3-S1000-G0.0001,tiruvallur,Family Z-B,1024,1024,True
EXP-Z-B-tiruvallur-P3-S1000-G0.001,tiruvallur,Family Z-B,1024,1024,True
EXP-Z-B-tiruvallur-P3-S1000-G0.005,tiruvallur,Family Z-B,1024,1024,True
EXP-Z-B-tiruvallur-P3-S1000-G0.01,tiruvallur,Family Z-B,1024,1024,True
EXP-Z-A-tiruvallur-P3-S1001,tiruvallur,Family Z-A,1024,1024,True
EXP-Z-B-tiruvallur-P3-S1001-G0.0001,tiruvallur,Family Z-B,1024,1024,True
EXP-Z-B-tiruvallur-P3-S1001-G0.001,tiruvallur,Family Z-B,1024,1024,True
EXP-Z-B-tiruvallur-P3-S1001-G0.005,tiruvallur,Family Z-B,1024,1024,True
EXP-Z-B-tiruvallur-P3-S1001-G0.01,tiruvallur,Family Z-B,1024,1024,True
EXP-Z-A-tiruvallur-P3-S1002,tiruvallur,Family Z-A,1024,1024,True
EXP-Z-B-tiruvallur-P3-S1002-G0.0001,tiruvallur,Family Z-B,1024,1024,True
EXP-Z-B-tiruvallur-P3-S1002-G0.001,tiruvallur,Family Z-B,1024,1024,True
EXP-Z-B-tiruvallur-P3-S1002-G0.005,tiruvallur,Family Z-B,1024,1024,True
EXP-Z-B-tiruvallur-P3-S1002-G0.01,tiruvallur,Family Z-B,1024,1024,True
EXP-Z-A-tiruvallur-P3-S1003,tiruvallur,Family Z-A,1024,1024,True
EXP-Z-B-tiruvallur-P3-S1003-G0.0001,tiruvallur,Family Z-B,1024,1024,True
EXP-Z-B-tiruvallur-P3-S1003-G0.001,tiruvallur,Family Z-B,1024,1024,True
EXP-Z-B-tiruvallur-P3-S1003-G0.005,tiruvallur,Family Z-B,1024,1024,True
EXP-Z-B-tiruvallur-P3-S1003-G0.01,tiruvallur,Family Z-B,1024,1024,True
EXP-Z-A-tiruvallur-P3-S1004,tiruvallur,Family Z-A,1024,1024,True
EXP-Z-B-tiruvallur-P3-S1004-G0.0001,tiruvallur,Family Z-B,1024,1024,True
EXP-Z-B-tiruvallur-P3-S1004-G0.001,tiruvallur,Family Z-B,1024,1024,True
EXP-Z-B-tiruvallur-P3-S1004-G0.005,tiruvallur,Family Z-B,1024,1024,True
EXP-Z-B-tiruvallur-P3-S1004-G0.01,tiruvallur,Family Z-B,1024,1024,True
EXP-Z-A-tiruvallur-P4-S1000,tiruvallur,Family Z-A,1024,1024,True
EXP-Z-B-tiruvallur-P4-S1000-G0.0001,tiruvallur,Family Z-B,1024,1024,True
EXP-Z-B-tiruvallur-P4-S1000-G0.001,tiruvallur,Family Z-B,1024,1024,True
EXP-Z-B-tiruvallur-P4-S1000-G0.005,tiruvallur,Family Z-B,1024,1024,True
EXP-Z-B-tiruvallur-P4-S1000-G0.01,tiruvallur,Family Z-B,1024,1024,True
EXP-Z-A-tiruvallur-P4-S1001,tiruvallur,Family Z-A,1024,1024,True
EXP-Z-B-tiruvallur-P4-S1001-G0.0001,tiruvallur,Family Z-B,1024,1024,True
EXP-Z-B-tiruvallur-P4-S1001-G0.001,tiruvallur,Family Z-B,1024,1024,True
EXP-Z-B-tiruvallur-P4-S1001-G0.005,tiruvallur,Family Z-B,1024,1024,True
EXP-Z-B-tiruvallur-P4-S1001-G0.01,tiruvallur,Family Z-B,1024,1024,True
EXP-Z-A-tiruvallur-P4-S1002,tiruvallur,Family Z-A,1024,1024,True
EXP-Z-B-tiruvallur-P4-S1002-G0.0001,tiruvallur,Family Z-B,1024,1024,True
EXP-Z-B-tiruvallur-P4-S1002-G0.001,tiruvallur,Family Z-B,1024,1024,True
EXP-Z-B-tiruvallur-P4-S1002-G0.005,tiruvallur,Family Z-B,1024,1024,True
EXP-Z-B-tiruvallur-P4-S1002-G0.01,tiruvallur,Family Z-B,1024,1024,True
EXP-Z-A-tiruvallur-P4-S1003,tiruvallur,Family Z-A,1024,1024,True
EXP-Z-B-tiruvallur-P4-S1003-G0.0001,tiruvallur,Family Z-B,1024,1024,True
EXP-Z-B-tiruvallur-P4-S1003-G0.001,tiruvallur,Family Z-B,1024,1024,True
EXP-Z-B-tiruvallur-P4-S1003-G0.005,tiruvallur,Family Z-B,1024,1024,True
EXP-Z-B-tiruvallur-P4-S1003-G0.01,tiruvallur,Family Z-B,1024,1024,True
EXP-Z-A-tiruvallur-P4-S1004,tiruvallur,Family Z-A,1024,1024,True
EXP-Z-B-tiruvallur-P4-S1004-G0.0001,tiruvallur,Family Z-B,1024,1024,True
EXP-Z-B-tiruvallur-P4-S1004-G0.001,tiruvallur,Family Z-B,1024,1024,True
EXP-Z-B-tiruvallur-P4-S1004-G0.005,tiruvallur,Family Z-B,1024,1024,True
EXP-Z-B-tiruvallur-P4-S1004-G0.01,tiruvallur,Family Z-B,1024,1024,True
EXP-Z-A-tiruvallur-P5-S1000,tiruvallur,Family Z-A,1024,1024,True
EXP-Z-B-tiruvallur-P5-S1000-G0.0001,tiruvallur,Family Z-B,1024,1024,True
EXP-Z-B-tiruvallur-P5-S1000-G0.001,tiruvallur,Family Z-B,1024,1024,True
EXP-Z-B-tiruvallur-P5-S1000-G0.005,tiruvallur,Family Z-B,1024,1024,True
EXP-Z-B-tiruvallur-P5-S1000-G0.01,tiruvallur,Family Z-B,1024,1024,True
EXP-Z-A-tiruvallur-P5-S1001,tiruvallur,Family Z-A,1024,1024,True
EXP-Z-B-tiruvallur-P5-S1001-G0.0001,tiruvallur,Family Z-B,1024,1024,True
EXP-Z-B-tiruvallur-P5-S1001-G0.001,tiruvallur,Family Z-B,1024,1024,True
EXP-Z-B-tiruvallur-P5-S1001-G0.005,tiruvallur,Family Z-B,1024,1024,True
EXP-Z-B-tiruvallur-P5-S1001-G0.01,tiruvallur,Family Z-B,1024,1024,True
EXP-Z-A-tiruvallur-P5-S1002,tiruvallur,Family Z-A,1024,1024,True
EXP-Z-B-tiruvallur-P5-S1002-G0.0001,tiruvallur,Family Z-B,1024,1024,True
EXP-Z-B-tiruvallur-P5-S1002-G0.001,tiruvallur,Family Z-B,1024,1024,True
EXP-Z-B-tiruvallur-P5-S1002-G0.005,tiruvallur,Family Z-B,1024,1024,True
EXP-Z-B-tiruvallur-P5-S1002-G0.01,tiruvallur,Family Z-B,1024,1024,True
EXP-Z-A-tiruvallur-P5-S1003,tiruvallur,Family Z-A,1024,1024,True
EXP-Z-B-tiruvallur-P5-S1003-G0.0001,tiruvallur,Family Z-B,1024,1024,True
EXP-Z-B-tiruvallur-P5-S1003-G0.001,tiruvallur,Family Z-B,1024,1024,True
EXP-Z-B-tiruvallur-P5-S1003-G0.005,tiruvallur,Family Z-B,1024,1024,True
EXP-Z-B-tiruvallur-P5-S1003-G0.01,tiruvallur,Family Z-B,1024,1024,True
EXP-Z-A-tiruvallur-P5-S1004,tiruvallur,Family Z-A,1024,1024,True
EXP-Z-B-tiruvallur-P5-S1004-G0.0001,tiruvallur,Family Z-B,1024,1024,True
EXP-Z-B-tiruvallur-P5-S1004-G0.001,tiruvallur,Family Z-B,1024,1024,True
EXP-Z-B-tiruvallur-P5-S1004-G0.005,tiruvallur,Family Z-B,1024,1024,True
EXP-Z-B-tiruvallur-P5-S1004-G0.01,tiruvallur,Family Z-B,1024,1024,True
EXP-Z-A-tiruvannamalai-P1-S1000,tiruvannamalai,Family Z-A,1024,1024,True
EXP-Z-B-tiruvannamalai-P1-S1000-G0.0001,tiruvannamalai,Family Z-B,1024,1024,True
EXP-Z-B-tiruvannamalai-P1-S1000-G0.001,tiruvannamalai,Family Z-B,1024,1024,True
EXP-Z-B-tiruvannamalai-P1-S1000-G0.005,tiruvannamalai,Family Z-B,1024,1024,True
EXP-Z-B-tiruvannamalai-P1-S1000-G0.01,tiruvannamalai,Family Z-B,1024,1024,True
EXP-Z-A-tiruvannamalai-P1-S1001,tiruvannamalai,Family Z-A,1024,1024,True
EXP-Z-B-tiruvannamalai-P1-S1001-G0.0001,tiruvannamalai,Family Z-B,1024,1024,True
EXP-Z-B-tiruvannamalai-P1-S1001-G0.001,tiruvannamalai,Family Z-B,1024,1024,True
EXP-Z-B-tiruvannamalai-P1-S1001-G0.005,tiruvannamalai,Family Z-B,1024,1024,True
EXP-Z-B-tiruvannamalai-P1-S1001-G0.01,tiruvannamalai,Family Z-B,1024,1024,True
EXP-Z-A-tiruvannamalai-P1-S1002,tiruvannamalai,Family Z-A,1024,1024,True
EXP-Z-B-tiruvannamalai-P1-S1002-G0.0001,tiruvannamalai,Family Z-B,1024,1024,True
EXP-Z-B-tiruvannamalai-P1-S1002-G0.001,tiruvannamalai,Family Z-B,1024,1024,True
EXP-Z-B-tiruvannamalai-P1-S1002-G0.005,tiruvannamalai,Family Z-B,1024,1024,True
EXP-Z-B-tiruvannamalai-P1-S1002-G0.01,tiruvannamalai,Family Z-B,1024,1024,True
EXP-Z-A-tiruvannamalai-P1-S1003,tiruvannamalai,Family Z-A,1024,1024,True
EXP-Z-B-tiruvannamalai-P1-S1003-G0.0001,tiruvannamalai,Family Z-B,1024,1024,True
EXP-Z-B-tiruvannamalai-P1-S1003-G0.001,tiruvannamalai,Family Z-B,1024,1024,True
EXP-Z-B-tiruvannamalai-P1-S1003-G0.005,tiruvannamalai,Family Z-B,1024,1024,True
EXP-Z-B-tiruvannamalai-P1-S1003-G0.01,tiruvannamalai,Family Z-B,1024,1024,True
EXP-Z-A-tiruvannamalai-P1-S1004,tiruvannamalai,Family Z-A,1024,1024,True
EXP-Z-B-tiruvannamalai-P1-S1004-G0.0001,tiruvannamalai,Family Z-B,1024,1024,True
EXP-Z-B-tiruvannamalai-P1-S1004-G0.001,tiruvannamalai,Family Z-B,1024,1024,True
EXP-Z-B-tiruvannamalai-P1-S1004-G0.005,tiruvannamalai,Family Z-B,1024,1024,True
EXP-Z-B-tiruvannamalai-P1-S1004-G0.01,tiruvannamalai,Family Z-B,1024,1024,True
EXP-Z-A-tiruvannamalai-P2-S1000,tiruvannamalai,Family Z-A,1024,1024,True
EXP-Z-B-tiruvannamalai-P2-S1000-G0.0001,tiruvannamalai,Family Z-B,1024,1024,True
EXP-Z-B-tiruvannamalai-P2-S1000-G0.001,tiruvannamalai,Family Z-B,1024,1024,True
EXP-Z-B-tiruvannamalai-P2-S1000-G0.005,tiruvannamalai,Family Z-B,1024,1024,True
EXP-Z-B-tiruvannamalai-P2-S1000-G0.01,tiruvannamalai,Family Z-B,1024,1024,True
EXP-Z-A-tiruvannamalai-P2-S1001,tiruvannamalai,Family Z-A,1024,1024,True
EXP-Z-B-tiruvannamalai-P2-S1001-G0.0001,tiruvannamalai,Family Z-B,1024,1024,True
EXP-Z-B-tiruvannamalai-P2-S1001-G0.001,tiruvannamalai,Family Z-B,1024,1024,True
EXP-Z-B-tiruvannamalai-P2-S1001-G0.005,tiruvannamalai,Family Z-B,1024,1024,True
EXP-Z-B-tiruvannamalai-P2-S1001-G0.01,tiruvannamalai,Family Z-B,1024,1024,True
EXP-Z-A-tiruvannamalai-P2-S1002,tiruvannamalai,Family Z-A,1024,1024,True
EXP-Z-B-tiruvannamalai-P2-S1002-G0.0001,tiruvannamalai,Family Z-B,1024,1024,True
EXP-Z-B-tiruvannamalai-P2-S1002-G0.001,tiruvannamalai,Family Z-B,1024,1024,True
EXP-Z-B-tiruvannamalai-P2-S1002-G0.005,tiruvannamalai,Family Z-B,1024,1024,True
EXP-Z-B-tiruvannamalai-P2-S1002-G0.01,tiruvannamalai,Family Z-B,1024,1024,True
EXP-Z-A-tiruvannamalai-P2-S1003,tiruvannamalai,Family Z-A,1024,1024,True
EXP-Z-B-tiruvannamalai-P2-S1003-G0.0001,tiruvannamalai,Family Z-B,1024,1024,True
EXP-Z-B-tiruvannamalai-P2-S1003-G0.001,tiruvannamalai,Family Z-B,1024,1024,True
EXP-Z-B-tiruvannamalai-P2-S1003-G0.005,tiruvannamalai,Family Z-B,1024,1024,True
EXP-Z-B-tiruvannamalai-P2-S1003-G0.01,tiruvannamalai,Family Z-B,1024,1024,True
EXP-Z-A-tiruvannamalai-P2-S1004,tiruvannamalai,Family Z-A,1024,1024,True
EXP-Z-B-tiruvannamalai-P2-S1004-G0.0001,tiruvannamalai,Family Z-B,1024,1024,True
EXP-Z-B-tiruvannamalai-P2-S1004-G0.001,tiruvannamalai,Family Z-B,1024,1024,True
EXP-Z-B-tiruvannamalai-P2-S1004-G0.005,tiruvannamalai,Family Z-B,1024,1024,True
EXP-Z-B-tiruvannamalai-P2-S1004-G0.01,tiruvannamalai,Family Z-B,1024,1024,True
EXP-Z-A-tiruvannamalai-P3-S1000,tiruvannamalai,Family Z-A,1024,1024,True
EXP-Z-B-tiruvannamalai-P3-S1000-G0.0001,tiruvannamalai,Family Z-B,1024,1024,True
EXP-Z-B-tiruvannamalai-P3-S1000-G0.001,tiruvannamalai,Family Z-B,1024,1024,True
EXP-Z-B-tiruvannamalai-P3-S1000-G0.005,tiruvannamalai,Family Z-B,1024,1024,True
EXP-Z-B-tiruvannamalai-P3-S1000-G0.01,tiruvannamalai,Family Z-B,1024,1024,True
EXP-Z-A-tiruvannamalai-P3-S1001,tiruvannamalai,Family Z-A,1024,1024,True
EXP-Z-B-tiruvannamalai-P3-S1001-G0.0001,tiruvannamalai,Family Z-B,1024,1024,True
EXP-Z-B-tiruvannamalai-P3-S1001-G0.001,tiruvannamalai,Family Z-B,1024,1024,True
EXP-Z-B-tiruvannamalai-P3-S1001-G0.005,tiruvannamalai,Family Z-B,1024,1024,True
EXP-Z-B-tiruvannamalai-P3-S1001-G0.01,tiruvannamalai,Family Z-B,1024,1024,True
EXP-Z-A-tiruvannamalai-P3-S1002,tiruvannamalai,Family Z-A,1024,1024,True
EXP-Z-B-tiruvannamalai-P3-S1002-G0.0001,tiruvannamalai,Family Z-B,1024,1024,True
EXP-Z-B-tiruvannamalai-P3-S1002-G0.001,tiruvannamalai,Family Z-B,1024,1024,True
EXP-Z-B-tiruvannamalai-P3-S1002-G0.005,tiruvannamalai,Family Z-B,1024,1024,True
EXP-Z-B-tiruvannamalai-P3-S1002-G0.01,tiruvannamalai,Family Z-B,1024,1024,True
EXP-Z-A-tiruvannamalai-P3-S1003,tiruvannamalai,Family Z-A,1024,1024,True
EXP-Z-B-tiruvannamalai-P3-S1003-G0.0001,tiruvannamalai,Family Z-B,1024,1024,True
EXP-Z-B-tiruvannamalai-P3-S1003-G0.001,tiruvannamalai,Family Z-B,1024,1024,True
EXP-Z-B-tiruvannamalai-P3-S1003-G0.005,tiruvannamalai,Family Z-B,1024,1024,True
EXP-Z-B-tiruvannamalai-P3-S1003-G0.01,tiruvannamalai,Family Z-B,1024,1024,True
EXP-Z-A-tiruvannamalai-P3-S1004,tiruvannamalai,Family Z-A,1024,1024,True
EXP-Z-B-tiruvannamalai-P3-S1004-G0.0001,tiruvannamalai,Family Z-B,1024,1024,True
EXP-Z-B-tiruvannamalai-P3-S1004-G0.001,tiruvannamalai,Family Z-B,1024,1024,True
EXP-Z-B-tiruvannamalai-P3-S1004-G0.005,tiruvannamalai,Family Z-B,1024,1024,True
EXP-Z-B-tiruvannamalai-P3-S1004-G0.01,tiruvannamalai,Family Z-B,1024,1024,True
EXP-Z-A-tiruvannamalai-P4-S1000,tiruvannamalai,Family Z-A,1024,1024,True
EXP-Z-B-tiruvannamalai-P4-S1000-G0.0001,tiruvannamalai,Family Z-B,1024,1024,True
EXP-Z-B-tiruvannamalai-P4-S1000-G0.001,tiruvannamalai,Family Z-B,1024,1024,True
EXP-Z-B-tiruvannamalai-P4-S1000-G0.005,tiruvannamalai,Family Z-B,1024,1024,True
EXP-Z-B-tiruvannamalai-P4-S1000-G0.01,tiruvannamalai,Family Z-B,1024,1024,True
EXP-Z-A-tiruvannamalai-P4-S1001,tiruvannamalai,Family Z-A,1024,1024,True
EXP-Z-B-tiruvannamalai-P4-S1001-G0.0001,tiruvannamalai,Family Z-B,1024,1024,True
EXP-Z-B-tiruvannamalai-P4-S1001-G0.001,tiruvannamalai,Family Z-B,1024,1024,True
EXP-Z-B-tiruvannamalai-P4-S1001-G0.005,tiruvannamalai,Family Z-B,1024,1024,True
EXP-Z-B-tiruvannamalai-P4-S1001-G0.01,tiruvannamalai,Family Z-B,1024,1024,True
EXP-Z-A-tiruvannamalai-P4-S1002,tiruvannamalai,Family Z-A,1024,1024,True
EXP-Z-B-tiruvannamalai-P4-S1002-G0.0001,tiruvannamalai,Family Z-B,1024,1024,True
EXP-Z-B-tiruvannamalai-P4-S1002-G0.001,tiruvannamalai,Family Z-B,1024,1024,True
EXP-Z-B-tiruvannamalai-P4-S1002-G0.005,tiruvannamalai,Family Z-B,1024,1024,True
EXP-Z-B-tiruvannamalai-P4-S1002-G0.01,tiruvannamalai,Family Z-B,1024,1024,True
EXP-Z-A-tiruvannamalai-P4-S1003,tiruvannamalai,Family Z-A,1024,1024,True
EXP-Z-B-tiruvannamalai-P4-S1003-G0.0001,tiruvannamalai,Family Z-B,1024,1024,True
EXP-Z-B-tiruvannamalai-P4-S1003-G0.001,tiruvannamalai,Family Z-B,1024,1024,True
EXP-Z-B-tiruvannamalai-P4-S1003-G0.005,tiruvannamalai,Family Z-B,1024,1024,True
EXP-Z-B-tiruvannamalai-P4-S1003-G0.01,tiruvannamalai,Family Z-B,1024,1024,True
EXP-Z-A-tiruvannamalai-P4-S1004,tiruvannamalai,Family Z-A,1024,1024,True
EXP-Z-B-tiruvannamalai-P4-S1004-G0.0001,tiruvannamalai,Family Z-B,1024,1024,True
EXP-Z-B-tiruvannamalai-P4-S1004-G0.001,tiruvannamalai,Family Z-B,1024,1024,True
EXP-Z-B-tiruvannamalai-P4-S1004-G0.005,tiruvannamalai,Family Z-B,1024,1024,True
EXP-Z-B-tiruvannamalai-P4-S1004-G0.01,tiruvannamalai,Family Z-B,1024,1024,True
EXP-Z-A-tiruvannamalai-P5-S1000,tiruvannamalai,Family Z-A,1024,1024,True
EXP-Z-B-tiruvannamalai-P5-S1000-G0.0001,tiruvannamalai,Family Z-B,1024,1024,True
EXP-Z-B-tiruvannamalai-P5-S1000-G0.001,tiruvannamalai,Family Z-B,1024,1024,True
EXP-Z-B-tiruvannamalai-P5-S1000-G0.005,tiruvannamalai,Family Z-B,1024,1024,True
EXP-Z-B-tiruvannamalai-P5-S1000-G0.01,tiruvannamalai,Family Z-B,1024,1024,True
EXP-Z-A-tiruvannamalai-P5-S1001,tiruvannamalai,Family Z-A,1024,1024,True
EXP-Z-B-tiruvannamalai-P5-S1001-G0.0001,tiruvannamalai,Family Z-B,1024,1024,True
EXP-Z-B-tiruvannamalai-P5-S1001-G0.001,tiruvannamalai,Family Z-B,1024,1024,True
EXP-Z-B-tiruvannamalai-P5-S1001-G0.005,tiruvannamalai,Family Z-B,1024,1024,True
EXP-Z-B-tiruvannamalai-P5-S1001-G0.01,tiruvannamalai,Family Z-B,1024,1024,True
EXP-Z-A-tiruvannamalai-P5-S1002,tiruvannamalai,Family Z-A,1024,1024,True
EXP-Z-B-tiruvannamalai-P5-S1002-G0.0001,tiruvannamalai,Family Z-B,1024,1024,True
EXP-Z-B-tiruvannamalai-P5-S1002-G0.001,tiruvannamalai,Family Z-B,1024,1024,True
EXP-Z-B-tiruvannamalai-P5-S1002-G0.005,tiruvannamalai,Family Z-B,1024,1024,True
EXP-Z-B-tiruvannamalai-P5-S1002-G0.01,tiruvannamalai,Family Z-B,1024,1024,True
EXP-Z-A-tiruvannamalai-P5-S1003,tiruvannamalai,Family Z-A,1024,1024,True
EXP-Z-B-tiruvannamalai-P5-S1003-G0.0001,tiruvannamalai,Family Z-B,1024,1024,True
EXP-Z-B-tiruvannamalai-P5-S1003-G0.001,tiruvannamalai,Family Z-B,1024,1024,True
EXP-Z-B-tiruvannamalai-P5-S1003-G0.005,tiruvannamalai,Family Z-B,1024,1024,True
EXP-Z-B-tiruvannamalai-P5-S1003-G0.01,tiruvannamalai,Family Z-B,1024,1024,True
EXP-Z-A-tiruvannamalai-P5-S1004,tiruvannamalai,Family Z-A,1024,1024,True
EXP-Z-B-tiruvannamalai-P5-S1004-G0.0001,tiruvannamalai,Family Z-B,1024,1024,True
EXP-Z-B-tiruvannamalai-P5-S1004-G0.001,tiruvannamalai,Family Z-B,1024,1024,True
EXP-Z-B-tiruvannamalai-P5-S1004-G0.005,tiruvannamalai,Family Z-B,1024,1024,True
EXP-Z-B-tiruvannamalai-P5-S1004-G0.01,tiruvannamalai,Family Z-B,1024,1024,True
EXP-Z-A-tuticorin-P1-S1000,tuticorin,Family Z-A,1024,1024,True
EXP-Z-B-tuticorin-P1-S1000-G0.0001,tuticorin,Family Z-B,1024,1024,True
EXP-Z-B-tuticorin-P1-S1000-G0.001,tuticorin,Family Z-B,1024,1024,True
EXP-Z-B-tuticorin-P1-S1000-G0.005,tuticorin,Family Z-B,1024,1024,True
EXP-Z-B-tuticorin-P1-S1000-G0.01,tuticorin,Family Z-B,1024,1024,True
EXP-Z-A-tuticorin-P1-S1001,tuticorin,Family Z-A,1024,1024,True
EXP-Z-B-tuticorin-P1-S1001-G0.0001,tuticorin,Family Z-B,1024,1024,True
EXP-Z-B-tuticorin-P1-S1001-G0.001,tuticorin,Family Z-B,1024,1024,True
EXP-Z-B-tuticorin-P1-S1001-G0.005,tuticorin,Family Z-B,1024,1024,True
EXP-Z-B-tuticorin-P1-S1001-G0.01,tuticorin,Family Z-B,1024,1024,True
EXP-Z-A-tuticorin-P1-S1002,tuticorin,Family Z-A,1024,1024,True
EXP-Z-B-tuticorin-P1-S1002-G0.0001,tuticorin,Family Z-B,1024,1024,True
EXP-Z-B-tuticorin-P1-S1002-G0.001,tuticorin,Family Z-B,1024,1024,True
EXP-Z-B-tuticorin-P1-S1002-G0.005,tuticorin,Family Z-B,1024,1024,True
EXP-Z-B-tuticorin-P1-S1002-G0.01,tuticorin,Family Z-B,1024,1024,True
EXP-Z-A-tuticorin-P1-S1003,tuticorin,Family Z-A,1024,1024,True
EXP-Z-B-tuticorin-P1-S1003-G0.0001,tuticorin,Family Z-B,1024,1024,True
EXP-Z-B-tuticorin-P1-S1003-G0.001,tuticorin,Family Z-B,1024,1024,True
EXP-Z-B-tuticorin-P1-S1003-G0.005,tuticorin,Family Z-B,1024,1024,True
EXP-Z-B-tuticorin-P1-S1003-G0.01,tuticorin,Family Z-B,1024,1024,True
EXP-Z-A-tuticorin-P1-S1004,tuticorin,Family Z-A,1024,1024,True
EXP-Z-B-tuticorin-P1-S1004-G0.0001,tuticorin,Family Z-B,1024,1024,True
EXP-Z-B-tuticorin-P1-S1004-G0.001,tuticorin,Family Z-B,1024,1024,True
EXP-Z-B-tuticorin-P1-S1004-G0.005,tuticorin,Family Z-B,1024,1024,True
EXP-Z-B-tuticorin-P1-S1004-G0.01,tuticorin,Family Z-B,1024,1024,True
EXP-Z-A-tuticorin-P2-S1000,tuticorin,Family Z-A,1024,1024,True
EXP-Z-B-tuticorin-P2-S1000-G0.0001,tuticorin,Family Z-B,1024,1024,True
EXP-Z-B-tuticorin-P2-S1000-G0.001,tuticorin,Family Z-B,1024,1024,True
EXP-Z-B-tuticorin-P2-S1000-G0.005,tuticorin,Family Z-B,1024,1024,True
EXP-Z-B-tuticorin-P2-S1000-G0.01,tuticorin,Family Z-B,1024,1024,True
EXP-Z-A-tuticorin-P2-S1001,tuticorin,Family Z-A,1024,1024,True
EXP-Z-B-tuticorin-P2-S1001-G0.0001,tuticorin,Family Z-B,1024,1024,True
EXP-Z-B-tuticorin-P2-S1001-G0.001,tuticorin,Family Z-B,1024,1024,True
EXP-Z-B-tuticorin-P2-S1001-G0.005,tuticorin,Family Z-B,1024,1024,True
EXP-Z-B-tuticorin-P2-S1001-G0.01,tuticorin,Family Z-B,1024,1024,True
EXP-Z-A-tuticorin-P2-S1002,tuticorin,Family Z-A,1024,1024,True
EXP-Z-B-tuticorin-P2-S1002-G0.0001,tuticorin,Family Z-B,1024,1024,True
EXP-Z-B-tuticorin-P2-S1002-G0.001,tuticorin,Family Z-B,1024,1024,True
EXP-Z-B-tuticorin-P2-S1002-G0.005,tuticorin,Family Z-B,1024,1024,True
EXP-Z-B-tuticorin-P2-S1002-G0.01,tuticorin,Family Z-B,1024,1024,True
EXP-Z-A-tuticorin-P2-S1003,tuticorin,Family Z-A,1024,1024,True
EXP-Z-B-tuticorin-P2-S1003-G0.0001,tuticorin,Family Z-B,1024,1024,True
EXP-Z-B-tuticorin-P2-S1003-G0.001,tuticorin,Family Z-B,1024,1024,True
EXP-Z-B-tuticorin-P2-S1003-G0.005,tuticorin,Family Z-B,1024,1024,True
EXP-Z-B-tuticorin-P2-S1003-G0.01,tuticorin,Family Z-B,1024,1024,True
EXP-Z-A-tuticorin-P2-S1004,tuticorin,Family Z-A,1024,1024,True
EXP-Z-B-tuticorin-P2-S1004-G0.0001,tuticorin,Family Z-B,1024,1024,True
EXP-Z-B-tuticorin-P2-S1004-G0.001,tuticorin,Family Z-B,1024,1024,True
EXP-Z-B-tuticorin-P2-S1004-G0.005,tuticorin,Family Z-B,1024,1024,True
EXP-Z-B-tuticorin-P2-S1004-G0.01,tuticorin,Family Z-B,1024,1024,True
EXP-Z-A-tuticorin-P3-S1000,tuticorin,Family Z-A,1024,1024,True
EXP-Z-B-tuticorin-P3-S1000-G0.0001,tuticorin,Family Z-B,1024,1024,True
EXP-Z-B-tuticorin-P3-S1000-G0.001,tuticorin,Family Z-B,1024,1024,True
EXP-Z-B-tuticorin-P3-S1000-G0.005,tuticorin,Family Z-B,1024,1024,True
EXP-Z-B-tuticorin-P3-S1000-G0.01,tuticorin,Family Z-B,1024,1024,True
EXP-Z-A-tuticorin-P3-S1001,tuticorin,Family Z-A,1024,1024,True
EXP-Z-B-tuticorin-P3-S1001-G0.0001,tuticorin,Family Z-B,1024,1024,True
EXP-Z-B-tuticorin-P3-S1001-G0.001,tuticorin,Family Z-B,1024,1024,True
EXP-Z-B-tuticorin-P3-S1001-G0.005,tuticorin,Family Z-B,1024,1024,True
EXP-Z-B-tuticorin-P3-S1001-G0.01,tuticorin,Family Z-B,1024,1024,True
EXP-Z-A-tuticorin-P3-S1002,tuticorin,Family Z-A,1024,1024,True
EXP-Z-B-tuticorin-P3-S1002-G0.0001,tuticorin,Family Z-B,1024,1024,True
EXP-Z-B-tuticorin-P3-S1002-G0.001,tuticorin,Family Z-B,1024,1024,True
EXP-Z-B-tuticorin-P3-S1002-G0.005,tuticorin,Family Z-B,1024,1024,True
EXP-Z-B-tuticorin-P3-S1002-G0.01,tuticorin,Family Z-B,1024,1024,True
EXP-Z-A-tuticorin-P3-S1003,tuticorin,Family Z-A,1024,1024,True
EXP-Z-B-tuticorin-P3-S1003-G0.0001,tuticorin,Family Z-B,1024,1024,True
EXP-Z-B-tuticorin-P3-S1003-G0.001,tuticorin,Family Z-B,1024,1024,True
EXP-Z-B-tuticorin-P3-S1003-G0.005,tuticorin,Family Z-B,1024,1024,True
EXP-Z-B-tuticorin-P3-S1003-G0.01,tuticorin,Family Z-B,1024,1024,True
EXP-Z-A-tuticorin-P3-S1004,tuticorin,Family Z-A,1024,1024,True
EXP-Z-B-tuticorin-P3-S1004-G0.0001,tuticorin,Family Z-B,1024,1024,True
EXP-Z-B-tuticorin-P3-S1004-G0.001,tuticorin,Family Z-B,1024,1024,True
EXP-Z-B-tuticorin-P3-S1004-G0.005,tuticorin,Family Z-B,1024,1024,True
EXP-Z-B-tuticorin-P3-S1004-G0.01,tuticorin,Family Z-B,1024,1024,True
EXP-Z-A-tuticorin-P4-S1000,tuticorin,Family Z-A,1024,1024,True
EXP-Z-B-tuticorin-P4-S1000-G0.0001,tuticorin,Family Z-B,1024,1024,True
EXP-Z-B-tuticorin-P4-S1000-G0.001,tuticorin,Family Z-B,1024,1024,True
EXP-Z-B-tuticorin-P4-S1000-G0.005,tuticorin,Family Z-B,1024,1024,True
EXP-Z-B-tuticorin-P4-S1000-G0.01,tuticorin,Family Z-B,1024,1024,True
EXP-Z-A-tuticorin-P4-S1001,tuticorin,Family Z-A,1024,1024,True
EXP-Z-B-tuticorin-P4-S1001-G0.0001,tuticorin,Family Z-B,1024,1024,True
EXP-Z-B-tuticorin-P4-S1001-G0.001,tuticorin,Family Z-B,1024,1024,True
EXP-Z-B-tuticorin-P4-S1001-G0.005,tuticorin,Family Z-B,1024,1024,True
EXP-Z-B-tuticorin-P4-S1001-G0.01,tuticorin,Family Z-B,1024,1024,True
EXP-Z-A-tuticorin-P4-S1002,tuticorin,Family Z-A,1024,1024,True
EXP-Z-B-tuticorin-P4-S1002-G0.0001,tuticorin,Family Z-B,1024,1024,True
EXP-Z-B-tuticorin-P4-S1002-G0.001,tuticorin,Family Z-B,1024,1024,True
EXP-Z-B-tuticorin-P4-S1002-G0.005,tuticorin,Family Z-B,1024,1024,True
EXP-Z-B-tuticorin-P4-S1002-G0.01,tuticorin,Family Z-B,1024,1024,True
EXP-Z-A-tuticorin-P4-S1003,tuticorin,Family Z-A,1024,1024,True
EXP-Z-B-tuticorin-P4-S1003-G0.0001,tuticorin,Family Z-B,1024,1024,True
EXP-Z-B-tuticorin-P4-S1003-G0.001,tuticorin,Family Z-B,1024,1024,True
EXP-Z-B-tuticorin-P4-S1003-G0.005,tuticorin,Family Z-B,1024,1024,True
EXP-Z-B-tuticorin-P4-S1003-G0.01,tuticorin,Family Z-B,1024,1024,True
EXP-Z-A-tuticorin-P4-S1004,tuticorin,Family Z-A,1024,1024,True
EXP-Z-B-tuticorin-P4-S1004-G0.0001,tuticorin,Family Z-B,1024,1024,True
EXP-Z-B-tuticorin-P4-S1004-G0.001,tuticorin,Family Z-B,1024,1024,True
EXP-Z-B-tuticorin-P4-S1004-G0.005,tuticorin,Family Z-B,1024,1024,True
EXP-Z-B-tuticorin-P4-S1004-G0.01,tuticorin,Family Z-B,1024,1024,True
EXP-Z-A-tuticorin-P5-S1000,tuticorin,Family Z-A,1024,1024,True
EXP-Z-B-tuticorin-P5-S1000-G0.0001,tuticorin,Family Z-B,1024,1024,True
EXP-Z-B-tuticorin-P5-S1000-G0.001,tuticorin,Family Z-B,1024,1024,True
EXP-Z-B-tuticorin-P5-S1000-G0.005,tuticorin,Family Z-B,1024,1024,True
EXP-Z-B-tuticorin-P5-S1000-G0.01,tuticorin,Family Z-B,1024,1024,True
EXP-Z-A-tuticorin-P5-S1001,tuticorin,Family Z-A,1024,1024,True
EXP-Z-B-tuticorin-P5-S1001-G0.0001,tuticorin,Family Z-B,1024,1024,True
EXP-Z-B-tuticorin-P5-S1001-G0.001,tuticorin,Family Z-B,1024,1024,True
EXP-Z-B-tuticorin-P5-S1001-G0.005,tuticorin,Family Z-B,1024,1024,True
EXP-Z-B-tuticorin-P5-S1001-G0.01,tuticorin,Family Z-B,1024,1024,True
EXP-Z-A-tuticorin-P5-S1002,tuticorin,Family Z-A,1024,1024,True
EXP-Z-B-tuticorin-P5-S1002-G0.0001,tuticorin,Family Z-B,1024,1024,True
EXP-Z-B-tuticorin-P5-S1002-G0.001,tuticorin,Family Z-B,1024,1024,True
EXP-Z-B-tuticorin-P5-S1002-G0.005,tuticorin,Family Z-B,1024,1024,True
EXP-Z-B-tuticorin-P5-S1002-G0.01,tuticorin,Family Z-B,1024,1024,True
EXP-Z-A-tuticorin-P5-S1003,tuticorin,Family Z-A,1024,1024,True
EXP-Z-B-tuticorin-P5-S1003-G0.0001,tuticorin,Family Z-B,1024,1024,True
EXP-Z-B-tuticorin-P5-S1003-G0.001,tuticorin,Family Z-B,1024,1024,True
EXP-Z-B-tuticorin-P5-S1003-G0.005,tuticorin,Family Z-B,1024,1024,True
EXP-Z-B-tuticorin-P5-S1003-G0.01,tuticorin,Family Z-B,1024,1024,True
EXP-Z-A-tuticorin-P5-S1004,tuticorin,Family Z-A,1024,1024,True
EXP-Z-B-tuticorin-P5-S1004-G0.0001,tuticorin,Family Z-B,1024,1024,True
EXP-Z-B-tuticorin-P5-S1004-G0.001,tuticorin,Family Z-B,1024,1024,True
EXP-Z-B-tuticorin-P5-S1004-G0.005,tuticorin,Family Z-B,1024,1024,True
EXP-Z-B-tuticorin-P5-S1004-G0.01,tuticorin,Family Z-B,1024,1024,True
EXP-Z-A-vellore-P1-S1000,vellore,Family Z-A,1024,1024,True
EXP-Z-B-vellore-P1-S1000-G0.0001,vellore,Family Z-B,1024,1024,True
EXP-Z-B-vellore-P1-S1000-G0.001,vellore,Family Z-B,1024,1024,True
EXP-Z-B-vellore-P1-S1000-G0.005,vellore,Family Z-B,1024,1024,True
EXP-Z-B-vellore-P1-S1000-G0.01,vellore,Family Z-B,1024,1024,True
EXP-Z-A-vellore-P1-S1001,vellore,Family Z-A,1024,1024,True
EXP-Z-B-vellore-P1-S1001-G0.0001,vellore,Family Z-B,1024,1024,True
EXP-Z-B-vellore-P1-S1001-G0.001,vellore,Family Z-B,1024,1024,True
EXP-Z-B-vellore-P1-S1001-G0.005,vellore,Family Z-B,1024,1024,True
EXP-Z-B-vellore-P1-S1001-G0.01,vellore,Family Z-B,1024,1024,True
EXP-Z-A-vellore-P1-S1002,vellore,Family Z-A,1024,1024,True
EXP-Z-B-vellore-P1-S1002-G0.0001,vellore,Family Z-B,1024,1024,True
EXP-Z-B-vellore-P1-S1002-G0.001,vellore,Family Z-B,1024,1024,True
EXP-Z-B-vellore-P1-S1002-G0.005,vellore,Family Z-B,1024,1024,True
EXP-Z-B-vellore-P1-S1002-G0.01,vellore,Family Z-B,1024,1024,True
EXP-Z-A-vellore-P1-S1003,vellore,Family Z-A,1024,1024,True
EXP-Z-B-vellore-P1-S1003-G0.0001,vellore,Family Z-B,1024,1024,True
EXP-Z-B-vellore-P1-S1003-G0.001,vellore,Family Z-B,1024,1024,True
EXP-Z-B-vellore-P1-S1003-G0.005,vellore,Family Z-B,1024,1024,True
EXP-Z-B-vellore-P1-S1003-G0.01,vellore,Family Z-B,1024,1024,True
EXP-Z-A-vellore-P1-S1004,vellore,Family Z-A,1024,1024,True
EXP-Z-B-vellore-P1-S1004-G0.0001,vellore,Family Z-B,1024,1024,True
EXP-Z-B-vellore-P1-S1004-G0.001,vellore,Family Z-B,1024,1024,True
EXP-Z-B-vellore-P1-S1004-G0.005,vellore,Family Z-B,1024,1024,True
EXP-Z-B-vellore-P1-S1004-G0.01,vellore,Family Z-B,1024,1024,True
EXP-Z-A-vellore-P2-S1000,vellore,Family Z-A,1024,1024,True
EXP-Z-B-vellore-P2-S1000-G0.0001,vellore,Family Z-B,1024,1024,True
EXP-Z-B-vellore-P2-S1000-G0.001,vellore,Family Z-B,1024,1024,True
EXP-Z-B-vellore-P2-S1000-G0.005,vellore,Family Z-B,1024,1024,True
EXP-Z-B-vellore-P2-S1000-G0.01,vellore,Family Z-B,1024,1024,True
EXP-Z-A-vellore-P2-S1001,vellore,Family Z-A,1024,1024,True
EXP-Z-B-vellore-P2-S1001-G0.0001,vellore,Family Z-B,1024,1024,True
EXP-Z-B-vellore-P2-S1001-G0.001,vellore,Family Z-B,1024,1024,True
EXP-Z-B-vellore-P2-S1001-G0.005,vellore,Family Z-B,1024,1024,True
EXP-Z-B-vellore-P2-S1001-G0.01,vellore,Family Z-B,1024,1024,True
EXP-Z-A-vellore-P2-S1002,vellore,Family Z-A,1024,1024,True
EXP-Z-B-vellore-P2-S1002-G0.0001,vellore,Family Z-B,1024,1024,True
EXP-Z-B-vellore-P2-S1002-G0.001,vellore,Family Z-B,1024,1024,True
EXP-Z-B-vellore-P2-S1002-G0.005,vellore,Family Z-B,1024,1024,True
EXP-Z-B-vellore-P2-S1002-G0.01,vellore,Family Z-B,1024,1024,True
EXP-Z-A-vellore-P2-S1003,vellore,Family Z-A,1024,1024,True
EXP-Z-B-vellore-P2-S1003-G0.0001,vellore,Family Z-B,1024,1024,True
EXP-Z-B-vellore-P2-S1003-G0.001,vellore,Family Z-B,1024,1024,True
EXP-Z-B-vellore-P2-S1003-G0.005,vellore,Family Z-B,1024,1024,True
EXP-Z-B-vellore-P2-S1003-G0.01,vellore,Family Z-B,1024,1024,True
EXP-Z-A-vellore-P2-S1004,vellore,Family Z-A,1024,1024,True
EXP-Z-B-vellore-P2-S1004-G0.0001,vellore,Family Z-B,1024,1024,True
EXP-Z-B-vellore-P2-S1004-G0.001,vellore,Family Z-B,1024,1024,True
EXP-Z-B-vellore-P2-S1004-G0.005,vellore,Family Z-B,1024,1024,True
EXP-Z-B-vellore-P2-S1004-G0.01,vellore,Family Z-B,1024,1024,True
EXP-Z-A-vellore-P3-S1000,vellore,Family Z-A,1024,1024,True
EXP-Z-B-vellore-P3-S1000-G0.0001,vellore,Family Z-B,1024,1024,True
EXP-Z-B-vellore-P3-S1000-G0.001,vellore,Family Z-B,1024,1024,True
EXP-Z-B-vellore-P3-S1000-G0.005,vellore,Family Z-B,1024,1024,True
EXP-Z-B-vellore-P3-S1000-G0.01,vellore,Family Z-B,1024,1024,True
EXP-Z-A-vellore-P3-S1001,vellore,Family Z-A,1024,1024,True
EXP-Z-B-vellore-P3-S1001-G0.0001,vellore,Family Z-B,1024,1024,True
EXP-Z-B-vellore-P3-S1001-G0.001,vellore,Family Z-B,1024,1024,True
EXP-Z-B-vellore-P3-S1001-G0.005,vellore,Family Z-B,1024,1024,True
EXP-Z-B-vellore-P3-S1001-G0.01,vellore,Family Z-B,1024,1024,True
EXP-Z-A-vellore-P3-S1002,vellore,Family Z-A,1024,1024,True
EXP-Z-B-vellore-P3-S1002-G0.0001,vellore,Family Z-B,1024,1024,True
EXP-Z-B-vellore-P3-S1002-G0.001,vellore,Family Z-B,1024,1024,True
EXP-Z-B-vellore-P3-S1002-G0.005,vellore,Family Z-B,1024,1024,True
EXP-Z-B-vellore-P3-S1002-G0.01,vellore,Family Z-B,1024,1024,True
EXP-Z-A-vellore-P3-S1003,vellore,Family Z-A,1024,1024,True
EXP-Z-B-vellore-P3-S1003-G0.0001,vellore,Family Z-B,1024,1024,True
EXP-Z-B-vellore-P3-S1003-G0.001,vellore,Family Z-B,1024,1024,True
EXP-Z-B-vellore-P3-S1003-G0.005,vellore,Family Z-B,1024,1024,True
EXP-Z-B-vellore-P3-S1003-G0.01,vellore,Family Z-B,1024,1024,True
EXP-Z-A-vellore-P3-S1004,vellore,Family Z-A,1024,1024,True
EXP-Z-B-vellore-P3-S1004-G0.0001,vellore,Family Z-B,1024,1024,True
EXP-Z-B-vellore-P3-S1004-G0.001,vellore,Family Z-B,1024,1024,True
EXP-Z-B-vellore-P3-S1004-G0.005,vellore,Family Z-B,1024,1024,True
EXP-Z-B-vellore-P3-S1004-G0.01,vellore,Family Z-B,1024,1024,True
EXP-Z-A-vellore-P4-S1000,vellore,Family Z-A,1024,1024,True
EXP-Z-B-vellore-P4-S1000-G0.0001,vellore,Family Z-B,1024,1024,True
EXP-Z-B-vellore-P4-S1000-G0.001,vellore,Family Z-B,1024,1024,True
EXP-Z-B-vellore-P4-S1000-G0.005,vellore,Family Z-B,1024,1024,True
EXP-Z-B-vellore-P4-S1000-G0.01,vellore,Family Z-B,1024,1024,True
EXP-Z-A-vellore-P4-S1001,vellore,Family Z-A,1024,1024,True
EXP-Z-B-vellore-P4-S1001-G0.0001,vellore,Family Z-B,1024,1024,True
EXP-Z-B-vellore-P4-S1001-G0.001,vellore,Family Z-B,1024,1024,True
EXP-Z-B-vellore-P4-S1001-G0.005,vellore,Family Z-B,1024,1024,True
EXP-Z-B-vellore-P4-S1001-G0.01,vellore,Family Z-B,1024,1024,True
EXP-Z-A-vellore-P4-S1002,vellore,Family Z-A,1024,1024,True
EXP-Z-B-vellore-P4-S1002-G0.0001,vellore,Family Z-B,1024,1024,True
EXP-Z-B-vellore-P4-S1002-G0.001,vellore,Family Z-B,1024,1024,True
EXP-Z-B-vellore-P4-S1002-G0.005,vellore,Family Z-B,1024,1024,True
EXP-Z-B-vellore-P4-S1002-G0.01,vellore,Family Z-B,1024,1024,True
EXP-Z-A-vellore-P4-S1003,vellore,Family Z-A,1024,1024,True
EXP-Z-B-vellore-P4-S1003-G0.0001,vellore,Family Z-B,1024,1024,True
EXP-Z-B-vellore-P4-S1003-G0.001,vellore,Family Z-B,1024,1024,True
EXP-Z-B-vellore-P4-S1003-G0.005,vellore,Family Z-B,1024,1024,True
EXP-Z-B-vellore-P4-S1003-G0.01,vellore,Family Z-B,1024,1024,True
EXP-Z-A-vellore-P4-S1004,vellore,Family Z-A,1024,1024,True
EXP-Z-B-vellore-P4-S1004-G0.0001,vellore,Family Z-B,1024,1024,True
EXP-Z-B-vellore-P4-S1004-G0.001,vellore,Family Z-B,1024,1024,True
EXP-Z-B-vellore-P4-S1004-G0.005,vellore,Family Z-B,1024,1024,True
EXP-Z-B-vellore-P4-S1004-G0.01,vellore,Family Z-B,1024,1024,True
EXP-Z-A-vellore-P5-S1000,vellore,Family Z-A,1024,1024,True
EXP-Z-B-vellore-P5-S1000-G0.0001,vellore,Family Z-B,1024,1024,True
EXP-Z-B-vellore-P5-S1000-G0.001,vellore,Family Z-B,1024,1024,True
EXP-Z-B-vellore-P5-S1000-G0.005,vellore,Family Z-B,1024,1024,True
EXP-Z-B-vellore-P5-S1000-G0.01,vellore,Family Z-B,1024,1024,True
EXP-Z-A-vellore-P5-S1001,vellore,Family Z-A,1024,1024,True
EXP-Z-B-vellore-P5-S1001-G0.0001,vellore,Family Z-B,1024,1024,True
EXP-Z-B-vellore-P5-S1001-G0.001,vellore,Family Z-B,1024,1024,True
EXP-Z-B-vellore-P5-S1001-G0.005,vellore,Family Z-B,1024,1024,True
EXP-Z-B-vellore-P5-S1001-G0.01,vellore,Family Z-B,1024,1024,True
EXP-Z-A-vellore-P5-S1002,vellore,Family Z-A,1024,1024,True
EXP-Z-B-vellore-P5-S1002-G0.0001,vellore,Family Z-B,1024,1024,True
EXP-Z-B-vellore-P5-S1002-G0.001,vellore,Family Z-B,1024,1024,True
EXP-Z-B-vellore-P5-S1002-G0.005,vellore,Family Z-B,1024,1024,True
EXP-Z-B-vellore-P5-S1002-G0.01,vellore,Family Z-B,1024,1024,True
EXP-Z-A-vellore-P5-S1003,vellore,Family Z-A,1024,1024,True
EXP-Z-B-vellore-P5-S1003-G0.0001,vellore,Family Z-B,1024,1024,True
EXP-Z-B-vellore-P5-S1003-G0.001,vellore,Family Z-B,1024,1024,True
EXP-Z-B-vellore-P5-S1003-G0.005,vellore,Family Z-B,1024,1024,True
EXP-Z-B-vellore-P5-S1003-G0.01,vellore,Family Z-B,1024,1024,True
EXP-Z-A-vellore-P5-S1004,vellore,Family Z-A,1024,1024,True
EXP-Z-B-vellore-P5-S1004-G0.0001,vellore,Family Z-B,1024,1024,True
EXP-Z-B-vellore-P5-S1004-G0.001,vellore,Family Z-B,1024,1024,True
EXP-Z-B-vellore-P5-S1004-G0.005,vellore,Family Z-B,1024,1024,True
EXP-Z-B-vellore-P5-S1004-G0.01,vellore,Family Z-B,1024,1024,True
EXP-Z-A-viluppuram-P1-S1000,viluppuram,Family Z-A,1024,1024,True
EXP-Z-B-viluppuram-P1-S1000-G0.0001,viluppuram,Family Z-B,1024,1024,True
EXP-Z-B-viluppuram-P1-S1000-G0.001,viluppuram,Family Z-B,1024,1024,True
EXP-Z-B-viluppuram-P1-S1000-G0.005,viluppuram,Family Z-B,1024,1024,True
EXP-Z-B-viluppuram-P1-S1000-G0.01,viluppuram,Family Z-B,1024,1024,True
EXP-Z-A-viluppuram-P1-S1001,viluppuram,Family Z-A,1024,1024,True
EXP-Z-B-viluppuram-P1-S1001-G0.0001,viluppuram,Family Z-B,1024,1024,True
EXP-Z-B-viluppuram-P1-S1001-G0.001,viluppuram,Family Z-B,1024,1024,True
EXP-Z-B-viluppuram-P1-S1001-G0.005,viluppuram,Family Z-B,1024,1024,True
EXP-Z-B-viluppuram-P1-S1001-G0.01,viluppuram,Family Z-B,1024,1024,True
EXP-Z-A-viluppuram-P1-S1002,viluppuram,Family Z-A,1024,1024,True
EXP-Z-B-viluppuram-P1-S1002-G0.0001,viluppuram,Family Z-B,1024,1024,True
EXP-Z-B-viluppuram-P1-S1002-G0.001,viluppuram,Family Z-B,1024,1024,True
EXP-Z-B-viluppuram-P1-S1002-G0.005,viluppuram,Family Z-B,1024,1024,True
EXP-Z-B-viluppuram-P1-S1002-G0.01,viluppuram,Family Z-B,1024,1024,True
EXP-Z-A-viluppuram-P1-S1003,viluppuram,Family Z-A,1024,1024,True
EXP-Z-B-viluppuram-P1-S1003-G0.0001,viluppuram,Family Z-B,1024,1024,True
EXP-Z-B-viluppuram-P1-S1003-G0.001,viluppuram,Family Z-B,1024,1024,True
EXP-Z-B-viluppuram-P1-S1003-G0.005,viluppuram,Family Z-B,1024,1024,True
EXP-Z-B-viluppuram-P1-S1003-G0.01,viluppuram,Family Z-B,1024,1024,True
EXP-Z-A-viluppuram-P1-S1004,viluppuram,Family Z-A,1024,1024,True
EXP-Z-B-viluppuram-P1-S1004-G0.0001,viluppuram,Family Z-B,1024,1024,True
EXP-Z-B-viluppuram-P1-S1004-G0.001,viluppuram,Family Z-B,1024,1024,True
EXP-Z-B-viluppuram-P1-S1004-G0.005,viluppuram,Family Z-B,1024,1024,True
EXP-Z-B-viluppuram-P1-S1004-G0.01,viluppuram,Family Z-B,1024,1024,True
EXP-Z-A-viluppuram-P2-S1000,viluppuram,Family Z-A,1024,1024,True
EXP-Z-B-viluppuram-P2-S1000-G0.0001,viluppuram,Family Z-B,1024,1024,True
EXP-Z-B-viluppuram-P2-S1000-G0.001,viluppuram,Family Z-B,1024,1024,True
EXP-Z-B-viluppuram-P2-S1000-G0.005,viluppuram,Family Z-B,1024,1024,True
EXP-Z-B-viluppuram-P2-S1000-G0.01,viluppuram,Family Z-B,1024,1024,True
EXP-Z-A-viluppuram-P2-S1001,viluppuram,Family Z-A,1024,1024,True
EXP-Z-B-viluppuram-P2-S1001-G0.0001,viluppuram,Family Z-B,1024,1024,True
EXP-Z-B-viluppuram-P2-S1001-G0.001,viluppuram,Family Z-B,1024,1024,True
EXP-Z-B-viluppuram-P2-S1001-G0.005,viluppuram,Family Z-B,1024,1024,True
EXP-Z-B-viluppuram-P2-S1001-G0.01,viluppuram,Family Z-B,1024,1024,True
EXP-Z-A-viluppuram-P2-S1002,viluppuram,Family Z-A,1024,1024,True
EXP-Z-B-viluppuram-P2-S1002-G0.0001,viluppuram,Family Z-B,1024,1024,True
EXP-Z-B-viluppuram-P2-S1002-G0.001,viluppuram,Family Z-B,1024,1024,True
EXP-Z-B-viluppuram-P2-S1002-G0.005,viluppuram,Family Z-B,1024,1024,True
EXP-Z-B-viluppuram-P2-S1002-G0.01,viluppuram,Family Z-B,1024,1024,True
EXP-Z-A-viluppuram-P2-S1003,viluppuram,Family Z-A,1024,1024,True
EXP-Z-B-viluppuram-P2-S1003-G0.0001,viluppuram,Family Z-B,1024,1024,True
EXP-Z-B-viluppuram-P2-S1003-G0.001,viluppuram,Family Z-B,1024,1024,True
EXP-Z-B-viluppuram-P2-S1003-G0.005,viluppuram,Family Z-B,1024,1024,True
EXP-Z-B-viluppuram-P2-S1003-G0.01,viluppuram,Family Z-B,1024,1024,True
EXP-Z-A-viluppuram-P2-S1004,viluppuram,Family Z-A,1024,1024,True
EXP-Z-B-viluppuram-P2-S1004-G0.0001,viluppuram,Family Z-B,1024,1024,True
EXP-Z-B-viluppuram-P2-S1004-G0.001,viluppuram,Family Z-B,1024,1024,True
EXP-Z-B-viluppuram-P2-S1004-G0.005,viluppuram,Family Z-B,1024,1024,True
EXP-Z-B-viluppuram-P2-S1004-G0.01,viluppuram,Family Z-B,1024,1024,True
EXP-Z-A-viluppuram-P3-S1000,viluppuram,Family Z-A,1024,1024,True
EXP-Z-B-viluppuram-P3-S1000-G0.0001,viluppuram,Family Z-B,1024,1024,True
EXP-Z-B-viluppuram-P3-S1000-G0.001,viluppuram,Family Z-B,1024,1024,True
EXP-Z-B-viluppuram-P3-S1000-G0.005,viluppuram,Family Z-B,1024,1024,True
EXP-Z-B-viluppuram-P3-S1000-G0.01,viluppuram,Family Z-B,1024,1024,True
EXP-Z-A-viluppuram-P3-S1001,viluppuram,Family Z-A,1024,1024,True
EXP-Z-B-viluppuram-P3-S1001-G0.0001,viluppuram,Family Z-B,1024,1024,True
EXP-Z-B-viluppuram-P3-S1001-G0.001,viluppuram,Family Z-B,1024,1024,True
EXP-Z-B-viluppuram-P3-S1001-G0.005,viluppuram,Family Z-B,1024,1024,True
EXP-Z-B-viluppuram-P3-S1001-G0.01,viluppuram,Family Z-B,1024,1024,True
EXP-Z-A-viluppuram-P3-S1002,viluppuram,Family Z-A,1024,1024,True
EXP-Z-B-viluppuram-P3-S1002-G0.0001,viluppuram,Family Z-B,1024,1024,True
EXP-Z-B-viluppuram-P3-S1002-G0.001,viluppuram,Family Z-B,1024,1024,True
EXP-Z-B-viluppuram-P3-S1002-G0.005,viluppuram,Family Z-B,1024,1024,True
EXP-Z-B-viluppuram-P3-S1002-G0.01,viluppuram,Family Z-B,1024,1024,True
EXP-Z-A-viluppuram-P3-S1003,viluppuram,Family Z-A,1024,1024,True
EXP-Z-B-viluppuram-P3-S1003-G0.0001,viluppuram,Family Z-B,1024,1024,True
EXP-Z-B-viluppuram-P3-S1003-G0.001,viluppuram,Family Z-B,1024,1024,True
EXP-Z-B-viluppuram-P3-S1003-G0.005,viluppuram,Family Z-B,1024,1024,True
EXP-Z-B-viluppuram-P3-S1003-G0.01,viluppuram,Family Z-B,1024,1024,True
EXP-Z-A-viluppuram-P3-S1004,viluppuram,Family Z-A,1024,1024,True
EXP-Z-B-viluppuram-P3-S1004-G0.0001,viluppuram,Family Z-B,1024,1024,True
EXP-Z-B-viluppuram-P3-S1004-G0.001,viluppuram,Family Z-B,1024,1024,True
EXP-Z-B-viluppuram-P3-S1004-G0.005,viluppuram,Family Z-B,1024,1024,True
EXP-Z-B-viluppuram-P3-S1004-G0.01,viluppuram,Family Z-B,1024,1024,True
EXP-Z-A-viluppuram-P4-S1000,viluppuram,Family Z-A,1024,1024,True
EXP-Z-B-viluppuram-P4-S1000-G0.0001,viluppuram,Family Z-B,1024,1024,True
EXP-Z-B-viluppuram-P4-S1000-G0.001,viluppuram,Family Z-B,1024,1024,True
EXP-Z-B-viluppuram-P4-S1000-G0.005,viluppuram,Family Z-B,1024,1024,True
EXP-Z-B-viluppuram-P4-S1000-G0.01,viluppuram,Family Z-B,1024,1024,True
EXP-Z-A-viluppuram-P4-S1001,viluppuram,Family Z-A,1024,1024,True
EXP-Z-B-viluppuram-P4-S1001-G0.0001,viluppuram,Family Z-B,1024,1024,True
EXP-Z-B-viluppuram-P4-S1001-G0.001,viluppuram,Family Z-B,1024,1024,True
EXP-Z-B-viluppuram-P4-S1001-G0.005,viluppuram,Family Z-B,1024,1024,True
EXP-Z-B-viluppuram-P4-S1001-G0.01,viluppuram,Family Z-B,1024,1024,True
EXP-Z-A-viluppuram-P4-S1002,viluppuram,Family Z-A,1024,1024,True
EXP-Z-B-viluppuram-P4-S1002-G0.0001,viluppuram,Family Z-B,1024,1024,True
EXP-Z-B-viluppuram-P4-S1002-G0.001,viluppuram,Family Z-B,1024,1024,True
EXP-Z-B-viluppuram-P4-S1002-G0.005,viluppuram,Family Z-B,1024,1024,True
EXP-Z-B-viluppuram-P4-S1002-G0.01,viluppuram,Family Z-B,1024,1024,True
EXP-Z-A-viluppuram-P4-S1003,viluppuram,Family Z-A,1024,1024,True
EXP-Z-B-viluppuram-P4-S1003-G0.0001,viluppuram,Family Z-B,1024,1024,True
EXP-Z-B-viluppuram-P4-S1003-G0.001,viluppuram,Family Z-B,1024,1024,True
EXP-Z-B-viluppuram-P4-S1003-G0.005,viluppuram,Family Z-B,1024,1024,True
EXP-Z-B-viluppuram-P4-S1003-G0.01,viluppuram,Family Z-B,1024,1024,True
EXP-Z-A-viluppuram-P4-S1004,viluppuram,Family Z-A,1024,1024,True
EXP-Z-B-viluppuram-P4-S1004-G0.0001,viluppuram,Family Z-B,1024,1024,True
EXP-Z-B-viluppuram-P4-S1004-G0.001,viluppuram,Family Z-B,1024,1024,True
EXP-Z-B-viluppuram-P4-S1004-G0.005,viluppuram,Family Z-B,1024,1024,True
EXP-Z-B-viluppuram-P4-S1004-G0.01,viluppuram,Family Z-B,1024,1024,True
EXP-Z-A-viluppuram-P5-S1000,viluppuram,Family Z-A,1024,1024,True
EXP-Z-B-viluppuram-P5-S1000-G0.0001,viluppuram,Family Z-B,1024,1024,True
EXP-Z-B-viluppuram-P5-S1000-G0.001,viluppuram,Family Z-B,1024,1024,True
EXP-Z-B-viluppuram-P5-S1000-G0.005,viluppuram,Family Z-B,1024,1024,True
EXP-Z-B-viluppuram-P5-S1000-G0.01,viluppuram,Family Z-B,1024,1024,True
EXP-Z-A-viluppuram-P5-S1001,viluppuram,Family Z-A,1024,1024,True
EXP-Z-B-viluppuram-P5-S1001-G0.0001,viluppuram,Family Z-B,1024,1024,True
EXP-Z-B-viluppuram-P5-S1001-G0.001,viluppuram,Family Z-B,1024,1024,True
EXP-Z-B-viluppuram-P5-S1001-G0.005,viluppuram,Family Z-B,1024,1024,True
EXP-Z-B-viluppuram-P5-S1001-G0.01,viluppuram,Family Z-B,1024,1024,True
EXP-Z-A-viluppuram-P5-S1002,viluppuram,Family Z-A,1024,1024,True
EXP-Z-B-viluppuram-P5-S1002-G0.0001,viluppuram,Family Z-B,1024,1024,True
EXP-Z-B-viluppuram-P5-S1002-G0.001,viluppuram,Family Z-B,1024,1024,True
EXP-Z-B-viluppuram-P5-S1002-G0.005,viluppuram,Family Z-B,1024,1024,True
EXP-Z-B-viluppuram-P5-S1002-G0.01,viluppuram,Family Z-B,1024,1024,True
EXP-Z-A-viluppuram-P5-S1003,viluppuram,Family Z-A,1024,1024,True
EXP-Z-B-viluppuram-P5-S1003-G0.0001,viluppuram,Family Z-B,1024,1024,True
EXP-Z-B-viluppuram-P5-S1003-G0.001,viluppuram,Family Z-B,1024,1024,True
EXP-Z-B-viluppuram-P5-S1003-G0.005,viluppuram,Family Z-B,1024,1024,True
EXP-Z-B-viluppuram-P5-S1003-G0.01,viluppuram,Family Z-B,1024,1024,True
EXP-Z-A-viluppuram-P5-S1004,viluppuram,Family Z-A,1024,1024,True
EXP-Z-B-viluppuram-P5-S1004-G0.0001,viluppuram,Family Z-B,1024,1024,True
EXP-Z-B-viluppuram-P5-S1004-G0.001,viluppuram,Family Z-B,1024,1024,True
EXP-Z-B-viluppuram-P5-S1004-G0.005,viluppuram,Family Z-B,1024,1024,True
EXP-Z-B-viluppuram-P5-S1004-G0.01,viluppuram,Family Z-B,1024,1024,True
EXP-Z-A-virudhunagar-P1-S1000,virudhunagar,Family Z-A,1024,1024,True
EXP-Z-B-virudhunagar-P1-S1000-G0.0001,virudhunagar,Family Z-B,1024,1024,True
EXP-Z-B-virudhunagar-P1-S1000-G0.001,virudhunagar,Family Z-B,1024,1024,True
EXP-Z-B-virudhunagar-P1-S1000-G0.005,virudhunagar,Family Z-B,1024,1024,True
EXP-Z-B-virudhunagar-P1-S1000-G0.01,virudhunagar,Family Z-B,1024,1024,True
EXP-Z-A-virudhunagar-P1-S1001,virudhunagar,Family Z-A,1024,1024,True
EXP-Z-B-virudhunagar-P1-S1001-G0.0001,virudhunagar,Family Z-B,1024,1024,True
EXP-Z-B-virudhunagar-P1-S1001-G0.001,virudhunagar,Family Z-B,1024,1024,True
EXP-Z-B-virudhunagar-P1-S1001-G0.005,virudhunagar,Family Z-B,1024,1024,True
EXP-Z-B-virudhunagar-P1-S1001-G0.01,virudhunagar,Family Z-B,1024,1024,True
EXP-Z-A-virudhunagar-P1-S1002,virudhunagar,Family Z-A,1024,1024,True
EXP-Z-B-virudhunagar-P1-S1002-G0.0001,virudhunagar,Family Z-B,1024,1024,True
EXP-Z-B-virudhunagar-P1-S1002-G0.001,virudhunagar,Family Z-B,1024,1024,True
EXP-Z-B-virudhunagar-P1-S1002-G0.005,virudhunagar,Family Z-B,1024,1024,True
EXP-Z-B-virudhunagar-P1-S1002-G0.01,virudhunagar,Family Z-B,1024,1024,True
EXP-Z-A-virudhunagar-P1-S1003,virudhunagar,Family Z-A,1024,1024,True
EXP-Z-B-virudhunagar-P1-S1003-G0.0001,virudhunagar,Family Z-B,1024,1024,True
EXP-Z-B-virudhunagar-P1-S1003-G0.001,virudhunagar,Family Z-B,1024,1024,True
EXP-Z-B-virudhunagar-P1-S1003-G0.005,virudhunagar,Family Z-B,1024,1024,True
EXP-Z-B-virudhunagar-P1-S1003-G0.01,virudhunagar,Family Z-B,1024,1024,True
EXP-Z-A-virudhunagar-P1-S1004,virudhunagar,Family Z-A,1024,1024,True
EXP-Z-B-virudhunagar-P1-S1004-G0.0001,virudhunagar,Family Z-B,1024,1024,True
EXP-Z-B-virudhunagar-P1-S1004-G0.001,virudhunagar,Family Z-B,1024,1024,True
EXP-Z-B-virudhunagar-P1-S1004-G0.005,virudhunagar,Family Z-B,1024,1024,True
EXP-Z-B-virudhunagar-P1-S1004-G0.01,virudhunagar,Family Z-B,1024,1024,True
EXP-Z-A-virudhunagar-P2-S1000,virudhunagar,Family Z-A,1024,1024,True
EXP-Z-B-virudhunagar-P2-S1000-G0.0001,virudhunagar,Family Z-B,1024,1024,True
EXP-Z-B-virudhunagar-P2-S1000-G0.001,virudhunagar,Family Z-B,1024,1024,True
EXP-Z-B-virudhunagar-P2-S1000-G0.005,virudhunagar,Family Z-B,1024,1024,True
EXP-Z-B-virudhunagar-P2-S1000-G0.01,virudhunagar,Family Z-B,1024,1024,True
EXP-Z-A-virudhunagar-P2-S1001,virudhunagar,Family Z-A,1024,1024,True
EXP-Z-B-virudhunagar-P2-S1001-G0.0001,virudhunagar,Family Z-B,1024,1024,True
EXP-Z-B-virudhunagar-P2-S1001-G0.001,virudhunagar,Family Z-B,1024,1024,True
EXP-Z-B-virudhunagar-P2-S1001-G0.005,virudhunagar,Family Z-B,1024,1024,True
EXP-Z-B-virudhunagar-P2-S1001-G0.01,virudhunagar,Family Z-B,1024,1024,True
EXP-Z-A-virudhunagar-P2-S1002,virudhunagar,Family Z-A,1024,1024,True
EXP-Z-B-virudhunagar-P2-S1002-G0.0001,virudhunagar,Family Z-B,1024,1024,True
EXP-Z-B-virudhunagar-P2-S1002-G0.001,virudhunagar,Family Z-B,1024,1024,True
EXP-Z-B-virudhunagar-P2-S1002-G0.005,virudhunagar,Family Z-B,1024,1024,True
EXP-Z-B-virudhunagar-P2-S1002-G0.01,virudhunagar,Family Z-B,1024,1024,True
EXP-Z-A-virudhunagar-P2-S1003,virudhunagar,Family Z-A,1024,1024,True
EXP-Z-B-virudhunagar-P2-S1003-G0.0001,virudhunagar,Family Z-B,1024,1024,True
EXP-Z-B-virudhunagar-P2-S1003-G0.001,virudhunagar,Family Z-B,1024,1024,True
EXP-Z-B-virudhunagar-P2-S1003-G0.005,virudhunagar,Family Z-B,1024,1024,True
EXP-Z-B-virudhunagar-P2-S1003-G0.01,virudhunagar,Family Z-B,1024,1024,True
EXP-Z-A-virudhunagar-P2-S1004,virudhunagar,Family Z-A,1024,1024,True
EXP-Z-B-virudhunagar-P2-S1004-G0.0001,virudhunagar,Family Z-B,1024,1024,True
EXP-Z-B-virudhunagar-P2-S1004-G0.001,virudhunagar,Family Z-B,1024,1024,True
EXP-Z-B-virudhunagar-P2-S1004-G0.005,virudhunagar,Family Z-B,1024,1024,True
EXP-Z-B-virudhunagar-P2-S1004-G0.01,virudhunagar,Family Z-B,1024,1024,True
EXP-Z-A-virudhunagar-P3-S1000,virudhunagar,Family Z-A,1024,1024,True
EXP-Z-B-virudhunagar-P3-S1000-G0.0001,virudhunagar,Family Z-B,1024,1024,True
EXP-Z-B-virudhunagar-P3-S1000-G0.001,virudhunagar,Family Z-B,1024,1024,True
EXP-Z-B-virudhunagar-P3-S1000-G0.005,virudhunagar,Family Z-B,1024,1024,True
EXP-Z-B-virudhunagar-P3-S1000-G0.01,virudhunagar,Family Z-B,1024,1024,True
EXP-Z-A-virudhunagar-P3-S1001,virudhunagar,Family Z-A,1024,1024,True
EXP-Z-B-virudhunagar-P3-S1001-G0.0001,virudhunagar,Family Z-B,1024,1024,True
EXP-Z-B-virudhunagar-P3-S1001-G0.001,virudhunagar,Family Z-B,1024,1024,True
EXP-Z-B-virudhunagar-P3-S1001-G0.005,virudhunagar,Family Z-B,1024,1024,True
EXP-Z-B-virudhunagar-P3-S1001-G0.01,virudhunagar,Family Z-B,1024,1024,True
EXP-Z-A-virudhunagar-P3-S1002,virudhunagar,Family Z-A,1024,1024,True
EXP-Z-B-virudhunagar-P3-S1002-G0.0001,virudhunagar,Family Z-B,1024,1024,True
EXP-Z-B-virudhunagar-P3-S1002-G0.001,virudhunagar,Family Z-B,1024,1024,True
EXP-Z-B-virudhunagar-P3-S1002-G0.005,virudhunagar,Family Z-B,1024,1024,True
EXP-Z-B-virudhunagar-P3-S1002-G0.01,virudhunagar,Family Z-B,1024,1024,True
EXP-Z-A-virudhunagar-P3-S1003,virudhunagar,Family Z-A,1024,1024,True
EXP-Z-B-virudhunagar-P3-S1003-G0.0001,virudhunagar,Family Z-B,1024,1024,True
EXP-Z-B-virudhunagar-P3-S1003-G0.001,virudhunagar,Family Z-B,1024,1024,True
EXP-Z-B-virudhunagar-P3-S1003-G0.005,virudhunagar,Family Z-B,1024,1024,True
EXP-Z-B-virudhunagar-P3-S1003-G0.01,virudhunagar,Family Z-B,1024,1024,True
EXP-Z-A-virudhunagar-P3-S1004,virudhunagar,Family Z-A,1024,1024,True
EXP-Z-B-virudhunagar-P3-S1004-G0.0001,virudhunagar,Family Z-B,1024,1024,True
EXP-Z-B-virudhunagar-P3-S1004-G0.001,virudhunagar,Family Z-B,1024,1024,True
EXP-Z-B-virudhunagar-P3-S1004-G0.005,virudhunagar,Family Z-B,1024,1024,True
EXP-Z-B-virudhunagar-P3-S1004-G0.01,virudhunagar,Family Z-B,1024,1024,True
EXP-Z-A-virudhunagar-P4-S1000,virudhunagar,Family Z-A,1024,1024,True
EXP-Z-B-virudhunagar-P4-S1000-G0.0001,virudhunagar,Family Z-B,1024,1024,True
EXP-Z-B-virudhunagar-P4-S1000-G0.001,virudhunagar,Family Z-B,1024,1024,True
EXP-Z-B-virudhunagar-P4-S1000-G0.005,virudhunagar,Family Z-B,1024,1024,True
EXP-Z-B-virudhunagar-P4-S1000-G0.01,virudhunagar,Family Z-B,1024,1024,True
EXP-Z-A-virudhunagar-P4-S1001,virudhunagar,Family Z-A,1024,1024,True
EXP-Z-B-virudhunagar-P4-S1001-G0.0001,virudhunagar,Family Z-B,1024,1024,True
EXP-Z-B-virudhunagar-P4-S1001-G0.001,virudhunagar,Family Z-B,1024,1024,True
EXP-Z-B-virudhunagar-P4-S1001-G0.005,virudhunagar,Family Z-B,1024,1024,True
EXP-Z-B-virudhunagar-P4-S1001-G0.01,virudhunagar,Family Z-B,1024,1024,True
EXP-Z-A-virudhunagar-P4-S1002,virudhunagar,Family Z-A,1024,1024,True
EXP-Z-B-virudhunagar-P4-S1002-G0.0001,virudhunagar,Family Z-B,1024,1024,True
EXP-Z-B-virudhunagar-P4-S1002-G0.001,virudhunagar,Family Z-B,1024,1024,True
EXP-Z-B-virudhunagar-P4-S1002-G0.005,virudhunagar,Family Z-B,1024,1024,True
EXP-Z-B-virudhunagar-P4-S1002-G0.01,virudhunagar,Family Z-B,1024,1024,True
EXP-Z-A-virudhunagar-P4-S1003,virudhunagar,Family Z-A,1024,1024,True
EXP-Z-B-virudhunagar-P4-S1003-G0.0001,virudhunagar,Family Z-B,1024,1024,True
EXP-Z-B-virudhunagar-P4-S1003-G0.001,virudhunagar,Family Z-B,1024,1024,True
EXP-Z-B-virudhunagar-P4-S1003-G0.005,virudhunagar,Family Z-B,1024,1024,True
EXP-Z-B-virudhunagar-P4-S1003-G0.01,virudhunagar,Family Z-B,1024,1024,True
EXP-Z-A-virudhunagar-P4-S1004,virudhunagar,Family Z-A,1024,1024,True
EXP-Z-B-virudhunagar-P4-S1004-G0.0001,virudhunagar,Family Z-B,1024,1024,True
EXP-Z-B-virudhunagar-P4-S1004-G0.001,virudhunagar,Family Z-B,1024,1024,True
EXP-Z-B-virudhunagar-P4-S1004-G0.005,virudhunagar,Family Z-B,1024,1024,True
EXP-Z-B-virudhunagar-P4-S1004-G0.01,virudhunagar,Family Z-B,1024,1024,True
EXP-Z-A-virudhunagar-P5-S1000,virudhunagar,Family Z-A,1024,1024,True
EXP-Z-B-virudhunagar-P5-S1000-G0.0001,virudhunagar,Family Z-B,1024,1024,True
EXP-Z-B-virudhunagar-P5-S1000-G0.001,virudhunagar,Family Z-B,1024,1024,True
EXP-Z-B-virudhunagar-P5-S1000-G0.005,virudhunagar,Family Z-B,1024,1024,True
EXP-Z-B-virudhunagar-P5-S1000-G0.01,virudhunagar,Family Z-B,1024,1024,True
EXP-Z-A-virudhunagar-P5-S1001,virudhunagar,Family Z-A,1024,1024,True
EXP-Z-B-virudhunagar-P5-S1001-G0.0001,virudhunagar,Family Z-B,1024,1024,True
EXP-Z-B-virudhunagar-P5-S1001-G0.001,virudhunagar,Family Z-B,1024,1024,True
EXP-Z-B-virudhunagar-P5-S1001-G0.005,virudhunagar,Family Z-B,1024,1024,True
EXP-Z-B-virudhunagar-P5-S1001-G0.01,virudhunagar,Family Z-B,1024,1024,True
EXP-Z-A-virudhunagar-P5-S1002,virudhunagar,Family Z-A,1024,1024,True
EXP-Z-B-virudhunagar-P5-S1002-G0.0001,virudhunagar,Family Z-B,1024,1024,True
EXP-Z-B-virudhunagar-P5-S1002-G0.001,virudhunagar,Family Z-B,1024,1024,True
EXP-Z-B-virudhunagar-P5-S1002-G0.005,virudhunagar,Family Z-B,1024,1024,True
EXP-Z-B-virudhunagar-P5-S1002-G0.01,virudhunagar,Family Z-B,1024,1024,True
EXP-Z-A-virudhunagar-P5-S1003,virudhunagar,Family Z-A,1024,1024,True
EXP-Z-B-virudhunagar-P5-S1003-G0.0001,virudhunagar,Family Z-B,1024,1024,True
EXP-Z-B-virudhunagar-P5-S1003-G0.001,virudhunagar,Family Z-B,1024,1024,True
EXP-Z-B-virudhunagar-P5-S1003-G0.005,virudhunagar,Family Z-B,1024,1024,True
EXP-Z-B-virudhunagar-P5-S1003-G0.01,virudhunagar,Family Z-B,1024,1024,True
EXP-Z-A-virudhunagar-P5-S1004,virudhunagar,Family Z-A,1024,1024,True
EXP-Z-B-virudhunagar-P5-S1004-G0.0001,virudhunagar,Family Z-B,1024,1024,True
EXP-Z-B-virudhunagar-P5-S1004-G0.001,virudhunagar,Family Z-B,1024,1024,True
EXP-Z-B-virudhunagar-P5-S1004-G0.005,virudhunagar,Family Z-B,1024,1024,True
EXP-Z-B-virudhunagar-P5-S1004-G0.01,virudhunagar,Family Z-B,1024,1024,True
EXP-Z-A-krishnagiri_south-P1-S1000,krishnagiri_south,Family Z-A,1024,1024,True
EXP-Z-B-krishnagiri_south-P1-S1000-G0.0001,krishnagiri_south,Family Z-B,1024,1024,True
EXP-Z-B-krishnagiri_south-P1-S1000-G0.001,krishnagiri_south,Family Z-B,1024,1024,True
EXP-Z-B-krishnagiri_south-P1-S1000-G0.005,krishnagiri_south,Family Z-B,1024,1024,True
EXP-Z-B-krishnagiri_south-P1-S1000-G0.01,krishnagiri_south,Family Z-B,1024,1024,True
EXP-Z-A-krishnagiri_south-P1-S1001,krishnagiri_south,Family Z-A,1024,1024,True
EXP-Z-B-krishnagiri_south-P1-S1001-G0.0001,krishnagiri_south,Family Z-B,1024,1024,True
EXP-Z-B-krishnagiri_south-P1-S1001-G0.001,krishnagiri_south,Family Z-B,1024,1024,True
EXP-Z-B-krishnagiri_south-P1-S1001-G0.005,krishnagiri_south,Family Z-B,1024,1024,True
EXP-Z-B-krishnagiri_south-P1-S1001-G0.01,krishnagiri_south,Family Z-B,1024,1024,True
EXP-Z-A-krishnagiri_south-P1-S1002,krishnagiri_south,Family Z-A,1024,1024,True
EXP-Z-B-krishnagiri_south-P1-S1002-G0.0001,krishnagiri_south,Family Z-B,1024,1024,True
EXP-Z-B-krishnagiri_south-P1-S1002-G0.001,krishnagiri_south,Family Z-B,1024,1024,True
EXP-Z-B-krishnagiri_south-P1-S1002-G0.005,krishnagiri_south,Family Z-B,1024,1024,True
EXP-Z-B-krishnagiri_south-P1-S1002-G0.01,krishnagiri_south,Family Z-B,1024,1024,True
EXP-Z-A-krishnagiri_south-P1-S1003,krishnagiri_south,Family Z-A,1024,1024,True
EXP-Z-B-krishnagiri_south-P1-S1003-G0.0001,krishnagiri_south,Family Z-B,1024,1024,True
EXP-Z-B-krishnagiri_south-P1-S1003-G0.001,krishnagiri_south,Family Z-B,1024,1024,True
EXP-Z-B-krishnagiri_south-P1-S1003-G0.005,krishnagiri_south,Family Z-B,1024,1024,True
EXP-Z-B-krishnagiri_south-P1-S1003-G0.01,krishnagiri_south,Family Z-B,1024,1024,True
EXP-Z-A-krishnagiri_south-P1-S1004,krishnagiri_south,Family Z-A,1024,1024,True
EXP-Z-B-krishnagiri_south-P1-S1004-G0.0001,krishnagiri_south,Family Z-B,1024,1024,True
EXP-Z-B-krishnagiri_south-P1-S1004-G0.001,krishnagiri_south,Family Z-B,1024,1024,True
EXP-Z-B-krishnagiri_south-P1-S1004-G0.005,krishnagiri_south,Family Z-B,1024,1024,True
EXP-Z-B-krishnagiri_south-P1-S1004-G0.01,krishnagiri_south,Family Z-B,1024,1024,True
EXP-Z-A-krishnagiri_south-P2-S1000,krishnagiri_south,Family Z-A,1024,1024,True
EXP-Z-B-krishnagiri_south-P2-S1000-G0.0001,krishnagiri_south,Family Z-B,1024,1024,True
EXP-Z-B-krishnagiri_south-P2-S1000-G0.001,krishnagiri_south,Family Z-B,1024,1024,True
EXP-Z-B-krishnagiri_south-P2-S1000-G0.005,krishnagiri_south,Family Z-B,1024,1024,True
EXP-Z-B-krishnagiri_south-P2-S1000-G0.01,krishnagiri_south,Family Z-B,1024,1024,True
EXP-Z-A-krishnagiri_south-P2-S1001,krishnagiri_south,Family Z-A,1024,1024,True
EXP-Z-B-krishnagiri_south-P2-S1001-G0.0001,krishnagiri_south,Family Z-B,1024,1024,True
EXP-Z-B-krishnagiri_south-P2-S1001-G0.001,krishnagiri_south,Family Z-B,1024,1024,True
EXP-Z-B-krishnagiri_south-P2-S1001-G0.005,krishnagiri_south,Family Z-B,1024,1024,True
EXP-Z-B-krishnagiri_south-P2-S1001-G0.01,krishnagiri_south,Family Z-B,1024,1024,True
EXP-Z-A-krishnagiri_south-P2-S1002,krishnagiri_south,Family Z-A,1024,1024,True
EXP-Z-B-krishnagiri_south-P2-S1002-G0.0001,krishnagiri_south,Family Z-B,1024,1024,True
EXP-Z-B-krishnagiri_south-P2-S1002-G0.001,krishnagiri_south,Family Z-B,1024,1024,True
EXP-Z-B-krishnagiri_south-P2-S1002-G0.005,krishnagiri_south,Family Z-B,1024,1024,True
EXP-Z-B-krishnagiri_south-P2-S1002-G0.01,krishnagiri_south,Family Z-B,1024,1024,True
EXP-Z-A-krishnagiri_south-P2-S1003,krishnagiri_south,Family Z-A,1024,1024,True
EXP-Z-B-krishnagiri_south-P2-S1003-G0.0001,krishnagiri_south,Family Z-B,1024,1024,True
EXP-Z-B-krishnagiri_south-P2-S1003-G0.001,krishnagiri_south,Family Z-B,1024,1024,True
EXP-Z-B-krishnagiri_south-P2-S1003-G0.005,krishnagiri_south,Family Z-B,1024,1024,True
EXP-Z-B-krishnagiri_south-P2-S1003-G0.01,krishnagiri_south,Family Z-B,1024,1024,True
EXP-Z-A-krishnagiri_south-P2-S1004,krishnagiri_south,Family Z-A,1024,1024,True
EXP-Z-B-krishnagiri_south-P2-S1004-G0.0001,krishnagiri_south,Family Z-B,1024,1024,True
EXP-Z-B-krishnagiri_south-P2-S1004-G0.001,krishnagiri_south,Family Z-B,1024,1024,True
EXP-Z-B-krishnagiri_south-P2-S1004-G0.005,krishnagiri_south,Family Z-B,1024,1024,True
EXP-Z-B-krishnagiri_south-P2-S1004-G0.01,krishnagiri_south,Family Z-B,1024,1024,True
EXP-Z-A-krishnagiri_south-P3-S1000,krishnagiri_south,Family Z-A,1024,1024,True
EXP-Z-B-krishnagiri_south-P3-S1000-G0.0001,krishnagiri_south,Family Z-B,1024,1024,True
EXP-Z-B-krishnagiri_south-P3-S1000-G0.001,krishnagiri_south,Family Z-B,1024,1024,True
EXP-Z-B-krishnagiri_south-P3-S1000-G0.005,krishnagiri_south,Family Z-B,1024,1024,True
EXP-Z-B-krishnagiri_south-P3-S1000-G0.01,krishnagiri_south,Family Z-B,1024,1024,True
EXP-Z-A-krishnagiri_south-P3-S1001,krishnagiri_south,Family Z-A,1024,1024,True
EXP-Z-B-krishnagiri_south-P3-S1001-G0.0001,krishnagiri_south,Family Z-B,1024,1024,True
EXP-Z-B-krishnagiri_south-P3-S1001-G0.001,krishnagiri_south,Family Z-B,1024,1024,True
EXP-Z-B-krishnagiri_south-P3-S1001-G0.005,krishnagiri_south,Family Z-B,1024,1024,True
EXP-Z-B-krishnagiri_south-P3-S1001-G0.01,krishnagiri_south,Family Z-B,1024,1024,True
EXP-Z-A-krishnagiri_south-P3-S1002,krishnagiri_south,Family Z-A,1024,1024,True
EXP-Z-B-krishnagiri_south-P3-S1002-G0.0001,krishnagiri_south,Family Z-B,1024,1024,True
EXP-Z-B-krishnagiri_south-P3-S1002-G0.001,krishnagiri_south,Family Z-B,1024,1024,True
EXP-Z-B-krishnagiri_south-P3-S1002-G0.005,krishnagiri_south,Family Z-B,1024,1024,True
EXP-Z-B-krishnagiri_south-P3-S1002-G0.01,krishnagiri_south,Family Z-B,1024,1024,True
EXP-Z-A-krishnagiri_south-P3-S1003,krishnagiri_south,Family Z-A,1024,1024,True
EXP-Z-B-krishnagiri_south-P3-S1003-G0.0001,krishnagiri_south,Family Z-B,1024,1024,True
EXP-Z-B-krishnagiri_south-P3-S1003-G0.001,krishnagiri_south,Family Z-B,1024,1024,True
EXP-Z-B-krishnagiri_south-P3-S1003-G0.005,krishnagiri_south,Family Z-B,1024,1024,True
EXP-Z-B-krishnagiri_south-P3-S1003-G0.01,krishnagiri_south,Family Z-B,1024,1024,True
EXP-Z-A-krishnagiri_south-P3-S1004,krishnagiri_south,Family Z-A,1024,1024,True
EXP-Z-B-krishnagiri_south-P3-S1004-G0.0001,krishnagiri_south,Family Z-B,1024,1024,True
EXP-Z-B-krishnagiri_south-P3-S1004-G0.001,krishnagiri_south,Family Z-B,1024,1024,True
EXP-Z-B-krishnagiri_south-P3-S1004-G0.005,krishnagiri_south,Family Z-B,1024,1024,True
EXP-Z-B-krishnagiri_south-P3-S1004-G0.01,krishnagiri_south,Family Z-B,1024,1024,True
EXP-Z-A-krishnagiri_south-P4-S1000,krishnagiri_south,Family Z-A,1024,1024,True
EXP-Z-B-krishnagiri_south-P4-S1000-G0.0001,krishnagiri_south,Family Z-B,1024,1024,True
EXP-Z-B-krishnagiri_south-P4-S1000-G0.001,krishnagiri_south,Family Z-B,1024,1024,True
EXP-Z-B-krishnagiri_south-P4-S1000-G0.005,krishnagiri_south,Family Z-B,1024,1024,True
EXP-Z-B-krishnagiri_south-P4-S1000-G0.01,krishnagiri_south,Family Z-B,1024,1024,True
EXP-Z-A-krishnagiri_south-P4-S1001,krishnagiri_south,Family Z-A,1024,1024,True
EXP-Z-B-krishnagiri_south-P4-S1001-G0.0001,krishnagiri_south,Family Z-B,1024,1024,True
EXP-Z-B-krishnagiri_south-P4-S1001-G0.001,krishnagiri_south,Family Z-B,1024,1024,True
EXP-Z-B-krishnagiri_south-P4-S1001-G0.005,krishnagiri_south,Family Z-B,1024,1024,True
EXP-Z-B-krishnagiri_south-P4-S1001-G0.01,krishnagiri_south,Family Z-B,1024,1024,True
EXP-Z-A-krishnagiri_south-P4-S1002,krishnagiri_south,Family Z-A,1024,1024,True
EXP-Z-B-krishnagiri_south-P4-S1002-G0.0001,krishnagiri_south,Family Z-B,1024,1024,True
EXP-Z-B-krishnagiri_south-P4-S1002-G0.001,krishnagiri_south,Family Z-B,1024,1024,True
EXP-Z-B-krishnagiri_south-P4-S1002-G0.005,krishnagiri_south,Family Z-B,1024,1024,True
EXP-Z-B-krishnagiri_south-P4-S1002-G0.01,krishnagiri_south,Family Z-B,1024,1024,True
EXP-Z-A-krishnagiri_south-P4-S1003,krishnagiri_south,Family Z-A,1024,1024,True
EXP-Z-B-krishnagiri_south-P4-S1003-G0.0001,krishnagiri_south,Family Z-B,1024,1024,True
EXP-Z-B-krishnagiri_south-P4-S1003-G0.001,krishnagiri_south,Family Z-B,1024,1024,True
EXP-Z-B-krishnagiri_south-P4-S1003-G0.005,krishnagiri_south,Family Z-B,1024,1024,True
EXP-Z-B-krishnagiri_south-P4-S1003-G0.01,krishnagiri_south,Family Z-B,1024,1024,True
EXP-Z-A-krishnagiri_south-P4-S1004,krishnagiri_south,Family Z-A,1024,1024,True
EXP-Z-B-krishnagiri_south-P4-S1004-G0.0001,krishnagiri_south,Family Z-B,1024,1024,True
EXP-Z-B-krishnagiri_south-P4-S1004-G0.001,krishnagiri_south,Family Z-B,1024,1024,True
EXP-Z-B-krishnagiri_south-P4-S1004-G0.005,krishnagiri_south,Family Z-B,1024,1024,True
EXP-Z-B-krishnagiri_south-P4-S1004-G0.01,krishnagiri_south,Family Z-B,1024,1024,True
EXP-Z-A-krishnagiri_south-P5-S1000,krishnagiri_south,Family Z-A,1024,1024,True
EXP-Z-B-krishnagiri_south-P5-S1000-G0.0001,krishnagiri_south,Family Z-B,1024,1024,True
EXP-Z-B-krishnagiri_south-P5-S1000-G0.001,krishnagiri_south,Family Z-B,1024,1024,True
EXP-Z-B-krishnagiri_south-P5-S1000-G0.005,krishnagiri_south,Family Z-B,1024,1024,True
EXP-Z-B-krishnagiri_south-P5-S1000-G0.01,krishnagiri_south,Family Z-B,1024,1024,True
EXP-Z-A-krishnagiri_south-P5-S1001,krishnagiri_south,Family Z-A,1024,1024,True
EXP-Z-B-krishnagiri_south-P5-S1001-G0.0001,krishnagiri_south,Family Z-B,1024,1024,True
EXP-Z-B-krishnagiri_south-P5-S1001-G0.001,krishnagiri_south,Family Z-B,1024,1024,True
EXP-Z-B-krishnagiri_south-P5-S1001-G0.005,krishnagiri_south,Family Z-B,1024,1024,True
EXP-Z-B-krishnagiri_south-P5-S1001-G0.01,krishnagiri_south,Family Z-B,1024,1024,True
EXP-Z-A-krishnagiri_south-P5-S1002,krishnagiri_south,Family Z-A,1024,1024,True
EXP-Z-B-krishnagiri_south-P5-S1002-G0.0001,krishnagiri_south,Family Z-B,1024,1024,True
EXP-Z-B-krishnagiri_south-P5-S1002-G0.001,krishnagiri_south,Family Z-B,1024,1024,True
EXP-Z-B-krishnagiri_south-P5-S1002-G0.005,krishnagiri_south,Family Z-B,1024,1024,True
EXP-Z-B-krishnagiri_south-P5-S1002-G0.01,krishnagiri_south,Family Z-B,1024,1024,True
EXP-Z-A-krishnagiri_south-P5-S1003,krishnagiri_south,Family Z-A,1024,1024,True
EXP-Z-B-krishnagiri_south-P5-S1003-G0.0001,krishnagiri_south,Family Z-B,1024,1024,True
EXP-Z-B-krishnagiri_south-P5-S1003-G0.001,krishnagiri_south,Family Z-B,1024,1024,True
EXP-Z-B-krishnagiri_south-P5-S1003-G0.005,krishnagiri_south,Family Z-B,1024,1024,True
EXP-Z-B-krishnagiri_south-P5-S1003-G0.01,krishnagiri_south,Family Z-B,1024,1024,True
EXP-Z-A-krishnagiri_south-P5-S1004,krishnagiri_south,Family Z-A,1024,1024,True
EXP-Z-B-krishnagiri_south-P5-S1004-G0.0001,krishnagiri_south,Family Z-B,1024,1024,True
EXP-Z-B-krishnagiri_south-P5-S1004-G0.001,krishnagiri_south,Family Z-B,1024,1024,True
EXP-Z-B-krishnagiri_south-P5-S1004-G0.005,krishnagiri_south,Family Z-B,1024,1024,True
EXP-Z-B-krishnagiri_south-P5-S1004-G0.01,krishnagiri_south,Family Z-B,1024,1024,True
