district_id,depth,seed,instance_hash,standard_gap,parameter_ws_gap,state_ws_gap,delta_gap_par,delta_gap_sta,standard_opt_prob,parameter_ws_opt_prob,delta_opt_prob_par,standard_iterations,parameter_ws_iterations,delta_iterations_par,standard_e2e_time,parameter_ws_e2e_time,delta_e2e_time
ariyalur,1,1000,1c722e4f285894ff194537e0b7d536cd97b1e8183c4ff64ca3bb55908cbb786c,0.0,0.0,0.0,0.0,0.0,0.0068359375,0.015625,0.0087890625,25,15,-10,0.0004907000111415982,0.0015193000435829163,0.001028600032441318
ariyalur,1,1001,1c722e4f285894ff194537e0b7d536cd97b1e8183c4ff64ca3bb55908cbb786c,0.0,0.0,0.0,0.0,0.0,0.0078125,0.01171875,0.00390625,25,15,-10,0.00027540000155568123,0.000974800088442862,0.0006994000868871808
ariyalur,1,1002,1c722e4f285894ff194537e0b7d536cd97b1e8183c4ff64ca3bb55908cbb786c,0.0,0.0,0.0,0.0,0.0,0.005859375,0.017578125,0.01171875,25,15,-10,0.0002997999545186758,0.001512999995611608,0.0012132000410929322
ariyalur,1,1003,1c722e4f285894ff194537e0b7d536cd97b1e8183c4ff64ca3bb55908cbb786c,0.0,0.0,0.0,0.0,0.0,0.0048828125,0.0146484375,0.009765625,25,15,-10,0.00035830005072057247,0.0013602999970316887,0.0010019999463111162
ariyalur,1,1004,1c722e4f285894ff194537e0b7d536cd97b1e8183c4ff64ca3bb55908cbb786c,0.0,0.0,0.0,0.0,0.0,0.0,0.0107421875,0.0107421875,25,15,-10,0.0002894999925047159,0.0010423000203445554,0.0007528000278398395
ariyalur,2,1000,1c722e4f285894ff194537e0b7d536cd97b1e8183c4ff64ca3bb55908cbb786c,0.0,0.0,0.0,0.0,0.0,0.0068359375,0.015625,0.0087890625,25,15,-10,0.00027459999546408653,0.0014021999668329954,0.0011275999713689089
ariyalur,2,1001,1c722e4f285894ff194537e0b7d536cd97b1e8183c4ff64ca3bb55908cbb786c,0.0,0.0,0.0,0.0,0.0,0.0078125,0.01171875,0.00390625,25,15,-10,0.0003665999975055456,0.0013856999576091766,0.001019099960103631
ariyalur,2,1002,1c722e4f285894ff194537e0b7d536cd97b1e8183c4ff64ca3bb55908cbb786c,0.0,0.0,0.0,0.0,0.0,0.005859375,0.017578125,0.01171875,25,15,-10,0.00029509991873055696,0.0010683999862521887,0.0007733000675216317
ariyalur,2,1003,1c722e4f285894ff194537e0b7d536cd97b1e8183c4ff64ca3bb55908cbb786c,0.0,0.0,0.0,0.0,0.0,0.0048828125,0.0146484375,0.009765625,25,15,-10,0.0002945999149233103,0.0013167000142857432,0.001022100099362433
ariyalur,2,1004,1c722e4f285894ff194537e0b7d536cd97b1e8183c4ff64ca3bb55908cbb786c,0.0,0.0,0.0,0.0,0.0,0.0,0.0107421875,0.0107421875,25,15,-10,0.00036750000435858965,0.0012217999901622534,0.0008542999858036637
ariyalur,3,1000,1c722e4f285894ff194537e0b7d536cd97b1e8183c4ff64ca3bb55908cbb786c,0.0,0.0,0.0,0.0,0.0,0.0068359375,0.015625,0.0087890625,25,15,-10,0.000304899993352592,0.0010791999520733953,0.0007742999587208033
ariyalur,3,1001,1c722e4f285894ff194537e0b7d536cd97b1e8183c4ff64ca3bb55908cbb786c,0.0,0.0,0.0,0.0,0.0,0.0078125,0.01171875,0.00390625,25,15,-10,0.00029450003057718277,0.001186800072900951,0.0008923000423237681
ariyalur,3,1002,1c722e4f285894ff194537e0b7d536cd97b1e8183c4ff64ca3bb55908cbb786c,0.0,0.0,0.0,0.0,0.0,0.005859375,0.017578125,0.01171875,25,15,-10,0.0006174000445753336,0.0014943999703973532,0.0008769999258220196
ariyalur,3,1003,1c722e4f285894ff194537e0b7d536cd97b1e8183c4ff64ca3bb55908cbb786c,0.0,0.0,0.0,0.0,0.0,0.0048828125,0.0146484375,0.009765625,25,15,-10,0.00030940002761781216,0.0011841999366879463,0.0008747999090701342
ariyalur,3,1004,1c722e4f285894ff194537e0b7d536cd97b1e8183c4ff64ca3bb55908cbb786c,0.0,0.0,0.0,0.0,0.0,0.0,0.0107421875,0.0107421875,25,15,-10,0.0002813000464811921,0.0012707000132650137,0.0009893999667838216
ariyalur,4,1000,1c722e4f285894ff194537e0b7d536cd97b1e8183c4ff64ca3bb55908cbb786c,0.0,0.0,0.0,0.0,0.0,0.0068359375,0.015625,0.0087890625,25,15,-10,0.00042719999328255653,0.00131720001809299,0.0008900000248104334
ariyalur,4,1001,1c722e4f285894ff194537e0b7d536cd97b1e8183c4ff64ca3bb55908cbb786c,0.0,0.0,0.0,0.0,0.0,0.0078125,0.01171875,0.00390625,25,15,-10,0.0002636000281199813,0.001020299969241023,0.0007566999411210418
ariyalur,4,1002,1c722e4f285894ff194537e0b7d536cd97b1e8183c4ff64ca3bb55908cbb786c,0.0,0.0,0.0,0.0,0.0,0.005859375,0.017578125,0.01171875,25,15,-10,0.000255199964158237,0.0009830999188125134,0.0007278999546542764
ariyalur,4,1003,1c722e4f285894ff194537e0b7d536cd97b1e8183c4ff64ca3bb55908cbb786c,0.0,0.0,0.0,0.0,0.0,0.0048828125,0.0146484375,0.009765625,25,15,-10,0.0005550000350922346,0.0016892000567167997,0.0011342000216245651
ariyalur,4,1004,1c722e4f285894ff194537e0b7d536cd97b1e8183c4ff64ca3bb55908cbb786c,0.0,0.0,0.0,0.0,0.0,0.0,0.0107421875,0.0107421875,25,15,-10,0.0002918998943641782,0.0009969000238925219,0.0007050001295283437
ariyalur,5,1000,1c722e4f285894ff194537e0b7d536cd97b1e8183c4ff64ca3bb55908cbb786c,0.0,0.0,0.0,0.0,0.0,0.0068359375,0.015625,0.0087890625,25,15,-10,0.00027819990646094084,0.001178800011985004,0.0009006001055240631
ariyalur,5,1001,1c722e4f285894ff194537e0b7d536cd97b1e8183c4ff64ca3bb55908cbb786c,0.0,0.0,0.0,0.0,0.0,0.0078125,0.01171875,0.00390625,25,15,-10,0.0005559999262914062,0.0016965999966487288,0.0011406000703573227
ariyalur,5,1002,1c722e4f285894ff194537e0b7d536cd97b1e8183c4ff64ca3bb55908cbb786c,0.0,0.0,0.0,0.0,0.0,0.005859375,0.017578125,0.01171875,25,15,-10,0.0002821999369189143,0.001007299986667931,0.0007251000497490168
ariyalur,5,1003,1c722e4f285894ff194537e0b7d536cd97b1e8183c4ff64ca3bb55908cbb786c,0.0,0.0,0.0,0.0,0.0,0.0048828125,0.0146484375,0.009765625,25,15,-10,0.00026020000223070383,0.0016844000201672316,0.0014242000179365277
ariyalur,5,1004,1c722e4f285894ff194537e0b7d536cd97b1e8183c4ff64ca3bb55908cbb786c,0.0,0.0,0.0,0.0,0.0,0.0,0.0107421875,0.0107421875,25,15,-10,0.0003117000451311469,0.001205500098876655,0.0008938000537455082
chennai,1,1000,93afaf7d7a2e9d1608128906eb635ebc90ee642bfb20ae479bd32fe43ecd66fe,0.0,0.0,0.0,0.0,0.0,0.0068359375,0.015625,0.0087890625,25,15,-10,0.0007154999766498804,0.0012381999986246228,0.0005227000219747424
chennai,1,1001,93afaf7d7a2e9d1608128906eb635ebc90ee642bfb20ae479bd32fe43ecd66fe,0.0,0.0,0.0,0.0,0.0,0.0078125,0.01171875,0.00390625,25,15,-10,0.0002633000258356333,0.0009805000154301524,0.0007171999895945191
chennai,1,1002,93afaf7d7a2e9d1608128906eb635ebc90ee642bfb20ae479bd32fe43ecd66fe,0.0,0.0,0.0,0.0,0.0,0.005859375,0.017578125,0.01171875,25,15,-10,0.0004420999903231859,0.001533700036816299,0.001091600046493113
chennai,1,1003,93afaf7d7a2e9d1608128906eb635ebc90ee642bfb20ae479bd32fe43ecd66fe,0.0,0.0,0.0,0.0,0.0,0.0048828125,0.0146484375,0.009765625,25,15,-10,0.00028629996813833714,0.0010451000416651368,0.0007588000735267997
chennai,1,1004,93afaf7d7a2e9d1608128906eb635ebc90ee642bfb20ae479bd32fe43ecd66fe,0.0,0.0,0.0,0.0,0.0,0.0,0.0107421875,0.0107421875,25,15,-10,0.00025429995730519295,0.0009373000357300043,0.0006830000784248114
chennai,2,1000,93afaf7d7a2e9d1608128906eb635ebc90ee642bfb20ae479bd32fe43ecd66fe,0.0,0.0,0.0,0.0,0.0,0.0068359375,0.015625,0.0087890625,25,15,-10,0.0002612000098451972,0.0015085000777617097,0.0012473000679165125
chennai,2,1001,93afaf7d7a2e9d1608128906eb635ebc90ee642bfb20ae479bd32fe43ecd66fe,0.0,0.0,0.0,0.0,0.0,0.0078125,0.01171875,0.00390625,25,15,-10,0.00037839997094124556,0.0011285999789834023,0.0007502000080421567
chennai,2,1002,93afaf7d7a2e9d1608128906eb635ebc90ee642bfb20ae479bd32fe43ecd66fe,0.0,0.0,0.0,0.0,0.0,0.005859375,0.017578125,0.01171875,25,15,-10,0.0004667999455705285,0.0014848000137135386,0.0010180000681430101
chennai,2,1003,93afaf7d7a2e9d1608128906eb635ebc90ee642bfb20ae479bd32fe43ecd66fe,0.0,0.0,0.0,0.0,0.0,0.0048828125,0.0146484375,0.009765625,25,15,-10,0.000574899953790009,0.002251400030218065,0.0016765000764280558
chennai,2,1004,93afaf7d7a2e9d1608128906eb635ebc90ee642bfb20ae479bd32fe43ecd66fe,0.0,0.0,0.0,0.0,0.0,0.0,0.0107421875,0.0107421875,25,15,-10,0.0004273999948054552,0.0013177999062463641,0.0008903999114409089
chennai,3,1000,93afaf7d7a2e9d1608128906eb635ebc90ee642bfb20ae479bd32fe43ecd66fe,0.0,0.0,0.0,0.0,0.0,0.0068359375,0.015625,0.0087890625,25,15,-10,0.0004162999102845788,0.0018876999383792281,0.0014714000280946493
chennai,3,1001,93afaf7d7a2e9d1608128906eb635ebc90ee642bfb20ae479bd32fe43ecd66fe,0.0,0.0,0.0,0.0,0.0,0.0078125,0.01171875,0.00390625,25,15,-10,0.00040179991628974676,0.0015460000140592456,0.0011442000977694988
chennai,3,1002,93afaf7d7a2e9d1608128906eb635ebc90ee642bfb20ae479bd32fe43ecd66fe,0.0,0.0,0.0,0.0,0.0,0.005859375,0.017578125,0.01171875,25,15,-10,0.00032670004293322563,0.0009899999713525176,0.000663299928419292
chennai,3,1003,93afaf7d7a2e9d1608128906eb635ebc90ee642bfb20ae479bd32fe43ecd66fe,0.0,0.0,0.0,0.0,0.0,0.0048828125,0.0146484375,0.009765625,25,15,-10,0.00034629995934665203,0.0016830000095069408,0.0013367000501602888
chennai,3,1004,93afaf7d7a2e9d1608128906eb635ebc90ee642bfb20ae479bd32fe43ecd66fe,0.0,0.0,0.0,0.0,0.0,0.0,0.0107421875,0.0107421875,25,15,-10,0.0003084000200033188,0.0011568000772967935,0.0008484000572934747
chennai,4,1000,93afaf7d7a2e9d1608128906eb635ebc90ee642bfb20ae479bd32fe43ecd66fe,0.0,0.0,0.0,0.0,0.0,0.0068359375,0.015625,0.0087890625,25,15,-10,0.000300200073979795,0.0011218000436201692,0.0008215999696403742
chennai,4,1001,93afaf7d7a2e9d1608128906eb635ebc90ee642bfb20ae479bd32fe43ecd66fe,0.0,0.0,0.0,0.0,0.0,0.0078125,0.01171875,0.00390625,25,15,-10,0.0002532999496906996,0.0010601000394672155,0.000806800089776516
chennai,4,1002,93afaf7d7a2e9d1608128906eb635ebc90ee642bfb20ae479bd32fe43ecd66fe,0.0,0.0,0.0,0.0,0.0,0.005859375,0.017578125,0.01171875,25,15,-10,0.0003551000263541937,0.0014648999786004424,0.0011097999522462487
chennai,4,1003,93afaf7d7a2e9d1608128906eb635ebc90ee642bfb20ae479bd32fe43ecd66fe,0.0,0.0,0.0,0.0,0.0,0.0048828125,0.0146484375,0.009765625,25,15,-10,0.000799700035713613,0.0015382999554276466,0.0007385999197140336
chennai,4,1004,93afaf7d7a2e9d1608128906eb635ebc90ee642bfb20ae479bd32fe43ecd66fe,0.0,0.0,0.0,0.0,0.0,0.0,0.0107421875,0.0107421875,25,15,-10,0.001231500064022839,0.0019167999271303415,0.0006852998631075025
chennai,5,1000,93afaf7d7a2e9d1608128906eb635ebc90ee642bfb20ae479bd32fe43ecd66fe,0.0,0.0,0.0,0.0,0.0,0.0068359375,0.015625,0.0087890625,25,15,-10,0.000631400034762919,0.0015387999592348933,0.0009073999244719744
chennai,5,1001,93afaf7d7a2e9d1608128906eb635ebc90ee642bfb20ae479bd32fe43ecd66fe,0.0,0.0,0.0,0.0,0.0,0.0078125,0.01171875,0.00390625,25,15,-10,0.00041010009590536356,0.0017469999147579074,0.0013368998188525438
chennai,5,1002,93afaf7d7a2e9d1608128906eb635ebc90ee642bfb20ae479bd32fe43ecd66fe,0.0,0.0,0.0,0.0,0.0,0.005859375,0.017578125,0.01171875,25,15,-10,0.00045110005885362625,0.002351399976760149,0.0019002999179065228
chennai,5,1003,93afaf7d7a2e9d1608128906eb635ebc90ee642bfb20ae479bd32fe43ecd66fe,0.0,0.0,0.0,0.0,0.0,0.0048828125,0.0146484375,0.009765625,25,15,-10,0.0008498000679537654,0.002978099975734949,0.0021282999077811837
chennai,5,1004,93afaf7d7a2e9d1608128906eb635ebc90ee642bfb20ae479bd32fe43ecd66fe,0.0,0.0,0.0,0.0,0.0,0.0,0.0107421875,0.0107421875,25,15,-10,0.00036369997542351484,0.0014868000289425254,0.0011231000535190105
coimbatore,1,1000,68a36cd65718d055b7f34c795f580cb3e49ff125faa4f26a21091cd15e21572a,0.0,0.0,0.0,0.0,0.0,0.0068359375,0.015625,0.0087890625,25,15,-10,0.0005176999839022756,0.0014851000159978867,0.0009674000320956111
coimbatore,1,1001,68a36cd65718d055b7f34c795f580cb3e49ff125faa4f26a21091cd15e21572a,0.0,0.0,0.0,0.0,0.0,0.0078125,0.01171875,0.00390625,25,15,-10,0.0005580999422818422,0.0028016000287607312,0.002243500086478889
coimbatore,1,1002,68a36cd65718d055b7f34c795f580cb3e49ff125faa4f26a21091cd15e21572a,0.0,0.0,0.0,0.0,0.0,0.005859375,0.017578125,0.01171875,25,15,-10,0.0004388000816106796,0.0015558999730274081,0.0011170998914167285
coimbatore,1,1003,68a36cd65718d055b7f34c795f580cb3e49ff125faa4f26a21091cd15e21572a,0.0,0.0,0.0,0.0,0.0,0.0048828125,0.0146484375,0.009765625,25,15,-10,0.0003760000690817833,0.0017877999925985932,0.00141179992351681
coimbatore,1,1004,68a36cd65718d055b7f34c795f580cb3e49ff125faa4f26a21091cd15e21572a,0.0,0.0,0.0,0.0,0.0,0.0,0.0107421875,0.0107421875,25,15,-10,0.00035740004386752844,0.0015730999875813723,0.0012156999437138438
coimbatore,2,1000,68a36cd65718d055b7f34c795f580cb3e49ff125faa4f26a21091cd15e21572a,0.0,0.0,0.0,0.0,0.0,0.0068359375,0.015625,0.0087890625,25,15,-10,0.0003914999542757869,0.0014822999946773052,0.0010908000404015183
coimbatore,2,1001,68a36cd65718d055b7f34c795f580cb3e49ff125faa4f26a21091cd15e21572a,0.0,0.0,0.0,0.0,0.0,0.0078125,0.01171875,0.00390625,25,15,-10,0.000403400044888258,0.0014479000819846988,0.0010445000370964408
coimbatore,2,1002,68a36cd65718d055b7f34c795f580cb3e49ff125faa4f26a21091cd15e21572a,0.0,0.0,0.0,0.0,0.0,0.005859375,0.017578125,0.01171875,25,15,-10,0.00032029999420046806,0.0013999000657349825,0.0010796000715345144
coimbatore,2,1003,68a36cd65718d055b7f34c795f580cb3e49ff125faa4f26a21091cd15e21572a,0.0,0.0,0.0,0.0,0.0,0.0048828125,0.0146484375,0.009765625,25,15,-10,0.0004585999995470047,0.001489899936132133,0.0010312999365851283
coimbatore,2,1004,68a36cd65718d055b7f34c795f580cb3e49ff125faa4f26a21091cd15e21572a,0.0,0.0,0.0,0.0,0.0,0.0,0.0107421875,0.0107421875,25,15,-10,0.0003562999190762639,0.0016249000327661633,0.0012686001136898994
coimbatore,3,1000,68a36cd65718d055b7f34c795f580cb3e49ff125faa4f26a21091cd15e21572a,0.0,0.0,0.0,0.0,0.0,0.0068359375,0.015625,0.0087890625,25,15,-10,0.00037430005613714457,0.0016284000594168901,0.0012541000032797456
coimbatore,3,1001,68a36cd65718d055b7f34c795f580cb3e49ff125faa4f26a21091cd15e21572a,0.0,0.0,0.0,0.0,0.0,0.0078125,0.01171875,0.00390625,25,15,-10,0.0005169999785721302,0.0018813000060617924,0.0013643000274896622
coimbatore,3,1002,68a36cd65718d055b7f34c795f580cb3e49ff125faa4f26a21091cd15e21572a,0.0,0.0,0.0,0.0,0.0,0.005859375,0.017578125,0.01171875,25,15,-10,0.0005816000048071146,0.001397899934090674,0.0008162999292835593
coimbatore,3,1003,68a36cd65718d055b7f34c795f580cb3e49ff125faa4f26a21091cd15e21572a,0.0,0.0,0.0,0.0,0.0,0.0048828125,0.0146484375,0.009765625,25,15,-10,0.0004336000420153141,0.0020577999530360103,0.0016241999110206962
coimbatore,3,1004,68a36cd65718d055b7f34c795f580cb3e49ff125faa4f26a21091cd15e21572a,0.0,0.0,0.0,0.0,0.0,0.0,0.0107421875,0.0107421875,25,15,-10,0.0005431999452412128,0.0015764000127092004,0.0010332000674679875
coimbatore,4,1000,68a36cd65718d055b7f34c795f580cb3e49ff125faa4f26a21091cd15e21572a,0.0,0.0,0.0,0.0,0.0,0.0068359375,0.015625,0.0087890625,25,15,-10,0.0003850000211969018,0.002080800011754036,0.0016957999905571342
coimbatore,4,1001,68a36cd65718d055b7f34c795f580cb3e49ff125faa4f26a21091cd15e21572a,0.0,0.0,0.0,0.0,0.0,0.0078125,0.01171875,0.00390625,25,15,-10,0.00040360004641115665,0.001513299997895956,0.0011096999514847994
coimbatore,4,1002,68a36cd65718d055b7f34c795f580cb3e49ff125faa4f26a21091cd15e21572a,0.0,0.0,0.0,0.0,0.0,0.005859375,0.017578125,0.01171875,25,15,-10,0.0004859999753534794,0.0015005000168457627,0.0010145000414922833
coimbatore,4,1003,68a36cd65718d055b7f34c795f580cb3e49ff125faa4f26a21091cd15e21572a,0.0,0.0,0.0,0.0,0.0,0.0048828125,0.0146484375,0.009765625,25,15,-10,0.0004024999216198921,0.001434299978427589,0.0010318000568076968
coimbatore,4,1004,68a36cd65718d055b7f34c795f580cb3e49ff125faa4f26a21091cd15e21572a,0.0,0.0,0.0,0.0,0.0,0.0,0.0107421875,0.0107421875,25,15,-10,0.00033899990376085043,0.0012855000095441937,0.0009465001057833433
coimbatore,5,1000,68a36cd65718d055b7f34c795f580cb3e49ff125faa4f26a21091cd15e21572a,0.0,0.0,0.0,0.0,0.0,0.0068359375,0.015625,0.0087890625,25,15,-10,0.0003798999823629856,0.0014678000006824732,0.0010879000183194876
coimbatore,5,1001,68a36cd65718d055b7f34c795f580cb3e49ff125faa4f26a21091cd15e21572a,0.0,0.0,0.0,0.0,0.0,0.0078125,0.01171875,0.00390625,25,15,-10,0.00041099998634308577,0.0025100000202655792,0.0020990000339224935
coimbatore,5,1002,68a36cd65718d055b7f34c795f580cb3e49ff125faa4f26a21091cd15e21572a,0.0,0.0,0.0,0.0,0.0,0.005859375,0.017578125,0.01171875,25,15,-10,0.0007875999435782433,0.0036536999978125095,0.0028661000542342663
coimbatore,5,1003,68a36cd65718d055b7f34c795f580cb3e49ff125faa4f26a21091cd15e21572a,0.0,0.0,0.0,0.0,0.0,0.0048828125,0.0146484375,0.009765625,25,15,-10,0.0004499000497162342,0.0016694000223651528,0.0012194999726489186
coimbatore,5,1004,68a36cd65718d055b7f34c795f580cb3e49ff125faa4f26a21091cd15e21572a,0.0,0.0,0.0,0.0,0.0,0.0,0.0107421875,0.0107421875,25,15,-10,0.0008640000596642494,0.0027415999211370945,0.001877599861472845
cuddalore,1,1000,fc33d5383fc41a8aca5c87eb654a83a9274de9d079f31424e006cbcec0ec9231,0.0,0.0,0.0,0.0,0.0,0.0068359375,0.015625,0.0087890625,25,15,-10,0.0007548000430688262,0.0027717999182641506,0.0020169998751953244
cuddalore,1,1001,fc33d5383fc41a8aca5c87eb654a83a9274de9d079f31424e006cbcec0ec9231,0.0,0.0,0.0,0.0,0.0,0.0078125,0.01171875,0.00390625,25,15,-10,0.0005516000092029572,0.0017760000191628933,0.0012244000099599361
cuddalore,1,1002,fc33d5383fc41a8aca5c87eb654a83a9274de9d079f31424e006cbcec0ec9231,0.0,0.0,0.0,0.0,0.0,0.005859375,0.017578125,0.01171875,25,15,-10,0.00032890005968511105,0.0014992000069469213,0.0011702999472618103
cuddalore,1,1003,fc33d5383fc41a8aca5c87eb654a83a9274de9d079f31424e006cbcec0ec9231,0.0,0.0,0.0,0.0,0.0,0.0048828125,0.0146484375,0.009765625,25,15,-10,0.00034110003616660833,0.0014899999368935823,0.001148899900726974
cuddalore,1,1004,fc33d5383fc41a8aca5c87eb654a83a9274de9d079f31424e006cbcec0ec9231,0.0,0.0,0.0,0.0,0.0,0.0,0.0107421875,0.0107421875,25,15,-10,0.000295399921014905,0.0015394999645650387,0.0012441000435501337
cuddalore,2,1000,fc33d5383fc41a8aca5c87eb654a83a9274de9d079f31424e006cbcec0ec9231,0.0,0.0,0.0,0.0,0.0,0.0068359375,0.015625,0.0087890625,25,15,-10,0.00038600002881139517,0.0016622000839561224,0.0012762000551447272
cuddalore,2,1001,fc33d5383fc41a8aca5c87eb654a83a9274de9d079f31424e006cbcec0ec9231,0.0,0.0,0.0,0.0,0.0,0.0078125,0.01171875,0.00390625,25,15,-10,0.0004662999417632818,0.0013604999985545874,0.0008942000567913055
cuddalore,2,1002,fc33d5383fc41a8aca5c87eb654a83a9274de9d079f31424e006cbcec0ec9231,0.0,0.0,0.0,0.0,0.0,0.005859375,0.017578125,0.01171875,25,15,-10,0.0003836000105366111,0.0013433999847620726,0.0009597999742254615
cuddalore,2,1003,fc33d5383fc41a8aca5c87eb654a83a9274de9d079f31424e006cbcec0ec9231,0.0,0.0,0.0,0.0,0.0,0.0048828125,0.0146484375,0.009765625,25,15,-10,0.00033650000113993883,0.0013488000258803368,0.001012300024740398
cuddalore,2,1004,fc33d5383fc41a8aca5c87eb654a83a9274de9d079f31424e006cbcec0ec9231,0.0,0.0,0.0,0.0,0.0,0.0,0.0107421875,0.0107421875,25,15,-10,0.000305499997921288,0.0011858000652864575,0.0008803000673651695
cuddalore,3,1000,fc33d5383fc41a8aca5c87eb654a83a9274de9d079f31424e006cbcec0ec9231,0.0,0.0,0.0,0.0,0.0,0.0068359375,0.015625,0.0087890625,25,15,-10,0.00033000006806105375,0.001016200054436922,0.0006861999863758683
cuddalore,3,1001,fc33d5383fc41a8aca5c87eb654a83a9274de9d079f31424e006cbcec0ec9231,0.0,0.0,0.0,0.0,0.0,0.0078125,0.01171875,0.00390625,25,15,-10,0.00032650004141032696,0.0011879999656230211,0.0008614999242126942
cuddalore,3,1002,fc33d5383fc41a8aca5c87eb654a83a9274de9d079f31424e006cbcec0ec9231,0.0,0.0,0.0,0.0,0.0,0.005859375,0.017578125,0.01171875,25,15,-10,0.00031210004817694426,0.001040700008161366,0.0007285999599844217
cuddalore,3,1003,fc33d5383fc41a8aca5c87eb654a83a9274de9d079f31424e006cbcec0ec9231,0.0,0.0,0.0,0.0,0.0,0.0048828125,0.0146484375,0.009765625,25,15,-10,0.00025070004630833864,0.0009196000173687935,0.0006688999710604548
cuddalore,3,1004,fc33d5383fc41a8aca5c87eb654a83a9274de9d079f31424e006cbcec0ec9231,0.0,0.0,0.0,0.0,0.0,0.0,0.0107421875,0.0107421875,25,15,-10,0.0002522999420762062,0.0009101999457925558,0.0006579000037163496
cuddalore,4,1000,fc33d5383fc41a8aca5c87eb654a83a9274de9d079f31424e006cbcec0ec9231,0.0,0.0,0.0,0.0,0.0,0.0068359375,0.015625,0.0087890625,25,15,-10,0.00033740000799298286,0.0012113000266253948,0.000873900018632412
cuddalore,4,1001,fc33d5383fc41a8aca5c87eb654a83a9274de9d079f31424e006cbcec0ec9231,0.0,0.0,0.0,0.0,0.0,0.0078125,0.01171875,0.00390625,25,15,-10,0.0002889001043513417,0.0012217999901622534,0.0009328998858109117
cuddalore,4,1002,fc33d5383fc41a8aca5c87eb654a83a9274de9d079f31424e006cbcec0ec9231,0.0,0.0,0.0,0.0,0.0,0.005859375,0.017578125,0.01171875,25,15,-10,0.0003360999980941415,0.0011454999912530184,0.0008093999931588769
cuddalore,4,1003,fc33d5383fc41a8aca5c87eb654a83a9274de9d079f31424e006cbcec0ec9231,0.0,0.0,0.0,0.0,0.0,0.0048828125,0.0146484375,0.009765625,25,15,-10,0.0002894999925047159,0.0011418999638408422,0.0008523999713361263
cuddalore,4,1004,fc33d5383fc41a8aca5c87eb654a83a9274de9d079f31424e006cbcec0ec9231,0.0,0.0,0.0,0.0,0.0,0.0,0.0107421875,0.0107421875,25,15,-10,0.0003519000019878149,0.001172299962490797,0.0008203999605029821
cuddalore,5,1000,fc33d5383fc41a8aca5c87eb654a83a9274de9d079f31424e006cbcec0ec9231,0.0,0.0,0.0,0.0,0.0,0.0068359375,0.015625,0.0087890625,25,15,-10,0.00027870002668350935,0.0010176999494433403,0.000738999922759831
cuddalore,5,1001,fc33d5383fc41a8aca5c87eb654a83a9274de9d079f31424e006cbcec0ec9231,0.0,0.0,0.0,0.0,0.0,0.0078125,0.01171875,0.00390625,25,15,-10,0.00028300005942583084,0.0010426000226289034,0.0007595999632030725
cuddalore,5,1002,fc33d5383fc41a8aca5c87eb654a83a9274de9d079f31424e006cbcec0ec9231,0.0,0.0,0.0,0.0,0.0,0.005859375,0.017578125,0.01171875,25,15,-10,0.00040390004869550467,0.0013402000768110156,0.0009363000281155109
cuddalore,5,1003,fc33d5383fc41a8aca5c87eb654a83a9274de9d079f31424e006cbcec0ec9231,0.0,0.0,0.0,0.0,0.0,0.0048828125,0.0146484375,0.009765625,25,15,-10,0.00043000001460313797,0.0013455000007525086,0.0009154999861493707
cuddalore,5,1004,fc33d5383fc41a8aca5c87eb654a83a9274de9d079f31424e006cbcec0ec9231,0.0,0.0,0.0,0.0,0.0,0.0,0.0107421875,0.0107421875,25,15,-10,0.0002836999483406544,0.001055800006724894,0.0007721000583842397
dharmapuri,1,1000,2a4109850ec5907edde778150695c0cacbe44ad80c9938b255877d5bbb890c4e,0.0,0.0,0.0,0.0,0.0,0.0068359375,0.015625,0.0087890625,25,15,-10,0.0004702999722212553,0.0012425999157130718,0.0007722999434918165
dharmapuri,1,1001,2a4109850ec5907edde778150695c0cacbe44ad80c9938b255877d5bbb890c4e,0.0,0.0,0.0,0.0,0.0,0.0078125,0.01171875,0.00390625,25,15,-10,0.00037859997246414423,0.0013550999574363232,0.0009764999849721789
dharmapuri,1,1002,2a4109850ec5907edde778150695c0cacbe44ad80c9938b255877d5bbb890c4e,0.0,0.0,0.0,0.0,0.0,0.005859375,0.017578125,0.01171875,25,15,-10,0.00031749997287988663,0.001128600095398724,0.0008111001225188375
dharmapuri,1,1003,2a4109850ec5907edde778150695c0cacbe44ad80c9938b255877d5bbb890c4e,0.0,0.0,0.0,0.0,0.0,0.0048828125,0.0146484375,0.009765625,25,15,-10,0.000251100049354136,0.0009581000776961446,0.0007070000283420086
dharmapuri,1,1004,2a4109850ec5907edde778150695c0cacbe44ad80c9938b255877d5bbb890c4e,0.0,0.0,0.0,0.0,0.0,0.0,0.0107421875,0.0107421875,25,15,-10,0.0002449000021442771,0.000941899954341352,0.0006969999521970749
dharmapuri,2,1000,2a4109850ec5907edde778150695c0cacbe44ad80c9938b255877d5bbb890c4e,0.0,0.0,0.0,0.0,0.0,0.0068359375,0.015625,0.0087890625,25,15,-10,0.00037779996637254953,0.0014732999261468649,0.0010954999597743154
dharmapuri,2,1001,2a4109850ec5907edde778150695c0cacbe44ad80c9938b255877d5bbb890c4e,0.0,0.0,0.0,0.0,0.0,0.0078125,0.01171875,0.00390625,25,15,-10,0.00028000003658235073,0.0009696000488474965,0.0006896000122651458
dharmapuri,2,1002,2a4109850ec5907edde778150695c0cacbe44ad80c9938b255877d5bbb890c4e,0.0,0.0,0.0,0.0,0.0,0.005859375,0.017578125,0.01171875,25,15,-10,0.00026560004334896803,0.0009184000082314014,0.0006527999648824334
dharmapuri,2,1003,2a4109850ec5907edde778150695c0cacbe44ad80c9938b255877d5bbb890c4e,0.0,0.0,0.0,0.0,0.0,0.0048828125,0.0146484375,0.009765625,25,15,-10,0.0002508999314159155,0.0012567000230774283,0.0010058000916615129
dharmapuri,2,1004,2a4109850ec5907edde778150695c0cacbe44ad80c9938b255877d5bbb890c4e,0.0,0.0,0.0,0.0,0.0,0.0,0.0107421875,0.0107421875,25,15,-10,0.00033599999733269215,0.00119270000141114,0.0008567000040784478
dharmapuri,3,1000,2a4109850ec5907edde778150695c0cacbe44ad80c9938b255877d5bbb890c4e,0.0,0.0,0.0,0.0,0.0,0.0068359375,0.015625,0.0087890625,25,15,-10,0.00027660001069307327,0.0010724999010562897,0.0007958998903632164
dharmapuri,3,1001,2a4109850ec5907edde778150695c0cacbe44ad80c9938b255877d5bbb890c4e,0.0,0.0,0.0,0.0,0.0,0.0078125,0.01171875,0.00390625,25,15,-10,0.00028300005942583084,0.0012266000267118216,0.0009435999672859907
dharmapuri,3,1002,2a4109850ec5907edde778150695c0cacbe44ad80c9938b255877d5bbb890c4e,0.0,0.0,0.0,0.0,0.0,0.005859375,0.017578125,0.01171875,25,15,-10,0.0006101999897509813,0.0017870999872684479,0.0011768999975174665
dharmapuri,3,1003,2a4109850ec5907edde778150695c0cacbe44ad80c9938b255877d5bbb890c4e,0.0,0.0,0.0,0.0,0.0,0.0048828125,0.0146484375,0.009765625,25,15,-10,0.000264700036495924,0.001200100057758391,0.0009354000212624669
dharmapuri,3,1004,2a4109850ec5907edde778150695c0cacbe44ad80c9938b255877d5bbb890c4e,0.0,0.0,0.0,0.0,0.0,0.0,0.0107421875,0.0107421875,25,15,-10,0.0003026999766007066,0.0013051999267190695,0.001002499950118363
dharmapuri,4,1000,2a4109850ec5907edde778150695c0cacbe44ad80c9938b255877d5bbb890c4e,0.0,0.0,0.0,0.0,0.0,0.0068359375,0.015625,0.0087890625,25,15,-10,0.00035660003777593374,0.0013020000187680125,0.0009453999809920788
dharmapuri,4,1001,2a4109850ec5907edde778150695c0cacbe44ad80c9938b255877d5bbb890c4e,0.0,0.0,0.0,0.0,0.0,0.0078125,0.01171875,0.00390625,25,15,-10,0.00031489995308220387,0.001233499962836504,0.0009186000097543001
dharmapuri,4,1002,2a4109850ec5907edde778150695c0cacbe44ad80c9938b255877d5bbb890c4e,0.0,0.0,0.0,0.0,0.0,0.005859375,0.017578125,0.01171875,25,15,-10,0.0003120000474154949,0.0017527000745758414,0.0014407000271603465
dharmapuri,4,1003,2a4109850ec5907edde778150695c0cacbe44ad80c9938b255877d5bbb890c4e,0.0,0.0,0.0,0.0,0.0,0.0048828125,0.0146484375,0.009765625,25,15,-10,0.0003290000604465604,0.0012904000468552113,0.0009613999864086509
dharmapuri,4,1004,2a4109850ec5907edde778150695c0cacbe44ad80c9938b255877d5bbb890c4e,0.0,0.0,0.0,0.0,0.0,0.0,0.0107421875,0.0107421875,25,15,-10,0.0003228000132367015,0.0012574000284075737,0.0009346000151708722
dharmapuri,5,1000,2a4109850ec5907edde778150695c0cacbe44ad80c9938b255877d5bbb890c4e,0.0,0.0,0.0,0.0,0.0,0.0068359375,0.015625,0.0087890625,25,15,-10,0.00030449999030679464,0.0013725999742746353,0.0010680999839678407
dharmapuri,5,1001,2a4109850ec5907edde778150695c0cacbe44ad80c9938b255877d5bbb890c4e,0.0,0.0,0.0,0.0,0.0,0.0078125,0.01171875,0.00390625,25,15,-10,0.00030509999487549067,0.0010997999925166368,0.0007946999976411462
dharmapuri,5,1002,2a4109850ec5907edde778150695c0cacbe44ad80c9938b255877d5bbb890c4e,0.0,0.0,0.0,0.0,0.0,0.005859375,0.017578125,0.01171875,25,15,-10,0.0002902999985963106,0.0010784000623971224,0.0007881000638008118
dharmapuri,5,1003,2a4109850ec5907edde778150695c0cacbe44ad80c9938b255877d5bbb890c4e,0.0,0.0,0.0,0.0,0.0,0.0048828125,0.0146484375,0.009765625,25,15,-10,0.0002891999902203679,0.0011564000742509961,0.0008672000840306282
dharmapuri,5,1004,2a4109850ec5907edde778150695c0cacbe44ad80c9938b255877d5bbb890c4e,0.0,0.0,0.0,0.0,0.0,0.0,0.0107421875,0.0107421875,25,15,-10,0.0006455000257119536,0.002602499909698963,0.0019569998839870095
dindigul,1,1000,e63081848797b828f24bb0e24c730b9f635b4d9052fd2edabc13eee1bda0ebc2,0.0,0.0,0.0,0.0,0.0,0.0068359375,0.015625,0.0087890625,25,15,-10,0.0008008000440895557,0.0015442000003531575,0.0007433999562636018
dindigul,1,1001,e63081848797b828f24bb0e24c730b9f635b4d9052fd2edabc13eee1bda0ebc2,0.0,0.0,0.0,0.0,0.0,0.0078125,0.01171875,0.00390625,25,15,-10,0.0002914000069722533,0.0010719000129029155,0.0007805000059306622
dindigul,1,1002,e63081848797b828f24bb0e24c730b9f635b4d9052fd2edabc13eee1bda0ebc2,0.0,0.0,0.0,0.0,0.0,0.005859375,0.017578125,0.01171875,25,15,-10,0.0002758000046014786,0.0010414000134915113,0.0007656000088900328
dindigul,1,1003,e63081848797b828f24bb0e24c730b9f635b4d9052fd2edabc13eee1bda0ebc2,0.0,0.0,0.0,0.0,0.0,0.0048828125,0.0146484375,0.009765625,25,15,-10,0.0003545999061316252,0.0020086999284103513,0.001654100022278726
dindigul,1,1004,e63081848797b828f24bb0e24c730b9f635b4d9052fd2edabc13eee1bda0ebc2,0.0,0.0,0.0,0.0,0.0,0.0,0.0107421875,0.0107421875,25,15,-10,0.00032489991281181574,0.0011036000214517117,0.0007787001086398959
dindigul,2,1000,e63081848797b828f24bb0e24c730b9f635b4d9052fd2edabc13eee1bda0ebc2,0.0,0.0,0.0,0.0,0.0,0.0068359375,0.015625,0.0087890625,25,15,-10,0.00028529996052384377,0.001027100021019578,0.0007418000604957342
dindigul,2,1001,e63081848797b828f24bb0e24c730b9f635b4d9052fd2edabc13eee1bda0ebc2,0.0,0.0,0.0,0.0,0.0,0.0078125,0.01171875,0.00390625,25,15,-10,0.0007140999659895897,0.0017899000085890293,0.0010758000425994396
dindigul,2,1002,e63081848797b828f24bb0e24c730b9f635b4d9052fd2edabc13eee1bda0ebc2,0.0,0.0,0.0,0.0,0.0,0.005859375,0.017578125,0.01171875,25,15,-10,0.00031910010147839785,0.0011882999679073691,0.0008691998664289713
dindigul,2,1003,e63081848797b828f24bb0e24c730b9f635b4d9052fd2edabc13eee1bda0ebc2,0.0,0.0,0.0,0.0,0.0,0.0048828125,0.0146484375,0.009765625,25,15,-10,0.00029969995375722647,0.001182700041681528,0.0008830000879243016
dindigul,2,1004,e63081848797b828f24bb0e24c730b9f635b4d9052fd2edabc13eee1bda0ebc2,0.0,0.0,0.0,0.0,0.0,0.0,0.0107421875,0.0107421875,25,15,-10,0.000610999995842576,0.0013895999873057008,0.0007785999914631248
dindigul,3,1000,e63081848797b828f24bb0e24c730b9f635b4d9052fd2edabc13eee1bda0ebc2,0.0,0.0,0.0,0.0,0.0,0.0068359375,0.015625,0.0087890625,25,15,-10,0.00030859990511089563,0.0011887999717146158,0.0008802000666037202
dindigul,3,1001,e63081848797b828f24bb0e24c730b9f635b4d9052fd2edabc13eee1bda0ebc2,0.0,0.0,0.0,0.0,0.0,0.0078125,0.01171875,0.00390625,25,15,-10,0.0003600000636652112,0.0013177000219002366,0.0009576999582350254
dindigul,3,1002,e63081848797b828f24bb0e24c730b9f635b4d9052fd2edabc13eee1bda0ebc2,0.0,0.0,0.0,0.0,0.0,0.005859375,0.017578125,0.01171875,25,15,-10,0.0003671000013127923,0.0012957999715581536,0.0009286999702453613
dindigul,3,1003,e63081848797b828f24bb0e24c730b9f635b4d9052fd2edabc13eee1bda0ebc2,0.0,0.0,0.0,0.0,0.0,0.0048828125,0.0146484375,0.009765625,25,15,-10,0.00028630008455365896,0.0010988999856635928,0.0008125999011099339
dindigul,3,1004,e63081848797b828f24bb0e24c730b9f635b4d9052fd2edabc13eee1bda0ebc2,0.0,0.0,0.0,0.0,0.0,0.0,0.0107421875,0.0107421875,25,15,-10,0.00027550000231713057,0.0011328000109642744,0.0008573000086471438
dindigul,4,1000,e63081848797b828f24bb0e24c730b9f635b4d9052fd2edabc13eee1bda0ebc2,0.0,0.0,0.0,0.0,0.0,0.0068359375,0.015625,0.0087890625,25,15,-10,0.0006975000724196434,0.002143999910913408,0.0014464998384937644
dindigul,4,1001,e63081848797b828f24bb0e24c730b9f635b4d9052fd2edabc13eee1bda0ebc2,0.0,0.0,0.0,0.0,0.0,0.0078125,0.01171875,0.00390625,25,15,-10,0.0003541000187397003,0.0012368999887257814,0.0008827999699860811
dindigul,4,1002,e63081848797b828f24bb0e24c730b9f635b4d9052fd2edabc13eee1bda0ebc2,0.0,0.0,0.0,0.0,0.0,0.005859375,0.017578125,0.01171875,25,15,-10,0.0004937000339850783,0.0024169000098481774,0.001923199975863099
dindigul,4,1003,e63081848797b828f24bb0e24c730b9f635b4d9052fd2edabc13eee1bda0ebc2,0.0,0.0,0.0,0.0,0.0,0.0048828125,0.0146484375,0.009765625,25,15,-10,0.00037189992144703865,0.001338499947451055,0.0009666000260040164
dindigul,4,1004,e63081848797b828f24bb0e24c730b9f635b4d9052fd2edabc13eee1bda0ebc2,0.0,0.0,0.0,0.0,0.0,0.0,0.0107421875,0.0107421875,25,15,-10,0.0003119000466540456,0.0011766999959945679,0.0008647999493405223
dindigul,5,1000,e63081848797b828f24bb0e24c730b9f635b4d9052fd2edabc13eee1bda0ebc2,0.0,0.0,0.0,0.0,0.0,0.0068359375,0.015625,0.0087890625,25,15,-10,0.00034549995325505733,0.0012293999316170812,0.0008838999783620238
dindigul,5,1001,e63081848797b828f24bb0e24c730b9f635b4d9052fd2edabc13eee1bda0ebc2,0.0,0.0,0.0,0.0,0.0,0.0078125,0.01171875,0.00390625,25,15,-10,0.00032599992118775845,0.0015436999965459108,0.0012177000753581524
dindigul,5,1002,e63081848797b828f24bb0e24c730b9f635b4d9052fd2edabc13eee1bda0ebc2,0.0,0.0,0.0,0.0,0.0,0.005859375,0.017578125,0.01171875,25,15,-10,0.00029989995528012514,0.0010964999673888087,0.0007966000121086836
dindigul,5,1003,e63081848797b828f24bb0e24c730b9f635b4d9052fd2edabc13eee1bda0ebc2,0.0,0.0,0.0,0.0,0.0,0.0048828125,0.0146484375,0.009765625,25,15,-10,0.0008018999360501766,0.0020842000376433134,0.0012823001015931368
dindigul,5,1004,e63081848797b828f24bb0e24c730b9f635b4d9052fd2edabc13eee1bda0ebc2,0.0,0.0,0.0,0.0,0.0,0.0,0.0107421875,0.0107421875,25,15,-10,0.00031679996754974127,0.0010692999931052327,0.0007525000255554914
erode,1,1000,aa34096deb67339a491fb77062951ec3c779d6b430e2b2357a1d2cebffa8b87b,0.0,0.0,0.0,0.0,0.0,0.0068359375,0.015625,0.0087890625,25,15,-10,0.0004972000606358051,0.0016175999771803617,0.0011203999165445566
erode,1,1001,aa34096deb67339a491fb77062951ec3c779d6b430e2b2357a1d2cebffa8b87b,0.0,0.0,0.0,0.0,0.0,0.0078125,0.01171875,0.00390625,25,15,-10,0.00033220008481293917,0.0013919000048190355,0.0010596999200060964
erode,1,1002,aa34096deb67339a491fb77062951ec3c779d6b430e2b2357a1d2cebffa8b87b,0.0,0.0,0.0,0.0,0.0,0.005859375,0.017578125,0.01171875,25,15,-10,0.00027860002592206,0.0009589999681338668,0.0006803999422118068
erode,1,1003,aa34096deb67339a491fb77062951ec3c779d6b430e2b2357a1d2cebffa8b87b,0.0,0.0,0.0,0.0,0.0,0.0048828125,0.0146484375,0.009765625,25,15,-10,0.00025240005925297737,0.000928599969483912,0.0006761999102309346
erode,1,1004,aa34096deb67339a491fb77062951ec3c779d6b430e2b2357a1d2cebffa8b87b,0.0,0.0,0.0,0.0,0.0,0.0,0.0107421875,0.0107421875,25,15,-10,0.00025289994664490223,0.001039499999023974,0.0007866000523790717
erode,2,1000,aa34096deb67339a491fb77062951ec3c779d6b430e2b2357a1d2cebffa8b87b,0.0,0.0,0.0,0.0,0.0,0.0068359375,0.015625,0.0087890625,25,15,-10,0.0003179999766871333,0.0014319999609142542,0.0011139999842271209
erode,2,1001,aa34096deb67339a491fb77062951ec3c779d6b430e2b2357a1d2cebffa8b87b,0.0,0.0,0.0,0.0,0.0,0.0078125,0.01171875,0.00390625,25,15,-10,0.0002837999491021037,0.001045399927534163,0.0007615999784320593
erode,2,1002,aa34096deb67339a491fb77062951ec3c779d6b430e2b2357a1d2cebffa8b87b,0.0,0.0,0.0,0.0,0.0,0.005859375,0.017578125,0.01171875,25,15,-10,0.000278300023637712,0.0009246999397873878,0.0006463999161496758
erode,2,1003,aa34096deb67339a491fb77062951ec3c779d6b430e2b2357a1d2cebffa8b87b,0.0,0.0,0.0,0.0,0.0,0.0048828125,0.0146484375,0.009765625,25,15,-10,0.00035770004615187645,0.001164000015705824,0.0008062999695539474
erode,2,1004,aa34096deb67339a491fb77062951ec3c779d6b430e2b2357a1d2cebffa8b87b,0.0,0.0,0.0,0.0,0.0,0.0,0.0107421875,0.0107421875,25,15,-10,0.0003195999888703227,0.0010177999502047896,0.0006981999613344669
erode,3,1000,aa34096deb67339a491fb77062951ec3c779d6b430e2b2357a1d2cebffa8b87b,0.0,0.0,0.0,0.0,0.0,0.0068359375,0.015625,0.0087890625,25,15,-10,0.0002543000737205148,0.0009335000067949295,0.0006791999330744147
erode,3,1001,aa34096deb67339a491fb77062951ec3c779d6b430e2b2357a1d2cebffa8b87b,0.0,0.0,0.0,0.0,0.0,0.0078125,0.01171875,0.00390625,25,15,-10,0.0002470000181347132,0.0009128999663516879,0.0006658999482169747
erode,3,1002,aa34096deb67339a491fb77062951ec3c779d6b430e2b2357a1d2cebffa8b87b,0.0,0.0,0.0,0.0,0.0,0.005859375,0.017578125,0.01171875,25,15,-10,0.00036239996552467346,0.0013028000248596072,0.0009404000593349338
erode,3,1003,aa34096deb67339a491fb77062951ec3c779d6b430e2b2357a1d2cebffa8b87b,0.0,0.0,0.0,0.0,0.0,0.0048828125,0.0146484375,0.009765625,25,15,-10,0.00030369998421519995,0.00101200002245605,0.00070830003824085
erode,3,1004,aa34096deb67339a491fb77062951ec3c779d6b430e2b2357a1d2cebffa8b87b,0.0,0.0,0.0,0.0,0.0,0.0,0.0107421875,0.0107421875,25,15,-10,0.0002443999983370304,0.0009340000106021762,0.0006896000122651458
erode,4,1000,aa34096deb67339a491fb77062951ec3c779d6b430e2b2357a1d2cebffa8b87b,0.0,0.0,0.0,0.0,0.0,0.0068359375,0.015625,0.0087890625,25,15,-10,0.00024200009647756815,0.0009295999770984054,0.0006875998806208372
erode,4,1001,aa34096deb67339a491fb77062951ec3c779d6b430e2b2357a1d2cebffa8b87b,0.0,0.0,0.0,0.0,0.0,0.0078125,0.01171875,0.00390625,25,15,-10,0.0004018999170511961,0.0014378000050783157,0.0010359000880271196
erode,4,1002,aa34096deb67339a491fb77062951ec3c779d6b430e2b2357a1d2cebffa8b87b,0.0,0.0,0.0,0.0,0.0,0.005859375,0.017578125,0.01171875,25,15,-10,0.0003038999857380986,0.0009849000489339232,0.0006810000631958246
erode,4,1003,aa34096deb67339a491fb77062951ec3c779d6b430e2b2357a1d2cebffa8b87b,0.0,0.0,0.0,0.0,0.0,0.0048828125,0.0146484375,0.009765625,25,15,-10,0.0002730999840423465,0.0009400000562891364,0.0006669000722467899
erode,4,1004,aa34096deb67339a491fb77062951ec3c779d6b430e2b2357a1d2cebffa8b87b,0.0,0.0,0.0,0.0,0.0,0.0,0.0107421875,0.0107421875,25,15,-10,0.00025829998776316643,0.0011573999654501677,0.0008990999776870012
erode,5,1000,aa34096deb67339a491fb77062951ec3c779d6b430e2b2357a1d2cebffa8b87b,0.0,0.0,0.0,0.0,0.0,0.0068359375,0.015625,0.0087890625,25,15,-10,0.00033439998514950275,0.001177300000563264,0.0008429000154137611
erode,5,1001,aa34096deb67339a491fb77062951ec3c779d6b430e2b2357a1d2cebffa8b87b,0.0,0.0,0.0,0.0,0.0,0.0078125,0.01171875,0.00390625,25,15,-10,0.00026700005400925875,0.0010105000110343099,0.0007434999570250511
erode,5,1002,aa34096deb67339a491fb77062951ec3c779d6b430e2b2357a1d2cebffa8b87b,0.0,0.0,0.0,0.0,0.0,0.005859375,0.017578125,0.01171875,25,15,-10,0.00025939999613910913,0.0009583000792190433,0.0006989000830799341
erode,5,1003,aa34096deb67339a491fb77062951ec3c779d6b430e2b2357a1d2cebffa8b87b,0.0,0.0,0.0,0.0,0.0,0.0048828125,0.0146484375,0.009765625,25,15,-10,0.0003909000661224127,0.0015057999407872558,0.001114899874664843
erode,5,1004,aa34096deb67339a491fb77062951ec3c779d6b430e2b2357a1d2cebffa8b87b,0.0,0.0,0.0,0.0,0.0,0.0,0.0107421875,0.0107421875,25,15,-10,0.0002959000412374735,0.0010441000340506434,0.00074819999281317
kallakurichi,1,1000,e6d6d583a96769525cfdd961938c05ebdf43089937523d54702454ac4319f045,0.0,0.0,0.0,0.0,0.0,0.0068359375,0.015625,0.0087890625,25,15,-10,0.00044730002991855145,0.001724500092677772,0.0012772000627592206
kallakurichi,1,1001,e6d6d583a96769525cfdd961938c05ebdf43089937523d54702454ac4319f045,0.0,0.0,0.0,0.0,0.0,0.0078125,0.01171875,0.00390625,25,15,-10,0.0002823000540956855,0.0010353000834584236,0.0007530000293627381
kallakurichi,1,1002,e6d6d583a96769525cfdd961938c05ebdf43089937523d54702454ac4319f045,0.0,0.0,0.0,0.0,0.0,0.005859375,0.017578125,0.01171875,25,15,-10,0.0002489000326022506,0.0009237000485882163,0.0006748000159859657
kallakurichi,1,1003,e6d6d583a96769525cfdd961938c05ebdf43089937523d54702454ac4319f045,0.0,0.0,0.0,0.0,0.0,0.0048828125,0.0146484375,0.009765625,25,15,-10,0.00026830006390810013,0.0010447000386193395,0.0007763999747112393
kallakurichi,1,1004,e6d6d583a96769525cfdd961938c05ebdf43089937523d54702454ac4319f045,0.0,0.0,0.0,0.0,0.0,0.0,0.0107421875,0.0107421875,25,15,-10,0.00033219996839761734,0.0013066999381408095,0.0009744999697431922
kallakurichi,2,1000,e6d6d583a96769525cfdd961938c05ebdf43089937523d54702454ac4319f045,0.0,0.0,0.0,0.0,0.0,0.0068359375,0.015625,0.0087890625,25,15,-10,0.0003114999271929264,0.001173499971628189,0.0008620000444352627
kallakurichi,2,1001,e6d6d583a96769525cfdd961938c05ebdf43089937523d54702454ac4319f045,0.0,0.0,0.0,0.0,0.0,0.0078125,0.01171875,0.00390625,25,15,-10,0.0003344999859109521,0.0012950999662280083,0.0009605999803170562
kallakurichi,2,1002,e6d6d583a96769525cfdd961938c05ebdf43089937523d54702454ac4319f045,0.0,0.0,0.0,0.0,0.0,0.005859375,0.017578125,0.01171875,25,15,-10,0.0006521000759676099,0.0015638000331819057,0.0009116999572142959
kallakurichi,2,1003,e6d6d583a96769525cfdd961938c05ebdf43089937523d54702454ac4319f045,0.0,0.0,0.0,0.0,0.0,0.0048828125,0.0146484375,0.009765625,25,15,-10,0.00031370006036013365,0.0011505000293254852,0.0008367999689653516
kallakurichi,2,1004,e6d6d583a96769525cfdd961938c05ebdf43089937523d54702454ac4319f045,0.0,0.0,0.0,0.0,0.0,0.0,0.0107421875,0.0107421875,25,15,-10,0.00030590000096708536,0.0011048999149352312,0.0007989999139681458
kallakurichi,3,1000,e6d6d583a96769525cfdd961938c05ebdf43089937523d54702454ac4319f045,0.0,0.0,0.0,0.0,0.0,0.0068359375,0.015625,0.0087890625,25,15,-10,0.0003043999895453453,0.0016927000833675265,0.0013883000938221812
kallakurichi,3,1001,e6d6d583a96769525cfdd961938c05ebdf43089937523d54702454ac4319f045,0.0,0.0,0.0,0.0,0.0,0.0078125,0.01171875,0.00390625,25,15,-10,0.00031999999191612005,0.0011163000017404556,0.0007963000098243356
kallakurichi,3,1002,e6d6d583a96769525cfdd961938c05ebdf43089937523d54702454ac4319f045,0.0,0.0,0.0,0.0,0.0,0.005859375,0.017578125,0.01171875,25,15,-10,0.00045329995919018984,0.0011502999113872647,0.0006969999521970749
kallakurichi,3,1003,e6d6d583a96769525cfdd961938c05ebdf43089937523d54702454ac4319f045,0.0,0.0,0.0,0.0,0.0,0.0048828125,0.0146484375,0.009765625,25,15,-10,0.00028089992702007294,0.0013821999309584498,0.001101300003938377
kallakurichi,3,1004,e6d6d583a96769525cfdd961938c05ebdf43089937523d54702454ac4319f045,0.0,0.0,0.0,0.0,0.0,0.0,0.0107421875,0.0107421875,25,15,-10,0.0003744999412447214,0.0014670999953523278,0.0010926000541076064
kallakurichi,4,1000,e6d6d583a96769525cfdd961938c05ebdf43089937523d54702454ac4319f045,0.0,0.0,0.0,0.0,0.0,0.0068359375,0.015625,0.0087890625,25,15,-10,0.0002927000168710947,0.0010823000920936465,0.0007896000752225518
kallakurichi,4,1001,e6d6d583a96769525cfdd961938c05ebdf43089937523d54702454ac4319f045,0.0,0.0,0.0,0.0,0.0,0.0078125,0.01171875,0.00390625,25,15,-10,0.00029969995375722647,0.0015484999166801572,0.0012487999629229307
kallakurichi,4,1002,e6d6d583a96769525cfdd961938c05ebdf43089937523d54702454ac4319f045,0.0,0.0,0.0,0.0,0.0,0.005859375,0.017578125,0.01171875,25,15,-10,0.0005448999581858516,0.001827100059017539,0.0012822001008316875
kallakurichi,4,1003,e6d6d583a96769525cfdd961938c05ebdf43089937523d54702454ac4319f045,0.0,0.0,0.0,0.0,0.0,0.0048828125,0.0146484375,0.009765625,25,15,-10,0.00029280001763254404,0.000969399930909276,0.000676599913276732
kallakurichi,4,1004,e6d6d583a96769525cfdd961938c05ebdf43089937523d54702454ac4319f045,0.0,0.0,0.0,0.0,0.0,0.0,0.0107421875,0.0107421875,25,15,-10,0.0003996000159531832,0.0016618999652564526,0.0012622999493032694
kallakurichi,5,1000,e6d6d583a96769525cfdd961938c05ebdf43089937523d54702454ac4319f045,0.0,0.0,0.0,0.0,0.0,0.0068359375,0.015625,0.0087890625,25,15,-10,0.0003355999942868948,0.0012506999773904681,0.0009150999831035733
kallakurichi,5,1001,e6d6d583a96769525cfdd961938c05ebdf43089937523d54702454ac4319f045,0.0,0.0,0.0,0.0,0.0,0.0078125,0.01171875,0.00390625,25,15,-10,0.0003155999584123492,0.0010386001085862517,0.0007230001501739025
kallakurichi,5,1002,e6d6d583a96769525cfdd961938c05ebdf43089937523d54702454ac4319f045,0.0,0.0,0.0,0.0,0.0,0.005859375,0.017578125,0.01171875,25,15,-10,0.00036990002263337374,0.0024923000019043684,0.0021223999792709947
kallakurichi,5,1003,e6d6d583a96769525cfdd961938c05ebdf43089937523d54702454ac4319f045,0.0,0.0,0.0,0.0,0.0,0.0048828125,0.0146484375,0.009765625,25,15,-10,0.0003117999294772744,0.0012576000299304724,0.000945800100453198
kallakurichi,5,1004,e6d6d583a96769525cfdd961938c05ebdf43089937523d54702454ac4319f045,0.0,0.0,0.0,0.0,0.0,0.0,0.0107421875,0.0107421875,25,15,-10,0.0002614000113680959,0.0009301999816671014,0.0006687999702990055
kancheepuram,1,1000,f15c078e4dcf3ca3b5cccd60ef7e5c1b0223a9b420e27593e47e3b27af876596,0.0,0.0,0.0,0.0,0.0,0.0068359375,0.015625,0.0087890625,25,15,-10,0.00047480000648647547,0.001436699996702373,0.0009618999902158976
kancheepuram,1,1001,f15c078e4dcf3ca3b5cccd60ef7e5c1b0223a9b420e27593e47e3b27af876596,0.0,0.0,0.0,0.0,0.0,0.0078125,0.01171875,0.00390625,25,15,-10,0.0002723999787122011,0.0009549999376758933,0.0006825999589636922
kancheepuram,1,1002,f15c078e4dcf3ca3b5cccd60ef7e5c1b0223a9b420e27593e47e3b27af876596,0.0,0.0,0.0,0.0,0.0,0.005859375,0.017578125,0.01171875,25,15,-10,0.00027929991483688354,0.0009295000927522779,0.0006502001779153943
kancheepuram,1,1003,f15c078e4dcf3ca3b5cccd60ef7e5c1b0223a9b420e27593e47e3b27af876596,0.0,0.0,0.0,0.0,0.0,0.0048828125,0.0146484375,0.009765625,25,15,-10,0.0003591999411582947,0.0015008000191301107,0.001141600077971816
kancheepuram,1,1004,f15c078e4dcf3ca3b5cccd60ef7e5c1b0223a9b420e27593e47e3b27af876596,0.0,0.0,0.0,0.0,0.0,0.0,0.0107421875,0.0107421875,25,15,-10,0.00026050000451505184,0.0009947000071406364,0.0007342000026255846
kancheepuram,2,1000,f15c078e4dcf3ca3b5cccd60ef7e5c1b0223a9b420e27593e47e3b27af876596,0.0,0.0,0.0,0.0,0.0,0.0068359375,0.015625,0.0087890625,25,15,-10,0.0002579999854788184,0.0009574999567121267,0.0006994999712333083
kancheepuram,2,1001,f15c078e4dcf3ca3b5cccd60ef7e5c1b0223a9b420e27593e47e3b27af876596,0.0,0.0,0.0,0.0,0.0,0.0078125,0.01171875,0.00390625,25,15,-10,0.0002584999892860651,0.001317800022661686,0.0010593000333756208
kancheepuram,2,1002,f15c078e4dcf3ca3b5cccd60ef7e5c1b0223a9b420e27593e47e3b27af876596,0.0,0.0,0.0,0.0,0.0,0.005859375,0.017578125,0.01171875,25,15,-10,0.0003646999830380082,0.0011259999591857195,0.0007612999761477113
kancheepuram,2,1003,f15c078e4dcf3ca3b5cccd60ef7e5c1b0223a9b420e27593e47e3b27af876596,0.0,0.0,0.0,0.0,0.0,0.0048828125,0.0146484375,0.009765625,25,15,-10,0.00025539996568113565,0.0009488000068813562,0.0006934000412002206
kancheepuram,2,1004,f15c078e4dcf3ca3b5cccd60ef7e5c1b0223a9b420e27593e47e3b27af876596,0.0,0.0,0.0,0.0,0.0,0.0,0.0107421875,0.0107421875,25,15,-10,0.00025569996796548367,0.0009410999482497573,0.0006853999802842736
kancheepuram,3,1000,f15c078e4dcf3ca3b5cccd60ef7e5c1b0223a9b420e27593e47e3b27af876596,0.0,0.0,0.0,0.0,0.0,0.0068359375,0.015625,0.0087890625,25,15,-10,0.00029630004428327084,0.002088499953970313,0.0017921999096870422
kancheepuram,3,1001,f15c078e4dcf3ca3b5cccd60ef7e5c1b0223a9b420e27593e47e3b27af876596,0.0,0.0,0.0,0.0,0.0,0.0078125,0.01171875,0.00390625,25,15,-10,0.0002946000313386321,0.001098700100556016,0.0008041000692173839
kancheepuram,3,1002,f15c078e4dcf3ca3b5cccd60ef7e5c1b0223a9b420e27593e47e3b27af876596,0.0,0.0,0.0,0.0,0.0,0.005859375,0.017578125,0.01171875,25,15,-10,0.00029719993472099304,0.0009834999218583107,0.0006862999871373177
kancheepuram,3,1003,f15c078e4dcf3ca3b5cccd60ef7e5c1b0223a9b420e27593e47e3b27af876596,0.0,0.0,0.0,0.0,0.0,0.0048828125,0.0146484375,0.009765625,25,15,-10,0.0002919000107795,0.00135709997266531,0.00106519996188581
kancheepuram,3,1004,f15c078e4dcf3ca3b5cccd60ef7e5c1b0223a9b420e27593e47e3b27af876596,0.0,0.0,0.0,0.0,0.0,0.0,0.0107421875,0.0107421875,25,15,-10,0.0003024999750778079,0.0011585999745875597,0.0008560999995097518
kancheepuram,4,1000,f15c078e4dcf3ca3b5cccd60ef7e5c1b0223a9b420e27593e47e3b27af876596,0.0,0.0,0.0,0.0,0.0,0.0068359375,0.015625,0.0087890625,25,15,-10,0.00027630000840872526,0.0009588999673724174,0.0006825999589636922
kancheepuram,4,1001,f15c078e4dcf3ca3b5cccd60ef7e5c1b0223a9b420e27593e47e3b27af876596,0.0,0.0,0.0,0.0,0.0,0.0078125,0.01171875,0.00390625,25,15,-10,0.00027659989427775145,0.0009820000268518925,0.000705400132574141
kancheepuram,4,1002,f15c078e4dcf3ca3b5cccd60ef7e5c1b0223a9b420e27593e47e3b27af876596,0.0,0.0,0.0,0.0,0.0,0.005859375,0.017578125,0.01171875,25,15,-10,0.0003890999360010028,0.0015668999403715134,0.0011778000043705106
kancheepuram,4,1003,f15c078e4dcf3ca3b5cccd60ef7e5c1b0223a9b420e27593e47e3b27af876596,0.0,0.0,0.0,0.0,0.0,0.0048828125,0.0146484375,0.009765625,25,15,-10,0.0002791000297293067,0.0010286999167874455,0.0007495998870581388
kancheepuram,4,1004,f15c078e4dcf3ca3b5cccd60ef7e5c1b0223a9b420e27593e47e3b27af876596,0.0,0.0,0.0,0.0,0.0,0.0,0.0107421875,0.0107421875,25,15,-10,0.0002723999787122011,0.0009800000116229057,0.0007076000329107046
kancheepuram,5,1000,f15c078e4dcf3ca3b5cccd60ef7e5c1b0223a9b420e27593e47e3b27af876596,0.0,0.0,0.0,0.0,0.0,0.0068359375,0.015625,0.0087890625,25,15,-10,0.00024990004021674395,0.0012800999684259295,0.0010301999282091856
kancheepuram,5,1001,f15c078e4dcf3ca3b5cccd60ef7e5c1b0223a9b420e27593e47e3b27af876596,0.0,0.0,0.0,0.0,0.0,0.0078125,0.01171875,0.00390625,25,15,-10,0.00032570003531873226,0.0011360000353306532,0.0008103000000119209
kancheepuram,5,1002,f15c078e4dcf3ca3b5cccd60ef7e5c1b0223a9b420e27593e47e3b27af876596,0.0,0.0,0.0,0.0,0.0,0.005859375,0.017578125,0.01171875,25,15,-10,0.0002563000889495015,0.0009580000769346952,0.0007016999879851937
kancheepuram,5,1003,f15c078e4dcf3ca3b5cccd60ef7e5c1b0223a9b420e27593e47e3b27af876596,0.0,0.0,0.0,0.0,0.0,0.0048828125,0.0146484375,0.009765625,25,15,-10,0.00025489996187388897,0.001246799947693944,0.000991899985820055
kancheepuram,5,1004,f15c078e4dcf3ca3b5cccd60ef7e5c1b0223a9b420e27593e47e3b27af876596,0.0,0.0,0.0,0.0,0.0,0.0,0.0107421875,0.0107421875,25,15,-10,0.00036529998760670424,0.0015707999700680375,0.0012054999824613333
kanyakumari,1,1000,2c27faee37b0077a73e91d2d82c7c0beac6350582d4d7a83890871e566482805,0.0,0.0,0.0,0.0,0.0,0.0068359375,0.015625,0.0087890625,25,15,-10,0.000345999957062304,0.0038856000173836946,0.0035396000603213906
kanyakumari,1,1001,2c27faee37b0077a73e91d2d82c7c0beac6350582d4d7a83890871e566482805,0.0,0.0,0.0,0.0,0.0,0.0078125,0.01171875,0.00390625,25,15,-10,0.0003247999120503664,0.001700200024060905,0.0013754001120105386
kanyakumari,1,1002,2c27faee37b0077a73e91d2d82c7c0beac6350582d4d7a83890871e566482805,0.0,0.0,0.0,0.0,0.0,0.005859375,0.017578125,0.01171875,25,15,-10,0.000309599912725389,0.00270089996047318,0.002391300047747791
kanyakumari,1,1003,2c27faee37b0077a73e91d2d82c7c0beac6350582d4d7a83890871e566482805,0.0,0.0,0.0,0.0,0.0,0.0048828125,0.0146484375,0.009765625,25,15,-10,0.00040630006697028875,0.0012814999790862203,0.0008751999121159315
kanyakumari,1,1004,2c27faee37b0077a73e91d2d82c7c0beac6350582d4d7a83890871e566482805,0.0,0.0,0.0,0.0,0.0,0.0,0.0107421875,0.0107421875,25,15,-10,0.00029719993472099304,0.0016225000144913793,0.0013253000797703862
kanyakumari,2,1000,2c27faee37b0077a73e91d2d82c7c0beac6350582d4d7a83890871e566482805,0.0,0.0,0.0,0.0,0.0,0.0068359375,0.015625,0.0087890625,25,15,-10,0.00030890002381056547,0.0013612000038847327,0.0010522999800741673
kanyakumari,2,1001,2c27faee37b0077a73e91d2d82c7c0beac6350582d4d7a83890871e566482805,0.0,0.0,0.0,0.0,0.0,0.0078125,0.01171875,0.00390625,25,15,-10,0.00028469995595514774,0.0012115000281482935,0.0009268000721931458
kanyakumari,2,1002,2c27faee37b0077a73e91d2d82c7c0beac6350582d4d7a83890871e566482805,0.0,0.0,0.0,0.0,0.0,0.005859375,0.017578125,0.01171875,25,15,-10,0.0002797000342980027,0.0025166000705212355,0.0022369000362232327
kanyakumari,2,1003,2c27faee37b0077a73e91d2d82c7c0beac6350582d4d7a83890871e566482805,0.0,0.0,0.0,0.0,0.0,0.0048828125,0.0146484375,0.009765625,25,15,-10,0.0003298999508842826,0.0012571999104693532,0.0009272999595850706
kanyakumari,2,1004,2c27faee37b0077a73e91d2d82c7c0beac6350582d4d7a83890871e566482805,0.0,0.0,0.0,0.0,0.0,0.0,0.0107421875,0.0107421875,25,15,-10,0.0002731999848037958,0.0012503999751061201,0.0009771999903023243
kanyakumari,3,1000,2c27faee37b0077a73e91d2d82c7c0beac6350582d4d7a83890871e566482805,0.0,0.0,0.0,0.0,0.0,0.0068359375,0.015625,0.0087890625,25,15,-10,0.0003478000871837139,0.0016102000372484326,0.0012623999500647187
kanyakumari,3,1001,2c27faee37b0077a73e91d2d82c7c0beac6350582d4d7a83890871e566482805,0.0,0.0,0.0,0.0,0.0,0.0078125,0.01171875,0.00390625,25,15,-10,0.00028550007846206427,0.0012269000289961696,0.0009413999505341053
kanyakumari,3,1002,2c27faee37b0077a73e91d2d82c7c0beac6350582d4d7a83890871e566482805,0.0,0.0,0.0,0.0,0.0,0.005859375,0.017578125,0.01171875,25,15,-10,0.0002837999491021037,0.0015629999106749892,0.0012791999615728855
kanyakumari,3,1003,2c27faee37b0077a73e91d2d82c7c0beac6350582d4d7a83890871e566482805,0.0,0.0,0.0,0.0,0.0,0.0048828125,0.0146484375,0.009765625,25,15,-10,0.0005051000043749809,0.0014430999290198088,0.0009379999246448278
kanyakumari,3,1004,2c27faee37b0077a73e91d2d82c7c0beac6350582d4d7a83890871e566482805,0.0,0.0,0.0,0.0,0.0,0.0,0.0107421875,0.0107421875,25,15,-10,0.00029009999707341194,0.001196499913930893,0.000906399916857481
kanyakumari,4,1000,2c27faee37b0077a73e91d2d82c7c0beac6350582d4d7a83890871e566482805,0.0,0.0,0.0,0.0,0.0,0.0068359375,0.015625,0.0087890625,25,15,-10,0.0006850000936537981,0.0023319999454542994,0.0016469998518005013
kanyakumari,4,1001,2c27faee37b0077a73e91d2d82c7c0beac6350582d4d7a83890871e566482805,0.0,0.0,0.0,0.0,0.0,0.0078125,0.01171875,0.00390625,25,15,-10,0.00029740005265921354,0.0011798000195994973,0.0008823999669402838
kanyakumari,4,1002,2c27faee37b0077a73e91d2d82c7c0beac6350582d4d7a83890871e566482805,0.0,0.0,0.0,0.0,0.0,0.005859375,0.017578125,0.01171875,25,15,-10,0.0004894000012427568,0.0016641000984236598,0.001174700097180903
kanyakumari,4,1003,2c27faee37b0077a73e91d2d82c7c0beac6350582d4d7a83890871e566482805,0.0,0.0,0.0,0.0,0.0,0.0048828125,0.0146484375,0.009765625,25,15,-10,0.0003122999332845211,0.0013791999081149697,0.0010668999748304486
kanyakumari,4,1004,2c27faee37b0077a73e91d2d82c7c0beac6350582d4d7a83890871e566482805,0.0,0.0,0.0,0.0,0.0,0.0,0.0107421875,0.0107421875,25,15,-10,0.0002870000898838043,0.0011630000080913305,0.0008759999182075262
kanyakumari,5,1000,2c27faee37b0077a73e91d2d82c7c0beac6350582d4d7a83890871e566482805,0.0,0.0,0.0,0.0,0.0,0.0068359375,0.015625,0.0087890625,25,15,-10,0.0007965000113472342,0.0020173999946564436,0.0012208999833092093
kanyakumari,5,1001,2c27faee37b0077a73e91d2d82c7c0beac6350582d4d7a83890871e566482805,0.0,0.0,0.0,0.0,0.0,0.0078125,0.01171875,0.00390625,25,15,-10,0.0002831999445334077,0.0012345999712124467,0.000951400026679039
kanyakumari,5,1002,2c27faee37b0077a73e91d2d82c7c0beac6350582d4d7a83890871e566482805,0.0,0.0,0.0,0.0,0.0,0.005859375,0.017578125,0.01171875,25,15,-10,0.00028330006171017885,0.0012095000129193068,0.0009261999512091279
kanyakumari,5,1003,2c27faee37b0077a73e91d2d82c7c0beac6350582d4d7a83890871e566482805,0.0,0.0,0.0,0.0,0.0,0.0048828125,0.0146484375,0.009765625,25,15,-10,0.0006147000240162015,0.0018359000096097589,0.0012211999855935574
kanyakumari,5,1004,2c27faee37b0077a73e91d2d82c7c0beac6350582d4d7a83890871e566482805,0.0,0.0,0.0,0.0,0.0,0.0,0.0107421875,0.0107421875,25,15,-10,0.00028280005790293217,0.0011729999678209424,0.0008901999099180102
karur,1,1000,c5bfd831a99b5ed2728407c6b6b636c30a34b2e75fc3682bc5c21720fe7b86b0,0.0,0.0,0.0,0.0,0.0,0.0068359375,0.015625,0.0087890625,25,15,-10,0.0005368000129237771,0.0014096000231802464,0.0008728000102564692
karur,1,1001,c5bfd831a99b5ed2728407c6b6b636c30a34b2e75fc3682bc5c21720fe7b86b0,0.0,0.0,0.0,0.0,0.0,0.0078125,0.01171875,0.00390625,25,15,-10,0.00027080008294433355,0.000966200022958219,0.0006953999400138855
karur,1,1002,c5bfd831a99b5ed2728407c6b6b636c30a34b2e75fc3682bc5c21720fe7b86b0,0.0,0.0,0.0,0.0,0.0,0.005859375,0.017578125,0.01171875,25,15,-10,0.00027630000840872526,0.0009423999581485987,0.0006660999497398734
karur,1,1003,c5bfd831a99b5ed2728407c6b6b636c30a34b2e75fc3682bc5c21720fe7b86b0,0.0,0.0,0.0,0.0,0.0,0.0048828125,0.0146484375,0.009765625,25,15,-10,0.0007531000301241875,0.001361900009214878,0.0006087999790906906
karur,1,1004,c5bfd831a99b5ed2728407c6b6b636c30a34b2e75fc3682bc5c21720fe7b86b0,0.0,0.0,0.0,0.0,0.0,0.0,0.0107421875,0.0107421875,25,15,-10,0.0003651999868452549,0.0009664000244811177,0.0006012000376358628
karur,2,1000,c5bfd831a99b5ed2728407c6b6b636c30a34b2e75fc3682bc5c21720fe7b86b0,0.0,0.0,0.0,0.0,0.0,0.0068359375,0.015625,0.0087890625,25,15,-10,0.0002570999786257744,0.0009230999276041985,0.0006659999489784241
karur,2,1001,c5bfd831a99b5ed2728407c6b6b636c30a34b2e75fc3682bc5c21720fe7b86b0,0.0,0.0,0.0,0.0,0.0,0.0078125,0.01171875,0.00390625,25,15,-10,0.0002818000502884388,0.001432300079613924,0.0011505000293254852
karur,2,1002,c5bfd831a99b5ed2728407c6b6b636c30a34b2e75fc3682bc5c21720fe7b86b0,0.0,0.0,0.0,0.0,0.0,0.005859375,0.017578125,0.01171875,25,15,-10,0.00029720005113631487,0.0010269000194966793,0.0007296999683603644
karur,2,1003,c5bfd831a99b5ed2728407c6b6b636c30a34b2e75fc3682bc5c21720fe7b86b0,0.0,0.0,0.0,0.0,0.0,0.0048828125,0.0146484375,0.009765625,25,15,-10,0.0002581001026555896,0.0011172000085934997,0.0008590999059379101
karur,2,1004,c5bfd831a99b5ed2728407c6b6b636c30a34b2e75fc3682bc5c21720fe7b86b0,0.0,0.0,0.0,0.0,0.0,0.0,0.0107421875,0.0107421875,25,15,-10,0.00032490002922713757,0.0011946000158786774,0.0008696999866515398
karur,3,1000,c5bfd831a99b5ed2728407c6b6b636c30a34b2e75fc3682bc5c21720fe7b86b0,0.0,0.0,0.0,0.0,0.0,0.0068359375,0.015625,0.0087890625,25,15,-10,0.0004928000271320343,0.001334100030362606,0.0008413000032305717
karur,3,1001,c5bfd831a99b5ed2728407c6b6b636c30a34b2e75fc3682bc5c21720fe7b86b0,0.0,0.0,0.0,0.0,0.0,0.0078125,0.01171875,0.00390625,25,15,-10,0.0003415999235585332,0.0011600999860092998,0.0008185000624507666
karur,3,1002,c5bfd831a99b5ed2728407c6b6b636c30a34b2e75fc3682bc5c21720fe7b86b0,0.0,0.0,0.0,0.0,0.0,0.005859375,0.017578125,0.01171875,25,15,-10,0.00028909998945891857,0.0009989000391215086,0.00070980004966259
karur,3,1003,c5bfd831a99b5ed2728407c6b6b636c30a34b2e75fc3682bc5c21720fe7b86b0,0.0,0.0,0.0,0.0,0.0,0.0048828125,0.0146484375,0.009765625,25,15,-10,0.0005759999621659517,0.0012788999592885375,0.0007028999971225858
karur,3,1004,c5bfd831a99b5ed2728407c6b6b636c30a34b2e75fc3682bc5c21720fe7b86b0,0.0,0.0,0.0,0.0,0.0,0.0,0.0107421875,0.0107421875,25,15,-10,0.00026560004334896803,0.0009578000754117966,0.0006922000320628285
karur,4,1000,c5bfd831a99b5ed2728407c6b6b636c30a34b2e75fc3682bc5c21720fe7b86b0,0.0,0.0,0.0,0.0,0.0,0.0068359375,0.015625,0.0087890625,25,15,-10,0.0002622999018058181,0.0009911999804899096,0.0007289000786840916
karur,4,1001,c5bfd831a99b5ed2728407c6b6b636c30a34b2e75fc3682bc5c21720fe7b86b0,0.0,0.0,0.0,0.0,0.0,0.0078125,0.01171875,0.00390625,25,15,-10,0.0002638999139890075,0.0013052999274805188,0.0010414000134915113
karur,4,1002,c5bfd831a99b5ed2728407c6b6b636c30a34b2e75fc3682bc5c21720fe7b86b0,0.0,0.0,0.0,0.0,0.0,0.005859375,0.017578125,0.01171875,25,15,-10,0.00029420002829283476,0.0011186999035999179,0.0008244998753070831
karur,4,1003,c5bfd831a99b5ed2728407c6b6b636c30a34b2e75fc3682bc5c21720fe7b86b0,0.0,0.0,0.0,0.0,0.0,0.0048828125,0.0146484375,0.009765625,25,15,-10,0.00034169992431998253,0.0009187000105157495,0.0005770000861957669
karur,4,1004,c5bfd831a99b5ed2728407c6b6b636c30a34b2e75fc3682bc5c21720fe7b86b0,0.0,0.0,0.0,0.0,0.0,0.0,0.0107421875,0.0107421875,25,15,-10,0.00026649993378669024,0.0009157999884337187,0.0006493000546470284
karur,5,1000,c5bfd831a99b5ed2728407c6b6b636c30a34b2e75fc3682bc5c21720fe7b86b0,0.0,0.0,0.0,0.0,0.0,0.0068359375,0.015625,0.0087890625,25,15,-10,0.0004878001054748893,0.0015159000176936388,0.0010280999122187495
karur,5,1001,c5bfd831a99b5ed2728407c6b6b636c30a34b2e75fc3682bc5c21720fe7b86b0,0.0,0.0,0.0,0.0,0.0,0.0078125,0.01171875,0.00390625,25,15,-10,0.0003223000094294548,0.0010164000559598207,0.0006941000465303659
karur,5,1002,c5bfd831a99b5ed2728407c6b6b636c30a34b2e75fc3682bc5c21720fe7b86b0,0.0,0.0,0.0,0.0,0.0,0.005859375,0.017578125,0.01171875,25,15,-10,0.0005486999871209264,0.0010572000173851848,0.0005085000302642584
karur,5,1003,c5bfd831a99b5ed2728407c6b6b636c30a34b2e75fc3682bc5c21720fe7b86b0,0.0,0.0,0.0,0.0,0.0,0.0048828125,0.0146484375,0.009765625,25,15,-10,0.00024850002955645323,0.0012272000312805176,0.0009787000017240644
karur,5,1004,c5bfd831a99b5ed2728407c6b6b636c30a34b2e75fc3682bc5c21720fe7b86b0,0.0,0.0,0.0,0.0,0.0,0.0,0.0107421875,0.0107421875,25,15,-10,0.00034529995173215866,0.0011147999903187156,0.0007695000385865569
krishnagiri,1,1000,a26b5e6351ace74b6fc8994a78bff7bdee7333be10b2b8c8fdff130c8715bb59,0.0,0.0,0.0,0.0,0.0,0.0068359375,0.015625,0.0087890625,25,15,-10,0.00042990001384168863,0.0012473000679165125,0.0008174000540748239
krishnagiri,1,1001,a26b5e6351ace74b6fc8994a78bff7bdee7333be10b2b8c8fdff130c8715bb59,0.0,0.0,0.0,0.0,0.0,0.0078125,0.01171875,0.00390625,25,15,-10,0.0004197000525891781,0.0018739999504759908,0.0014542998978868127
krishnagiri,1,1002,a26b5e6351ace74b6fc8994a78bff7bdee7333be10b2b8c8fdff130c8715bb59,0.0,0.0,0.0,0.0,0.0,0.005859375,0.017578125,0.01171875,25,15,-10,0.0004409000976011157,0.0010516999755054712,0.0006107998779043555
krishnagiri,1,1003,a26b5e6351ace74b6fc8994a78bff7bdee7333be10b2b8c8fdff130c8715bb59,0.0,0.0,0.0,0.0,0.0,0.0048828125,0.0146484375,0.009765625,25,15,-10,0.00026110000908374786,0.0009509000228717923,0.0006898000137880445
krishnagiri,1,1004,a26b5e6351ace74b6fc8994a78bff7bdee7333be10b2b8c8fdff130c8715bb59,0.0,0.0,0.0,0.0,0.0,0.0,0.0107421875,0.0107421875,25,15,-10,0.00025480007752776146,0.0010621000546962023,0.0008072999771684408
krishnagiri,2,1000,a26b5e6351ace74b6fc8994a78bff7bdee7333be10b2b8c8fdff130c8715bb59,0.0,0.0,0.0,0.0,0.0,0.0068359375,0.015625,0.0087890625,25,15,-10,0.0003162000793963671,0.0011953000212088227,0.0008790999418124557
krishnagiri,2,1001,a26b5e6351ace74b6fc8994a78bff7bdee7333be10b2b8c8fdff130c8715bb59,0.0,0.0,0.0,0.0,0.0,0.0078125,0.01171875,0.00390625,25,15,-10,0.00025939999613910913,0.0009534000419080257,0.0006940000457689166
krishnagiri,2,1002,a26b5e6351ace74b6fc8994a78bff7bdee7333be10b2b8c8fdff130c8715bb59,0.0,0.0,0.0,0.0,0.0,0.005859375,0.017578125,0.01171875,25,15,-10,0.00025589996948838234,0.0009176000021398067,0.0006617000326514244
krishnagiri,2,1003,a26b5e6351ace74b6fc8994a78bff7bdee7333be10b2b8c8fdff130c8715bb59,0.0,0.0,0.0,0.0,0.0,0.0048828125,0.0146484375,0.009765625,25,15,-10,0.0002880999818444252,0.0015057000564411283,0.001217600074596703
krishnagiri,2,1004,a26b5e6351ace74b6fc8994a78bff7bdee7333be10b2b8c8fdff130c8715bb59,0.0,0.0,0.0,0.0,0.0,0.0,0.0107421875,0.0107421875,25,15,-10,0.00034819997381418943,0.001303600030951202,0.0009554000571370125
krishnagiri,3,1000,a26b5e6351ace74b6fc8994a78bff7bdee7333be10b2b8c8fdff130c8715bb59,0.0,0.0,0.0,0.0,0.0,0.0068359375,0.015625,0.0087890625,25,15,-10,0.0002586999908089638,0.0009683000389486551,0.0007096000481396914
krishnagiri,3,1001,a26b5e6351ace74b6fc8994a78bff7bdee7333be10b2b8c8fdff130c8715bb59,0.0,0.0,0.0,0.0,0.0,0.0078125,0.01171875,0.00390625,25,15,-10,0.00025180005468428135,0.0010870000114664435,0.0008351999567821622
krishnagiri,3,1002,a26b5e6351ace74b6fc8994a78bff7bdee7333be10b2b8c8fdff130c8715bb59,0.0,0.0,0.0,0.0,0.0,0.005859375,0.017578125,0.01171875,25,15,-10,0.0005147000774741173,0.0012214999878779054,0.0007067999104037881
krishnagiri,3,1003,a26b5e6351ace74b6fc8994a78bff7bdee7333be10b2b8c8fdff130c8715bb59,0.0,0.0,0.0,0.0,0.0,0.0048828125,0.0146484375,0.009765625,25,15,-10,0.0002620000159367919,0.00095699995290488,0.0006949999369680882
krishnagiri,3,1004,a26b5e6351ace74b6fc8994a78bff7bdee7333be10b2b8c8fdff130c8715bb59,0.0,0.0,0.0,0.0,0.0,0.0,0.0107421875,0.0107421875,25,15,-10,0.00025969999842345715,0.0009651000145822763,0.0007054000161588192
krishnagiri,4,1000,a26b5e6351ace74b6fc8994a78bff7bdee7333be10b2b8c8fdff130c8715bb59,0.0,0.0,0.0,0.0,0.0,0.0068359375,0.015625,0.0087890625,25,15,-10,0.0005035999929532409,0.001686000032350421,0.00118240003939718
krishnagiri,4,1001,a26b5e6351ace74b6fc8994a78bff7bdee7333be10b2b8c8fdff130c8715bb59,0.0,0.0,0.0,0.0,0.0,0.0078125,0.01171875,0.00390625,25,15,-10,0.0002997000701725483,0.0009692000458016992,0.0006694999756291509
krishnagiri,4,1002,a26b5e6351ace74b6fc8994a78bff7bdee7333be10b2b8c8fdff130c8715bb59,0.0,0.0,0.0,0.0,0.0,0.005859375,0.017578125,0.01171875,25,15,-10,0.00025120005011558533,0.0009264999534934759,0.0006752999033778906
krishnagiri,4,1003,a26b5e6351ace74b6fc8994a78bff7bdee7333be10b2b8c8fdff130c8715bb59,0.0,0.0,0.0,0.0,0.0,0.0048828125,0.0146484375,0.009765625,25,15,-10,0.00024860003031790257,0.0011943998979404569,0.0009457998676225543
krishnagiri,4,1004,a26b5e6351ace74b6fc8994a78bff7bdee7333be10b2b8c8fdff130c8715bb59,0.0,0.0,0.0,0.0,0.0,0.0,0.0107421875,0.0107421875,25,15,-10,0.0004889999981969595,0.0011922999983653426,0.0007033000001683831
krishnagiri,5,1000,a26b5e6351ace74b6fc8994a78bff7bdee7333be10b2b8c8fdff130c8715bb59,0.0,0.0,0.0,0.0,0.0,0.0068359375,0.015625,0.0087890625,25,15,-10,0.00024960003793239594,0.0009607999818399549,0.0007111999439075589
krishnagiri,5,1001,a26b5e6351ace74b6fc8994a78bff7bdee7333be10b2b8c8fdff130c8715bb59,0.0,0.0,0.0,0.0,0.0,0.0078125,0.01171875,0.00390625,25,15,-10,0.00024640001356601715,0.000939000048674643,0.0006926000351086259
krishnagiri,5,1002,a26b5e6351ace74b6fc8994a78bff7bdee7333be10b2b8c8fdff130c8715bb59,0.0,0.0,0.0,0.0,0.0,0.005859375,0.017578125,0.01171875,25,15,-10,0.0006093999836593866,0.001904199947603047,0.0012947999639436603
krishnagiri,5,1003,a26b5e6351ace74b6fc8994a78bff7bdee7333be10b2b8c8fdff130c8715bb59,0.0,0.0,0.0,0.0,0.0,0.0048828125,0.0146484375,0.009765625,25,15,-10,0.00028250005561858416,0.0009412000654265285,0.0006587000098079443
krishnagiri,5,1004,a26b5e6351ace74b6fc8994a78bff7bdee7333be10b2b8c8fdff130c8715bb59,0.0,0.0,0.0,0.0,0.0,0.0,0.0107421875,0.0107421875,25,15,-10,0.0002571000950410962,0.0009299999801442027,0.0006728998851031065
madurai,1,1000,b78124ed91f64482e38e70d0add11f4ebbf005d9d4f0f0fe6ba52578258a9da4,0.0,0.0,0.0,0.0,0.0,0.0068359375,0.015625,0.0087890625,25,15,-10,0.0005328000988811255,0.0015872999792918563,0.0010544998804107308
madurai,1,1001,b78124ed91f64482e38e70d0add11f4ebbf005d9d4f0f0fe6ba52578258a9da4,0.0,0.0,0.0,0.0,0.0,0.0078125,0.01171875,0.00390625,25,15,-10,0.0003190001007169485,0.0009495000122115016,0.0006304999114945531
madurai,1,1002,b78124ed91f64482e38e70d0add11f4ebbf005d9d4f0f0fe6ba52578258a9da4,0.0,0.0,0.0,0.0,0.0,0.005859375,0.017578125,0.01171875,25,15,-10,0.0002731999848037958,0.0009261000668630004,0.0006529000820592046
madurai,1,1003,b78124ed91f64482e38e70d0add11f4ebbf005d9d4f0f0fe6ba52578258a9da4,0.0,0.0,0.0,0.0,0.0,0.0048828125,0.0146484375,0.009765625,25,15,-10,0.0003269999288022518,0.0012707000132650137,0.0009437000844627619
madurai,1,1004,b78124ed91f64482e38e70d0add11f4ebbf005d9d4f0f0fe6ba52578258a9da4,0.0,0.0,0.0,0.0,0.0,0.0,0.0107421875,0.0107421875,25,15,-10,0.0002992999507114291,0.0010352999670431018,0.0007360000163316727
madurai,2,1000,b78124ed91f64482e38e70d0add11f4ebbf005d9d4f0f0fe6ba52578258a9da4,0.0,0.0,0.0,0.0,0.0,0.0068359375,0.015625,0.0087890625,25,15,-10,0.0002519999397918582,0.0009414999512955546,0.0006895000115036964
madurai,2,1001,b78124ed91f64482e38e70d0add11f4ebbf005d9d4f0f0fe6ba52578258a9da4,0.0,0.0,0.0,0.0,0.0,0.0078125,0.01171875,0.00390625,25,15,-10,0.00027650000993162394,0.0010354999685660005,0.0007589999586343765
madurai,2,1002,b78124ed91f64482e38e70d0add11f4ebbf005d9d4f0f0fe6ba52578258a9da4,0.0,0.0,0.0,0.0,0.0,0.005859375,0.017578125,0.01171875,25,15,-10,0.00043370004277676344,0.0017776000313460827,0.0013438999885693192
madurai,2,1003,b78124ed91f64482e38e70d0add11f4ebbf005d9d4f0f0fe6ba52578258a9da4,0.0,0.0,0.0,0.0,0.0,0.0048828125,0.0146484375,0.009765625,25,15,-10,0.00034550006967037916,0.001240900019183755,0.0008953999495133758
madurai,2,1004,b78124ed91f64482e38e70d0add11f4ebbf005d9d4f0f0fe6ba52578258a9da4,0.0,0.0,0.0,0.0,0.0,0.0,0.0107421875,0.0107421875,25,15,-10,0.00032949994783848524,0.0011039000237360597,0.0007744000758975744
madurai,3,1000,b78124ed91f64482e38e70d0add11f4ebbf005d9d4f0f0fe6ba52578258a9da4,0.0,0.0,0.0,0.0,0.0,0.0068359375,0.015625,0.0087890625,25,15,-10,0.0003032999811694026,0.0016859000315889716,0.001382600050419569
madurai,3,1001,b78124ed91f64482e38e70d0add11f4ebbf005d9d4f0f0fe6ba52578258a9da4,0.0,0.0,0.0,0.0,0.0,0.0078125,0.01171875,0.00390625,25,15,-10,0.00029170000925660133,0.0011814000317826867,0.0008897000225260854
madurai,3,1002,b78124ed91f64482e38e70d0add11f4ebbf005d9d4f0f0fe6ba52578258a9da4,0.0,0.0,0.0,0.0,0.0,0.005859375,0.017578125,0.01171875,25,15,-10,0.0002744999947026372,0.0009748999727889895,0.0007003999780863523
madurai,3,1003,b78124ed91f64482e38e70d0add11f4ebbf005d9d4f0f0fe6ba52578258a9da4,0.0,0.0,0.0,0.0,0.0,0.0048828125,0.0146484375,0.009765625,25,15,-10,0.0003074000123888254,0.0013565999688580632,0.0010491999564692378
madurai,3,1004,b78124ed91f64482e38e70d0add11f4ebbf005d9d4f0f0fe6ba52578258a9da4,0.0,0.0,0.0,0.0,0.0,0.0,0.0107421875,0.0107421875,25,15,-10,0.00041470001451671124,0.001246499945409596,0.0008317999308928847
madurai,4,1000,b78124ed91f64482e38e70d0add11f4ebbf005d9d4f0f0fe6ba52578258a9da4,0.0,0.0,0.0,0.0,0.0,0.0068359375,0.015625,0.0087890625,25,15,-10,0.00025859999004751444,0.0012961000902578235,0.001037500100210309
madurai,4,1001,b78124ed91f64482e38e70d0add11f4ebbf005d9d4f0f0fe6ba52578258a9da4,0.0,0.0,0.0,0.0,0.0,0.0078125,0.01171875,0.00390625,25,15,-10,0.0002666000509634614,0.0012766000581905246,0.0010100000072270632
madurai,4,1002,b78124ed91f64482e38e70d0add11f4ebbf005d9d4f0f0fe6ba52578258a9da4,0.0,0.0,0.0,0.0,0.0,0.005859375,0.017578125,0.01171875,25,15,-10,0.0003928999649360776,0.0012236000038683414,0.0008307000389322639
madurai,4,1003,b78124ed91f64482e38e70d0add11f4ebbf005d9d4f0f0fe6ba52578258a9da4,0.0,0.0,0.0,0.0,0.0,0.0048828125,0.0146484375,0.009765625,25,15,-10,0.00026659993454813957,0.0009963000193238258,0.0007297000847756863
madurai,4,1004,b78124ed91f64482e38e70d0add11f4ebbf005d9d4f0f0fe6ba52578258a9da4,0.0,0.0,0.0,0.0,0.0,0.0,0.0107421875,0.0107421875,25,15,-10,0.0002634999109432101,0.0009768999880179763,0.0007134000770747662
madurai,5,1000,b78124ed91f64482e38e70d0add11f4ebbf005d9d4f0f0fe6ba52578258a9da4,0.0,0.0,0.0,0.0,0.0,0.0068359375,0.015625,0.0087890625,25,15,-10,0.00045460008550435305,0.001728000002913177,0.001273399917408824
madurai,5,1001,b78124ed91f64482e38e70d0add11f4ebbf005d9d4f0f0fe6ba52578258a9da4,0.0,0.0,0.0,0.0,0.0,0.0078125,0.01171875,0.00390625,25,15,-10,0.0003002999583259225,0.0012829999905079603,0.0009827000321820378
madurai,5,1002,b78124ed91f64482e38e70d0add11f4ebbf005d9d4f0f0fe6ba52578258a9da4,0.0,0.0,0.0,0.0,0.0,0.005859375,0.017578125,0.01171875,25,15,-10,0.00029009999707341194,0.0011061999248340726,0.0008160999277606606
madurai,5,1003,b78124ed91f64482e38e70d0add11f4ebbf005d9d4f0f0fe6ba52578258a9da4,0.0,0.0,0.0,0.0,0.0,0.0048828125,0.0146484375,0.009765625,25,15,-10,0.0003790999762713909,0.0016012999694794416,0.0012221999932080507
madurai,5,1004,b78124ed91f64482e38e70d0add11f4ebbf005d9d4f0f0fe6ba52578258a9da4,0.0,0.0,0.0,0.0,0.0,0.0,0.0107421875,0.0107421875,25,15,-10,0.00032469991128891706,0.0011495999060571194,0.0008248999947682023
mayiladuthurai,1,1000,be454e8bdf5d671703ecfc6ba4d4e2653be58f1a9980cd687138932f1c7f8bbd,0.0,0.0,0.0,0.0,0.0,0.0068359375,0.015625,0.0087890625,25,15,-10,0.0006464000325649977,0.0014034999767318368,0.0007570999441668391
mayiladuthurai,1,1001,be454e8bdf5d671703ecfc6ba4d4e2653be58f1a9980cd687138932f1c7f8bbd,0.0,0.0,0.0,0.0,0.0,0.0078125,0.01171875,0.00390625,25,15,-10,0.00027650000993162394,0.0009945000056177378,0.0007179999956861138
mayiladuthurai,1,1002,be454e8bdf5d671703ecfc6ba4d4e2653be58f1a9980cd687138932f1c7f8bbd,0.0,0.0,0.0,0.0,0.0,0.005859375,0.017578125,0.01171875,25,15,-10,0.00038320000749081373,0.0017748998943716288,0.001391699886880815
mayiladuthurai,1,1003,be454e8bdf5d671703ecfc6ba4d4e2653be58f1a9980cd687138932f1c7f8bbd,0.0,0.0,0.0,0.0,0.0,0.0048828125,0.0146484375,0.009765625,25,15,-10,0.000300800078548491,0.0013191000325605273,0.0010182999540120363
mayiladuthurai,1,1004,be454e8bdf5d671703ecfc6ba4d4e2653be58f1a9980cd687138932f1c7f8bbd,0.0,0.0,0.0,0.0,0.0,0.0,0.0107421875,0.0107421875,25,15,-10,0.0003322999691590667,0.0010464999359101057,0.000714199966751039
mayiladuthurai,2,1000,be454e8bdf5d671703ecfc6ba4d4e2653be58f1a9980cd687138932f1c7f8bbd,0.0,0.0,0.0,0.0,0.0,0.0068359375,0.015625,0.0087890625,25,15,-10,0.0004238999681547284,0.0021652999566867948,0.0017413999885320663
mayiladuthurai,2,1001,be454e8bdf5d671703ecfc6ba4d4e2653be58f1a9980cd687138932f1c7f8bbd,0.0,0.0,0.0,0.0,0.0,0.0078125,0.01171875,0.00390625,25,15,-10,0.0006920999148860574,0.0014936999650672078,0.0008016000501811504
mayiladuthurai,2,1002,be454e8bdf5d671703ecfc6ba4d4e2653be58f1a9980cd687138932f1c7f8bbd,0.0,0.0,0.0,0.0,0.0,0.005859375,0.017578125,0.01171875,25,15,-10,0.00040849996730685234,0.0016920000780373812,0.0012835001107305288
mayiladuthurai,2,1003,be454e8bdf5d671703ecfc6ba4d4e2653be58f1a9980cd687138932f1c7f8bbd,0.0,0.0,0.0,0.0,0.0,0.0048828125,0.0146484375,0.009765625,25,15,-10,0.0003706000279635191,0.0030226000817492604,0.0026520000537857413
mayiladuthurai,2,1004,be454e8bdf5d671703ecfc6ba4d4e2653be58f1a9980cd687138932f1c7f8bbd,0.0,0.0,0.0,0.0,0.0,0.0,0.0107421875,0.0107421875,25,15,-10,0.0002929000183939934,0.0016509999986737967,0.0013580999802798033
mayiladuthurai,3,1000,be454e8bdf5d671703ecfc6ba4d4e2653be58f1a9980cd687138932f1c7f8bbd,0.0,0.0,0.0,0.0,0.0,0.0068359375,0.015625,0.0087890625,25,15,-10,0.0003665999975055456,0.0013598999939858913,0.0009932999964803457
mayiladuthurai,3,1001,be454e8bdf5d671703ecfc6ba4d4e2653be58f1a9980cd687138932f1c7f8bbd,0.0,0.0,0.0,0.0,0.0,0.0078125,0.01171875,0.00390625,25,15,-10,0.0002785999095067382,0.0010076999897137284,0.0007291000802069902
mayiladuthurai,3,1002,be454e8bdf5d671703ecfc6ba4d4e2653be58f1a9980cd687138932f1c7f8bbd,0.0,0.0,0.0,0.0,0.0,0.005859375,0.017578125,0.01171875,25,15,-10,0.00026999996043741703,0.0016537000192329288,0.0013837000587955117
mayiladuthurai,3,1003,be454e8bdf5d671703ecfc6ba4d4e2653be58f1a9980cd687138932f1c7f8bbd,0.0,0.0,0.0,0.0,0.0,0.0048828125,0.0146484375,0.009765625,25,15,-10,0.000430600019171834,0.0014651999808847904,0.0010345999617129564
mayiladuthurai,3,1004,be454e8bdf5d671703ecfc6ba4d4e2653be58f1a9980cd687138932f1c7f8bbd,0.0,0.0,0.0,0.0,0.0,0.0,0.0107421875,0.0107421875,25,15,-10,0.0003135999431833625,0.00102530000731349,0.0007117000641301274
mayiladuthurai,4,1000,be454e8bdf5d671703ecfc6ba4d4e2653be58f1a9980cd687138932f1c7f8bbd,0.0,0.0,0.0,0.0,0.0,0.0068359375,0.015625,0.0087890625,25,15,-10,0.0005587999476119876,0.0019104999955743551,0.0013517000479623675
mayiladuthurai,4,1001,be454e8bdf5d671703ecfc6ba4d4e2653be58f1a9980cd687138932f1c7f8bbd,0.0,0.0,0.0,0.0,0.0,0.0078125,0.01171875,0.00390625,25,15,-10,0.0003125999355688691,0.0013844999484717846,0.0010719000129029155
mayiladuthurai,4,1002,be454e8bdf5d671703ecfc6ba4d4e2653be58f1a9980cd687138932f1c7f8bbd,0.0,0.0,0.0,0.0,0.0,0.005859375,0.017578125,0.01171875,25,15,-10,0.0002707999665290117,0.0010905000381171703,0.0008197000715881586
mayiladuthurai,4,1003,be454e8bdf5d671703ecfc6ba4d4e2653be58f1a9980cd687138932f1c7f8bbd,0.0,0.0,0.0,0.0,0.0,0.0048828125,0.0146484375,0.009765625,25,15,-10,0.0003934999695047736,0.0020496000070124865,0.0016561000375077128
mayiladuthurai,4,1004,be454e8bdf5d671703ecfc6ba4d4e2653be58f1a9980cd687138932f1c7f8bbd,0.0,0.0,0.0,0.0,0.0,0.0,0.0107421875,0.0107421875,25,15,-10,0.000340400030836463,0.001269300002604723,0.00092889997176826
mayiladuthurai,5,1000,be454e8bdf5d671703ecfc6ba4d4e2653be58f1a9980cd687138932f1c7f8bbd,0.0,0.0,0.0,0.0,0.0,0.0068359375,0.015625,0.0087890625,25,15,-10,0.00028449995443224907,0.001193900010548532,0.0009094000561162829
mayiladuthurai,5,1001,be454e8bdf5d671703ecfc6ba4d4e2653be58f1a9980cd687138932f1c7f8bbd,0.0,0.0,0.0,0.0,0.0,0.0078125,0.01171875,0.00390625,25,15,-10,0.0003231000155210495,0.0018244999228045344,0.001501399907283485
mayiladuthurai,5,1002,be454e8bdf5d671703ecfc6ba4d4e2653be58f1a9980cd687138932f1c7f8bbd,0.0,0.0,0.0,0.0,0.0,0.005859375,0.017578125,0.01171875,25,15,-10,0.0003122999332845211,0.0013101999647915363,0.0009979000315070152
mayiladuthurai,5,1003,be454e8bdf5d671703ecfc6ba4d4e2653be58f1a9980cd687138932f1c7f8bbd,0.0,0.0,0.0,0.0,0.0,0.0048828125,0.0146484375,0.009765625,25,15,-10,0.0002581999870017171,0.001013800036162138,0.0007556000491604209
mayiladuthurai,5,1004,be454e8bdf5d671703ecfc6ba4d4e2653be58f1a9980cd687138932f1c7f8bbd,0.0,0.0,0.0,0.0,0.0,0.0,0.0107421875,0.0107421875,25,15,-10,0.0004066999536007643,0.0018905999604612589,0.0014839000068604946
nagapattinam,1,1000,fd7730460c1c67121e8196d65ccd5a0356c6fd7ad1e95e0d4c38a1bcf7f7ec74,0.0,0.0,0.0,0.0,0.0,0.0068359375,0.015625,0.0087890625,25,15,-10,0.0005668998928740621,0.0018615999724715948,0.0012947000795975327
nagapattinam,1,1001,fd7730460c1c67121e8196d65ccd5a0356c6fd7ad1e95e0d4c38a1bcf7f7ec74,0.0,0.0,0.0,0.0,0.0,0.0078125,0.01171875,0.00390625,25,15,-10,0.0004970000591129065,0.0012131999246776104,0.0007161998655647039
nagapattinam,1,1002,fd7730460c1c67121e8196d65ccd5a0356c6fd7ad1e95e0d4c38a1bcf7f7ec74,0.0,0.0,0.0,0.0,0.0,0.005859375,0.017578125,0.01171875,25,15,-10,0.0002744999947026372,0.0014411000302061439,0.0011666000355035067
nagapattinam,1,1003,fd7730460c1c67121e8196d65ccd5a0356c6fd7ad1e95e0d4c38a1bcf7f7ec74,0.0,0.0,0.0,0.0,0.0,0.0048828125,0.0146484375,0.009765625,25,15,-10,0.0005987000185996294,0.0012596000451594591,0.0006609000265598297
nagapattinam,1,1004,fd7730460c1c67121e8196d65ccd5a0356c6fd7ad1e95e0d4c38a1bcf7f7ec74,0.0,0.0,0.0,0.0,0.0,0.0,0.0107421875,0.0107421875,25,15,-10,0.00032029999420046806,0.0010973999742418528,0.0007770999800413847
nagapattinam,2,1000,fd7730460c1c67121e8196d65ccd5a0356c6fd7ad1e95e0d4c38a1bcf7f7ec74,0.0,0.0,0.0,0.0,0.0,0.0068359375,0.015625,0.0087890625,25,15,-10,0.00026949995663017035,0.0014059999957680702,0.0011365000391378999
nagapattinam,2,1001,fd7730460c1c67121e8196d65ccd5a0356c6fd7ad1e95e0d4c38a1bcf7f7ec74,0.0,0.0,0.0,0.0,0.0,0.0078125,0.01171875,0.00390625,25,15,-10,0.0004656000528484583,0.0013734999811276793,0.0009078999282792211
nagapattinam,2,1002,fd7730460c1c67121e8196d65ccd5a0356c6fd7ad1e95e0d4c38a1bcf7f7ec74,0.0,0.0,0.0,0.0,0.0,0.005859375,0.017578125,0.01171875,25,15,-10,0.0002717999741435051,0.0009582999628037214,0.0006864999886602163
nagapattinam,2,1003,fd7730460c1c67121e8196d65ccd5a0356c6fd7ad1e95e0d4c38a1bcf7f7ec74,0.0,0.0,0.0,0.0,0.0,0.0048828125,0.0146484375,0.009765625,25,15,-10,0.0002639999147504568,0.0011023000115528703,0.0008383000968024135
nagapattinam,2,1004,fd7730460c1c67121e8196d65ccd5a0356c6fd7ad1e95e0d4c38a1bcf7f7ec74,0.0,0.0,0.0,0.0,0.0,0.0,0.0107421875,0.0107421875,25,15,-10,0.00044849992264062166,0.0013699999544769526,0.0009215000318363309
nagapattinam,3,1000,fd7730460c1c67121e8196d65ccd5a0356c6fd7ad1e95e0d4c38a1bcf7f7ec74,0.0,0.0,0.0,0.0,0.0,0.0068359375,0.015625,0.0087890625,25,15,-10,0.00026549992617219687,0.0009803000139072537,0.0007148000877350569
nagapattinam,3,1001,fd7730460c1c67121e8196d65ccd5a0356c6fd7ad1e95e0d4c38a1bcf7f7ec74,0.0,0.0,0.0,0.0,0.0,0.0078125,0.01171875,0.00390625,25,15,-10,0.00025859999004751444,0.0009899999713525176,0.0007313999813050032
nagapattinam,3,1002,fd7730460c1c67121e8196d65ccd5a0356c6fd7ad1e95e0d4c38a1bcf7f7ec74,0.0,0.0,0.0,0.0,0.0,0.005859375,0.017578125,0.01171875,25,15,-10,0.0008473999332636595,0.0014973999932408333,0.0006500000599771738
nagapattinam,3,1003,fd7730460c1c67121e8196d65ccd5a0356c6fd7ad1e95e0d4c38a1bcf7f7ec74,0.0,0.0,0.0,0.0,0.0,0.0048828125,0.0146484375,0.009765625,25,15,-10,0.000255499966442585,0.000965900020673871,0.000710400054231286
nagapattinam,3,1004,fd7730460c1c67121e8196d65ccd5a0356c6fd7ad1e95e0d4c38a1bcf7f7ec74,0.0,0.0,0.0,0.0,0.0,0.0,0.0107421875,0.0107421875,25,15,-10,0.00024530000519007444,0.0009537000441923738,0.0007084000390022993
nagapattinam,4,1000,fd7730460c1c67121e8196d65ccd5a0356c6fd7ad1e95e0d4c38a1bcf7f7ec74,0.0,0.0,0.0,0.0,0.0,0.0068359375,0.015625,0.0087890625,25,15,-10,0.00042189995292574167,0.002000999986194074,0.0015791000332683325
nagapattinam,4,1001,fd7730460c1c67121e8196d65ccd5a0356c6fd7ad1e95e0d4c38a1bcf7f7ec74,0.0,0.0,0.0,0.0,0.0,0.0078125,0.01171875,0.00390625,25,15,-10,0.0002834000624716282,0.0009910999797284603,0.0007076999172568321
nagapattinam,4,1002,fd7730460c1c67121e8196d65ccd5a0356c6fd7ad1e95e0d4c38a1bcf7f7ec74,0.0,0.0,0.0,0.0,0.0,0.005859375,0.017578125,0.01171875,25,15,-10,0.00028270005714148283,0.000992199988104403,0.0007094999309629202
nagapattinam,4,1003,fd7730460c1c67121e8196d65ccd5a0356c6fd7ad1e95e0d4c38a1bcf7f7ec74,0.0,0.0,0.0,0.0,0.0,0.0048828125,0.0146484375,0.009765625,25,15,-10,0.0002948000328615308,0.0019323000451549888,0.001637500012293458
nagapattinam,4,1004,fd7730460c1c67121e8196d65ccd5a0356c6fd7ad1e95e0d4c38a1bcf7f7ec74,0.0,0.0,0.0,0.0,0.0,0.0,0.0107421875,0.0107421875,25,15,-10,0.00032700004521757364,0.0011434000916779041,0.0008164000464603305
nagapattinam,5,1000,fd7730460c1c67121e8196d65ccd5a0356c6fd7ad1e95e0d4c38a1bcf7f7ec74,0.0,0.0,0.0,0.0,0.0,0.0068359375,0.015625,0.0087890625,25,15,-10,0.0003000000724568963,0.0010794999543577433,0.000779499881900847
nagapattinam,5,1001,fd7730460c1c67121e8196d65ccd5a0356c6fd7ad1e95e0d4c38a1bcf7f7ec74,0.0,0.0,0.0,0.0,0.0,0.0078125,0.01171875,0.00390625,25,15,-10,0.0005888000596314669,0.0023943999549373984,0.0018055998953059316
nagapattinam,5,1002,fd7730460c1c67121e8196d65ccd5a0356c6fd7ad1e95e0d4c38a1bcf7f7ec74,0.0,0.0,0.0,0.0,0.0,0.005859375,0.017578125,0.01171875,25,15,-10,0.0006358000682666898,0.0012929999502375722,0.0006571998819708824
nagapattinam,5,1003,fd7730460c1c67121e8196d65ccd5a0356c6fd7ad1e95e0d4c38a1bcf7f7ec74,0.0,0.0,0.0,0.0,0.0,0.0048828125,0.0146484375,0.009765625,25,15,-10,0.00027300009969621897,0.0010203999700024724,0.0007473998703062534
nagapattinam,5,1004,fd7730460c1c67121e8196d65ccd5a0356c6fd7ad1e95e0d4c38a1bcf7f7ec74,0.0,0.0,0.0,0.0,0.0,0.0,0.0107421875,0.0107421875,25,15,-10,0.0006449000211432576,0.001456499914638698,0.0008115998934954405
namakkal,1,1000,5a5d9ec0efc98eaba7c830219ca78d98434a1c25d812a9963c6e44ac218bbe64,0.0,0.0,0.0,0.0,0.0,0.0068359375,0.015625,0.0087890625,25,15,-10,0.00044169998727738857,0.0015541999600827694,0.0011124999728053808
namakkal,1,1001,5a5d9ec0efc98eaba7c830219ca78d98434a1c25d812a9963c6e44ac218bbe64,0.0,0.0,0.0,0.0,0.0,0.0078125,0.01171875,0.00390625,25,15,-10,0.00039060006383806467,0.0014355999883264303,0.0010449999244883657
namakkal,1,1002,5a5d9ec0efc98eaba7c830219ca78d98434a1c25d812a9963c6e44ac218bbe64,0.0,0.0,0.0,0.0,0.0,0.005859375,0.017578125,0.01171875,25,15,-10,0.0002650999231263995,0.0009999999310821295,0.00073490000795573
namakkal,1,1003,5a5d9ec0efc98eaba7c830219ca78d98434a1c25d812a9963c6e44ac218bbe64,0.0,0.0,0.0,0.0,0.0,0.0048828125,0.0146484375,0.009765625,25,15,-10,0.0002490999177098274,0.0009305999847128987,0.0006815000670030713
namakkal,1,1004,5a5d9ec0efc98eaba7c830219ca78d98434a1c25d812a9963c6e44ac218bbe64,0.0,0.0,0.0,0.0,0.0,0.0,0.0107421875,0.0107421875,25,15,-10,0.0003269000444561243,0.0013201999245211482,0.000993299880065024
namakkal,2,1000,5a5d9ec0efc98eaba7c830219ca78d98434a1c25d812a9963c6e44ac218bbe64,0.0,0.0,0.0,0.0,0.0,0.0068359375,0.015625,0.0087890625,25,15,-10,0.00039379997178912163,0.0011214999249204993,0.0007276999531313777
namakkal,2,1001,5a5d9ec0efc98eaba7c830219ca78d98434a1c25d812a9963c6e44ac218bbe64,0.0,0.0,0.0,0.0,0.0,0.0078125,0.01171875,0.00390625,25,15,-10,0.0002975999377667904,0.001106899930164218,0.0008092999923974276
namakkal,2,1002,5a5d9ec0efc98eaba7c830219ca78d98434a1c25d812a9963c6e44ac218bbe64,0.0,0.0,0.0,0.0,0.0,0.005859375,0.017578125,0.01171875,25,15,-10,0.0002761998912319541,0.0013702999567613006,0.0010941000655293465
namakkal,2,1003,5a5d9ec0efc98eaba7c830219ca78d98434a1c25d812a9963c6e44ac218bbe64,0.0,0.0,0.0,0.0,0.0,0.0048828125,0.0146484375,0.009765625,25,15,-10,0.00031809997744858265,0.0012009000638499856,0.000882800086401403
namakkal,2,1004,5a5d9ec0efc98eaba7c830219ca78d98434a1c25d812a9963c6e44ac218bbe64,0.0,0.0,0.0,0.0,0.0,0.0,0.0107421875,0.0107421875,25,15,-10,0.00029120000544935465,0.001070600003004074,0.0007793999975547194
namakkal,3,1000,5a5d9ec0efc98eaba7c830219ca78d98434a1c25d812a9963c6e44ac218bbe64,0.0,0.0,0.0,0.0,0.0,0.0068359375,0.015625,0.0087890625,25,15,-10,0.00035630003549158573,0.0012713000178337097,0.000914999982342124
namakkal,3,1001,5a5d9ec0efc98eaba7c830219ca78d98434a1c25d812a9963c6e44ac218bbe64,0.0,0.0,0.0,0.0,0.0,0.0078125,0.01171875,0.00390625,25,15,-10,0.000367900007404387,0.0014852999011054635,0.0011173998937010765
namakkal,3,1002,5a5d9ec0efc98eaba7c830219ca78d98434a1c25d812a9963c6e44ac218bbe64,0.0,0.0,0.0,0.0,0.0,0.005859375,0.017578125,0.01171875,25,15,-10,0.00031070003751665354,0.0009898999705910683,0.0006791999330744147
namakkal,3,1003,5a5d9ec0efc98eaba7c830219ca78d98434a1c25d812a9963c6e44ac218bbe64,0.0,0.0,0.0,0.0,0.0,0.0048828125,0.0146484375,0.009765625,25,15,-10,0.00025829998776316643,0.001006099977530539,0.0007477999897673726
namakkal,3,1004,5a5d9ec0efc98eaba7c830219ca78d98434a1c25d812a9963c6e44ac218bbe64,0.0,0.0,0.0,0.0,0.0,0.0,0.0107421875,0.0107421875,25,15,-10,0.00035420001950114965,0.0014337000902742147,0.001079500070773065
namakkal,4,1000,5a5d9ec0efc98eaba7c830219ca78d98434a1c25d812a9963c6e44ac218bbe64,0.0,0.0,0.0,0.0,0.0,0.0068359375,0.015625,0.0087890625,25,15,-10,0.00029090000316500664,0.0009731999598443508,0.0006822999566793442
namakkal,4,1001,5a5d9ec0efc98eaba7c830219ca78d98434a1c25d812a9963c6e44ac218bbe64,0.0,0.0,0.0,0.0,0.0,0.0078125,0.01171875,0.00390625,25,15,-10,0.0002519999397918582,0.0009298999793827534,0.0006779000395908952
namakkal,4,1002,5a5d9ec0efc98eaba7c830219ca78d98434a1c25d812a9963c6e44ac218bbe64,0.0,0.0,0.0,0.0,0.0,0.005859375,0.017578125,0.01171875,25,15,-10,0.00024860003031790257,0.0010714000090956688,0.0008227999787777662
namakkal,4,1003,5a5d9ec0efc98eaba7c830219ca78d98434a1c25d812a9963c6e44ac218bbe64,0.0,0.0,0.0,0.0,0.0,0.0048828125,0.0146484375,0.009765625,25,15,-10,0.00036539998836815357,0.0014443999389186502,0.0010789999505504966
namakkal,4,1004,5a5d9ec0efc98eaba7c830219ca78d98434a1c25d812a9963c6e44ac218bbe64,0.0,0.0,0.0,0.0,0.0,0.0,0.0107421875,0.0107421875,25,15,-10,0.00028490007389336824,0.0009835000382736325,0.0006985999643802643
namakkal,5,1000,5a5d9ec0efc98eaba7c830219ca78d98434a1c25d812a9963c6e44ac218bbe64,0.0,0.0,0.0,0.0,0.0,0.0068359375,0.015625,0.0087890625,25,15,-10,0.0002581999870017171,0.0009479000000283122,0.0006897000130265951
namakkal,5,1001,5a5d9ec0efc98eaba7c830219ca78d98434a1c25d812a9963c6e44ac218bbe64,0.0,0.0,0.0,0.0,0.0,0.0078125,0.01171875,0.00390625,25,15,-10,0.0003092000260949135,0.0012893000384792686,0.000980100012384355
namakkal,5,1002,5a5d9ec0efc98eaba7c830219ca78d98434a1c25d812a9963c6e44ac218bbe64,0.0,0.0,0.0,0.0,0.0,0.005859375,0.017578125,0.01171875,25,15,-10,0.00032510003075003624,0.001056100009009242,0.0007309999782592058
namakkal,5,1003,5a5d9ec0efc98eaba7c830219ca78d98434a1c25d812a9963c6e44ac218bbe64,0.0,0.0,0.0,0.0,0.0,0.0048828125,0.0146484375,0.009765625,25,15,-10,0.00024850002955645323,0.000910300062969327,0.0006618000334128737
namakkal,5,1004,5a5d9ec0efc98eaba7c830219ca78d98434a1c25d812a9963c6e44ac218bbe64,0.0,0.0,0.0,0.0,0.0,0.0,0.0107421875,0.0107421875,25,15,-10,0.0002498000394552946,0.0009775999933481216,0.000727799953892827
nilgiris,1,1000,ceffb9e5aa28823b06552595bb0114d630b10e97c5379054e07a823e4aac619f,0.0,0.0,0.0,0.0,0.0,0.0068359375,0.015625,0.0087890625,25,15,-10,0.0006259001092985272,0.0012756999349221587,0.0006497998256236315
nilgiris,1,1001,ceffb9e5aa28823b06552595bb0114d630b10e97c5379054e07a823e4aac619f,0.0,0.0,0.0,0.0,0.0,0.0078125,0.01171875,0.00390625,25,15,-10,0.00025210005696862936,0.0009833000367507339,0.0007311999797821045
nilgiris,1,1002,ceffb9e5aa28823b06552595bb0114d630b10e97c5379054e07a823e4aac619f,0.0,0.0,0.0,0.0,0.0,0.005859375,0.017578125,0.01171875,25,15,-10,0.00030690000858157873,0.0015108000952750444,0.0012039000866934657
nilgiris,1,1003,ceffb9e5aa28823b06552595bb0114d630b10e97c5379054e07a823e4aac619f,0.0,0.0,0.0,0.0,0.0,0.0048828125,0.0146484375,0.009765625,25,15,-10,0.00030399998649954796,0.0010782000608742237,0.0007742000743746758
nilgiris,1,1004,ceffb9e5aa28823b06552595bb0114d630b10e97c5379054e07a823e4aac619f,0.0,0.0,0.0,0.0,0.0,0.0,0.0107421875,0.0107421875,25,15,-10,0.00024359999224543571,0.000940999947488308,0.0006973999552428722
nilgiris,2,1000,ceffb9e5aa28823b06552595bb0114d630b10e97c5379054e07a823e4aac619f,0.0,0.0,0.0,0.0,0.0,0.0068359375,0.015625,0.0087890625,25,15,-10,0.0002547000767663121,0.0011431999737396836,0.0008884998969733715
nilgiris,2,1001,ceffb9e5aa28823b06552595bb0114d630b10e97c5379054e07a823e4aac619f,0.0,0.0,0.0,0.0,0.0,0.0078125,0.01171875,0.00390625,25,15,-10,0.00036100007127970457,0.0011511000338941813,0.0007900999626144767
nilgiris,2,1002,ceffb9e5aa28823b06552595bb0114d630b10e97c5379054e07a823e4aac619f,0.0,0.0,0.0,0.0,0.0,0.005859375,0.017578125,0.01171875,25,15,-10,0.0002788000274449587,0.0009354000212624669,0.0006565999938175082
nilgiris,2,1003,ceffb9e5aa28823b06552595bb0114d630b10e97c5379054e07a823e4aac619f,0.0,0.0,0.0,0.0,0.0,0.0048828125,0.0146484375,0.009765625,25,15,-10,0.00026760005857795477,0.0009575000731274486,0.0006899000145494938
nilgiris,2,1004,ceffb9e5aa28823b06552595bb0114d630b10e97c5379054e07a823e4aac619f,0.0,0.0,0.0,0.0,0.0,0.0,0.0107421875,0.0107421875,25,15,-10,0.0002638999139890075,0.0012709000147879124,0.001007000100798905
nilgiris,3,1000,ceffb9e5aa28823b06552595bb0114d630b10e97c5379054e07a823e4aac619f,0.0,0.0,0.0,0.0,0.0,0.0068359375,0.015625,0.0087890625,25,15,-10,0.0002935000229626894,0.001097800093702972,0.0008043000707402825
nilgiris,3,1001,ceffb9e5aa28823b06552595bb0114d630b10e97c5379054e07a823e4aac619f,0.0,0.0,0.0,0.0,0.0,0.0078125,0.01171875,0.00390625,25,15,-10,0.0002731001004576683,0.0009356000227853656,0.0006624999223276973
nilgiris,3,1002,ceffb9e5aa28823b06552595bb0114d630b10e97c5379054e07a823e4aac619f,0.0,0.0,0.0,0.0,0.0,0.005859375,0.017578125,0.01171875,25,15,-10,0.00027240009512752295,0.001001400058157742,0.0007289999630302191
nilgiris,3,1003,ceffb9e5aa28823b06552595bb0114d630b10e97c5379054e07a823e4aac619f,0.0,0.0,0.0,0.0,0.0,0.0048828125,0.0146484375,0.009765625,25,15,-10,0.0003969999961555004,0.0015803000424057245,0.0011833000462502241
nilgiris,3,1004,ceffb9e5aa28823b06552595bb0114d630b10e97c5379054e07a823e4aac619f,0.0,0.0,0.0,0.0,0.0,0.0,0.0107421875,0.0107421875,25,15,-10,0.00029889994766563177,0.0010612999321892858,0.000762399984523654
nilgiris,4,1000,ceffb9e5aa28823b06552595bb0114d630b10e97c5379054e07a823e4aac619f,0.0,0.0,0.0,0.0,0.0,0.0068359375,0.015625,0.0087890625,25,15,-10,0.00028499995823949575,0.0011424999684095383,0.0008575000101700425
nilgiris,4,1001,ceffb9e5aa28823b06552595bb0114d630b10e97c5379054e07a823e4aac619f,0.0,0.0,0.0,0.0,0.0,0.0078125,0.01171875,0.00390625,25,15,-10,0.00034259993117302656,0.0012125999201089144,0.0008699999889358878
nilgiris,4,1002,ceffb9e5aa28823b06552595bb0114d630b10e97c5379054e07a823e4aac619f,0.0,0.0,0.0,0.0,0.0,0.005859375,0.017578125,0.01171875,25,15,-10,0.00027199997566640377,0.0010118999052792788,0.000739899929612875
nilgiris,4,1003,ceffb9e5aa28823b06552595bb0114d630b10e97c5379054e07a823e4aac619f,0.0,0.0,0.0,0.0,0.0,0.0048828125,0.0146484375,0.009765625,25,15,-10,0.0002487999154254794,0.0009223999222740531,0.0006736000068485737
nilgiris,4,1004,ceffb9e5aa28823b06552595bb0114d630b10e97c5379054e07a823e4aac619f,0.0,0.0,0.0,0.0,0.0,0.0,0.0107421875,0.0107421875,25,15,-10,0.00024580000899732113,0.0011309999972581863,0.0008851999882608652
nilgiris,5,1000,ceffb9e5aa28823b06552595bb0114d630b10e97c5379054e07a823e4aac619f,0.0,0.0,0.0,0.0,0.0,0.0068359375,0.015625,0.0087890625,25,15,-10,0.0003339999821037054,0.0014572000363841653,0.0011232000542804599
nilgiris,5,1001,ceffb9e5aa28823b06552595bb0114d630b10e97c5379054e07a823e4aac619f,0.0,0.0,0.0,0.0,0.0,0.0078125,0.01171875,0.00390625,25,15,-10,0.000278900028206408,0.0010046999668702483,0.0007257999386638403
nilgiris,5,1002,ceffb9e5aa28823b06552595bb0114d630b10e97c5379054e07a823e4aac619f,0.0,0.0,0.0,0.0,0.0,0.005859375,0.017578125,0.01171875,25,15,-10,0.000255799968726933,0.0009127999655902386,0.0006569999968633056
nilgiris,5,1003,ceffb9e5aa28823b06552595bb0114d630b10e97c5379054e07a823e4aac619f,0.0,0.0,0.0,0.0,0.0,0.0048828125,0.0146484375,0.009765625,25,15,-10,0.00026270002126693726,0.0010655000805854797,0.0008028000593185425
nilgiris,5,1004,ceffb9e5aa28823b06552595bb0114d630b10e97c5379054e07a823e4aac619f,0.0,0.0,0.0,0.0,0.0,0.0,0.0107421875,0.0107421875,25,15,-10,0.0003557000309228897,0.001420399989001453,0.0010646999580785632
perambalur,1,1000,be4881cd16e3530c992785a5aee47f3c28b640a3e24b913edf0b7b0dc26466cf,0.0,0.0,0.0,0.0,0.0,0.0068359375,0.015625,0.0087890625,25,15,-10,0.0004961000522598624,0.0012351999757811427,0.0007390999235212803
perambalur,1,1001,be4881cd16e3530c992785a5aee47f3c28b640a3e24b913edf0b7b0dc26466cf,0.0,0.0,0.0,0.0,0.0,0.0078125,0.01171875,0.00390625,25,15,-10,0.00025539996568113565,0.0012685999972745776,0.001013200031593442
perambalur,1,1002,be4881cd16e3530c992785a5aee47f3c28b640a3e24b913edf0b7b0dc26466cf,0.0,0.0,0.0,0.0,0.0,0.005859375,0.017578125,0.01171875,25,15,-10,0.0003079000161960721,0.0010527000995352864,0.0007448000833392143
perambalur,1,1003,be4881cd16e3530c992785a5aee47f3c28b640a3e24b913edf0b7b0dc26466cf,0.0,0.0,0.0,0.0,0.0,0.0048828125,0.0146484375,0.009765625,25,15,-10,0.000255799968726933,0.0009289999725297093,0.0006732000038027763
perambalur,1,1004,be4881cd16e3530c992785a5aee47f3c28b640a3e24b913edf0b7b0dc26466cf,0.0,0.0,0.0,0.0,0.0,0.0,0.0107421875,0.0107421875,25,15,-10,0.0002861999673768878,0.001025600009597838,0.0007394000422209501
perambalur,2,1000,be4881cd16e3530c992785a5aee47f3c28b640a3e24b913edf0b7b0dc26466cf,0.0,0.0,0.0,0.0,0.0,0.0068359375,0.015625,0.0087890625,25,15,-10,0.00039050006307661533,0.0013627000153064728,0.0009721999522298574
perambalur,2,1001,be4881cd16e3530c992785a5aee47f3c28b640a3e24b913edf0b7b0dc26466cf,0.0,0.0,0.0,0.0,0.0,0.0078125,0.01171875,0.00390625,25,15,-10,0.0002891999902203679,0.0009973000269383192,0.0007081000367179513
perambalur,2,1002,be4881cd16e3530c992785a5aee47f3c28b640a3e24b913edf0b7b0dc26466cf,0.0,0.0,0.0,0.0,0.0,0.005859375,0.017578125,0.01171875,25,15,-10,0.0003143999492749572,0.0009742999682202935,0.0006599000189453363
perambalur,2,1003,be4881cd16e3530c992785a5aee47f3c28b640a3e24b913edf0b7b0dc26466cf,0.0,0.0,0.0,0.0,0.0,0.0048828125,0.0146484375,0.009765625,25,15,-10,0.00026729993987828493,0.0015607000095769763,0.0012934000696986914
perambalur,2,1004,be4881cd16e3530c992785a5aee47f3c28b640a3e24b913edf0b7b0dc26466cf,0.0,0.0,0.0,0.0,0.0,0.0,0.0107421875,0.0107421875,25,15,-10,0.00032570003531873226,0.0010853999992832541,0.0007596999639645219
perambalur,3,1000,be4881cd16e3530c992785a5aee47f3c28b640a3e24b913edf0b7b0dc26466cf,0.0,0.0,0.0,0.0,0.0,0.0068359375,0.015625,0.0087890625,25,15,-10,0.00024859991390258074,0.0009584999643266201,0.0007099000504240394
perambalur,3,1001,be4881cd16e3530c992785a5aee47f3c28b640a3e24b913edf0b7b0dc26466cf,0.0,0.0,0.0,0.0,0.0,0.0078125,0.01171875,0.00390625,25,15,-10,0.0002473000204190612,0.0009312999900430441,0.0006839999696239829
perambalur,3,1002,be4881cd16e3530c992785a5aee47f3c28b640a3e24b913edf0b7b0dc26466cf,0.0,0.0,0.0,0.0,0.0,0.005859375,0.017578125,0.01171875,25,15,-10,0.000431500026024878,0.001501399907283485,0.001069899881258607
perambalur,3,1003,be4881cd16e3530c992785a5aee47f3c28b640a3e24b913edf0b7b0dc26466cf,0.0,0.0,0.0,0.0,0.0,0.0048828125,0.0146484375,0.009765625,25,15,-10,0.00028689997270703316,0.0011593999806791544,0.0008725000079721212
perambalur,3,1004,be4881cd16e3530c992785a5aee47f3c28b640a3e24b913edf0b7b0dc26466cf,0.0,0.0,0.0,0.0,0.0,0.0,0.0107421875,0.0107421875,25,15,-10,0.0002530000638216734,0.0009221000364050269,0.0006690999725833535
perambalur,4,1000,be4881cd16e3530c992785a5aee47f3c28b640a3e24b913edf0b7b0dc26466cf,0.0,0.0,0.0,0.0,0.0,0.0068359375,0.015625,0.0087890625,25,15,-10,0.0002478999085724354,0.0014166999608278275,0.001168800052255392
perambalur,4,1001,be4881cd16e3530c992785a5aee47f3c28b640a3e24b913edf0b7b0dc26466cf,0.0,0.0,0.0,0.0,0.0,0.0078125,0.01171875,0.00390625,25,15,-10,0.0003269000444561243,0.0010767000494524837,0.0007498000049963593
perambalur,4,1002,be4881cd16e3530c992785a5aee47f3c28b640a3e24b913edf0b7b0dc26466cf,0.0,0.0,0.0,0.0,0.0,0.005859375,0.017578125,0.01171875,25,15,-10,0.0002470000181347132,0.0009839000413194299,0.0007369000231847167
perambalur,4,1003,be4881cd16e3530c992785a5aee47f3c28b640a3e24b913edf0b7b0dc26466cf,0.0,0.0,0.0,0.0,0.0,0.0048828125,0.0146484375,0.009765625,25,15,-10,0.00026409991551190615,0.0009535999270156026,0.0006895000115036964
perambalur,4,1004,be4881cd16e3530c992785a5aee47f3c28b640a3e24b913edf0b7b0dc26466cf,0.0,0.0,0.0,0.0,0.0,0.0,0.0107421875,0.0107421875,25,15,-10,0.0004789999220520258,0.0015493999235332012,0.0010704000014811754
perambalur,5,1000,be4881cd16e3530c992785a5aee47f3c28b640a3e24b913edf0b7b0dc26466cf,0.0,0.0,0.0,0.0,0.0,0.0068359375,0.015625,0.0087890625,25,15,-10,0.0006673999596387148,0.0010532999876886606,0.00038590002804994583
perambalur,5,1001,be4881cd16e3530c992785a5aee47f3c28b640a3e24b913edf0b7b0dc26466cf,0.0,0.0,0.0,0.0,0.0,0.0078125,0.01171875,0.00390625,25,15,-10,0.00025569996796548367,0.0009281999664381146,0.000672499998472631
perambalur,5,1002,be4881cd16e3530c992785a5aee47f3c28b640a3e24b913edf0b7b0dc26466cf,0.0,0.0,0.0,0.0,0.0,0.005859375,0.017578125,0.01171875,25,15,-10,0.0002524999435991049,0.0012746999273076653,0.0010221999837085605
perambalur,5,1003,be4881cd16e3530c992785a5aee47f3c28b640a3e24b913edf0b7b0dc26466cf,0.0,0.0,0.0,0.0,0.0,0.0048828125,0.0146484375,0.009765625,25,15,-10,0.00031150004360824823,0.0010801000753417611,0.0007686000317335129
perambalur,5,1004,be4881cd16e3530c992785a5aee47f3c28b640a3e24b913edf0b7b0dc26466cf,0.0,0.0,0.0,0.0,0.0,0.0,0.0107421875,0.0107421875,25,15,-10,0.0002471000188961625,0.0009331000037491322,0.0006859999848529696
pudukkottai,1,1000,89ffecccdbb5a39879423e93a3500907016ed4264af79643a7eda0e9880cd044,0.0,0.0,0.0,0.0,0.0,0.0068359375,0.015625,0.0087890625,25,15,-10,0.000569600029848516,0.0016345999902114272,0.0010649999603629112
pudukkottai,1,1001,89ffecccdbb5a39879423e93a3500907016ed4264af79643a7eda0e9880cd044,0.0,0.0,0.0,0.0,0.0,0.0078125,0.01171875,0.00390625,25,15,-10,0.00030420010443776846,0.0009799000108614564,0.0006756999064236879
pudukkottai,1,1002,89ffecccdbb5a39879423e93a3500907016ed4264af79643a7eda0e9880cd044,0.0,0.0,0.0,0.0,0.0,0.005859375,0.017578125,0.01171875,25,15,-10,0.00025479996111243963,0.000977099989540875,0.0007223000284284353
pudukkottai,1,1003,89ffecccdbb5a39879423e93a3500907016ed4264af79643a7eda0e9880cd044,0.0,0.0,0.0,0.0,0.0,0.0048828125,0.0146484375,0.009765625,25,15,-10,0.0002576999831944704,0.0011347999097779393,0.0008770999265834689
pudukkottai,1,1004,89ffecccdbb5a39879423e93a3500907016ed4264af79643a7eda0e9880cd044,0.0,0.0,0.0,0.0,0.0,0.0,0.0107421875,0.0107421875,25,15,-10,0.0005058000097051263,0.0011247999500483274,0.0006189999403432012
pudukkottai,2,1000,89ffecccdbb5a39879423e93a3500907016ed4264af79643a7eda0e9880cd044,0.0,0.0,0.0,0.0,0.0,0.0068359375,0.015625,0.0087890625,25,15,-10,0.0002547000767663121,0.0009362000273540616,0.0006814999505877495
pudukkottai,2,1001,89ffecccdbb5a39879423e93a3500907016ed4264af79643a7eda0e9880cd044,0.0,0.0,0.0,0.0,0.0,0.0078125,0.01171875,0.00390625,25,15,-10,0.000268499949015677,0.000979200005531311,0.0007107000565156341
pudukkottai,2,1002,89ffecccdbb5a39879423e93a3500907016ed4264af79643a7eda0e9880cd044,0.0,0.0,0.0,0.0,0.0,0.005859375,0.017578125,0.01171875,25,15,-10,0.0006830999627709389,0.0016456000739708543,0.0009625001111999154
pudukkottai,2,1003,89ffecccdbb5a39879423e93a3500907016ed4264af79643a7eda0e9880cd044,0.0,0.0,0.0,0.0,0.0,0.0048828125,0.0146484375,0.009765625,25,15,-10,0.0002769000129774213,0.0009512000251561403,0.000674300012178719
pudukkottai,2,1004,89ffecccdbb5a39879423e93a3500907016ed4264af79643a7eda0e9880cd044,0.0,0.0,0.0,0.0,0.0,0.0,0.0107421875,0.0107421875,25,15,-10,0.00027030007913708687,0.0009685000404715538,0.0006981999613344669
pudukkottai,3,1000,89ffecccdbb5a39879423e93a3500907016ed4264af79643a7eda0e9880cd044,0.0,0.0,0.0,0.0,0.0,0.0068359375,0.015625,0.0087890625,25,15,-10,0.0002761000068858266,0.0010229999898001552,0.0007468999829143286
pudukkottai,3,1001,89ffecccdbb5a39879423e93a3500907016ed4264af79643a7eda0e9880cd044,0.0,0.0,0.0,0.0,0.0,0.0078125,0.01171875,0.00390625,25,15,-10,0.0003695000195875764,0.001131500001065433,0.0007619999814778566
pudukkottai,3,1002,89ffecccdbb5a39879423e93a3500907016ed4264af79643a7eda0e9880cd044,0.0,0.0,0.0,0.0,0.0,0.005859375,0.017578125,0.01171875,25,15,-10,0.00024940003640949726,0.0009270999580621719,0.0006776999216526747
pudukkottai,3,1003,89ffecccdbb5a39879423e93a3500907016ed4264af79643a7eda0e9880cd044,0.0,0.0,0.0,0.0,0.0,0.0048828125,0.0146484375,0.009765625,25,15,-10,0.0002584001049399376,0.00105339998845011,0.0007949998835101724
pudukkottai,3,1004,89ffecccdbb5a39879423e93a3500907016ed4264af79643a7eda0e9880cd044,0.0,0.0,0.0,0.0,0.0,0.0,0.0107421875,0.0107421875,25,15,-10,0.0003068000078201294,0.001881200005300343,0.0015743999974802136
pudukkottai,4,1000,89ffecccdbb5a39879423e93a3500907016ed4264af79643a7eda0e9880cd044,0.0,0.0,0.0,0.0,0.0,0.0068359375,0.015625,0.0087890625,25,15,-10,0.000309299910441041,0.0010845999931916595,0.0007753000827506185
pudukkottai,4,1001,89ffecccdbb5a39879423e93a3500907016ed4264af79643a7eda0e9880cd044,0.0,0.0,0.0,0.0,0.0,0.0078125,0.01171875,0.00390625,25,15,-10,0.0002812000457197428,0.001052199979312718,0.0007709999335929751
pudukkottai,4,1002,89ffecccdbb5a39879423e93a3500907016ed4264af79643a7eda0e9880cd044,0.0,0.0,0.0,0.0,0.0,0.005859375,0.017578125,0.01171875,25,15,-10,0.00025299994740635157,0.0012540000025182962,0.0010010000551119447
pudukkottai,4,1003,89ffecccdbb5a39879423e93a3500907016ed4264af79643a7eda0e9880cd044,0.0,0.0,0.0,0.0,0.0,0.0048828125,0.0146484375,0.009765625,25,15,-10,0.0002882999833673239,0.0010595000348985195,0.0007712000515311956
pudukkottai,4,1004,89ffecccdbb5a39879423e93a3500907016ed4264af79643a7eda0e9880cd044,0.0,0.0,0.0,0.0,0.0,0.0,0.0107421875,0.0107421875,25,15,-10,0.00025669997557997704,0.000979699892923236,0.0007229999173432589
pudukkottai,5,1000,89ffecccdbb5a39879423e93a3500907016ed4264af79643a7eda0e9880cd044,0.0,0.0,0.0,0.0,0.0,0.0068359375,0.015625,0.0087890625,25,15,-10,0.0002508999314159155,0.0012791999615728855,0.00102830003015697
pudukkottai,5,1001,89ffecccdbb5a39879423e93a3500907016ed4264af79643a7eda0e9880cd044,0.0,0.0,0.0,0.0,0.0,0.0078125,0.01171875,0.00390625,25,15,-10,0.0009181998902931809,0.0012391000054776669,0.0003209001151844859
pudukkottai,5,1002,89ffecccdbb5a39879423e93a3500907016ed4264af79643a7eda0e9880cd044,0.0,0.0,0.0,0.0,0.0,0.005859375,0.017578125,0.01171875,25,15,-10,0.00025780010037124157,0.0009633000008761883,0.0007054999005049467
pudukkottai,5,1003,89ffecccdbb5a39879423e93a3500907016ed4264af79643a7eda0e9880cd044,0.0,0.0,0.0,0.0,0.0,0.0048828125,0.0146484375,0.009765625,25,15,-10,0.00026020000223070383,0.0009922999888658524,0.0007320999866351485
pudukkottai,5,1004,89ffecccdbb5a39879423e93a3500907016ed4264af79643a7eda0e9880cd044,0.0,0.0,0.0,0.0,0.0,0.0,0.0107421875,0.0107421875,25,15,-10,0.0002487000310793519,0.001312199980020523,0.0010634999489411712
ramanathapuram,1,1000,c5dd7fa0fc9f44aefdedde426ebf03670dcfc4cf9ea08ad70977b2e0f34ce943,0.0,0.0,0.0,0.0,0.0,0.0068359375,0.015625,0.0087890625,25,15,-10,0.000448299921117723,0.001316900015808642,0.0008686000946909189
ramanathapuram,1,1001,c5dd7fa0fc9f44aefdedde426ebf03670dcfc4cf9ea08ad70977b2e0f34ce943,0.0,0.0,0.0,0.0,0.0,0.0078125,0.01171875,0.00390625,25,15,-10,0.0002741999924182892,0.0011023000115528703,0.0008281000191345811
ramanathapuram,1,1002,c5dd7fa0fc9f44aefdedde426ebf03670dcfc4cf9ea08ad70977b2e0f34ce943,0.0,0.0,0.0,0.0,0.0,0.005859375,0.017578125,0.01171875,25,15,-10,0.00026650005020201206,0.0010133000323548913,0.0007467999821528792
ramanathapuram,1,1003,c5dd7fa0fc9f44aefdedde426ebf03670dcfc4cf9ea08ad70977b2e0f34ce943,0.0,0.0,0.0,0.0,0.0,0.0048828125,0.0146484375,0.009765625,25,15,-10,0.0004957000492140651,0.001193300005979836,0.0006975999567657709
ramanathapuram,1,1004,c5dd7fa0fc9f44aefdedde426ebf03670dcfc4cf9ea08ad70977b2e0f34ce943,0.0,0.0,0.0,0.0,0.0,0.0,0.0107421875,0.0107421875,25,15,-10,0.00028169993311166763,0.000942799961194396,0.0006611000280827284
ramanathapuram,2,1000,c5dd7fa0fc9f44aefdedde426ebf03670dcfc4cf9ea08ad70977b2e0f34ce943,0.0,0.0,0.0,0.0,0.0,0.0068359375,0.015625,0.0087890625,25,15,-10,0.0002645000349730253,0.0009654000168666244,0.000700899981893599
ramanathapuram,2,1001,c5dd7fa0fc9f44aefdedde426ebf03670dcfc4cf9ea08ad70977b2e0f34ce943,0.0,0.0,0.0,0.0,0.0,0.0078125,0.01171875,0.00390625,25,15,-10,0.0003263000398874283,0.0014108000323176384,0.0010844999924302101
ramanathapuram,2,1002,c5dd7fa0fc9f44aefdedde426ebf03670dcfc4cf9ea08ad70977b2e0f34ce943,0.0,0.0,0.0,0.0,0.0,0.005859375,0.017578125,0.01171875,25,15,-10,0.0002932000206783414,0.0013188999146223068,0.0010256998939439654
ramanathapuram,2,1003,c5dd7fa0fc9f44aefdedde426ebf03670dcfc4cf9ea08ad70977b2e0f34ce943,0.0,0.0,0.0,0.0,0.0,0.0048828125,0.0146484375,0.009765625,25,15,-10,0.00031679996754974127,0.0012966999784111977,0.0009799000108614564
ramanathapuram,2,1004,c5dd7fa0fc9f44aefdedde426ebf03670dcfc4cf9ea08ad70977b2e0f34ce943,0.0,0.0,0.0,0.0,0.0,0.0,0.0107421875,0.0107421875,25,15,-10,0.0002880999818444252,0.0015202999347820878,0.0012321999529376626
ramanathapuram,3,1000,c5dd7fa0fc9f44aefdedde426ebf03670dcfc4cf9ea08ad70977b2e0f34ce943,0.0,0.0,0.0,0.0,0.0,0.0068359375,0.015625,0.0087890625,25,15,-10,0.00038510002195835114,0.0012063999893143773,0.0008212999673560262
ramanathapuram,3,1001,c5dd7fa0fc9f44aefdedde426ebf03670dcfc4cf9ea08ad70977b2e0f34ce943,0.0,0.0,0.0,0.0,0.0,0.0078125,0.01171875,0.00390625,25,15,-10,0.0002685000654309988,0.0009646000107750297,0.0006960999453440309
ramanathapuram,3,1002,c5dd7fa0fc9f44aefdedde426ebf03670dcfc4cf9ea08ad70977b2e0f34ce943,0.0,0.0,0.0,0.0,0.0,0.005859375,0.017578125,0.01171875,25,15,-10,0.00027139997109770775,0.0016308999620378017,0.001359499990940094
ramanathapuram,3,1003,c5dd7fa0fc9f44aefdedde426ebf03670dcfc4cf9ea08ad70977b2e0f34ce943,0.0,0.0,0.0,0.0,0.0,0.0048828125,0.0146484375,0.009765625,25,15,-10,0.0003171999705955386,0.0011514000361785293,0.0008342000655829906
ramanathapuram,3,1004,c5dd7fa0fc9f44aefdedde426ebf03670dcfc4cf9ea08ad70977b2e0f34ce943,0.0,0.0,0.0,0.0,0.0,0.0,0.0107421875,0.0107421875,25,15,-10,0.0002992000663653016,0.0009532000403851271,0.0006539999740198255
ramanathapuram,4,1000,c5dd7fa0fc9f44aefdedde426ebf03670dcfc4cf9ea08ad70977b2e0f34ce943,0.0,0.0,0.0,0.0,0.0,0.0068359375,0.015625,0.0087890625,25,15,-10,0.00026570004411041737,0.0009540000464767218,0.0006883000023663044
ramanathapuram,4,1001,c5dd7fa0fc9f44aefdedde426ebf03670dcfc4cf9ea08ad70977b2e0f34ce943,0.0,0.0,0.0,0.0,0.0,0.0078125,0.01171875,0.00390625,25,15,-10,0.00047750002704560757,0.0012634999584406614,0.0007859999313950539
ramanathapuram,4,1002,c5dd7fa0fc9f44aefdedde426ebf03670dcfc4cf9ea08ad70977b2e0f34ce943,0.0,0.0,0.0,0.0,0.0,0.005859375,0.017578125,0.01171875,25,15,-10,0.00026519992388784885,0.0009881999576464295,0.0007230000337585807
ramanathapuram,4,1003,c5dd7fa0fc9f44aefdedde426ebf03670dcfc4cf9ea08ad70977b2e0f34ce943,0.0,0.0,0.0,0.0,0.0,0.0048828125,0.0146484375,0.009765625,25,15,-10,0.0002509000478312373,0.000990200089290738,0.0007393000414595008
ramanathapuram,4,1004,c5dd7fa0fc9f44aefdedde426ebf03670dcfc4cf9ea08ad70977b2e0f34ce943,0.0,0.0,0.0,0.0,0.0,0.0,0.0107421875,0.0107421875,25,15,-10,0.0003836000105366111,0.001482499996200204,0.0010988999856635928
ramanathapuram,5,1000,c5dd7fa0fc9f44aefdedde426ebf03670dcfc4cf9ea08ad70977b2e0f34ce943,0.0,0.0,0.0,0.0,0.0,0.0068359375,0.015625,0.0087890625,25,15,-10,0.00029360002372413874,0.0012136000441387296,0.0009200000204145908
ramanathapuram,5,1001,c5dd7fa0fc9f44aefdedde426ebf03670dcfc4cf9ea08ad70977b2e0f34ce943,0.0,0.0,0.0,0.0,0.0,0.0078125,0.01171875,0.00390625,25,15,-10,0.0002699000760912895,0.0009979000315070152,0.0007279999554157257
ramanathapuram,5,1002,c5dd7fa0fc9f44aefdedde426ebf03670dcfc4cf9ea08ad70977b2e0f34ce943,0.0,0.0,0.0,0.0,0.0,0.005859375,0.017578125,0.01171875,25,15,-10,0.0002668000524863601,0.0010547999991104007,0.0007879999466240406
ramanathapuram,5,1003,c5dd7fa0fc9f44aefdedde426ebf03670dcfc4cf9ea08ad70977b2e0f34ce943,0.0,0.0,0.0,0.0,0.0,0.0048828125,0.0146484375,0.009765625,25,15,-10,0.00029450003057718277,0.0011156999971717596,0.0008211999665945768
ramanathapuram,5,1004,c5dd7fa0fc9f44aefdedde426ebf03670dcfc4cf9ea08ad70977b2e0f34ce943,0.0,0.0,0.0,0.0,0.0,0.0,0.0107421875,0.0107421875,25,15,-10,0.0002482000272721052,0.0009836000390350819,0.0007354000117629766
ranipet,1,1000,8fa7119a1fcb8ae11285dc2fff022401ac1f319e7f04497921705ebc42208ca3,0.0,0.0,0.0,0.0,0.0,0.0068359375,0.015625,0.0087890625,25,15,-10,0.0004133000038564205,0.001629199949093163,0.0012158999452367425
ranipet,1,1001,8fa7119a1fcb8ae11285dc2fff022401ac1f319e7f04497921705ebc42208ca3,0.0,0.0,0.0,0.0,0.0,0.0078125,0.01171875,0.00390625,25,15,-10,0.00029250001534819603,0.0010757000418379903,0.0007832000264897943
ranipet,1,1002,8fa7119a1fcb8ae11285dc2fff022401ac1f319e7f04497921705ebc42208ca3,0.0,0.0,0.0,0.0,0.0,0.005859375,0.017578125,0.01171875,25,15,-10,0.00024880003184080124,0.0009308999869972467,0.0006820999551564455
ranipet,1,1003,8fa7119a1fcb8ae11285dc2fff022401ac1f319e7f04497921705ebc42208ca3,0.0,0.0,0.0,0.0,0.0,0.0048828125,0.0146484375,0.009765625,25,15,-10,0.0002568999771028757,0.0010522999800741673,0.0007954000029712915
ranipet,1,1004,8fa7119a1fcb8ae11285dc2fff022401ac1f319e7f04497921705ebc42208ca3,0.0,0.0,0.0,0.0,0.0,0.0,0.0107421875,0.0107421875,25,15,-10,0.00047289999201893806,0.0015263999812304974,0.0010534999892115593
ranipet,2,1000,8fa7119a1fcb8ae11285dc2fff022401ac1f319e7f04497921705ebc42208ca3,0.0,0.0,0.0,0.0,0.0,0.0068359375,0.015625,0.0087890625,25,15,-10,0.0003037001006305218,0.0009914999827742577,0.0006877998821437359
ranipet,2,1001,8fa7119a1fcb8ae11285dc2fff022401ac1f319e7f04497921705ebc42208ca3,0.0,0.0,0.0,0.0,0.0,0.0078125,0.01171875,0.00390625,25,15,-10,0.00027249997947365046,0.0009308999869972467,0.0006584000075235963
ranipet,2,1002,8fa7119a1fcb8ae11285dc2fff022401ac1f319e7f04497921705ebc42208ca3,0.0,0.0,0.0,0.0,0.0,0.005859375,0.017578125,0.01171875,25,15,-10,0.0002739999908953905,0.0011955000227317214,0.0009215000318363309
ranipet,2,1003,8fa7119a1fcb8ae11285dc2fff022401ac1f319e7f04497921705ebc42208ca3,0.0,0.0,0.0,0.0,0.0,0.0048828125,0.0146484375,0.009765625,25,15,-10,0.0004113999893888831,0.0011457999935373664,0.0007344000041484833
ranipet,2,1004,8fa7119a1fcb8ae11285dc2fff022401ac1f319e7f04497921705ebc42208ca3,0.0,0.0,0.0,0.0,0.0,0.0,0.0107421875,0.0107421875,25,15,-10,0.00025699997786432505,0.0009749000892043114,0.0007179001113399863
ranipet,3,1000,8fa7119a1fcb8ae11285dc2fff022401ac1f319e7f04497921705ebc42208ca3,0.0,0.0,0.0,0.0,0.0,0.0068359375,0.015625,0.0087890625,25,15,-10,0.000251400051638484,0.0009677000343799591,0.0007162999827414751
ranipet,3,1001,8fa7119a1fcb8ae11285dc2fff022401ac1f319e7f04497921705ebc42208ca3,0.0,0.0,0.0,0.0,0.0,0.0078125,0.01171875,0.00390625,25,15,-10,0.00035280000884085894,0.001817599986679852,0.001464799977838993
ranipet,3,1002,8fa7119a1fcb8ae11285dc2fff022401ac1f319e7f04497921705ebc42208ca3,0.0,0.0,0.0,0.0,0.0,0.005859375,0.017578125,0.01171875,25,15,-10,0.00029909994918853045,0.0009722999529913068,0.0006732000038027763
ranipet,3,1003,8fa7119a1fcb8ae11285dc2fff022401ac1f319e7f04497921705ebc42208ca3,0.0,0.0,0.0,0.0,0.0,0.0048828125,0.0146484375,0.009765625,25,15,-10,0.0002615000121295452,0.0009489000076428056,0.0006873999955132604
ranipet,3,1004,8fa7119a1fcb8ae11285dc2fff022401ac1f319e7f04497921705ebc42208ca3,0.0,0.0,0.0,0.0,0.0,0.0,0.0107421875,0.0107421875,25,15,-10,0.00031489995308220387,0.0011193000245839357,0.0008044000715017319
ranipet,4,1000,8fa7119a1fcb8ae11285dc2fff022401ac1f319e7f04497921705ebc42208ca3,0.0,0.0,0.0,0.0,0.0,0.0068359375,0.015625,0.0087890625,25,15,-10,0.0004936999175697565,0.0012397000100463629,0.0007460000924766064
ranipet,4,1001,8fa7119a1fcb8ae11285dc2fff022401ac1f319e7f04497921705ebc42208ca3,0.0,0.0,0.0,0.0,0.0,0.0078125,0.01171875,0.00390625,25,15,-10,0.00025729998014867306,0.0009359000250697136,0.0006786000449210405
ranipet,4,1002,8fa7119a1fcb8ae11285dc2fff022401ac1f319e7f04497921705ebc42208ca3,0.0,0.0,0.0,0.0,0.0,0.005859375,0.017578125,0.01171875,25,15,-10,0.00026400003116577864,0.000993099994957447,0.0007290999637916684
ranipet,4,1003,8fa7119a1fcb8ae11285dc2fff022401ac1f319e7f04497921705ebc42208ca3,0.0,0.0,0.0,0.0,0.0,0.0048828125,0.0146484375,0.009765625,25,15,-10,0.0003117999294772744,0.0013787000207230449,0.0010669000912457705
ranipet,4,1004,8fa7119a1fcb8ae11285dc2fff022401ac1f319e7f04497921705ebc42208ca3,0.0,0.0,0.0,0.0,0.0,0.0,0.0107421875,0.0107421875,25,15,-10,0.00028579996433109045,0.0010432000271975994,0.000757400062866509
ranipet,5,1000,8fa7119a1fcb8ae11285dc2fff022401ac1f319e7f04497921705ebc42208ca3,0.0,0.0,0.0,0.0,0.0,0.0068359375,0.015625,0.0087890625,25,15,-10,0.00027469999622553587,0.0009280999656766653,0.0006533999694511294
ranipet,5,1001,8fa7119a1fcb8ae11285dc2fff022401ac1f319e7f04497921705ebc42208ca3,0.0,0.0,0.0,0.0,0.0,0.0078125,0.01171875,0.00390625,25,15,-10,0.00047930004075169563,0.0010622000554576516,0.000582900014705956
ranipet,5,1002,8fa7119a1fcb8ae11285dc2fff022401ac1f319e7f04497921705ebc42208ca3,0.0,0.0,0.0,0.0,0.0,0.005859375,0.017578125,0.01171875,25,15,-10,0.00030770001467317343,0.001380500034429133,0.0010728000197559595
ranipet,5,1003,8fa7119a1fcb8ae11285dc2fff022401ac1f319e7f04497921705ebc42208ca3,0.0,0.0,0.0,0.0,0.0,0.0048828125,0.0146484375,0.009765625,25,15,-10,0.0003532000118866563,0.0009513999102637172,0.0005981998983770609
ranipet,5,1004,8fa7119a1fcb8ae11285dc2fff022401ac1f319e7f04497921705ebc42208ca3,0.0,0.0,0.0,0.0,0.0,0.0,0.0107421875,0.0107421875,25,15,-10,0.0002669000532478094,0.0009554000571370125,0.0006885000038892031
salem,1,1000,c03986b70b067c25d6b1e2f04fbcaaffb4c954152cb073d22ec357e72fa6d015,0.0,0.0,0.0,0.0,0.0,0.0068359375,0.015625,0.0087890625,25,15,-10,0.0006161999190226197,0.0014094000216573477,0.000793200102634728
salem,1,1001,c03986b70b067c25d6b1e2f04fbcaaffb4c954152cb073d22ec357e72fa6d015,0.0,0.0,0.0,0.0,0.0,0.0078125,0.01171875,0.00390625,25,15,-10,0.00028820009902119637,0.0009886999614536762,0.0007004998624324799
salem,1,1002,c03986b70b067c25d6b1e2f04fbcaaffb4c954152cb073d22ec357e72fa6d015,0.0,0.0,0.0,0.0,0.0,0.005859375,0.017578125,0.01171875,25,15,-10,0.00033950002398341894,0.0009616999886929989,0.0006221999647095799
salem,1,1003,c03986b70b067c25d6b1e2f04fbcaaffb4c954152cb073d22ec357e72fa6d015,0.0,0.0,0.0,0.0,0.0,0.0048828125,0.0146484375,0.009765625,25,15,-10,0.00026160001289099455,0.0012642000801861286,0.001002600067295134
salem,1,1004,c03986b70b067c25d6b1e2f04fbcaaffb4c954152cb073d22ec357e72fa6d015,0.0,0.0,0.0,0.0,0.0,0.0,0.0107421875,0.0107421875,25,15,-10,0.0003347001038491726,0.0011045000283047557,0.0007697999244555831
salem,2,1000,c03986b70b067c25d6b1e2f04fbcaaffb4c954152cb073d22ec357e72fa6d015,0.0,0.0,0.0,0.0,0.0,0.0068359375,0.015625,0.0087890625,25,15,-10,0.00031020003370940685,0.0009929001098498702,0.0006827000761404634
salem,2,1001,c03986b70b067c25d6b1e2f04fbcaaffb4c954152cb073d22ec357e72fa6d015,0.0,0.0,0.0,0.0,0.0,0.0078125,0.01171875,0.00390625,25,15,-10,0.0002625000197440386,0.0009475999977439642,0.0006850999779999256
salem,2,1002,c03986b70b067c25d6b1e2f04fbcaaffb4c954152cb073d22ec357e72fa6d015,0.0,0.0,0.0,0.0,0.0,0.005859375,0.017578125,0.01171875,25,15,-10,0.0004943000385537744,0.0014992000069469213,0.001004899968393147
salem,2,1003,c03986b70b067c25d6b1e2f04fbcaaffb4c954152cb073d22ec357e72fa6d015,0.0,0.0,0.0,0.0,0.0,0.0048828125,0.0146484375,0.009765625,25,15,-10,0.0002840000670403242,0.0011576000833883882,0.0008736000163480639
salem,2,1004,c03986b70b067c25d6b1e2f04fbcaaffb4c954152cb073d22ec357e72fa6d015,0.0,0.0,0.0,0.0,0.0,0.0,0.0107421875,0.0107421875,25,15,-10,0.0002668000524863601,0.0009363000281155109,0.0006694999756291509
salem,3,1000,c03986b70b067c25d6b1e2f04fbcaaffb4c954152cb073d22ec357e72fa6d015,0.0,0.0,0.0,0.0,0.0,0.0068359375,0.015625,0.0087890625,25,15,-10,0.00025889999233186245,0.001172599964775145,0.0009136999724432826
salem,3,1001,c03986b70b067c25d6b1e2f04fbcaaffb4c954152cb073d22ec357e72fa6d015,0.0,0.0,0.0,0.0,0.0,0.0078125,0.01171875,0.00390625,25,15,-10,0.00037919997703284025,0.0012668999843299389,0.0008877000072970986
salem,3,1002,c03986b70b067c25d6b1e2f04fbcaaffb4c954152cb073d22ec357e72fa6d015,0.0,0.0,0.0,0.0,0.0,0.005859375,0.017578125,0.01171875,25,15,-10,0.00031290005426853895,0.001216700067743659,0.0009038000134751201
salem,3,1003,c03986b70b067c25d6b1e2f04fbcaaffb4c954152cb073d22ec357e72fa6d015,0.0,0.0,0.0,0.0,0.0,0.0048828125,0.0146484375,0.009765625,25,15,-10,0.00028140004724264145,0.0011729999678209424,0.000891599920578301
salem,3,1004,c03986b70b067c25d6b1e2f04fbcaaffb4c954152cb073d22ec357e72fa6d015,0.0,0.0,0.0,0.0,0.0,0.0,0.0107421875,0.0107421875,25,15,-10,0.0007247000467032194,0.0014711000258103013,0.0007463999791070819
salem,4,1000,c03986b70b067c25d6b1e2f04fbcaaffb4c954152cb073d22ec357e72fa6d015,0.0,0.0,0.0,0.0,0.0,0.0068359375,0.015625,0.0087890625,25,15,-10,0.0002679000608623028,0.0009694000473245978,0.0007014999864622951
salem,4,1001,c03986b70b067c25d6b1e2f04fbcaaffb4c954152cb073d22ec357e72fa6d015,0.0,0.0,0.0,0.0,0.0,0.0078125,0.01171875,0.00390625,25,15,-10,0.0002513999352231622,0.0009606999810785055,0.0007093000458553433
salem,4,1002,c03986b70b067c25d6b1e2f04fbcaaffb4c954152cb073d22ec357e72fa6d015,0.0,0.0,0.0,0.0,0.0,0.005859375,0.017578125,0.01171875,25,15,-10,0.00040840008296072483,0.001411000033840537,0.0010025999508798122
salem,4,1003,c03986b70b067c25d6b1e2f04fbcaaffb4c954152cb073d22ec357e72fa6d015,0.0,0.0,0.0,0.0,0.0,0.0048828125,0.0146484375,0.009765625,25,15,-10,0.000283299945294857,0.0009734999621286988,0.0006902000168338418
salem,4,1004,c03986b70b067c25d6b1e2f04fbcaaffb4c954152cb073d22ec357e72fa6d015,0.0,0.0,0.0,0.0,0.0,0.0,0.0107421875,0.0107421875,25,15,-10,0.0002442999975755811,0.00098990008700639,0.000745600089430809
salem,5,1000,c03986b70b067c25d6b1e2f04fbcaaffb4c954152cb073d22ec357e72fa6d015,0.0,0.0,0.0,0.0,0.0,0.0068359375,0.015625,0.0087890625,25,15,-10,0.00024530000519007444,0.0012128000380471349,0.0009675000328570604
salem,5,1001,c03986b70b067c25d6b1e2f04fbcaaffb4c954152cb073d22ec357e72fa6d015,0.0,0.0,0.0,0.0,0.0,0.0078125,0.01171875,0.00390625,25,15,-10,0.00033249997068196535,0.0011279999744147062,0.0007955000037327409
salem,5,1002,c03986b70b067c25d6b1e2f04fbcaaffb4c954152cb073d22ec357e72fa6d015,0.0,0.0,0.0,0.0,0.0,0.005859375,0.017578125,0.01171875,25,15,-10,0.00027269998099654913,0.0010240999981760979,0.0007514000171795487
salem,5,1003,c03986b70b067c25d6b1e2f04fbcaaffb4c954152cb073d22ec357e72fa6d015,0.0,0.0,0.0,0.0,0.0,0.0048828125,0.0146484375,0.009765625,25,15,-10,0.0002701999619603157,0.0010856000008061528,0.0008154000388458371
salem,5,1004,c03986b70b067c25d6b1e2f04fbcaaffb4c954152cb073d22ec357e72fa6d015,0.0,0.0,0.0,0.0,0.0,0.0,0.0107421875,0.0107421875,25,15,-10,0.00033930002246052027,0.0014754999428987503,0.00113619992043823
sivaganga,1,1000,8084112330bee433c4052e8556ee2cff73188d894a3494cc2d06a922c3f37616,0.0,0.0,0.0,0.0,0.0,0.0068359375,0.015625,0.0087890625,25,15,-10,0.0004322000313550234,0.0012487999629229307,0.0008165999315679073
sivaganga,1,1001,8084112330bee433c4052e8556ee2cff73188d894a3494cc2d06a922c3f37616,0.0,0.0,0.0,0.0,0.0,0.0078125,0.01171875,0.00390625,25,15,-10,0.0002586999908089638,0.0010248998878523707,0.000766199897043407
sivaganga,1,1002,8084112330bee433c4052e8556ee2cff73188d894a3494cc2d06a922c3f37616,0.0,0.0,0.0,0.0,0.0,0.005859375,0.017578125,0.01171875,25,15,-10,0.0004893000004813075,0.001470400020480156,0.0009811000199988484
sivaganga,1,1003,8084112330bee433c4052e8556ee2cff73188d894a3494cc2d06a922c3f37616,0.0,0.0,0.0,0.0,0.0,0.0048828125,0.0146484375,0.009765625,25,15,-10,0.00030830001924186945,0.0011041000252589583,0.0007958000060170889
sivaganga,1,1004,8084112330bee433c4052e8556ee2cff73188d894a3494cc2d06a922c3f37616,0.0,0.0,0.0,0.0,0.0,0.0,0.0107421875,0.0107421875,25,15,-10,0.0002902999985963106,0.0010714000090956688,0.0007811000104993582
sivaganga,2,1000,8084112330bee433c4052e8556ee2cff73188d894a3494cc2d06a922c3f37616,0.0,0.0,0.0,0.0,0.0,0.0068359375,0.015625,0.0087890625,25,15,-10,0.0002598999999463558,0.0012302000541239977,0.0009703000541776419
sivaganga,2,1001,8084112330bee433c4052e8556ee2cff73188d894a3494cc2d06a922c3f37616,0.0,0.0,0.0,0.0,0.0,0.0078125,0.01171875,0.00390625,25,15,-10,0.0003000999568030238,0.0010588000295683742,0.0007587000727653503
sivaganga,2,1002,8084112330bee433c4052e8556ee2cff73188d894a3494cc2d06a922c3f37616,0.0,0.0,0.0,0.0,0.0,0.005859375,0.017578125,0.01171875,25,15,-10,0.00024510000366717577,0.0009278999641537666,0.0006827999604865909
sivaganga,2,1003,8084112330bee433c4052e8556ee2cff73188d894a3494cc2d06a922c3f37616,0.0,0.0,0.0,0.0,0.0,0.0048828125,0.0146484375,0.009765625,25,15,-10,0.0002604000037536025,0.001177600002847612,0.0009171999990940094
sivaganga,2,1004,8084112330bee433c4052e8556ee2cff73188d894a3494cc2d06a922c3f37616,0.0,0.0,0.0,0.0,0.0,0.0,0.0107421875,0.0107421875,25,15,-10,0.0002728999825194478,0.0013608000008389354,0.0010879000183194876
sivaganga,3,1000,8084112330bee433c4052e8556ee2cff73188d894a3494cc2d06a922c3f37616,0.0,0.0,0.0,0.0,0.0,0.0068359375,0.015625,0.0087890625,25,15,-10,0.00027740001678466797,0.001016200054436922,0.0007388000376522541
sivaganga,3,1001,8084112330bee433c4052e8556ee2cff73188d894a3494cc2d06a922c3f37616,0.0,0.0,0.0,0.0,0.0,0.0078125,0.01171875,0.00390625,25,15,-10,0.00025209994055330753,0.0009797000093385577,0.0007276000687852502
sivaganga,3,1002,8084112330bee433c4052e8556ee2cff73188d894a3494cc2d06a922c3f37616,0.0,0.0,0.0,0.0,0.0,0.005859375,0.017578125,0.01171875,25,15,-10,0.00024779990781098604,0.0009793000062927604,0.0007315000984817743
sivaganga,3,1003,8084112330bee433c4052e8556ee2cff73188d894a3494cc2d06a922c3f37616,0.0,0.0,0.0,0.0,0.0,0.0048828125,0.0146484375,0.009765625,25,15,-10,0.0004181000404059887,0.0014798000920563936,0.001061700051650405
sivaganga,3,1004,8084112330bee433c4052e8556ee2cff73188d894a3494cc2d06a922c3f37616,0.0,0.0,0.0,0.0,0.0,0.0,0.0107421875,0.0107421875,25,15,-10,0.00026949995663017035,0.0010287999175488949,0.0007592999609187245
sivaganga,4,1000,8084112330bee433c4052e8556ee2cff73188d894a3494cc2d06a922c3f37616,0.0,0.0,0.0,0.0,0.0,0.0068359375,0.015625,0.0087890625,25,15,-10,0.0002514999359846115,0.0021785000571981072,0.0019270001212134957
sivaganga,4,1001,8084112330bee433c4052e8556ee2cff73188d894a3494cc2d06a922c3f37616,0.0,0.0,0.0,0.0,0.0,0.0078125,0.01171875,0.00390625,25,15,-10,0.0003261000383645296,0.0012848000042140484,0.0009586999658495188
sivaganga,4,1002,8084112330bee433c4052e8556ee2cff73188d894a3494cc2d06a922c3f37616,0.0,0.0,0.0,0.0,0.0,0.005859375,0.017578125,0.01171875,25,15,-10,0.00029070000164210796,0.0009827999165281653,0.0006920999148860574
sivaganga,4,1003,8084112330bee433c4052e8556ee2cff73188d894a3494cc2d06a922c3f37616,0.0,0.0,0.0,0.0,0.0,0.0048828125,0.0146484375,0.009765625,25,15,-10,0.0002559999702498317,0.0009603999787941575,0.0007044000085443258
sivaganga,4,1004,8084112330bee433c4052e8556ee2cff73188d894a3494cc2d06a922c3f37616,0.0,0.0,0.0,0.0,0.0,0.0,0.0107421875,0.0107421875,25,15,-10,0.000264400034211576,0.001164000015705824,0.0008995999814942479
sivaganga,5,1000,8084112330bee433c4052e8556ee2cff73188d894a3494cc2d06a922c3f37616,0.0,0.0,0.0,0.0,0.0,0.0068359375,0.015625,0.0087890625,25,15,-10,0.00033489998895674944,0.0011158999986946583,0.0007810000097379088
sivaganga,5,1001,8084112330bee433c4052e8556ee2cff73188d894a3494cc2d06a922c3f37616,0.0,0.0,0.0,0.0,0.0,0.0078125,0.01171875,0.00390625,25,15,-10,0.0002866999711841345,0.001101900008507073,0.0008152000373229384
sivaganga,5,1002,8084112330bee433c4052e8556ee2cff73188d894a3494cc2d06a922c3f37616,0.0,0.0,0.0,0.0,0.0,0.005859375,0.017578125,0.01171875,25,15,-10,0.00027710001450031996,0.0009334000060334802,0.0006562999915331602
sivaganga,5,1003,8084112330bee433c4052e8556ee2cff73188d894a3494cc2d06a922c3f37616,0.0,0.0,0.0,0.0,0.0,0.0048828125,0.0146484375,0.009765625,25,15,-10,0.0006766000296920538,0.0016406000358983874,0.0009640000062063336
sivaganga,5,1004,8084112330bee433c4052e8556ee2cff73188d894a3494cc2d06a922c3f37616,0.0,0.0,0.0,0.0,0.0,0.0,0.0107421875,0.0107421875,25,15,-10,0.00027600000612437725,0.0009594999719411135,0.0006834999658167362
tenkasi,1,1000,1a7be1c63f87c97522c87426ad31f1ea5d47ed5419e5ded403e3d9c89af0a33a,0.0,0.0,0.0,0.0,0.0,0.0068359375,0.015625,0.0087890625,25,15,-10,0.00043240003287792206,0.001369300065562129,0.000936900032684207
tenkasi,1,1001,1a7be1c63f87c97522c87426ad31f1ea5d47ed5419e5ded403e3d9c89af0a33a,0.0,0.0,0.0,0.0,0.0,0.0078125,0.01171875,0.00390625,25,15,-10,0.0005808999994769692,0.0012305999407544732,0.000649699941277504
tenkasi,1,1002,1a7be1c63f87c97522c87426ad31f1ea5d47ed5419e5ded403e3d9c89af0a33a,0.0,0.0,0.0,0.0,0.0,0.005859375,0.017578125,0.01171875,25,15,-10,0.00034879997838288546,0.0009822000283747911,0.0006334000499919057
tenkasi,1,1003,1a7be1c63f87c97522c87426ad31f1ea5d47ed5419e5ded403e3d9c89af0a33a,0.0,0.0,0.0,0.0,0.0,0.0048828125,0.0146484375,0.009765625,25,15,-10,0.0002725999802350998,0.0009266999550163746,0.0006540999747812748
tenkasi,1,1004,1a7be1c63f87c97522c87426ad31f1ea5d47ed5419e5ded403e3d9c89af0a33a,0.0,0.0,0.0,0.0,0.0,0.0,0.0107421875,0.0107421875,25,15,-10,0.00034250004682689905,0.001417200081050396,0.001074700034223497
tenkasi,2,1000,1a7be1c63f87c97522c87426ad31f1ea5d47ed5419e5ded403e3d9c89af0a33a,0.0,0.0,0.0,0.0,0.0,0.0068359375,0.015625,0.0087890625,25,15,-10,0.00029120000544935465,0.0010340000735595822,0.0007428000681102276
tenkasi,2,1001,1a7be1c63f87c97522c87426ad31f1ea5d47ed5419e5ded403e3d9c89af0a33a,0.0,0.0,0.0,0.0,0.0,0.0078125,0.01171875,0.00390625,25,15,-10,0.0002733999863266945,0.0009252999443560839,0.0006518999580293894
tenkasi,2,1002,1a7be1c63f87c97522c87426ad31f1ea5d47ed5419e5ded403e3d9c89af0a33a,0.0,0.0,0.0,0.0,0.0,0.005859375,0.017578125,0.01171875,25,15,-10,0.00027459999546408653,0.0009596000891178846,0.0006850000936537981
tenkasi,2,1003,1a7be1c63f87c97522c87426ad31f1ea5d47ed5419e5ded403e3d9c89af0a33a,0.0,0.0,0.0,0.0,0.0,0.0048828125,0.0146484375,0.009765625,25,15,-10,0.0005465999711304903,0.0014278000453487039,0.0008812000742182136
tenkasi,2,1004,1a7be1c63f87c97522c87426ad31f1ea5d47ed5419e5ded403e3d9c89af0a33a,0.0,0.0,0.0,0.0,0.0,0.0,0.0107421875,0.0107421875,25,15,-10,0.00048099993728101254,0.0011325000086799264,0.0006515000713989139
tenkasi,3,1000,1a7be1c63f87c97522c87426ad31f1ea5d47ed5419e5ded403e3d9c89af0a33a,0.0,0.0,0.0,0.0,0.0,0.0068359375,0.015625,0.0087890625,25,15,-10,0.0002812999300658703,0.0010237999958917499,0.0007425000658258796
tenkasi,3,1001,1a7be1c63f87c97522c87426ad31f1ea5d47ed5419e5ded403e3d9c89af0a33a,0.0,0.0,0.0,0.0,0.0,0.0078125,0.01171875,0.00390625,25,15,-10,0.00028249993920326233,0.0014352999860420823,0.00115280004683882
tenkasi,3,1002,1a7be1c63f87c97522c87426ad31f1ea5d47ed5419e5ded403e3d9c89af0a33a,0.0,0.0,0.0,0.0,0.0,0.005859375,0.017578125,0.01171875,25,15,-10,0.00029440002981573343,0.0010731000220403075,0.0007786999922245741
tenkasi,3,1003,1a7be1c63f87c97522c87426ad31f1ea5d47ed5419e5ded403e3d9c89af0a33a,0.0,0.0,0.0,0.0,0.0,0.0048828125,0.0146484375,0.009765625,25,15,-10,0.00028959999326616526,0.0010687001049518585,0.0007791001116856933
tenkasi,3,1004,1a7be1c63f87c97522c87426ad31f1ea5d47ed5419e5ded403e3d9c89af0a33a,0.0,0.0,0.0,0.0,0.0,0.0,0.0107421875,0.0107421875,25,15,-10,0.00026540004182606936,0.0009964999044314027,0.0007310998626053333
tenkasi,4,1000,1a7be1c63f87c97522c87426ad31f1ea5d47ed5419e5ded403e3d9c89af0a33a,0.0,0.0,0.0,0.0,0.0,0.0068359375,0.015625,0.0087890625,25,15,-10,0.0004278999986127019,0.0012125000357627869,0.000784600037150085
tenkasi,4,1001,1a7be1c63f87c97522c87426ad31f1ea5d47ed5419e5ded403e3d9c89af0a33a,0.0,0.0,0.0,0.0,0.0,0.0078125,0.01171875,0.00390625,25,15,-10,0.00027299998328089714,0.0009405999444425106,0.0006675999611616135
tenkasi,4,1002,1a7be1c63f87c97522c87426ad31f1ea5d47ed5419e5ded403e3d9c89af0a33a,0.0,0.0,0.0,0.0,0.0,0.005859375,0.017578125,0.01171875,25,15,-10,0.00024500000290572643,0.000970599940046668,0.0007255999371409416
tenkasi,4,1003,1a7be1c63f87c97522c87426ad31f1ea5d47ed5419e5ded403e3d9c89af0a33a,0.0,0.0,0.0,0.0,0.0,0.0048828125,0.0146484375,0.009765625,25,15,-10,0.0002725999802350998,0.0013081999495625496,0.0010355999693274498
tenkasi,4,1004,1a7be1c63f87c97522c87426ad31f1ea5d47ed5419e5ded403e3d9c89af0a33a,0.0,0.0,0.0,0.0,0.0,0.0,0.0107421875,0.0107421875,25,15,-10,0.0003250000299885869,0.0011492000194266438,0.000824199989438057
tenkasi,5,1000,1a7be1c63f87c97522c87426ad31f1ea5d47ed5419e5ded403e3d9c89af0a33a,0.0,0.0,0.0,0.0,0.0,0.0068359375,0.015625,0.0087890625,25,15,-10,0.0003011999651789665,0.0011434999760240316,0.0008423000108450651
tenkasi,5,1001,1a7be1c63f87c97522c87426ad31f1ea5d47ed5419e5ded403e3d9c89af0a33a,0.0,0.0,0.0,0.0,0.0,0.0078125,0.01171875,0.00390625,25,15,-10,0.0002861999673768878,0.000978299998678267,0.0006921000313013792
tenkasi,5,1002,1a7be1c63f87c97522c87426ad31f1ea5d47ed5419e5ded403e3d9c89af0a33a,0.0,0.0,0.0,0.0,0.0,0.005859375,0.017578125,0.01171875,25,15,-10,0.0005694000283256173,0.001381700043566525,0.0008123000152409077
tenkasi,5,1003,1a7be1c63f87c97522c87426ad31f1ea5d47ed5419e5ded403e3d9c89af0a33a,0.0,0.0,0.0,0.0,0.0,0.0048828125,0.0146484375,0.009765625,25,15,-10,0.0002891999902203679,0.0009987999219447374,0.0007095999317243695
tenkasi,5,1004,1a7be1c63f87c97522c87426ad31f1ea5d47ed5419e5ded403e3d9c89af0a33a,0.0,0.0,0.0,0.0,0.0,0.0,0.0107421875,0.0107421875,25,15,-10,0.0002821000525727868,0.0009759999811649323,0.0006938999285921454
thanjavur,1,1000,4873f06780c55e616b0ce2cd85e6daee7aeee20d25226a278463bc6c44bc6dba,0.0,0.0,0.0,0.0,0.0,0.0068359375,0.015625,0.0087890625,25,15,-10,0.00044780003372579813,0.001243900042027235,0.0007961000083014369
thanjavur,1,1001,4873f06780c55e616b0ce2cd85e6daee7aeee20d25226a278463bc6c44bc6dba,0.0,0.0,0.0,0.0,0.0,0.0078125,0.01171875,0.00390625,25,15,-10,0.0002894999925047159,0.001196799916215241,0.000907299923710525
thanjavur,1,1002,4873f06780c55e616b0ce2cd85e6daee7aeee20d25226a278463bc6c44bc6dba,0.0,0.0,0.0,0.0,0.0,0.005859375,0.017578125,0.01171875,25,15,-10,0.00028899998869746923,0.0013143999967724085,0.0010254000080749393
thanjavur,1,1003,4873f06780c55e616b0ce2cd85e6daee7aeee20d25226a278463bc6c44bc6dba,0.0,0.0,0.0,0.0,0.0,0.0048828125,0.0146484375,0.009765625,25,15,-10,0.0002886001020669937,0.0010188999585807323,0.0007302998565137386
thanjavur,1,1004,4873f06780c55e616b0ce2cd85e6daee7aeee20d25226a278463bc6c44bc6dba,0.0,0.0,0.0,0.0,0.0,0.0,0.0107421875,0.0107421875,25,15,-10,0.00026940007228404284,0.0010203000856563449,0.0007509000133723021
thanjavur,2,1000,4873f06780c55e616b0ce2cd85e6daee7aeee20d25226a278463bc6c44bc6dba,0.0,0.0,0.0,0.0,0.0,0.0068359375,0.015625,0.0087890625,25,15,-10,0.00027279998175799847,0.0009349999018013477,0.0006621999200433493
thanjavur,2,1001,4873f06780c55e616b0ce2cd85e6daee7aeee20d25226a278463bc6c44bc6dba,0.0,0.0,0.0,0.0,0.0,0.0078125,0.01171875,0.00390625,25,15,-10,0.0003312000771984458,0.0013897999888285995,0.0010585999116301537
thanjavur,2,1002,4873f06780c55e616b0ce2cd85e6daee7aeee20d25226a278463bc6c44bc6dba,0.0,0.0,0.0,0.0,0.0,0.005859375,0.017578125,0.01171875,25,15,-10,0.0002718000905588269,0.0009714000625535846,0.0006995999719947577
thanjavur,2,1003,4873f06780c55e616b0ce2cd85e6daee7aeee20d25226a278463bc6c44bc6dba,0.0,0.0,0.0,0.0,0.0,0.0048828125,0.0146484375,0.009765625,25,15,-10,0.0002772000152617693,0.0012123999185860157,0.0009351999033242464
thanjavur,2,1004,4873f06780c55e616b0ce2cd85e6daee7aeee20d25226a278463bc6c44bc6dba,0.0,0.0,0.0,0.0,0.0,0.0,0.0107421875,0.0107421875,25,15,-10,0.00026510003954172134,0.0012029999634250998,0.0009378999238833785
thanjavur,3,1000,4873f06780c55e616b0ce2cd85e6daee7aeee20d25226a278463bc6c44bc6dba,0.0,0.0,0.0,0.0,0.0,0.0068359375,0.015625,0.0087890625,25,15,-10,0.00032950006425380707,0.0010534999892115593,0.0007239999249577522
thanjavur,3,1001,4873f06780c55e616b0ce2cd85e6daee7aeee20d25226a278463bc6c44bc6dba,0.0,0.0,0.0,0.0,0.0,0.0078125,0.01171875,0.00390625,25,15,-10,0.00025569996796548367,0.0009290000889450312,0.0006733001209795475
thanjavur,3,1002,4873f06780c55e616b0ce2cd85e6daee7aeee20d25226a278463bc6c44bc6dba,0.0,0.0,0.0,0.0,0.0,0.005859375,0.017578125,0.01171875,25,15,-10,0.0002576000988483429,0.001030400046147406,0.0007727999472990632
thanjavur,3,1003,4873f06780c55e616b0ce2cd85e6daee7aeee20d25226a278463bc6c44bc6dba,0.0,0.0,0.0,0.0,0.0,0.0048828125,0.0146484375,0.009765625,25,15,-10,0.00044700002763420343,0.0014124000445008278,0.0009654000168666244
thanjavur,3,1004,4873f06780c55e616b0ce2cd85e6daee7aeee20d25226a278463bc6c44bc6dba,0.0,0.0,0.0,0.0,0.0,0.0,0.0107421875,0.0107421875,25,15,-10,0.0002829000586643815,0.0009743000846356153,0.0006914000259712338
thanjavur,4,1000,4873f06780c55e616b0ce2cd85e6daee7aeee20d25226a278463bc6c44bc6dba,0.0,0.0,0.0,0.0,0.0,0.0068359375,0.015625,0.0087890625,25,15,-10,0.00024690001737326384,0.0010279000271111727,0.0007810000097379088
thanjavur,4,1001,4873f06780c55e616b0ce2cd85e6daee7aeee20d25226a278463bc6c44bc6dba,0.0,0.0,0.0,0.0,0.0,0.0078125,0.01171875,0.00390625,25,15,-10,0.0002503999276086688,0.0009447999764233828,0.000694400048814714
thanjavur,4,1002,4873f06780c55e616b0ce2cd85e6daee7aeee20d25226a278463bc6c44bc6dba,0.0,0.0,0.0,0.0,0.0,0.005859375,0.017578125,0.01171875,25,15,-10,0.0004347999347373843,0.001198599929921329,0.0007637999951839447
thanjavur,4,1003,4873f06780c55e616b0ce2cd85e6daee7aeee20d25226a278463bc6c44bc6dba,0.0,0.0,0.0,0.0,0.0,0.0048828125,0.0146484375,0.009765625,25,15,-10,0.000268799951300025,0.0009561999468132854,0.0006873999955132604
thanjavur,4,1004,4873f06780c55e616b0ce2cd85e6daee7aeee20d25226a278463bc6c44bc6dba,0.0,0.0,0.0,0.0,0.0,0.0,0.0107421875,0.0107421875,25,15,-10,0.0002631000243127346,0.0009969000238925219,0.0007337999995797873
thanjavur,5,1000,4873f06780c55e616b0ce2cd85e6daee7aeee20d25226a278463bc6c44bc6dba,0.0,0.0,0.0,0.0,0.0,0.0068359375,0.015625,0.0087890625,25,15,-10,0.0003198999911546707,0.0021792000625282526,0.0018593000713735819
thanjavur,5,1001,4873f06780c55e616b0ce2cd85e6daee7aeee20d25226a278463bc6c44bc6dba,0.0,0.0,0.0,0.0,0.0,0.0078125,0.01171875,0.00390625,25,15,-10,0.0003720999229699373,0.0013785000192001462,0.0010064000962302089
thanjavur,5,1002,4873f06780c55e616b0ce2cd85e6daee7aeee20d25226a278463bc6c44bc6dba,0.0,0.0,0.0,0.0,0.0,0.005859375,0.017578125,0.01171875,25,15,-10,0.000323199899867177,0.0011069999309256673,0.0007838000310584903
thanjavur,5,1003,4873f06780c55e616b0ce2cd85e6daee7aeee20d25226a278463bc6c44bc6dba,0.0,0.0,0.0,0.0,0.0,0.0048828125,0.0146484375,0.009765625,25,15,-10,0.00028030003886669874,0.0017053999472409487,0.00142509990837425
thanjavur,5,1004,4873f06780c55e616b0ce2cd85e6daee7aeee20d25226a278463bc6c44bc6dba,0.0,0.0,0.0,0.0,0.0,0.0,0.0107421875,0.0107421875,25,15,-10,0.00030319998040795326,0.0010222999844700098,0.0007191000040620565
theni,1,1000,6ed83738b021e584c5c258ad6662787330729acea074e20d20c4f92110d049e7,0.0,0.0,0.0,0.0,0.0,0.0068359375,0.015625,0.0087890625,25,15,-10,0.0004233000800013542,0.0012721000239253044,0.0008487999439239502
theni,1,1001,6ed83738b021e584c5c258ad6662787330729acea074e20d20c4f92110d049e7,0.0,0.0,0.0,0.0,0.0,0.0078125,0.01171875,0.00390625,25,15,-10,0.0002858999650925398,0.0013995000626891851,0.0011136000975966454
theni,1,1002,6ed83738b021e584c5c258ad6662787330729acea074e20d20c4f92110d049e7,0.0,0.0,0.0,0.0,0.0,0.005859375,0.017578125,0.01171875,25,15,-10,0.00035039999056607485,0.0010387999936938286,0.0006884000031277537
theni,1,1003,6ed83738b021e584c5c258ad6662787330729acea074e20d20c4f92110d049e7,0.0,0.0,0.0,0.0,0.0,0.0048828125,0.0146484375,0.009765625,25,15,-10,0.00026000000070780516,0.0009469999931752682,0.000686999992467463
theni,1,1004,6ed83738b021e584c5c258ad6662787330729acea074e20d20c4f92110d049e7,0.0,0.0,0.0,0.0,0.0,0.0,0.0107421875,0.0107421875,25,15,-10,0.0002589999930933118,0.001016099937260151,0.0007570999441668391
theni,2,1000,6ed83738b021e584c5c258ad6662787330729acea074e20d20c4f92110d049e7,0.0,0.0,0.0,0.0,0.0,0.0068359375,0.015625,0.0087890625,25,15,-10,0.00038240000139921904,0.0012170999543741345,0.0008346999529749155
theni,2,1001,6ed83738b021e584c5c258ad6662787330729acea074e20d20c4f92110d049e7,0.0,0.0,0.0,0.0,0.0,0.0078125,0.01171875,0.00390625,25,15,-10,0.00029690004885196686,0.0011334000155329704,0.0008364999666810036
theni,2,1002,6ed83738b021e584c5c258ad6662787330729acea074e20d20c4f92110d049e7,0.0,0.0,0.0,0.0,0.0,0.005859375,0.017578125,0.01171875,25,15,-10,0.00032320001628249884,0.001159899984486401,0.0008366999682039022
theni,2,1003,6ed83738b021e584c5c258ad6662787330729acea074e20d20c4f92110d049e7,0.0,0.0,0.0,0.0,0.0,0.0048828125,0.0146484375,0.009765625,25,15,-10,0.0003971999976783991,0.0016692000208422542,0.001272000023163855
theni,2,1004,6ed83738b021e584c5c258ad6662787330729acea074e20d20c4f92110d049e7,0.0,0.0,0.0,0.0,0.0,0.0,0.0107421875,0.0107421875,25,15,-10,0.0003093000268563628,0.0011385000543668866,0.0008292000275105238
theni,3,1000,6ed83738b021e584c5c258ad6662787330729acea074e20d20c4f92110d049e7,0.0,0.0,0.0,0.0,0.0,0.0068359375,0.015625,0.0087890625,25,15,-10,0.0002880999818444252,0.0010184000711888075,0.0007303000893443823
theni,3,1001,6ed83738b021e584c5c258ad6662787330729acea074e20d20c4f92110d049e7,0.0,0.0,0.0,0.0,0.0,0.0078125,0.01171875,0.00390625,25,15,-10,0.0002466000150889158,0.001303899916820228,0.0010572999017313123
theni,3,1002,6ed83738b021e584c5c258ad6662787330729acea074e20d20c4f92110d049e7,0.0,0.0,0.0,0.0,0.0,0.005859375,0.017578125,0.01171875,25,15,-10,0.0003445000620558858,0.0010797000722959638,0.000735200010240078
theni,3,1003,6ed83738b021e584c5c258ad6662787330729acea074e20d20c4f92110d049e7,0.0,0.0,0.0,0.0,0.0,0.0048828125,0.0146484375,0.009765625,25,15,-10,0.00025589996948838234,0.0009352000197395682,0.0006793000502511859
theni,3,1004,6ed83738b021e584c5c258ad6662787330729acea074e20d20c4f92110d049e7,0.0,0.0,0.0,0.0,0.0,0.0,0.0107421875,0.0107421875,25,15,-10,0.0002633000258356333,0.000969099928624928,0.0007057999027892947
theni,4,1000,6ed83738b021e584c5c258ad6662787330729acea074e20d20c4f92110d049e7,0.0,0.0,0.0,0.0,0.0,0.0068359375,0.015625,0.0087890625,25,15,-10,0.0003541000187397003,0.0014965999871492386,0.0011424999684095383
theni,4,1001,6ed83738b021e584c5c258ad6662787330729acea074e20d20c4f92110d049e7,0.0,0.0,0.0,0.0,0.0,0.0078125,0.01171875,0.00390625,25,15,-10,0.00029280001763254404,0.0010488999541848898,0.0007560999365523458
theni,4,1002,6ed83738b021e584c5c258ad6662787330729acea074e20d20c4f92110d049e7,0.0,0.0,0.0,0.0,0.0,0.005859375,0.017578125,0.01171875,25,15,-10,0.0002759000053629279,0.0011667999206110835,0.0008908999152481556
theni,4,1003,6ed83738b021e584c5c258ad6662787330729acea074e20d20c4f92110d049e7,0.0,0.0,0.0,0.0,0.0,0.0048828125,0.0146484375,0.009765625,25,15,-10,0.00033379998058080673,0.0012855000095441937,0.000951700028963387
theni,4,1004,6ed83738b021e584c5c258ad6662787330729acea074e20d20c4f92110d049e7,0.0,0.0,0.0,0.0,0.0,0.0,0.0107421875,0.0107421875,25,15,-10,0.0003684000112116337,0.00123559997882694,0.0008671999676153064
theni,5,1000,6ed83738b021e584c5c258ad6662787330729acea074e20d20c4f92110d049e7,0.0,0.0,0.0,0.0,0.0,0.0068359375,0.015625,0.0087890625,25,15,-10,0.00035610003396868706,0.0011606999905779958,0.0008045999566093087
theni,5,1001,6ed83738b021e584c5c258ad6662787330729acea074e20d20c4f92110d049e7,0.0,0.0,0.0,0.0,0.0,0.0078125,0.01171875,0.00390625,25,15,-10,0.00028069992549717426,0.0017044999403879046,0.0014238000148907304
theni,5,1002,6ed83738b021e584c5c258ad6662787330729acea074e20d20c4f92110d049e7,0.0,0.0,0.0,0.0,0.0,0.005859375,0.017578125,0.01171875,25,15,-10,0.00035119999665766954,0.0011288000969216228,0.0007776001002639532
theni,5,1003,6ed83738b021e584c5c258ad6662787330729acea074e20d20c4f92110d049e7,0.0,0.0,0.0,0.0,0.0,0.0048828125,0.0146484375,0.009765625,25,15,-10,0.00027279998175799847,0.001005199970677495,0.0007323999889194965
theni,5,1004,6ed83738b021e584c5c258ad6662787330729acea074e20d20c4f92110d049e7,0.0,0.0,0.0,0.0,0.0,0.0,0.0107421875,0.0107421875,25,15,-10,0.00024510000366717577,0.0012493000831454992,0.0010042000794783235
thoothukudi,1,1000,fd798e71a592665664a99ea952bb9be13eff76584310fb21d6f6065399283e6f,0.0,0.0,0.0,0.0,0.0,0.0068359375,0.015625,0.0087890625,25,15,-10,0.0004485000390559435,0.0013297999976202846,0.0008812999585643411
thoothukudi,1,1001,fd798e71a592665664a99ea952bb9be13eff76584310fb21d6f6065399283e6f,0.0,0.0,0.0,0.0,0.0,0.0078125,0.01171875,0.00390625,25,15,-10,0.00024800002574920654,0.0009603999787941575,0.000712399953044951
thoothukudi,1,1002,fd798e71a592665664a99ea952bb9be13eff76584310fb21d6f6065399283e6f,0.0,0.0,0.0,0.0,0.0,0.005859375,0.017578125,0.01171875,25,15,-10,0.00027409999165683985,0.0011260000756010413,0.0008519000839442015
thoothukudi,1,1003,fd798e71a592665664a99ea952bb9be13eff76584310fb21d6f6065399283e6f,0.0,0.0,0.0,0.0,0.0,0.0048828125,0.0146484375,0.009765625,25,15,-10,0.0003367000026628375,0.0010588000295683742,0.0007221000269055367
thoothukudi,1,1004,fd798e71a592665664a99ea952bb9be13eff76584310fb21d6f6065399283e6f,0.0,0.0,0.0,0.0,0.0,0.0,0.0107421875,0.0107421875,25,15,-10,0.00025889999233186245,0.0009618999902158976,0.0007029999978840351
thoothukudi,2,1000,fd798e71a592665664a99ea952bb9be13eff76584310fb21d6f6065399283e6f,0.0,0.0,0.0,0.0,0.0,0.0068359375,0.015625,0.0087890625,25,15,-10,0.0002563000889495015,0.000964100006967783,0.0007077999180182815
thoothukudi,2,1001,fd798e71a592665664a99ea952bb9be13eff76584310fb21d6f6065399283e6f,0.0,0.0,0.0,0.0,0.0,0.0078125,0.01171875,0.00390625,25,15,-10,0.00040479993913322687,0.0015722999814897776,0.0011675000423565507
thoothukudi,2,1002,fd798e71a592665664a99ea952bb9be13eff76584310fb21d6f6065399283e6f,0.0,0.0,0.0,0.0,0.0,0.005859375,0.017578125,0.01171875,25,15,-10,0.0002778000198304653,0.0010223999852314591,0.0007445999654009938
thoothukudi,2,1003,fd798e71a592665664a99ea952bb9be13eff76584310fb21d6f6065399283e6f,0.0,0.0,0.0,0.0,0.0,0.0048828125,0.0146484375,0.009765625,25,15,-10,0.0002527000615373254,0.0012338000815361738,0.0009811000199988484
thoothukudi,2,1004,fd798e71a592665664a99ea952bb9be13eff76584310fb21d6f6065399283e6f,0.0,0.0,0.0,0.0,0.0,0.0,0.0107421875,0.0107421875,25,15,-10,0.00034069991670548916,0.0011230999371036887,0.0007824000203981996
thoothukudi,3,1000,fd798e71a592665664a99ea952bb9be13eff76584310fb21d6f6065399283e6f,0.0,0.0,0.0,0.0,0.0,0.0068359375,0.015625,0.0087890625,25,15,-10,0.0004412999842315912,0.0011506000300869346,0.0007093000458553433
thoothukudi,3,1001,fd798e71a592665664a99ea952bb9be13eff76584310fb21d6f6065399283e6f,0.0,0.0,0.0,0.0,0.0,0.0078125,0.01171875,0.00390625,25,15,-10,0.0002509999321773648,0.0009319999953731894,0.0006810000631958246
thoothukudi,3,1002,fd798e71a592665664a99ea952bb9be13eff76584310fb21d6f6065399283e6f,0.0,0.0,0.0,0.0,0.0,0.005859375,0.017578125,0.01171875,25,15,-10,0.0002609000075608492,0.0009697000496089458,0.0007088000420480967
thoothukudi,3,1003,fd798e71a592665664a99ea952bb9be13eff76584310fb21d6f6065399283e6f,0.0,0.0,0.0,0.0,0.0,0.0048828125,0.0146484375,0.009765625,25,15,-10,0.0002476000227034092,0.0013931000139564276,0.0011454999912530184
thoothukudi,3,1004,fd798e71a592665664a99ea952bb9be13eff76584310fb21d6f6065399283e6f,0.0,0.0,0.0,0.0,0.0,0.0,0.0107421875,0.0107421875,25,15,-10,0.00028280005790293217,0.0010655000805854797,0.0007827000226825476
thoothukudi,4,1000,fd798e71a592665664a99ea952bb9be13eff76584310fb21d6f6065399283e6f,0.0,0.0,0.0,0.0,0.0,0.0068359375,0.015625,0.0087890625,25,15,-10,0.0002750999992713332,0.0009721999522298574,0.0006970999529585242
thoothukudi,4,1001,fd798e71a592665664a99ea952bb9be13eff76584310fb21d6f6065399283e6f,0.0,0.0,0.0,0.0,0.0,0.0078125,0.01171875,0.00390625,25,15,-10,0.0002731999848037958,0.0009627999970689416,0.0006896000122651458
thoothukudi,4,1002,fd798e71a592665664a99ea952bb9be13eff76584310fb21d6f6065399283e6f,0.0,0.0,0.0,0.0,0.0,0.005859375,0.017578125,0.01171875,25,15,-10,0.0003872000379487872,0.0013423000928014517,0.0009551000548526645
thoothukudi,4,1003,fd798e71a592665664a99ea952bb9be13eff76584310fb21d6f6065399283e6f,0.0,0.0,0.0,0.0,0.0,0.0048828125,0.0146484375,0.009765625,25,15,-10,0.0002938000252470374,0.000959400087594986,0.0006656000623479486
thoothukudi,4,1004,fd798e71a592665664a99ea952bb9be13eff76584310fb21d6f6065399283e6f,0.0,0.0,0.0,0.0,0.0,0.0,0.0107421875,0.0107421875,25,15,-10,0.00024750002194195986,0.0009335000067949295,0.0006859999848529696
thoothukudi,5,1000,fd798e71a592665664a99ea952bb9be13eff76584310fb21d6f6065399283e6f,0.0,0.0,0.0,0.0,0.0,0.0068359375,0.015625,0.0087890625,25,15,-10,0.00025539996568113565,0.0010336999548599124,0.0007782999891787767
thoothukudi,5,1001,fd798e71a592665664a99ea952bb9be13eff76584310fb21d6f6065399283e6f,0.0,0.0,0.0,0.0,0.0,0.0078125,0.01171875,0.00390625,25,15,-10,0.00043649994768202305,0.001129099982790649,0.0006926000351086259
thoothukudi,5,1002,fd798e71a592665664a99ea952bb9be13eff76584310fb21d6f6065399283e6f,0.0,0.0,0.0,0.0,0.0,0.005859375,0.017578125,0.01171875,25,15,-10,0.0003112000413239002,0.00106519996188581,0.0007539999205619097
thoothukudi,5,1003,fd798e71a592665664a99ea952bb9be13eff76584310fb21d6f6065399283e6f,0.0,0.0,0.0,0.0,0.0,0.0048828125,0.0146484375,0.009765625,25,15,-10,0.0002706999657675624,0.0010244000004604459,0.0007537000346928835
thoothukudi,5,1004,fd798e71a592665664a99ea952bb9be13eff76584310fb21d6f6065399283e6f,0.0,0.0,0.0,0.0,0.0,0.0,0.0107421875,0.0107421875,25,15,-10,0.000382099999114871,0.0015446998877450824,0.0011625998886302114
tiruchirappalli,1,1000,507a193ab5ce04a565fd3c57a7f43d307dc45cc7de12e4d42b6f5c163fda72c2,0.0,0.0,0.0,0.0,0.0,0.0068359375,0.015625,0.0087890625,25,15,-10,0.0004592000041157007,0.0012532999971881509,0.0007940999930724502
tiruchirappalli,1,1001,507a193ab5ce04a565fd3c57a7f43d307dc45cc7de12e4d42b6f5c163fda72c2,0.0,0.0,0.0,0.0,0.0,0.0078125,0.01171875,0.00390625,25,15,-10,0.00025509996339678764,0.0010165999410673976,0.00076149997767061
tiruchirappalli,1,1002,507a193ab5ce04a565fd3c57a7f43d307dc45cc7de12e4d42b6f5c163fda72c2,0.0,0.0,0.0,0.0,0.0,0.005859375,0.017578125,0.01171875,25,15,-10,0.00034360005520284176,0.0016162999672815204,0.0012726999120786786
tiruchirappalli,1,1003,507a193ab5ce04a565fd3c57a7f43d307dc45cc7de12e4d42b6f5c163fda72c2,0.0,0.0,0.0,0.0,0.0,0.0048828125,0.0146484375,0.009765625,25,15,-10,0.0002951000351458788,0.0010334000689908862,0.0007383000338450074
tiruchirappalli,1,1004,507a193ab5ce04a565fd3c57a7f43d307dc45cc7de12e4d42b6f5c163fda72c2,0.0,0.0,0.0,0.0,0.0,0.0,0.0107421875,0.0107421875,25,15,-10,0.00025029992684721947,0.0010235999943688512,0.0007733000675216317
tiruchirappalli,2,1000,507a193ab5ce04a565fd3c57a7f43d307dc45cc7de12e4d42b6f5c163fda72c2,0.0,0.0,0.0,0.0,0.0,0.0068359375,0.015625,0.0087890625,25,15,-10,0.0002607000060379505,0.0010920000495389104,0.0008313000435009599
tiruchirappalli,2,1001,507a193ab5ce04a565fd3c57a7f43d307dc45cc7de12e4d42b6f5c163fda72c2,0.0,0.0,0.0,0.0,0.0,0.0078125,0.01171875,0.00390625,25,15,-10,0.0003869000356644392,0.0011273999698460102,0.000740499934181571
tiruchirappalli,2,1002,507a193ab5ce04a565fd3c57a7f43d307dc45cc7de12e4d42b6f5c163fda72c2,0.0,0.0,0.0,0.0,0.0,0.005859375,0.017578125,0.01171875,25,15,-10,0.0002543999580666423,0.0009280999656766653,0.000673700007610023
tiruchirappalli,2,1003,507a193ab5ce04a565fd3c57a7f43d307dc45cc7de12e4d42b6f5c163fda72c2,0.0,0.0,0.0,0.0,0.0,0.0048828125,0.0146484375,0.009765625,25,15,-10,0.00024670001585036516,0.0010150999296456575,0.0007683999137952924
tiruchirappalli,2,1004,507a193ab5ce04a565fd3c57a7f43d307dc45cc7de12e4d42b6f5c163fda72c2,0.0,0.0,0.0,0.0,0.0,0.0,0.0107421875,0.0107421875,25,15,-10,0.00025839998852461576,0.0013807000359520316,0.0011223000474274158
tiruchirappalli,3,1000,507a193ab5ce04a565fd3c57a7f43d307dc45cc7de12e4d42b6f5c163fda72c2,0.0,0.0,0.0,0.0,0.0,0.0068359375,0.015625,0.0087890625,25,15,-10,0.00029589992482215166,0.0010698999976739287,0.0007740000728517771
tiruchirappalli,3,1001,507a193ab5ce04a565fd3c57a7f43d307dc45cc7de12e4d42b6f5c163fda72c2,0.0,0.0,0.0,0.0,0.0,0.0078125,0.01171875,0.00390625,25,15,-10,0.00028110004495829344,0.000997799914330244,0.0007166998693719506
tiruchirappalli,3,1002,507a193ab5ce04a565fd3c57a7f43d307dc45cc7de12e4d42b6f5c163fda72c2,0.0,0.0,0.0,0.0,0.0,0.005859375,0.017578125,0.01171875,25,15,-10,0.0002614000113680959,0.0009371999185532331,0.0006757999071851373
tiruchirappalli,3,1003,507a193ab5ce04a565fd3c57a7f43d307dc45cc7de12e4d42b6f5c163fda72c2,0.0,0.0,0.0,0.0,0.0,0.0048828125,0.0146484375,0.009765625,25,15,-10,0.00041999993845820427,0.0012864999007433653,0.000866499962285161
tiruchirappalli,3,1004,507a193ab5ce04a565fd3c57a7f43d307dc45cc7de12e4d42b6f5c163fda72c2,0.0,0.0,0.0,0.0,0.0,0.0,0.0107421875,0.0107421875,25,15,-10,0.00026840006466954947,0.0009429000783711672,0.0006745000137016177
tiruchirappalli,4,1000,507a193ab5ce04a565fd3c57a7f43d307dc45cc7de12e4d42b6f5c163fda72c2,0.0,0.0,0.0,0.0,0.0,0.0068359375,0.015625,0.0087890625,25,15,-10,0.0002791000297293067,0.0009532999247312546,0.0006741998950019479
tiruchirappalli,4,1001,507a193ab5ce04a565fd3c57a7f43d307dc45cc7de12e4d42b6f5c163fda72c2,0.0,0.0,0.0,0.0,0.0,0.0078125,0.01171875,0.00390625,25,15,-10,0.00026940007228404284,0.0013068000553175807,0.0010373999830335379
tiruchirappalli,4,1002,507a193ab5ce04a565fd3c57a7f43d307dc45cc7de12e4d42b6f5c163fda72c2,0.0,0.0,0.0,0.0,0.0,0.005859375,0.017578125,0.01171875,25,15,-10,0.0003656999906525016,0.0017485999269410968,0.0013828999362885952
tiruchirappalli,4,1003,507a193ab5ce04a565fd3c57a7f43d307dc45cc7de12e4d42b6f5c163fda72c2,0.0,0.0,0.0,0.0,0.0,0.0048828125,0.0146484375,0.009765625,25,15,-10,0.00028689997270703316,0.0010186000727117062,0.000731700100004673
tiruchirappalli,4,1004,507a193ab5ce04a565fd3c57a7f43d307dc45cc7de12e4d42b6f5c163fda72c2,0.0,0.0,0.0,0.0,0.0,0.0,0.0107421875,0.0107421875,25,15,-10,0.0004915000172331929,0.001226700027473271,0.000735200010240078
tiruchirappalli,5,1000,507a193ab5ce04a565fd3c57a7f43d307dc45cc7de12e4d42b6f5c163fda72c2,0.0,0.0,0.0,0.0,0.0,0.0068359375,0.015625,0.0087890625,25,15,-10,0.00027540000155568123,0.000977399991825223,0.0007019999902695417
tiruchirappalli,5,1001,507a193ab5ce04a565fd3c57a7f43d307dc45cc7de12e4d42b6f5c163fda72c2,0.0,0.0,0.0,0.0,0.0,0.0078125,0.01171875,0.00390625,25,15,-10,0.0002579999854788184,0.0010242999996989965,0.0007663000142201781
tiruchirappalli,5,1002,507a193ab5ce04a565fd3c57a7f43d307dc45cc7de12e4d42b6f5c163fda72c2,0.0,0.0,0.0,0.0,0.0,0.005859375,0.017578125,0.01171875,25,15,-10,0.0003842998994514346,0.002208199934102595,0.0018239000346511602
tiruchirappalli,5,1003,507a193ab5ce04a565fd3c57a7f43d307dc45cc7de12e4d42b6f5c163fda72c2,0.0,0.0,0.0,0.0,0.0,0.0048828125,0.0146484375,0.009765625,25,15,-10,0.0003003999590873718,0.000968199921771884,0.0006677999626845121
tiruchirappalli,5,1004,507a193ab5ce04a565fd3c57a7f43d307dc45cc7de12e4d42b6f5c163fda72c2,0.0,0.0,0.0,0.0,0.0,0.0,0.0107421875,0.0107421875,25,15,-10,0.0002535000676289201,0.0009696000488474965,0.0007160999812185764
tirunelveli,1,1000,dfb2d9d8f4ea885673ab570c8bd7cb75bf6acac4de84398c251c329b1f28c650,0.0,0.0,0.0,0.0,0.0,0.0068359375,0.015625,0.0087890625,25,15,-10,0.00046230002772063017,0.0015165000222623348,0.0010541999945417047
tirunelveli,1,1001,dfb2d9d8f4ea885673ab570c8bd7cb75bf6acac4de84398c251c329b1f28c650,0.0,0.0,0.0,0.0,0.0,0.0078125,0.01171875,0.00390625,25,15,-10,0.00031239993404597044,0.001218699966557324,0.0009063000325113535
tirunelveli,1,1002,dfb2d9d8f4ea885673ab570c8bd7cb75bf6acac4de84398c251c329b1f28c650,0.0,0.0,0.0,0.0,0.0,0.005859375,0.017578125,0.01171875,25,15,-10,0.0003480999730527401,0.0013149000005796552,0.0009668000275269151
tirunelveli,1,1003,dfb2d9d8f4ea885673ab570c8bd7cb75bf6acac4de84398c251c329b1f28c650,0.0,0.0,0.0,0.0,0.0,0.0048828125,0.0146484375,0.009765625,25,15,-10,0.00030170008540153503,0.0010006000520661473,0.0006988999666646123
tirunelveli,1,1004,dfb2d9d8f4ea885673ab570c8bd7cb75bf6acac4de84398c251c329b1f28c650,0.0,0.0,0.0,0.0,0.0,0.0,0.0107421875,0.0107421875,25,15,-10,0.00026030000299215317,0.000965900020673871,0.0007056000176817179
tirunelveli,2,1000,dfb2d9d8f4ea885673ab570c8bd7cb75bf6acac4de84398c251c329b1f28c650,0.0,0.0,0.0,0.0,0.0,0.0068359375,0.015625,0.0087890625,25,15,-10,0.0003784999717026949,0.00155590008944273,0.001177400117740035
tirunelveli,2,1001,dfb2d9d8f4ea885673ab570c8bd7cb75bf6acac4de84398c251c329b1f28c650,0.0,0.0,0.0,0.0,0.0,0.0078125,0.01171875,0.00390625,25,15,-10,0.00029340002220124006,0.0011158999986946583,0.0008224999764934182
tirunelveli,2,1002,dfb2d9d8f4ea885673ab570c8bd7cb75bf6acac4de84398c251c329b1f28c650,0.0,0.0,0.0,0.0,0.0,0.005859375,0.017578125,0.01171875,25,15,-10,0.0002919000107795,0.0012255000183358788,0.0009336000075563788
tirunelveli,2,1003,dfb2d9d8f4ea885673ab570c8bd7cb75bf6acac4de84398c251c329b1f28c650,0.0,0.0,0.0,0.0,0.0,0.0048828125,0.0146484375,0.009765625,25,15,-10,0.0003231000155210495,0.0014047999866306782,0.0010816999711096287
tirunelveli,2,1004,dfb2d9d8f4ea885673ab570c8bd7cb75bf6acac4de84398c251c329b1f28c650,0.0,0.0,0.0,0.0,0.0,0.0,0.0107421875,0.0107421875,25,15,-10,0.0003504999913275242,0.0012247000122442842,0.00087420002091676
tirunelveli,3,1000,dfb2d9d8f4ea885673ab570c8bd7cb75bf6acac4de84398c251c329b1f28c650,0.0,0.0,0.0,0.0,0.0,0.0068359375,0.015625,0.0087890625,25,15,-10,0.0003074000123888254,0.0011468000011518598,0.0008393999887630343
tirunelveli,3,1001,dfb2d9d8f4ea885673ab570c8bd7cb75bf6acac4de84398c251c329b1f28c650,0.0,0.0,0.0,0.0,0.0,0.0078125,0.01171875,0.00390625,25,15,-10,0.00031370006036013365,0.0012996000004932284,0.0009858999401330948
tirunelveli,3,1002,dfb2d9d8f4ea885673ab570c8bd7cb75bf6acac4de84398c251c329b1f28c650,0.0,0.0,0.0,0.0,0.0,0.005859375,0.017578125,0.01171875,25,15,-10,0.00038730003871023655,0.0013554999604821205,0.000968199921771884
tirunelveli,3,1003,dfb2d9d8f4ea885673ab570c8bd7cb75bf6acac4de84398c251c329b1f28c650,0.0,0.0,0.0,0.0,0.0,0.0048828125,0.0146484375,0.009765625,25,15,-10,0.0003038999857380986,0.0012220999924466014,0.0009182000067085028
tirunelveli,3,1004,dfb2d9d8f4ea885673ab570c8bd7cb75bf6acac4de84398c251c329b1f28c650,0.0,0.0,0.0,0.0,0.0,0.0,0.0107421875,0.0107421875,25,15,-10,0.00028600008226931095,0.0012221999932080507,0.0009361999109387398
tirunelveli,4,1000,dfb2d9d8f4ea885673ab570c8bd7cb75bf6acac4de84398c251c329b1f28c650,0.0,0.0,0.0,0.0,0.0,0.0068359375,0.015625,0.0087890625,25,15,-10,0.00039870000910013914,0.0011862999526783824,0.0007875999435782433
tirunelveli,4,1001,dfb2d9d8f4ea885673ab570c8bd7cb75bf6acac4de84398c251c329b1f28c650,0.0,0.0,0.0,0.0,0.0,0.0078125,0.01171875,0.00390625,25,15,-10,0.0002657999284565449,0.0009945000056177378,0.0007287000771611929
tirunelveli,4,1002,dfb2d9d8f4ea885673ab570c8bd7cb75bf6acac4de84398c251c329b1f28c650,0.0,0.0,0.0,0.0,0.0,0.005859375,0.017578125,0.01171875,25,15,-10,0.0002562999725341797,0.0009561000624671578,0.0006998000899329782
tirunelveli,4,1003,dfb2d9d8f4ea885673ab570c8bd7cb75bf6acac4de84398c251c329b1f28c650,0.0,0.0,0.0,0.0,0.0,0.0048828125,0.0146484375,0.009765625,25,15,-10,0.0003885999321937561,0.0016189999878406525,0.0012304000556468964
tirunelveli,4,1004,dfb2d9d8f4ea885673ab570c8bd7cb75bf6acac4de84398c251c329b1f28c650,0.0,0.0,0.0,0.0,0.0,0.0,0.0107421875,0.0107421875,25,15,-10,0.00031219993252307177,0.0010701999999582767,0.000758000067435205
tirunelveli,5,1000,dfb2d9d8f4ea885673ab570c8bd7cb75bf6acac4de84398c251c329b1f28c650,0.0,0.0,0.0,0.0,0.0,0.0068359375,0.015625,0.0087890625,25,15,-10,0.00036639999598264694,0.0010409998940303922,0.0006745998980477452
tirunelveli,5,1001,dfb2d9d8f4ea885673ab570c8bd7cb75bf6acac4de84398c251c329b1f28c650,0.0,0.0,0.0,0.0,0.0,0.0078125,0.01171875,0.00390625,25,15,-10,0.0002815000480040908,0.002563499961979687,0.0022819999139755964
tirunelveli,5,1002,dfb2d9d8f4ea885673ab570c8bd7cb75bf6acac4de84398c251c329b1f28c650,0.0,0.0,0.0,0.0,0.0,0.005859375,0.017578125,0.01171875,25,15,-10,0.00031749997287988663,0.0013128999853506684,0.0009954000124707818
tirunelveli,5,1003,dfb2d9d8f4ea885673ab570c8bd7cb75bf6acac4de84398c251c329b1f28c650,0.0,0.0,0.0,0.0,0.0,0.0048828125,0.0146484375,0.009765625,25,15,-10,0.00027799990493804216,0.0011768999975174665,0.0008989000925794244
tirunelveli,5,1004,dfb2d9d8f4ea885673ab570c8bd7cb75bf6acac4de84398c251c329b1f28c650,0.0,0.0,0.0,0.0,0.0,0.0,0.0107421875,0.0107421875,25,15,-10,0.0003621999640017748,0.0016901999479159713,0.0013279999839141965
tirupathur,1,1000,28ebad1545f444d722ca4bf3fe132979f9a883d3d0f6c0c17fbc6bd80da31e3c,0.0,0.0,0.0,0.0,0.0,0.0068359375,0.015625,0.0087890625,25,15,-10,0.0005047000013291836,0.0014271000400185585,0.0009224000386893749
tirupathur,1,1001,28ebad1545f444d722ca4bf3fe132979f9a883d3d0f6c0c17fbc6bd80da31e3c,0.0,0.0,0.0,0.0,0.0,0.0078125,0.01171875,0.00390625,25,15,-10,0.00026430003345012665,0.0010122000239789486,0.0007478999905288219
tirupathur,1,1002,28ebad1545f444d722ca4bf3fe132979f9a883d3d0f6c0c17fbc6bd80da31e3c,0.0,0.0,0.0,0.0,0.0,0.005859375,0.017578125,0.01171875,25,15,-10,0.0002799000358209014,0.0015154998982325196,0.0012355998624116182
tirupathur,1,1003,28ebad1545f444d722ca4bf3fe132979f9a883d3d0f6c0c17fbc6bd80da31e3c,0.0,0.0,0.0,0.0,0.0,0.0048828125,0.0146484375,0.009765625,25,15,-10,0.0004235000815242529,0.0013593999901786447,0.0009358999086543918
tirupathur,1,1004,28ebad1545f444d722ca4bf3fe132979f9a883d3d0f6c0c17fbc6bd80da31e3c,0.0,0.0,0.0,0.0,0.0,0.0,0.0107421875,0.0107421875,25,15,-10,0.0003192999865859747,0.0009852000512182713,0.0006659000646322966
tirupathur,2,1000,28ebad1545f444d722ca4bf3fe132979f9a883d3d0f6c0c17fbc6bd80da31e3c,0.0,0.0,0.0,0.0,0.0,0.0068359375,0.015625,0.0087890625,25,15,-10,0.0002927999012172222,0.0017121999990195036,0.0014194000978022814
tirupathur,2,1001,28ebad1545f444d722ca4bf3fe132979f9a883d3d0f6c0c17fbc6bd80da31e3c,0.0,0.0,0.0,0.0,0.0,0.0078125,0.01171875,0.00390625,25,15,-10,0.0004319999134168029,0.001257500029169023,0.0008255001157522202
tirupathur,2,1002,28ebad1545f444d722ca4bf3fe132979f9a883d3d0f6c0c17fbc6bd80da31e3c,0.0,0.0,0.0,0.0,0.0,0.005859375,0.017578125,0.01171875,25,15,-10,0.0002842999529093504,0.0010132999159395695,0.0007289999630302191
tirupathur,2,1003,28ebad1545f444d722ca4bf3fe132979f9a883d3d0f6c0c17fbc6bd80da31e3c,0.0,0.0,0.0,0.0,0.0,0.0048828125,0.0146484375,0.009765625,25,15,-10,0.00026460003573447466,0.001792699913494289,0.0015280998777598143
tirupathur,2,1004,28ebad1545f444d722ca4bf3fe132979f9a883d3d0f6c0c17fbc6bd80da31e3c,0.0,0.0,0.0,0.0,0.0,0.0,0.0107421875,0.0107421875,25,15,-10,0.00041370000690221786,0.001357500092126429,0.0009438000852242112
tirupathur,3,1000,28ebad1545f444d722ca4bf3fe132979f9a883d3d0f6c0c17fbc6bd80da31e3c,0.0,0.0,0.0,0.0,0.0,0.0068359375,0.015625,0.0087890625,25,15,-10,0.00028499995823949575,0.0009865999454632401,0.0007015999872237444
tirupathur,3,1001,28ebad1545f444d722ca4bf3fe132979f9a883d3d0f6c0c17fbc6bd80da31e3c,0.0,0.0,0.0,0.0,0.0,0.0078125,0.01171875,0.00390625,25,15,-10,0.000355200027115643,0.0015327000292018056,0.0011775000020861626
tirupathur,3,1002,28ebad1545f444d722ca4bf3fe132979f9a883d3d0f6c0c17fbc6bd80da31e3c,0.0,0.0,0.0,0.0,0.0,0.005859375,0.017578125,0.01171875,25,15,-10,0.00031809997744858265,0.0011522999266162515,0.0008341999491676688
tirupathur,3,1003,28ebad1545f444d722ca4bf3fe132979f9a883d3d0f6c0c17fbc6bd80da31e3c,0.0,0.0,0.0,0.0,0.0,0.0048828125,0.0146484375,0.009765625,25,15,-10,0.00026590004563331604,0.0009543999331071973,0.0006884998874738812
tirupathur,3,1004,28ebad1545f444d722ca4bf3fe132979f9a883d3d0f6c0c17fbc6bd80da31e3c,0.0,0.0,0.0,0.0,0.0,0.0,0.0107421875,0.0107421875,25,15,-10,0.0002570999786257744,0.0023494999622926116,0.002092399983666837
tirupathur,4,1000,28ebad1545f444d722ca4bf3fe132979f9a883d3d0f6c0c17fbc6bd80da31e3c,0.0,0.0,0.0,0.0,0.0,0.0068359375,0.015625,0.0087890625,25,15,-10,0.00035310001112520695,0.0012914000544697046,0.0009383000433444977
tirupathur,4,1001,28ebad1545f444d722ca4bf3fe132979f9a883d3d0f6c0c17fbc6bd80da31e3c,0.0,0.0,0.0,0.0,0.0,0.0078125,0.01171875,0.00390625,25,15,-10,0.0002715000882744789,0.0009643000084906816,0.0006927999202162027
tirupathur,4,1002,28ebad1545f444d722ca4bf3fe132979f9a883d3d0f6c0c17fbc6bd80da31e3c,0.0,0.0,0.0,0.0,0.0,0.005859375,0.017578125,0.01171875,25,15,-10,0.00026929995510727167,0.001132599893026054,0.0008632999379187822
tirupathur,4,1003,28ebad1545f444d722ca4bf3fe132979f9a883d3d0f6c0c17fbc6bd80da31e3c,0.0,0.0,0.0,0.0,0.0,0.0048828125,0.0146484375,0.009765625,25,15,-10,0.0005242000333964825,0.0012334000784903765,0.000709200045093894
tirupathur,4,1004,28ebad1545f444d722ca4bf3fe132979f9a883d3d0f6c0c17fbc6bd80da31e3c,0.0,0.0,0.0,0.0,0.0,0.0,0.0107421875,0.0107421875,25,15,-10,0.00026810006238520145,0.0009991000406444073,0.0007309999782592058
tirupathur,5,1000,28ebad1545f444d722ca4bf3fe132979f9a883d3d0f6c0c17fbc6bd80da31e3c,0.0,0.0,0.0,0.0,0.0,0.0068359375,0.015625,0.0087890625,25,15,-10,0.00027760001830756664,0.0012375999940559268,0.0009599999757483602
tirupathur,5,1001,28ebad1545f444d722ca4bf3fe132979f9a883d3d0f6c0c17fbc6bd80da31e3c,0.0,0.0,0.0,0.0,0.0,0.0078125,0.01171875,0.00390625,25,15,-10,0.0004202999407425523,0.001574199995957315,0.0011539000552147627
tirupathur,5,1002,28ebad1545f444d722ca4bf3fe132979f9a883d3d0f6c0c17fbc6bd80da31e3c,0.0,0.0,0.0,0.0,0.0,0.005859375,0.017578125,0.01171875,25,15,-10,0.00026590004563331604,0.00101350003387779,0.0007475999882444739
tirupathur,5,1003,28ebad1545f444d722ca4bf3fe132979f9a883d3d0f6c0c17fbc6bd80da31e3c,0.0,0.0,0.0,0.0,0.0,0.0048828125,0.0146484375,0.009765625,25,15,-10,0.000269099953584373,0.0009674999164417386,0.0006983999628573656
tirupathur,5,1004,28ebad1545f444d722ca4bf3fe132979f9a883d3d0f6c0c17fbc6bd80da31e3c,0.0,0.0,0.0,0.0,0.0,0.0,0.0107421875,0.0107421875,25,15,-10,0.00041969993617385626,0.001595199923031032,0.0011754999868571758
tiruvarur,1,1000,f5f6b7322d24aec94c4ee27f670b3688c27917a5c39eccf7e81bf34bb790439d,0.0,0.0,0.0,0.0,0.0,0.0068359375,0.015625,0.0087890625,25,15,-10,0.0004406999796628952,0.0017632000381127,0.0013225000584498048
tiruvarur,1,1001,f5f6b7322d24aec94c4ee27f670b3688c27917a5c39eccf7e81bf34bb790439d,0.0,0.0,0.0,0.0,0.0,0.0078125,0.01171875,0.00390625,25,15,-10,0.00031669996678829193,0.0012021999573335052,0.0008854999905452132
tiruvarur,1,1002,f5f6b7322d24aec94c4ee27f670b3688c27917a5c39eccf7e81bf34bb790439d,0.0,0.0,0.0,0.0,0.0,0.005859375,0.017578125,0.01171875,25,15,-10,0.000256099971011281,0.0009626999963074923,0.0007066000252962112
tiruvarur,1,1003,f5f6b7322d24aec94c4ee27f670b3688c27917a5c39eccf7e81bf34bb790439d,0.0,0.0,0.0,0.0,0.0,0.0048828125,0.0146484375,0.009765625,25,15,-10,0.0002535999519750476,0.0009869999485090375,0.0007333999965339899
tiruvarur,1,1004,f5f6b7322d24aec94c4ee27f670b3688c27917a5c39eccf7e81bf34bb790439d,0.0,0.0,0.0,0.0,0.0,0.0,0.0107421875,0.0107421875,25,15,-10,0.00038159999530762434,0.0012452000519260764,0.0008636000566184521
tiruvarur,2,1000,f5f6b7322d24aec94c4ee27f670b3688c27917a5c39eccf7e81bf34bb790439d,0.0,0.0,0.0,0.0,0.0,0.0068359375,0.015625,0.0087890625,25,15,-10,0.00028609996661543846,0.0009998000459745526,0.0007137000793591142
tiruvarur,2,1001,f5f6b7322d24aec94c4ee27f670b3688c27917a5c39eccf7e81bf34bb790439d,0.0,0.0,0.0,0.0,0.0,0.0078125,0.01171875,0.00390625,25,15,-10,0.0002695999573916197,0.0012110999086871743,0.0009414999512955546
tiruvarur,2,1002,f5f6b7322d24aec94c4ee27f670b3688c27917a5c39eccf7e81bf34bb790439d,0.0,0.0,0.0,0.0,0.0,0.005859375,0.017578125,0.01171875,25,15,-10,0.0002954000374302268,0.001345600001513958,0.0010501999640837312
tiruvarur,2,1003,f5f6b7322d24aec94c4ee27f670b3688c27917a5c39eccf7e81bf34bb790439d,0.0,0.0,0.0,0.0,0.0,0.0048828125,0.0146484375,0.009765625,25,15,-10,0.00034440006129443645,0.0011356000322848558,0.0007911999709904194
tiruvarur,2,1004,f5f6b7322d24aec94c4ee27f670b3688c27917a5c39eccf7e81bf34bb790439d,0.0,0.0,0.0,0.0,0.0,0.0,0.0107421875,0.0107421875,25,15,-10,0.0002839999506250024,0.000954299932345748,0.0006702999817207456
tiruvarur,3,1000,f5f6b7322d24aec94c4ee27f670b3688c27917a5c39eccf7e81bf34bb790439d,0.0,0.0,0.0,0.0,0.0,0.0068359375,0.015625,0.0087890625,25,15,-10,0.00025260006077587605,0.0010793000692501664,0.0008267000084742904
tiruvarur,3,1001,f5f6b7322d24aec94c4ee27f670b3688c27917a5c39eccf7e81bf34bb790439d,0.0,0.0,0.0,0.0,0.0,0.0078125,0.01171875,0.00390625,25,15,-10,0.00032220000866800547,0.001271899905987084,0.0009496998973190784
tiruvarur,3,1002,f5f6b7322d24aec94c4ee27f670b3688c27917a5c39eccf7e81bf34bb790439d,0.0,0.0,0.0,0.0,0.0,0.005859375,0.017578125,0.01171875,25,15,-10,0.000466700061224401,0.001102200010791421,0.0006354999495670199
tiruvarur,3,1003,f5f6b7322d24aec94c4ee27f670b3688c27917a5c39eccf7e81bf34bb790439d,0.0,0.0,0.0,0.0,0.0,0.0048828125,0.0146484375,0.009765625,25,15,-10,0.0002536999527364969,0.0009857999393716455,0.0007320999866351485
tiruvarur,3,1004,f5f6b7322d24aec94c4ee27f670b3688c27917a5c39eccf7e81bf34bb790439d,0.0,0.0,0.0,0.0,0.0,0.0,0.0107421875,0.0107421875,25,15,-10,0.0004643999272957444,0.0016347999917343259,0.0011704000644385815
tiruvarur,4,1000,f5f6b7322d24aec94c4ee27f670b3688c27917a5c39eccf7e81bf34bb790439d,0.0,0.0,0.0,0.0,0.0,0.0068359375,0.015625,0.0087890625,25,15,-10,0.0003328999737277627,0.0010972999734804034,0.0007643999997526407
tiruvarur,4,1001,f5f6b7322d24aec94c4ee27f670b3688c27917a5c39eccf7e81bf34bb790439d,0.0,0.0,0.0,0.0,0.0,0.0078125,0.01171875,0.00390625,25,15,-10,0.00027329998556524515,0.001027400023303926,0.0007541000377386808
tiruvarur,4,1002,f5f6b7322d24aec94c4ee27f670b3688c27917a5c39eccf7e81bf34bb790439d,0.0,0.0,0.0,0.0,0.0,0.005859375,0.017578125,0.01171875,25,15,-10,0.0004550999728962779,0.0015946999192237854,0.0011395999463275075
tiruvarur,4,1003,f5f6b7322d24aec94c4ee27f670b3688c27917a5c39eccf7e81bf34bb790439d,0.0,0.0,0.0,0.0,0.0,0.0048828125,0.0146484375,0.009765625,25,15,-10,0.00029120000544935465,0.0012703000102192163,0.0009791000047698617
tiruvarur,4,1004,f5f6b7322d24aec94c4ee27f670b3688c27917a5c39eccf7e81bf34bb790439d,0.0,0.0,0.0,0.0,0.0,0.0,0.0107421875,0.0107421875,25,15,-10,0.00026819994673132896,0.0009469999931752682,0.0006788000464439392
tiruvarur,5,1000,f5f6b7322d24aec94c4ee27f670b3688c27917a5c39eccf7e81bf34bb790439d,0.0,0.0,0.0,0.0,0.0,0.0068359375,0.015625,0.0087890625,25,15,-10,0.00026819994673132896,0.0011346000246703625,0.0008664000779390335
tiruvarur,5,1001,f5f6b7322d24aec94c4ee27f670b3688c27917a5c39eccf7e81bf34bb790439d,0.0,0.0,0.0,0.0,0.0,0.0078125,0.01171875,0.00390625,25,15,-10,0.0005332999862730503,0.0011544000590220094,0.0006211000727489591
tiruvarur,5,1002,f5f6b7322d24aec94c4ee27f670b3688c27917a5c39eccf7e81bf34bb790439d,0.0,0.0,0.0,0.0,0.0,0.005859375,0.017578125,0.01171875,25,15,-10,0.000291000003926456,0.000956399948336184,0.000665399944409728
tiruvarur,5,1003,f5f6b7322d24aec94c4ee27f670b3688c27917a5c39eccf7e81bf34bb790439d,0.0,0.0,0.0,0.0,0.0,0.0048828125,0.0146484375,0.009765625,25,15,-10,0.00027199997566640377,0.0009503000183030963,0.0006783000426366925
tiruvarur,5,1004,f5f6b7322d24aec94c4ee27f670b3688c27917a5c39eccf7e81bf34bb790439d,0.0,0.0,0.0,0.0,0.0,0.0,0.0107421875,0.0107421875,25,15,-10,0.0003293000627309084,0.0013280999846756458,0.0009987999219447374
tiruvallur,1,1000,c33a5491a693a689200f50a0a85038b9203a53c606a1c1760daa7e974b885029,0.0,0.0,0.0,0.0,0.0,0.0068359375,0.015625,0.0087890625,25,15,-10,0.00043509993702173233,0.0013694999506697059,0.0009344000136479735
tiruvallur,1,1001,c33a5491a693a689200f50a0a85038b9203a53c606a1c1760daa7e974b885029,0.0,0.0,0.0,0.0,0.0,0.0078125,0.01171875,0.00390625,25,15,-10,0.0002718000905588269,0.0009519000304862857,0.0006800999399274588
tiruvallur,1,1002,c33a5491a693a689200f50a0a85038b9203a53c606a1c1760daa7e974b885029,0.0,0.0,0.0,0.0,0.0,0.005859375,0.017578125,0.01171875,25,15,-10,0.00034929998219013214,0.001205099979415536,0.0008557999972254038
tiruvallur,1,1003,c33a5491a693a689200f50a0a85038b9203a53c606a1c1760daa7e974b885029,0.0,0.0,0.0,0.0,0.0,0.0048828125,0.0146484375,0.009765625,25,15,-10,0.0003293999470770359,0.0010801999596878886,0.0007508000126108527
tiruvallur,1,1004,c33a5491a693a689200f50a0a85038b9203a53c606a1c1760daa7e974b885029,0.0,0.0,0.0,0.0,0.0,0.0,0.0107421875,0.0107421875,25,15,-10,0.0002628000220283866,0.0009744999697431922,0.0007116999477148056
tiruvallur,2,1000,c33a5491a693a689200f50a0a85038b9203a53c606a1c1760daa7e974b885029,0.0,0.0,0.0,0.0,0.0,0.0068359375,0.015625,0.0087890625,25,15,-10,0.00025530008133500814,0.0010369999799877405,0.0007816998986527324
tiruvallur,2,1001,c33a5491a693a689200f50a0a85038b9203a53c606a1c1760daa7e974b885029,0.0,0.0,0.0,0.0,0.0,0.0078125,0.01171875,0.00390625,25,15,-10,0.0004173999186605215,0.0012602999340742826,0.0008429000154137611
tiruvallur,2,1002,c33a5491a693a689200f50a0a85038b9203a53c606a1c1760daa7e974b885029,0.0,0.0,0.0,0.0,0.0,0.005859375,0.017578125,0.01171875,25,15,-10,0.00026949995663017035,0.0009419999551028013,0.000672499998472631
tiruvallur,2,1003,c33a5491a693a689200f50a0a85038b9203a53c606a1c1760daa7e974b885029,0.0,0.0,0.0,0.0,0.0,0.0048828125,0.0146484375,0.009765625,25,15,-10,0.00025379995349794626,0.0009284999687224627,0.0006747000152245164
tiruvallur,2,1004,c33a5491a693a689200f50a0a85038b9203a53c606a1c1760daa7e974b885029,0.0,0.0,0.0,0.0,0.0,0.0,0.0107421875,0.0107421875,25,15,-10,0.00027630000840872526,0.0013005000073462725,0.0010241999989375472
tiruvallur,3,1000,c33a5491a693a689200f50a0a85038b9203a53c606a1c1760daa7e974b885029,0.0,0.0,0.0,0.0,0.0,0.0068359375,0.015625,0.0087890625,25,15,-10,0.00036830001045018435,0.0011323000071570277,0.0007639999967068434
tiruvallur,3,1001,c33a5491a693a689200f50a0a85038b9203a53c606a1c1760daa7e974b885029,0.0,0.0,0.0,0.0,0.0,0.0078125,0.01171875,0.00390625,25,15,-10,0.0002543999580666423,0.0009618999902158976,0.0007075000321492553
tiruvallur,3,1002,c33a5491a693a689200f50a0a85038b9203a53c606a1c1760daa7e974b885029,0.0,0.0,0.0,0.0,0.0,0.005859375,0.017578125,0.01171875,25,15,-10,0.0002489999169483781,0.0012531999964267015,0.0010042000794783235
tiruvallur,3,1003,c33a5491a693a689200f50a0a85038b9203a53c606a1c1760daa7e974b885029,0.0,0.0,0.0,0.0,0.0,0.0048828125,0.0146484375,0.009765625,25,15,-10,0.0003496999852359295,0.0011968000326305628,0.0008471000473946333
tiruvallur,3,1004,c33a5491a693a689200f50a0a85038b9203a53c606a1c1760daa7e974b885029,0.0,0.0,0.0,0.0,0.0,0.0,0.0107421875,0.0107421875,25,15,-10,0.000310199917294085,0.0010101000079885125,0.0006999000906944275
tiruvallur,4,1000,c33a5491a693a689200f50a0a85038b9203a53c606a1c1760daa7e974b885029,0.0,0.0,0.0,0.0,0.0,0.0068359375,0.015625,0.0087890625,25,15,-10,0.0002530000638216734,0.000924200052395463,0.0006711999885737896
tiruvallur,4,1001,c33a5491a693a689200f50a0a85038b9203a53c606a1c1760daa7e974b885029,0.0,0.0,0.0,0.0,0.0,0.0078125,0.01171875,0.00390625,25,15,-10,0.00025489996187388897,0.000991899985820055,0.000737000023946166
tiruvallur,4,1002,c33a5491a693a689200f50a0a85038b9203a53c606a1c1760daa7e974b885029,0.0,0.0,0.0,0.0,0.0,0.005859375,0.017578125,0.01171875,25,15,-10,0.0005008000880479813,0.0011673999251797795,0.0006665998371317983
tiruvallur,4,1003,c33a5491a693a689200f50a0a85038b9203a53c606a1c1760daa7e974b885029,0.0,0.0,0.0,0.0,0.0,0.0048828125,0.0146484375,0.009765625,25,15,-10,0.00028959999326616526,0.0010806999634951353,0.00079109997022897
tiruvallur,4,1004,c33a5491a693a689200f50a0a85038b9203a53c606a1c1760daa7e974b885029,0.0,0.0,0.0,0.0,0.0,0.0,0.0107421875,0.0107421875,25,15,-10,0.0002668000524863601,0.0009934999980032444,0.0007266999455168843
tiruvallur,5,1000,c33a5491a693a689200f50a0a85038b9203a53c606a1c1760daa7e974b885029,0.0,0.0,0.0,0.0,0.0,0.0068359375,0.015625,0.0087890625,25,15,-10,0.000507500022649765,0.0012617000611498952,0.0007542000385001302
tiruvallur,5,1001,c33a5491a693a689200f50a0a85038b9203a53c606a1c1760daa7e974b885029,0.0,0.0,0.0,0.0,0.0,0.0078125,0.01171875,0.00390625,25,15,-10,0.0002749999985098839,0.0011073000496253371,0.0008323000511154532
tiruvallur,5,1002,c33a5491a693a689200f50a0a85038b9203a53c606a1c1760daa7e974b885029,0.0,0.0,0.0,0.0,0.0,0.005859375,0.017578125,0.01171875,25,15,-10,0.0002813000464811921,0.001117000007070601,0.0008356999605894089
tiruvallur,5,1003,c33a5491a693a689200f50a0a85038b9203a53c606a1c1760daa7e974b885029,0.0,0.0,0.0,0.0,0.0,0.0048828125,0.0146484375,0.009765625,25,15,-10,0.00046939996536821127,0.0018131999531760812,0.00134379998780787
tiruvallur,5,1004,c33a5491a693a689200f50a0a85038b9203a53c606a1c1760daa7e974b885029,0.0,0.0,0.0,0.0,0.0,0.0,0.0107421875,0.0107421875,25,15,-10,0.00036120007280260324,0.001253900001756847,0.0008926999289542437
tiruvannamalai,1,1000,6b7ab84cbcd2eb9708da72789d0b31cd909b98820ba83f2ac492d48a80f0127c,0.0,0.0,0.0,0.0,0.0,0.0068359375,0.015625,0.0087890625,25,15,-10,0.0004336000420153141,0.001702000037766993,0.001268399995751679
tiruvannamalai,1,1001,6b7ab84cbcd2eb9708da72789d0b31cd909b98820ba83f2ac492d48a80f0127c,0.0,0.0,0.0,0.0,0.0,0.0078125,0.01171875,0.00390625,25,15,-10,0.00029230001382529736,0.0011363000376150012,0.0008440000237897038
tiruvannamalai,1,1002,6b7ab84cbcd2eb9708da72789d0b31cd909b98820ba83f2ac492d48a80f0127c,0.0,0.0,0.0,0.0,0.0,0.005859375,0.017578125,0.01171875,25,15,-10,0.00027739990036934614,0.0009551000548526645,0.0006777001544833183
tiruvannamalai,1,1003,6b7ab84cbcd2eb9708da72789d0b31cd909b98820ba83f2ac492d48a80f0127c,0.0,0.0,0.0,0.0,0.0,0.0048828125,0.0146484375,0.009765625,25,15,-10,0.00026279990561306477,0.00104010000359267,0.0007773000979796052
tiruvannamalai,1,1004,6b7ab84cbcd2eb9708da72789d0b31cd909b98820ba83f2ac492d48a80f0127c,0.0,0.0,0.0,0.0,0.0,0.0,0.0107421875,0.0107421875,25,15,-10,0.00035089999437332153,0.0012414000229910016,0.0008905000286176801
tiruvannamalai,2,1000,6b7ab84cbcd2eb9708da72789d0b31cd909b98820ba83f2ac492d48a80f0127c,0.0,0.0,0.0,0.0,0.0,0.0068359375,0.015625,0.0087890625,25,15,-10,0.0002590999938547611,0.0010553000029176474,0.0007962000090628862
tiruvannamalai,2,1001,6b7ab84cbcd2eb9708da72789d0b31cd909b98820ba83f2ac492d48a80f0127c,0.0,0.0,0.0,0.0,0.0,0.0078125,0.01171875,0.00390625,25,15,-10,0.00027299998328089714,0.0009673999156802893,0.0006943999323993921
tiruvannamalai,2,1002,6b7ab84cbcd2eb9708da72789d0b31cd909b98820ba83f2ac492d48a80f0127c,0.0,0.0,0.0,0.0,0.0,0.005859375,0.017578125,0.01171875,25,15,-10,0.00027979991864413023,0.0012817999813705683,0.001002000062726438
tiruvannamalai,2,1003,6b7ab84cbcd2eb9708da72789d0b31cd909b98820ba83f2ac492d48a80f0127c,0.0,0.0,0.0,0.0,0.0,0.0048828125,0.0146484375,0.009765625,25,15,-10,0.000313800061121583,0.0010268999030813575,0.0007130998419597745
tiruvannamalai,2,1004,6b7ab84cbcd2eb9708da72789d0b31cd909b98820ba83f2ac492d48a80f0127c,0.0,0.0,0.0,0.0,0.0,0.0,0.0107421875,0.0107421875,25,15,-10,0.0002671000547707081,0.001062300056219101,0.0007952000014483929
tiruvannamalai,3,1000,6b7ab84cbcd2eb9708da72789d0b31cd909b98820ba83f2ac492d48a80f0127c,0.0,0.0,0.0,0.0,0.0,0.0068359375,0.015625,0.0087890625,25,15,-10,0.0003507999936118722,0.0012231000000610948,0.0008723000064492226
tiruvannamalai,3,1001,6b7ab84cbcd2eb9708da72789d0b31cd909b98820ba83f2ac492d48a80f0127c,0.0,0.0,0.0,0.0,0.0,0.0078125,0.01171875,0.00390625,25,15,-10,0.0003674000035971403,0.0012942999601364136,0.0009268999565392733
tiruvannamalai,3,1002,6b7ab84cbcd2eb9708da72789d0b31cd909b98820ba83f2ac492d48a80f0127c,0.0,0.0,0.0,0.0,0.0,0.005859375,0.017578125,0.01171875,25,15,-10,0.000340700033120811,0.0011828000424429774,0.0008421000093221664
tiruvannamalai,3,1003,6b7ab84cbcd2eb9708da72789d0b31cd909b98820ba83f2ac492d48a80f0127c,0.0,0.0,0.0,0.0,0.0,0.0048828125,0.0146484375,0.009765625,25,15,-10,0.0003405000315979123,0.0012196999741718173,0.000879199942573905
tiruvannamalai,3,1004,6b7ab84cbcd2eb9708da72789d0b31cd909b98820ba83f2ac492d48a80f0127c,0.0,0.0,0.0,0.0,0.0,0.0,0.0107421875,0.0107421875,25,15,-10,0.0003377000102773309,0.001461300067603588,0.0011236000573262572
tiruvannamalai,4,1000,6b7ab84cbcd2eb9708da72789d0b31cd909b98820ba83f2ac492d48a80f0127c,0.0,0.0,0.0,0.0,0.0,0.0068359375,0.015625,0.0087890625,25,15,-10,0.0003008999628946185,0.001116100000217557,0.0008152000373229384
tiruvannamalai,4,1001,6b7ab84cbcd2eb9708da72789d0b31cd909b98820ba83f2ac492d48a80f0127c,0.0,0.0,0.0,0.0,0.0,0.0078125,0.01171875,0.00390625,25,15,-10,0.0003005999606102705,0.0011297999881207943,0.0008292000275105238
tiruvannamalai,4,1002,6b7ab84cbcd2eb9708da72789d0b31cd909b98820ba83f2ac492d48a80f0127c,0.0,0.0,0.0,0.0,0.0,0.005859375,0.017578125,0.01171875,25,15,-10,0.00029180001001805067,0.001202200073748827,0.0009104000637307763
tiruvannamalai,4,1003,6b7ab84cbcd2eb9708da72789d0b31cd909b98820ba83f2ac492d48a80f0127c,0.0,0.0,0.0,0.0,0.0,0.0048828125,0.0146484375,0.009765625,25,15,-10,0.0002866999711841345,0.0012169999536126852,0.0009302999824285507
tiruvannamalai,4,1004,6b7ab84cbcd2eb9708da72789d0b31cd909b98820ba83f2ac492d48a80f0127c,0.0,0.0,0.0,0.0,0.0,0.0,0.0107421875,0.0107421875,25,15,-10,0.0003029999788850546,0.0010691999923437834,0.0007662000134587288
tiruvannamalai,5,1000,6b7ab84cbcd2eb9708da72789d0b31cd909b98820ba83f2ac492d48a80f0127c,0.0,0.0,0.0,0.0,0.0,0.0068359375,0.015625,0.0087890625,25,15,-10,0.0002812999300658703,0.0011528999311849475,0.0008716000011190772
tiruvannamalai,5,1001,6b7ab84cbcd2eb9708da72789d0b31cd909b98820ba83f2ac492d48a80f0127c,0.0,0.0,0.0,0.0,0.0,0.0078125,0.01171875,0.00390625,25,15,-10,0.0003760000690817833,0.0012338999658823013,0.000857899896800518
tiruvannamalai,5,1002,6b7ab84cbcd2eb9708da72789d0b31cd909b98820ba83f2ac492d48a80f0127c,0.0,0.0,0.0,0.0,0.0,0.005859375,0.017578125,0.01171875,25,15,-10,0.0002976999385282397,0.0010659999679774046,0.0007683000294491649
tiruvannamalai,5,1003,6b7ab84cbcd2eb9708da72789d0b31cd909b98820ba83f2ac492d48a80f0127c,0.0,0.0,0.0,0.0,0.0,0.0048828125,0.0146484375,0.009765625,25,15,-10,0.00031020003370940685,0.0011826000409200788,0.0008724000072106719
tiruvannamalai,5,1004,6b7ab84cbcd2eb9708da72789d0b31cd909b98820ba83f2ac492d48a80f0127c,0.0,0.0,0.0,0.0,0.0,0.0,0.0107421875,0.0107421875,25,15,-10,0.0003024999750778079,0.0012672999873757362,0.0009648000122979283
tuticorin,1,1000,e8fd06973a36b3b328eae402bcdfa4d549d783400ca31adc820a46f6725ece1d,0.0,0.0,0.0,0.0,0.0,0.0068359375,0.015625,0.0087890625,25,15,-10,0.0003512999974191189,0.0016151000745594501,0.0012638000771403313
tuticorin,1,1001,e8fd06973a36b3b328eae402bcdfa4d549d783400ca31adc820a46f6725ece1d,0.0,0.0,0.0,0.0,0.0,0.0078125,0.01171875,0.00390625,25,15,-10,0.0003869000356644392,0.0015786000294610858,0.0011916999937966466
tuticorin,1,1002,e8fd06973a36b3b328eae402bcdfa4d549d783400ca31adc820a46f6725ece1d,0.0,0.0,0.0,0.0,0.0,0.005859375,0.017578125,0.01171875,25,15,-10,0.00028119992930442095,0.001208700006827712,0.0009275000775232911
tuticorin,1,1003,e8fd06973a36b3b328eae402bcdfa4d549d783400ca31adc820a46f6725ece1d,0.0,0.0,0.0,0.0,0.0,0.0048828125,0.0146484375,0.009765625,25,15,-10,0.0002821999369189143,0.001424600020982325,0.0011424000840634108
tuticorin,1,1004,e8fd06973a36b3b328eae402bcdfa4d549d783400ca31adc820a46f6725ece1d,0.0,0.0,0.0,0.0,0.0,0.0,0.0107421875,0.0107421875,25,15,-10,0.0003242000238969922,0.0013634000206366181,0.001039199996739626
tuticorin,2,1000,e8fd06973a36b3b328eae402bcdfa4d549d783400ca31adc820a46f6725ece1d,0.0,0.0,0.0,0.0,0.0,0.0068359375,0.015625,0.0087890625,25,15,-10,0.00028300005942583084,0.0011997000547125936,0.0009166999952867627
tuticorin,2,1001,e8fd06973a36b3b328eae402bcdfa4d549d783400ca31adc820a46f6725ece1d,0.0,0.0,0.0,0.0,0.0,0.0078125,0.01171875,0.00390625,25,15,-10,0.000304599991068244,0.0017336000455543399,0.001429000054486096
tuticorin,2,1002,e8fd06973a36b3b328eae402bcdfa4d549d783400ca31adc820a46f6725ece1d,0.0,0.0,0.0,0.0,0.0,0.005859375,0.017578125,0.01171875,25,15,-10,0.0003105999203398824,0.001308599952608347,0.0009980000322684646
tuticorin,2,1003,e8fd06973a36b3b328eae402bcdfa4d549d783400ca31adc820a46f6725ece1d,0.0,0.0,0.0,0.0,0.0,0.0048828125,0.0146484375,0.009765625,25,15,-10,0.0002794000320136547,0.0011890000896528363,0.0009096000576391816
tuticorin,2,1004,e8fd06973a36b3b328eae402bcdfa4d549d783400ca31adc820a46f6725ece1d,0.0,0.0,0.0,0.0,0.0,0.0,0.0107421875,0.0107421875,25,15,-10,0.0003955999854952097,0.0022470999974757433,0.0018515000119805336
tuticorin,3,1000,e8fd06973a36b3b328eae402bcdfa4d549d783400ca31adc820a46f6725ece1d,0.0,0.0,0.0,0.0,0.0,0.0068359375,0.015625,0.0087890625,25,15,-10,0.000301100080832839,0.0012242000084370375,0.0009230999276041985
tuticorin,3,1001,e8fd06973a36b3b328eae402bcdfa4d549d783400ca31adc820a46f6725ece1d,0.0,0.0,0.0,0.0,0.0,0.0078125,0.01171875,0.00390625,25,15,-10,0.00027810002211481333,0.0014007999561727047,0.0011226999340578914
tuticorin,3,1002,e8fd06973a36b3b328eae402bcdfa4d549d783400ca31adc820a46f6725ece1d,0.0,0.0,0.0,0.0,0.0,0.005859375,0.017578125,0.01171875,25,15,-10,0.00048619997687637806,0.0017505999421700835,0.0012643999652937055
tuticorin,3,1003,e8fd06973a36b3b328eae402bcdfa4d549d783400ca31adc820a46f6725ece1d,0.0,0.0,0.0,0.0,0.0,0.0048828125,0.0146484375,0.009765625,25,15,-10,0.00029820005875080824,0.001221399987116456,0.0009231999283656478
tuticorin,3,1004,e8fd06973a36b3b328eae402bcdfa4d549d783400ca31adc820a46f6725ece1d,0.0,0.0,0.0,0.0,0.0,0.0,0.0107421875,0.0107421875,25,15,-10,0.0002728999825194478,0.0012208999833092093,0.0009480000007897615
tuticorin,4,1000,e8fd06973a36b3b328eae402bcdfa4d549d783400ca31adc820a46f6725ece1d,0.0,0.0,0.0,0.0,0.0,0.0068359375,0.015625,0.0087890625,25,15,-10,0.0005622999742627144,0.001797499950043857,0.0012351999757811427
tuticorin,4,1001,e8fd06973a36b3b328eae402bcdfa4d549d783400ca31adc820a46f6725ece1d,0.0,0.0,0.0,0.0,0.0,0.0078125,0.01171875,0.00390625,25,15,-10,0.000269399955868721,0.0012076999992132187,0.0009383000433444977
tuticorin,4,1002,e8fd06973a36b3b328eae402bcdfa4d549d783400ca31adc820a46f6725ece1d,0.0,0.0,0.0,0.0,0.0,0.005859375,0.017578125,0.01171875,25,15,-10,0.0004056000616401434,0.0018826000159606338,0.0014769999543204904
tuticorin,4,1003,e8fd06973a36b3b328eae402bcdfa4d549d783400ca31adc820a46f6725ece1d,0.0,0.0,0.0,0.0,0.0,0.0048828125,0.0146484375,0.009765625,25,15,-10,0.00034929998219013214,0.0012936999555677176,0.0009443999733775854
tuticorin,4,1004,e8fd06973a36b3b328eae402bcdfa4d549d783400ca31adc820a46f6725ece1d,0.0,0.0,0.0,0.0,0.0,0.0,0.0107421875,0.0107421875,25,15,-10,0.0002749999985098839,0.0011755999876186252,0.0009005999891087413
tuticorin,5,1000,e8fd06973a36b3b328eae402bcdfa4d549d783400ca31adc820a46f6725ece1d,0.0,0.0,0.0,0.0,0.0,0.0068359375,0.015625,0.0087890625,25,15,-10,0.0005268999375402927,0.0025010999524965882,0.0019742000149562955
tuticorin,5,1001,e8fd06973a36b3b328eae402bcdfa4d549d783400ca31adc820a46f6725ece1d,0.0,0.0,0.0,0.0,0.0,0.0078125,0.01171875,0.00390625,25,15,-10,0.0003602000651881099,0.0012247000122442842,0.0008644999470561743
tuticorin,5,1002,e8fd06973a36b3b328eae402bcdfa4d549d783400ca31adc820a46f6725ece1d,0.0,0.0,0.0,0.0,0.0,0.005859375,0.017578125,0.01171875,25,15,-10,0.0002731999848037958,0.0011781000066548586,0.0009049000218510628
tuticorin,5,1003,e8fd06973a36b3b328eae402bcdfa4d549d783400ca31adc820a46f6725ece1d,0.0,0.0,0.0,0.0,0.0,0.0048828125,0.0146484375,0.009765625,25,15,-10,0.0005568999331444502,0.001595199923031032,0.001038299989886582
tuticorin,5,1004,e8fd06973a36b3b328eae402bcdfa4d549d783400ca31adc820a46f6725ece1d,0.0,0.0,0.0,0.0,0.0,0.0,0.0107421875,0.0107421875,25,15,-10,0.00028190005104988813,0.0011909001041203737,0.0009090000530704856
vellore,1,1000,a4f8261d339d20106502b6f40507ec931c8e4ee14158fda8b7fb8ec4b8350f1b,0.0,0.0,0.0,0.0,0.0,0.0068359375,0.015625,0.0087890625,25,15,-10,0.0004504999378696084,0.0015118999872356653,0.001061400049366057
vellore,1,1001,a4f8261d339d20106502b6f40507ec931c8e4ee14158fda8b7fb8ec4b8350f1b,0.0,0.0,0.0,0.0,0.0,0.0078125,0.01171875,0.00390625,25,15,-10,0.00038870004937052727,0.0012030999641865492,0.0008143999148160219
vellore,1,1002,a4f8261d339d20106502b6f40507ec931c8e4ee14158fda8b7fb8ec4b8350f1b,0.0,0.0,0.0,0.0,0.0,0.005859375,0.017578125,0.01171875,25,15,-10,0.00028190005104988813,0.0015212000580504537,0.0012393000070005655
vellore,1,1003,a4f8261d339d20106502b6f40507ec931c8e4ee14158fda8b7fb8ec4b8350f1b,0.0,0.0,0.0,0.0,0.0,0.0048828125,0.0146484375,0.009765625,25,15,-10,0.0002981000579893589,0.0010469000553712249,0.000748799997381866
vellore,1,1004,a4f8261d339d20106502b6f40507ec931c8e4ee14158fda8b7fb8ec4b8350f1b,0.0,0.0,0.0,0.0,0.0,0.0,0.0107421875,0.0107421875,25,15,-10,0.00025479996111243963,0.0009612999856472015,0.0007065000245347619
vellore,2,1000,a4f8261d339d20106502b6f40507ec931c8e4ee14158fda8b7fb8ec4b8350f1b,0.0,0.0,0.0,0.0,0.0,0.0068359375,0.015625,0.0087890625,25,15,-10,0.00024060008581727743,0.0009552000556141138,0.0007145999697968364
vellore,2,1001,a4f8261d339d20106502b6f40507ec931c8e4ee14158fda8b7fb8ec4b8350f1b,0.0,0.0,0.0,0.0,0.0,0.0078125,0.01171875,0.00390625,25,15,-10,0.0004422999918460846,0.0015052000526338816,0.001062900060787797
vellore,2,1002,a4f8261d339d20106502b6f40507ec931c8e4ee14158fda8b7fb8ec4b8350f1b,0.0,0.0,0.0,0.0,0.0,0.005859375,0.017578125,0.01171875,25,15,-10,0.0002850999590009451,0.0009991000406444073,0.0007140000816434622
vellore,2,1003,a4f8261d339d20106502b6f40507ec931c8e4ee14158fda8b7fb8ec4b8350f1b,0.0,0.0,0.0,0.0,0.0,0.0048828125,0.0146484375,0.009765625,25,15,-10,0.0002525000600144267,0.0009507000213488936,0.0006981999613344669
vellore,2,1004,a4f8261d339d20106502b6f40507ec931c8e4ee14158fda8b7fb8ec4b8350f1b,0.0,0.0,0.0,0.0,0.0,0.0,0.0107421875,0.0107421875,25,15,-10,0.0002576999831944704,0.0009766999864950776,0.0007190000033006072
vellore,3,1000,a4f8261d339d20106502b6f40507ec931c8e4ee14158fda8b7fb8ec4b8350f1b,0.0,0.0,0.0,0.0,0.0,0.0068359375,0.015625,0.0087890625,25,15,-10,0.0003418999258428812,0.0014093000208958983,0.0010674000950530171
vellore,3,1001,a4f8261d339d20106502b6f40507ec931c8e4ee14158fda8b7fb8ec4b8350f1b,0.0,0.0,0.0,0.0,0.0,0.0078125,0.01171875,0.00390625,25,15,-10,0.00032029999420046806,0.0011381000513210893,0.0008178000571206212
vellore,3,1002,a4f8261d339d20106502b6f40507ec931c8e4ee14158fda8b7fb8ec4b8350f1b,0.0,0.0,0.0,0.0,0.0,0.005859375,0.017578125,0.01171875,25,15,-10,0.0002791000297293067,0.00098209991119802,0.0007029998814687133
vellore,3,1003,a4f8261d339d20106502b6f40507ec931c8e4ee14158fda8b7fb8ec4b8350f1b,0.0,0.0,0.0,0.0,0.0,0.0048828125,0.0146484375,0.009765625,25,15,-10,0.0004696999676525593,0.0016371998935937881,0.0011674999259412289
vellore,3,1004,a4f8261d339d20106502b6f40507ec931c8e4ee14158fda8b7fb8ec4b8350f1b,0.0,0.0,0.0,0.0,0.0,0.0,0.0107421875,0.0107421875,25,15,-10,0.0002829000586643815,0.0009660000214353204,0.0006830999627709389
vellore,4,1000,a4f8261d339d20106502b6f40507ec931c8e4ee14158fda8b7fb8ec4b8350f1b,0.0,0.0,0.0,0.0,0.0,0.0068359375,0.015625,0.0087890625,25,15,-10,0.0002522999420762062,0.0009446999756619334,0.0006924000335857272
vellore,4,1001,a4f8261d339d20106502b6f40507ec931c8e4ee14158fda8b7fb8ec4b8350f1b,0.0,0.0,0.0,0.0,0.0,0.0078125,0.01171875,0.00390625,25,15,-10,0.0002487999154254794,0.0010361999738961458,0.0007874000584706664
vellore,4,1002,a4f8261d339d20106502b6f40507ec931c8e4ee14158fda8b7fb8ec4b8350f1b,0.0,0.0,0.0,0.0,0.0,0.005859375,0.017578125,0.01171875,25,15,-10,0.0004288000054657459,0.001187700079753995,0.000758900074288249
vellore,4,1003,a4f8261d339d20106502b6f40507ec931c8e4ee14158fda8b7fb8ec4b8350f1b,0.0,0.0,0.0,0.0,0.0,0.0048828125,0.0146484375,0.009765625,25,15,-10,0.00026320002507418394,0.0009221000364050269,0.000658900011330843
vellore,4,1004,a4f8261d339d20106502b6f40507ec931c8e4ee14158fda8b7fb8ec4b8350f1b,0.0,0.0,0.0,0.0,0.0,0.0,0.0107421875,0.0107421875,25,15,-10,0.0002842999529093504,0.0009719999507069588,0.0006876999977976084
vellore,5,1000,a4f8261d339d20106502b6f40507ec931c8e4ee14158fda8b7fb8ec4b8350f1b,0.0,0.0,0.0,0.0,0.0,0.0068359375,0.015625,0.0087890625,25,15,-10,0.0002455000067129731,0.0012641999637708068,0.0010186999570578337
vellore,5,1001,a4f8261d339d20106502b6f40507ec931c8e4ee14158fda8b7fb8ec4b8350f1b,0.0,0.0,0.0,0.0,0.0,0.0078125,0.01171875,0.00390625,25,15,-10,0.0005771000869572163,0.0016826000064611435,0.0011054999195039272
vellore,5,1002,a4f8261d339d20106502b6f40507ec931c8e4ee14158fda8b7fb8ec4b8350f1b,0.0,0.0,0.0,0.0,0.0,0.005859375,0.017578125,0.01171875,25,15,-10,0.00026220001745969057,0.0010081999935209751,0.0007459999760612845
vellore,5,1003,a4f8261d339d20106502b6f40507ec931c8e4ee14158fda8b7fb8ec4b8350f1b,0.0,0.0,0.0,0.0,0.0,0.0048828125,0.0146484375,0.009765625,25,15,-10,0.0006132000125944614,0.0018475999822840095,0.001234399969689548
vellore,5,1004,a4f8261d339d20106502b6f40507ec931c8e4ee14158fda8b7fb8ec4b8350f1b,0.0,0.0,0.0,0.0,0.0,0.0,0.0107421875,0.0107421875,25,15,-10,0.00027630000840872526,0.0010269000194966793,0.000750600011087954
viluppuram,1,1000,71419a27a570f21e5d3b57d7e4c63d7a137736e07766346107848b5d6fb23c08,0.0,0.0,0.0,0.0,0.0,0.0068359375,0.015625,0.0087890625,25,15,-10,0.000548299984075129,0.002009199932217598,0.001460899948142469
viluppuram,1,1001,71419a27a570f21e5d3b57d7e4c63d7a137736e07766346107848b5d6fb23c08,0.0,0.0,0.0,0.0,0.0,0.0078125,0.01171875,0.00390625,25,15,-10,0.000313800061121583,0.001004899968393147,0.000691099907271564
viluppuram,1,1002,71419a27a570f21e5d3b57d7e4c63d7a137736e07766346107848b5d6fb23c08,0.0,0.0,0.0,0.0,0.0,0.005859375,0.017578125,0.01171875,25,15,-10,0.0002514999359846115,0.0009111999534070492,0.0006597000174224377
viluppuram,1,1003,71419a27a570f21e5d3b57d7e4c63d7a137736e07766346107848b5d6fb23c08,0.0,0.0,0.0,0.0,0.0,0.0048828125,0.0146484375,0.009765625,25,15,-10,0.0003603000659495592,0.0011539000552147627,0.0007935999892652035
viluppuram,1,1004,71419a27a570f21e5d3b57d7e4c63d7a137736e07766346107848b5d6fb23c08,0.0,0.0,0.0,0.0,0.0,0.0,0.0107421875,0.0107421875,25,15,-10,0.0003643999807536602,0.0011353000300005078,0.0007709000492468476
viluppuram,2,1000,71419a27a570f21e5d3b57d7e4c63d7a137736e07766346107848b5d6fb23c08,0.0,0.0,0.0,0.0,0.0,0.0068359375,0.015625,0.0087890625,25,15,-10,0.0002549999626353383,0.0010516000911593437,0.0007966001285240054
viluppuram,2,1001,71419a27a570f21e5d3b57d7e4c63d7a137736e07766346107848b5d6fb23c08,0.0,0.0,0.0,0.0,0.0,0.0078125,0.01171875,0.00390625,25,15,-10,0.0002839999506250024,0.001117900013923645,0.0008339000632986426
viluppuram,2,1002,71419a27a570f21e5d3b57d7e4c63d7a137736e07766346107848b5d6fb23c08,0.0,0.0,0.0,0.0,0.0,0.005859375,0.017578125,0.01171875,25,15,-10,0.0005161999724805355,0.0016099000349640846,0.0010937000624835491
viluppuram,2,1003,71419a27a570f21e5d3b57d7e4c63d7a137736e07766346107848b5d6fb23c08,0.0,0.0,0.0,0.0,0.0,0.0048828125,0.0146484375,0.009765625,25,15,-10,0.0003375000087544322,0.001208400004543364,0.0008708999957889318
viluppuram,2,1004,71419a27a570f21e5d3b57d7e4c63d7a137736e07766346107848b5d6fb23c08,0.0,0.0,0.0,0.0,0.0,0.0,0.0107421875,0.0107421875,25,15,-10,0.00032700004521757364,0.0011155999964103103,0.0007885999511927366
viluppuram,3,1000,71419a27a570f21e5d3b57d7e4c63d7a137736e07766346107848b5d6fb23c08,0.0,0.0,0.0,0.0,0.0,0.0068359375,0.015625,0.0087890625,25,15,-10,0.000291000003926456,0.0017272999975830317,0.0014362999936565757
viluppuram,3,1001,71419a27a570f21e5d3b57d7e4c63d7a137736e07766346107848b5d6fb23c08,0.0,0.0,0.0,0.0,0.0,0.0078125,0.01171875,0.00390625,25,15,-10,0.0003071000101044774,0.0009600999765098095,0.0006529999664053321
viluppuram,3,1002,71419a27a570f21e5d3b57d7e4c63d7a137736e07766346107848b5d6fb23c08,0.0,0.0,0.0,0.0,0.0,0.005859375,0.017578125,0.01171875,25,15,-10,0.00027810002211481333,0.0010255000088363886,0.0007473999867215753
viluppuram,3,1003,71419a27a570f21e5d3b57d7e4c63d7a137736e07766346107848b5d6fb23c08,0.0,0.0,0.0,0.0,0.0,0.0048828125,0.0146484375,0.009765625,25,15,-10,0.00025379995349794626,0.0010980999795719981,0.0008443000260740519
viluppuram,3,1004,71419a27a570f21e5d3b57d7e4c63d7a137736e07766346107848b5d6fb23c08,0.0,0.0,0.0,0.0,0.0,0.0,0.0107421875,0.0107421875,25,15,-10,0.00043889996595680714,0.001122599933296442,0.0006836999673396349
viluppuram,4,1000,71419a27a570f21e5d3b57d7e4c63d7a137736e07766346107848b5d6fb23c08,0.0,0.0,0.0,0.0,0.0,0.0068359375,0.015625,0.0087890625,25,15,-10,0.0003066000062972307,0.0009252000600099564,0.0006186000537127256
viluppuram,4,1001,71419a27a570f21e5d3b57d7e4c63d7a137736e07766346107848b5d6fb23c08,0.0,0.0,0.0,0.0,0.0,0.0078125,0.01171875,0.00390625,25,15,-10,0.00025839998852461576,0.0009727999567985535,0.0007143999682739377
viluppuram,4,1002,71419a27a570f21e5d3b57d7e4c63d7a137736e07766346107848b5d6fb23c08,0.0,0.0,0.0,0.0,0.0,0.005859375,0.017578125,0.01171875,25,15,-10,0.0003152999561280012,0.0013386999489739537,0.0010233999928459525
viluppuram,4,1003,71419a27a570f21e5d3b57d7e4c63d7a137736e07766346107848b5d6fb23c08,0.0,0.0,0.0,0.0,0.0,0.0048828125,0.0146484375,0.009765625,25,15,-10,0.0002929000183939934,0.0010646000737324357,0.0007717000553384423
viluppuram,4,1004,71419a27a570f21e5d3b57d7e4c63d7a137736e07766346107848b5d6fb23c08,0.0,0.0,0.0,0.0,0.0,0.0,0.0107421875,0.0107421875,25,15,-10,0.0002481000265106559,0.0009175000013783574,0.0006693999748677015
viluppuram,5,1000,71419a27a570f21e5d3b57d7e4c63d7a137736e07766346107848b5d6fb23c08,0.0,0.0,0.0,0.0,0.0,0.0068359375,0.015625,0.0087890625,25,15,-10,0.0002440999960526824,0.0009668000275269151,0.0007227000314742327
viluppuram,5,1001,71419a27a570f21e5d3b57d7e4c63d7a137736e07766346107848b5d6fb23c08,0.0,0.0,0.0,0.0,0.0,0.0078125,0.01171875,0.00390625,25,15,-10,0.0004027000395581126,0.0014076998922973871,0.0010049998527392745
viluppuram,5,1002,71419a27a570f21e5d3b57d7e4c63d7a137736e07766346107848b5d6fb23c08,0.0,0.0,0.0,0.0,0.0,0.005859375,0.017578125,0.01171875,25,15,-10,0.00029009999707341194,0.0010266000172123313,0.0007365000201389194
viluppuram,5,1003,71419a27a570f21e5d3b57d7e4c63d7a137736e07766346107848b5d6fb23c08,0.0,0.0,0.0,0.0,0.0,0.0048828125,0.0146484375,0.009765625,25,15,-10,0.0002664000494405627,0.0009724000701680779,0.0007060000207275152
viluppuram,5,1004,71419a27a570f21e5d3b57d7e4c63d7a137736e07766346107848b5d6fb23c08,0.0,0.0,0.0,0.0,0.0,0.0,0.0107421875,0.0107421875,25,15,-10,0.00028849998489022255,0.0011500000255182385,0.000861500040628016
virudhunagar,1,1000,e6e5c9d9cdd7b36ee5ae695416e8092eb39beebc8b398b1e88685c19150e285f,0.0,0.0,0.0,0.0,0.0,0.0068359375,0.015625,0.0087890625,25,15,-10,0.00044159998651593924,0.0012388998875394464,0.0007972999010235071
virudhunagar,1,1001,e6e5c9d9cdd7b36ee5ae695416e8092eb39beebc8b398b1e88685c19150e285f,0.0,0.0,0.0,0.0,0.0,0.0078125,0.01171875,0.00390625,25,15,-10,0.0002538999542593956,0.0010219999821856618,0.0007681000279262662
virudhunagar,1,1002,e6e5c9d9cdd7b36ee5ae695416e8092eb39beebc8b398b1e88685c19150e285f,0.0,0.0,0.0,0.0,0.0,0.005859375,0.017578125,0.01171875,25,15,-10,0.00032160000409930944,0.001638400019146502,0.0013168000150471926
virudhunagar,1,1003,e6e5c9d9cdd7b36ee5ae695416e8092eb39beebc8b398b1e88685c19150e285f,0.0,0.0,0.0,0.0,0.0,0.0048828125,0.0146484375,0.009765625,25,15,-10,0.0002927000168710947,0.0009879000717774034,0.0006952000549063087
virudhunagar,1,1004,e6e5c9d9cdd7b36ee5ae695416e8092eb39beebc8b398b1e88685c19150e285f,0.0,0.0,0.0,0.0,0.0,0.0,0.0107421875,0.0107421875,25,15,-10,0.00024560000747442245,0.0009614999871701002,0.0007158999796956778
virudhunagar,2,1000,e6e5c9d9cdd7b36ee5ae695416e8092eb39beebc8b398b1e88685c19150e285f,0.0,0.0,0.0,0.0,0.0,0.0068359375,0.015625,0.0087890625,25,15,-10,0.0002530999481678009,0.0009450999787077308,0.0006920000305399299
virudhunagar,2,1001,e6e5c9d9cdd7b36ee5ae695416e8092eb39beebc8b398b1e88685c19150e285f,0.0,0.0,0.0,0.0,0.0,0.0078125,0.01171875,0.00390625,25,15,-10,0.0005508000031113625,0.001380200032144785,0.0008294000290334225
virudhunagar,2,1002,e6e5c9d9cdd7b36ee5ae695416e8092eb39beebc8b398b1e88685c19150e285f,0.0,0.0,0.0,0.0,0.0,0.005859375,0.017578125,0.01171875,25,15,-10,0.0002535000676289201,0.0009301999816671014,0.0006766999140381813
virudhunagar,2,1003,e6e5c9d9cdd7b36ee5ae695416e8092eb39beebc8b398b1e88685c19150e285f,0.0,0.0,0.0,0.0,0.0,0.0048828125,0.0146484375,0.009765625,25,15,-10,0.0003206999972462654,0.0009965000208467245,0.0006758000236004591
virudhunagar,2,1004,e6e5c9d9cdd7b36ee5ae695416e8092eb39beebc8b398b1e88685c19150e285f,0.0,0.0,0.0,0.0,0.0,0.0,0.0107421875,0.0107421875,25,15,-10,0.000251100049354136,0.001344699994660914,0.001093599945306778
virudhunagar,3,1000,e6e5c9d9cdd7b36ee5ae695416e8092eb39beebc8b398b1e88685c19150e285f,0.0,0.0,0.0,0.0,0.0,0.0068359375,0.015625,0.0087890625,25,15,-10,0.00029500003438442945,0.0010951999574899673,0.0008001999231055379
virudhunagar,3,1001,e6e5c9d9cdd7b36ee5ae695416e8092eb39beebc8b398b1e88685c19150e285f,0.0,0.0,0.0,0.0,0.0,0.0078125,0.01171875,0.00390625,25,15,-10,0.00026270002126693726,0.0009123000781983137,0.0006496000569313765
virudhunagar,3,1002,e6e5c9d9cdd7b36ee5ae695416e8092eb39beebc8b398b1e88685c19150e285f,0.0,0.0,0.0,0.0,0.0,0.005859375,0.017578125,0.01171875,25,15,-10,0.00028249993920326233,0.0011593999806791544,0.0008769000414758921
virudhunagar,3,1003,e6e5c9d9cdd7b36ee5ae695416e8092eb39beebc8b398b1e88685c19150e285f,0.0,0.0,0.0,0.0,0.0,0.0048828125,0.0146484375,0.009765625,25,15,-10,0.0003806999884545803,0.0015227000694721937,0.0011420000810176134
virudhunagar,3,1004,e6e5c9d9cdd7b36ee5ae695416e8092eb39beebc8b398b1e88685c19150e285f,0.0,0.0,0.0,0.0,0.0,0.0,0.0107421875,0.0107421875,25,15,-10,0.0003112000413239002,0.0011747999815270305,0.0008635999402031302
virudhunagar,4,1000,e6e5c9d9cdd7b36ee5ae695416e8092eb39beebc8b398b1e88685c19150e285f,0.0,0.0,0.0,0.0,0.0,0.0068359375,0.015625,0.0087890625,25,15,-10,0.0003112000413239002,0.0011894999770447612,0.000878299935720861
virudhunagar,4,1001,e6e5c9d9cdd7b36ee5ae695416e8092eb39beebc8b398b1e88685c19150e285f,0.0,0.0,0.0,0.0,0.0,0.0078125,0.01171875,0.00390625,25,15,-10,0.0004453000146895647,0.0014916000654920936,0.0010463000508025289
virudhunagar,4,1002,e6e5c9d9cdd7b36ee5ae695416e8092eb39beebc8b398b1e88685c19150e285f,0.0,0.0,0.0,0.0,0.0,0.005859375,0.017578125,0.01171875,25,15,-10,0.0002964999293908477,0.0010772999376058578,0.0007808000082150102
virudhunagar,4,1003,e6e5c9d9cdd7b36ee5ae695416e8092eb39beebc8b398b1e88685c19150e285f,0.0,0.0,0.0,0.0,0.0,0.0048828125,0.0146484375,0.009765625,25,15,-10,0.000265000038780272,0.001012300024740398,0.0007472999859601259
virudhunagar,4,1004,e6e5c9d9cdd7b36ee5ae695416e8092eb39beebc8b398b1e88685c19150e285f,0.0,0.0,0.0,0.0,0.0,0.0,0.0107421875,0.0107421875,25,15,-10,0.0002455000067129731,0.001730100018903613,0.00148460001219064
virudhunagar,5,1000,e6e5c9d9cdd7b36ee5ae695416e8092eb39beebc8b398b1e88685c19150e285f,0.0,0.0,0.0,0.0,0.0,0.0068359375,0.015625,0.0087890625,25,15,-10,0.0003165999660268426,0.0011363000376150012,0.0008197000715881586
virudhunagar,5,1001,e6e5c9d9cdd7b36ee5ae695416e8092eb39beebc8b398b1e88685c19150e285f,0.0,0.0,0.0,0.0,0.0,0.0078125,0.01171875,0.00390625,25,15,-10,0.0002536999527364969,0.0009669999126344919,0.000713299959897995
virudhunagar,5,1002,e6e5c9d9cdd7b36ee5ae695416e8092eb39beebc8b398b1e88685c19150e285f,0.0,0.0,0.0,0.0,0.0,0.005859375,0.017578125,0.01171875,25,15,-10,0.00025239994283765554,0.0009544000495225191,0.0007020001066848636
virudhunagar,5,1003,e6e5c9d9cdd7b36ee5ae695416e8092eb39beebc8b398b1e88685c19150e285f,0.0,0.0,0.0,0.0,0.0,0.0048828125,0.0146484375,0.009765625,25,15,-10,0.00044189998880028725,0.0013450999977067113,0.000903200008906424
virudhunagar,5,1004,e6e5c9d9cdd7b36ee5ae695416e8092eb39beebc8b398b1e88685c19150e285f,0.0,0.0,0.0,0.0,0.0,0.0,0.0107421875,0.0107421875,25,15,-10,0.000287200091406703,0.0010707000037655234,0.0007834999123588204
krishnagiri_south,1,1000,b0968b49de062aad3c0e8daa977b14cd5c8ca3797d4ba5cbde676855e029849f,0.0,0.0,0.0,0.0,0.0,0.0068359375,0.015625,0.0087890625,25,15,-10,0.000498899957165122,0.0021657999604940414,0.0016669000033289194
krishnagiri_south,1,1001,b0968b49de062aad3c0e8daa977b14cd5c8ca3797d4ba5cbde676855e029849f,0.0,0.0,0.0,0.0,0.0,0.0078125,0.01171875,0.00390625,25,15,-10,0.00029989995528012514,0.0012278999201953411,0.000927999964915216
krishnagiri_south,1,1002,b0968b49de062aad3c0e8daa977b14cd5c8ca3797d4ba5cbde676855e029849f,0.0,0.0,0.0,0.0,0.0,0.005859375,0.017578125,0.01171875,25,15,-10,0.00027219997718930244,0.0011792000150308013,0.0009070000378414989
krishnagiri_south,1,1003,b0968b49de062aad3c0e8daa977b14cd5c8ca3797d4ba5cbde676855e029849f,0.0,0.0,0.0,0.0,0.0,0.0048828125,0.0146484375,0.009765625,25,15,-10,0.0005589999491348863,0.001785400090739131,0.0012264001416042447
krishnagiri_south,1,1004,b0968b49de062aad3c0e8daa977b14cd5c8ca3797d4ba5cbde676855e029849f,0.0,0.0,0.0,0.0,0.0,0.0,0.0107421875,0.0107421875,25,15,-10,0.00029740005265921354,0.0011846000561490655,0.000887200003489852
krishnagiri_south,2,1000,b0968b49de062aad3c0e8daa977b14cd5c8ca3797d4ba5cbde676855e029849f,0.0,0.0,0.0,0.0,0.0,0.0068359375,0.015625,0.0087890625,25,15,-10,0.0002736999886110425,0.0011947000166401267,0.0009210000280290842
krishnagiri_south,2,1001,b0968b49de062aad3c0e8daa977b14cd5c8ca3797d4ba5cbde676855e029849f,0.0,0.0,0.0,0.0,0.0,0.0078125,0.01171875,0.00390625,25,15,-10,0.0005545000312849879,0.0015569000970572233,0.0010024000657722354
krishnagiri_south,2,1002,b0968b49de062aad3c0e8daa977b14cd5c8ca3797d4ba5cbde676855e029849f,0.0,0.0,0.0,0.0,0.0,0.005859375,0.017578125,0.01171875,25,15,-10,0.0003945999778807163,0.0012888000346720219,0.0008942000567913055
krishnagiri_south,2,1003,b0968b49de062aad3c0e8daa977b14cd5c8ca3797d4ba5cbde676855e029849f,0.0,0.0,0.0,0.0,0.0,0.0048828125,0.0146484375,0.009765625,25,15,-10,0.00027650000993162394,0.002440700074657798,0.002164200064726174
krishnagiri_south,2,1004,b0968b49de062aad3c0e8daa977b14cd5c8ca3797d4ba5cbde676855e029849f,0.0,0.0,0.0,0.0,0.0,0.0,0.0107421875,0.0107421875,25,15,-10,0.0003149999538436532,0.0012474999530240893,0.0009324999991804361
krishnagiri_south,3,1000,b0968b49de062aad3c0e8daa977b14cd5c8ca3797d4ba5cbde676855e029849f,0.0,0.0,0.0,0.0,0.0,0.0068359375,0.015625,0.0087890625,25,15,-10,0.00026540004182606936,0.0011609999928623438,0.0008955999510362744
krishnagiri_south,3,1001,b0968b49de062aad3c0e8daa977b14cd5c8ca3797d4ba5cbde676855e029849f,0.0,0.0,0.0,0.0,0.0,0.0078125,0.01171875,0.00390625,25,15,-10,0.000632300041615963,0.0024337000213563442,0.0018013999797403812
krishnagiri_south,3,1002,b0968b49de062aad3c0e8daa977b14cd5c8ca3797d4ba5cbde676855e029849f,0.0,0.0,0.0,0.0,0.0,0.005859375,0.017578125,0.01171875,25,15,-10,0.00028410006780177355,0.001343499985523522,0.0010593999177217484
krishnagiri_south,3,1003,b0968b49de062aad3c0e8daa977b14cd5c8ca3797d4ba5cbde676855e029849f,0.0,0.0,0.0,0.0,0.0,0.0048828125,0.0146484375,0.009765625,25,15,-10,0.0004975999472662807,0.0018482999876141548,0.0013507000403478742
krishnagiri_south,3,1004,b0968b49de062aad3c0e8daa977b14cd5c8ca3797d4ba5cbde676855e029849f,0.0,0.0,0.0,0.0,0.0,0.0,0.0107421875,0.0107421875,25,15,-10,0.0003005999606102705,0.0012167999520897865,0.000916199991479516
krishnagiri_south,4,1000,b0968b49de062aad3c0e8daa977b14cd5c8ca3797d4ba5cbde676855e029849f,0.0,0.0,0.0,0.0,0.0,0.0068359375,0.015625,0.0087890625,25,15,-10,0.0002661000471562147,0.0011823000386357307,0.000916199991479516
krishnagiri_south,4,1001,b0968b49de062aad3c0e8daa977b14cd5c8ca3797d4ba5cbde676855e029849f,0.0,0.0,0.0,0.0,0.0,0.0078125,0.01171875,0.00390625,25,15,-10,0.00040199991781264544,0.001386399962939322,0.0009844000451266766
krishnagiri_south,4,1002,b0968b49de062aad3c0e8daa977b14cd5c8ca3797d4ba5cbde676855e029849f,0.0,0.0,0.0,0.0,0.0,0.005859375,0.017578125,0.01171875,25,15,-10,0.0002951000351458788,0.001167000038549304,0.0008719000034034252
krishnagiri_south,4,1003,b0968b49de062aad3c0e8daa977b14cd5c8ca3797d4ba5cbde676855e029849f,0.0,0.0,0.0,0.0,0.0,0.0048828125,0.0146484375,0.009765625,25,15,-10,0.00027469999622553587,0.002306699985638261,0.002031999989412725
krishnagiri_south,4,1004,b0968b49de062aad3c0e8daa977b14cd5c8ca3797d4ba5cbde676855e029849f,0.0,0.0,0.0,0.0,0.0,0.0,0.0107421875,0.0107421875,25,15,-10,0.0003016000846400857,0.001258700038306415,0.0009570999536663294
krishnagiri_south,5,1000,b0968b49de062aad3c0e8daa977b14cd5c8ca3797d4ba5cbde676855e029849f,0.0,0.0,0.0,0.0,0.0,0.0068359375,0.015625,0.0087890625,25,15,-10,0.00027710001450031996,0.0011702999472618103,0.0008931999327614903
krishnagiri_south,5,1001,b0968b49de062aad3c0e8daa977b14cd5c8ca3797d4ba5cbde676855e029849f,0.0,0.0,0.0,0.0,0.0,0.0078125,0.01171875,0.00390625,25,15,-10,0.00041630002669990063,0.0019970000721514225,0.0015807000454515219
krishnagiri_south,5,1002,b0968b49de062aad3c0e8daa977b14cd5c8ca3797d4ba5cbde676855e029849f,0.0,0.0,0.0,0.0,0.0,0.005859375,0.017578125,0.01171875,25,15,-10,0.0003394999075680971,0.0013743999879807234,0.0010349000804126263
krishnagiri_south,5,1003,b0968b49de062aad3c0e8daa977b14cd5c8ca3797d4ba5cbde676855e029849f,0.0,0.0,0.0,0.0,0.0,0.0048828125,0.0146484375,0.009765625,25,15,-10,0.0002785000251606107,0.0014952999772503972,0.0012167999520897865
krishnagiri_south,5,1004,b0968b49de062aad3c0e8daa977b14cd5c8ca3797d4ba5cbde676855e029849f,0.0,0.0,0.0,0.0,0.0,0.0,0.0107421875,0.0107421875,25,15,-10,0.00029619992710649967,0.0013431999832391739,0.0010470000561326742
