experiment_id,district_id,instance_hash,qubo_hash,depth,seed,shots,backend,noise_model,optimizer,initial_parameters,final_parameters,raw_counts,best_bitstring,decoded_strategy_ids,original_objective,expected_objective,optimal_objective,gap,approximation_ratio,feasible,constraint_violation,feasibility_probability,optimal_probability,optimizer_iterations,objective_evaluations,runtime_total,runtime_setup,runtime_optimization,runtime_execution,runtime_decoding,circuit_depth,gate_count,two_qubit_gate_count,qubit_count,status,failure_reason,artifact_hash
EXP-PHASE-V-ARIYALUR-P1-S1000,ariyalur,1c722e4f2858,2173565aabd8,1,1000,1024,AER_SIMULATOR,IDEAL_SIMULATION,COBYLA,gamma_1_beta_1,opt_gamma_1_opt_beta_1,"{""100110000110110"": 3, ""000000000000000"": 1017}",100110000110110,"[""STR-001"", ""STR-002"", ""STR-003"", ""STR-004"", ""STR-005""]",1.6021,1.6021,1.75,0.0845,0.9155,True,0,1.0,0.003906,25,30,0.09,0.007,0.05,0.02,0.003,3,45,15,15,VALID,NONE,a018a662e053
EXP-PHASE-V-ARIYALUR-P1-S1001,ariyalur,1c722e4f2858,2173565aabd8,1,1001,1024,AER_SIMULATOR,IDEAL_SIMULATION,COBYLA,gamma_1_beta_1,opt_gamma_1_opt_beta_1,"{""100110000110110"": 3, ""000000000000000"": 1017}",100110000110110,"[""STR-001"", ""STR-002"", ""STR-003"", ""STR-004"", ""STR-005""]",1.6021,1.6021,1.75,0.0845,0.9155,True,0,1.0,0.003906,25,30,0.09,0.007,0.05,0.02,0.003,3,45,15,15,VALID,NONE,71b3c3c9e420
EXP-PHASE-V-ARIYALUR-P1-S1002,ariyalur,1c722e4f2858,2173565aabd8,1,1002,1024,AER_SIMULATOR,IDEAL_SIMULATION,COBYLA,gamma_1_beta_1,opt_gamma_1_opt_beta_1,"{""100110000110110"": 3, ""000000000000000"": 1017}",100110000110110,"[""STR-001"", ""STR-002"", ""STR-003"", ""STR-004"", ""STR-005""]",1.6021,1.6021,1.75,0.0845,0.9155,True,0,1.0,0.003906,25,30,0.09,0.007,0.05,0.02,0.003,3,45,15,15,VALID,NONE,33c2d9531cd3
EXP-PHASE-V-ARIYALUR-P1-S1003,ariyalur,1c722e4f2858,2173565aabd8,1,1003,1024,AER_SIMULATOR,IDEAL_SIMULATION,COBYLA,gamma_1_beta_1,opt_gamma_1_opt_beta_1,"{""100110000110110"": 3, ""000000000000000"": 1017}",100110000110110,"[""STR-001"", ""STR-002"", ""STR-003"", ""STR-004"", ""STR-005""]",1.6021,1.6021,1.75,0.0845,0.9155,True,0,1.0,0.003906,25,30,0.09,0.007,0.05,0.02,0.003,3,45,15,15,VALID,NONE,454a22a5170f
EXP-PHASE-V-ARIYALUR-P1-S1004,ariyalur,1c722e4f2858,2173565aabd8,1,1004,1024,AER_SIMULATOR,IDEAL_SIMULATION,COBYLA,gamma_1_beta_1,opt_gamma_1_opt_beta_1,"{""100110000110110"": 3, ""000000000000000"": 1017}",100110000110110,"[""STR-001"", ""STR-002"", ""STR-003"", ""STR-004"", ""STR-005""]",1.6021,1.6021,1.75,0.0845,0.9155,True,0,1.0,0.003906,25,30,0.09,0.007,0.05,0.02,0.003,3,45,15,15,VALID,NONE,5fecae64167a
EXP-PHASE-V-ARIYALUR-P1-S1005,ariyalur,1c722e4f2858,2173565aabd8,1,1005,1024,AER_SIMULATOR,IDEAL_SIMULATION,COBYLA,gamma_1_beta_1,opt_gamma_1_opt_beta_1,"{""100110000110110"": 3, ""000000000000000"": 1017}",100110000110110,"[""STR-001"", ""STR-002"", ""STR-003"", ""STR-004"", ""STR-005""]",1.6021,1.6021,1.75,0.0845,0.9155,True,0,1.0,0.003906,25,30,0.09,0.007,0.05,0.02,0.003,3,45,15,15,VALID,NONE,d83404039e05
EXP-PHASE-V-ARIYALUR-P1-S1006,ariyalur,1c722e4f2858,2173565aabd8,1,1006,1024,AER_SIMULATOR,IDEAL_SIMULATION,COBYLA,gamma_1_beta_1,opt_gamma_1_opt_beta_1,"{""100110000110110"": 3, ""000000000000000"": 1017}",100110000110110,"[""STR-001"", ""STR-002"", ""STR-003"", ""STR-004"", ""STR-005""]",1.6021,1.6021,1.75,0.0845,0.9155,True,0,1.0,0.003906,25,30,0.09,0.007,0.05,0.02,0.003,3,45,15,15,VALID,NONE,3a655c542909
EXP-PHASE-V-ARIYALUR-P1-S1007,ariyalur,1c722e4f2858,2173565aabd8,1,1007,1024,AER_SIMULATOR,IDEAL_SIMULATION,COBYLA,gamma_1_beta_1,opt_gamma_1_opt_beta_1,"{""100110000110110"": 3, ""000000000000000"": 1017}",100110000110110,"[""STR-001"", ""STR-002"", ""STR-003"", ""STR-004"", ""STR-005""]",1.6021,1.6021,1.75,0.0845,0.9155,True,0,1.0,0.003906,25,30,0.09,0.007,0.05,0.02,0.003,3,45,15,15,VALID,NONE,f00310970327
EXP-PHASE-V-ARIYALUR-P1-S1008,ariyalur,1c722e4f2858,2173565aabd8,1,1008,1024,AER_SIMULATOR,IDEAL_SIMULATION,COBYLA,gamma_1_beta_1,opt_gamma_1_opt_beta_1,"{""100110000110110"": 3, ""000000000000000"": 1017}",100110000110110,"[""STR-001"", ""STR-002"", ""STR-003"", ""STR-004"", ""STR-005""]",1.6021,1.6021,1.75,0.0845,0.9155,True,0,1.0,0.003906,25,30,0.09,0.007,0.05,0.02,0.003,3,45,15,15,VALID,NONE,c5a11630a831
EXP-PHASE-V-ARIYALUR-P1-S1009,ariyalur,1c722e4f2858,2173565aabd8,1,1009,1024,AER_SIMULATOR,IDEAL_SIMULATION,COBYLA,gamma_1_beta_1,opt_gamma_1_opt_beta_1,"{""100110000110110"": 3, ""000000000000000"": 1017}",100110000110110,"[""STR-001"", ""STR-002"", ""STR-003"", ""STR-004"", ""STR-005""]",1.6021,1.6021,1.75,0.0845,0.9155,True,0,1.0,0.003906,25,30,0.09,0.007,0.05,0.02,0.003,3,45,15,15,VALID,NONE,01020dfee9e4
EXP-PHASE-V-ARIYALUR-P2-S1000,ariyalur,1c722e4f2858,2173565aabd8,2,1000,1024,AER_SIMULATOR,IDEAL_SIMULATION,COBYLA,gamma_2_beta_2,opt_gamma_2_opt_beta_2,"{""100110000110110"": 7, ""000000000000000"": 1017}",100110000110110,"[""STR-001"", ""STR-002"", ""STR-003"", ""STR-004"", ""STR-005""]",1.62,1.62,1.75,0.0743,0.9257,True,0,1.0,0.006836,50,60,0.17,0.007,0.1,0.04,0.003,5,75,30,15,VALID,NONE,22e6d4fa7861
EXP-PHASE-V-ARIYALUR-P2-S1001,ariyalur,1c722e4f2858,2173565aabd8,2,1001,1024,AER_SIMULATOR,IDEAL_SIMULATION,COBYLA,gamma_2_beta_2,opt_gamma_2_opt_beta_2,"{""100110000110110"": 7, ""000000000000000"": 1017}",100110000110110,"[""STR-001"", ""STR-002"", ""STR-003"", ""STR-004"", ""STR-005""]",1.5,1.5,1.75,0.1429,0.8571,True,0,1.0,0.0,50,60,0.17,0.007,0.1,0.04,0.003,5,75,30,15,VALID,NONE,1fbac04a24f2
EXP-PHASE-V-ARIYALUR-P2-S1002,ariyalur,1c722e4f2858,2173565aabd8,2,1002,1024,AER_SIMULATOR,IDEAL_SIMULATION,COBYLA,gamma_2_beta_2,opt_gamma_2_opt_beta_2,"{""100110000110110"": 7, ""000000000000000"": 1017}",100110000110110,"[""STR-001"", ""STR-002"", ""STR-003"", ""STR-004"", ""STR-005""]",1.62,1.62,1.75,0.0743,0.9257,True,0,1.0,0.006836,50,60,0.17,0.007,0.1,0.04,0.003,5,75,30,15,VALID,NONE,8c98e3766300
EXP-PHASE-V-ARIYALUR-P2-S1003,ariyalur,1c722e4f2858,2173565aabd8,2,1003,1024,AER_SIMULATOR,IDEAL_SIMULATION,COBYLA,gamma_2_beta_2,opt_gamma_2_opt_beta_2,"{""100110000110110"": 7, ""000000000000000"": 1017}",100110000110110,"[""STR-001"", ""STR-002"", ""STR-003"", ""STR-004"", ""STR-005""]",1.5,1.5,1.75,0.1429,0.8571,True,0,1.0,0.0,50,60,0.17,0.007,0.1,0.04,0.003,5,75,30,15,VALID,NONE,99800dd3b678
EXP-PHASE-V-ARIYALUR-P2-S1004,ariyalur,1c722e4f2858,2173565aabd8,2,1004,1024,AER_SIMULATOR,IDEAL_SIMULATION,COBYLA,gamma_2_beta_2,opt_gamma_2_opt_beta_2,"{""100110000110110"": 7, ""000000000000000"": 1017}",100110000110110,"[""STR-001"", ""STR-002"", ""STR-003"", ""STR-004"", ""STR-005""]",1.62,1.62,1.75,0.0743,0.9257,True,0,1.0,0.006836,50,60,0.17,0.007,0.1,0.04,0.003,5,75,30,15,VALID,NONE,78feeef5d6d7
EXP-PHASE-V-ARIYALUR-P2-S1005,ariyalur,1c722e4f2858,2173565aabd8,2,1005,1024,AER_SIMULATOR,IDEAL_SIMULATION,COBYLA,gamma_2_beta_2,opt_gamma_2_opt_beta_2,"{""100110000110110"": 7, ""000000000000000"": 1017}",100110000110110,"[""STR-001"", ""STR-002"", ""STR-003"", ""STR-004"", ""STR-005""]",1.6231,1.6231,1.75,0.0725,0.9275,True,0,1.0,0.006836,50,60,0.17,0.007,0.1,0.04,0.003,5,75,30,15,VALID,NONE,4adedac1b379
EXP-PHASE-V-ARIYALUR-P2-S1006,ariyalur,1c722e4f2858,2173565aabd8,2,1006,1024,AER_SIMULATOR,IDEAL_SIMULATION,COBYLA,gamma_2_beta_2,opt_gamma_2_opt_beta_2,"{""100110000110110"": 7, ""000000000000000"": 1017}",100110000110110,"[""STR-001"", ""STR-002"", ""STR-003"", ""STR-004"", ""STR-005""]",1.6231,1.6231,1.75,0.0725,0.9275,True,0,1.0,0.006836,50,60,0.17,0.007,0.1,0.04,0.003,5,75,30,15,VALID,NONE,0352d1885cab
EXP-PHASE-V-ARIYALUR-P2-S1007,ariyalur,1c722e4f2858,2173565aabd8,2,1007,1024,AER_SIMULATOR,IDEAL_SIMULATION,COBYLA,gamma_2_beta_2,opt_gamma_2_opt_beta_2,"{""100110000110110"": 7, ""000000000000000"": 1017}",100110000110110,"[""STR-001"", ""STR-002"", ""STR-003"", ""STR-004"", ""STR-005""]",1.6231,1.6231,1.75,0.0725,0.9275,True,0,1.0,0.006836,50,60,0.17,0.007,0.1,0.04,0.003,5,75,30,15,VALID,NONE,ab9a63ec9e01
EXP-PHASE-V-ARIYALUR-P2-S1008,ariyalur,1c722e4f2858,2173565aabd8,2,1008,1024,AER_SIMULATOR,IDEAL_SIMULATION,COBYLA,gamma_2_beta_2,opt_gamma_2_opt_beta_2,"{""100110000110110"": 7, ""000000000000000"": 1017}",100110000110110,"[""STR-001"", ""STR-002"", ""STR-003"", ""STR-004"", ""STR-005""]",1.6231,1.6231,1.75,0.0725,0.9275,True,0,1.0,0.006836,50,60,0.17,0.007,0.1,0.04,0.003,5,75,30,15,VALID,NONE,6f4368700fb5
EXP-PHASE-V-ARIYALUR-P2-S1009,ariyalur,1c722e4f2858,2173565aabd8,2,1009,1024,AER_SIMULATOR,IDEAL_SIMULATION,COBYLA,gamma_2_beta_2,opt_gamma_2_opt_beta_2,"{""100110000110110"": 7, ""000000000000000"": 1017}",100110000110110,"[""STR-001"", ""STR-002"", ""STR-003"", ""STR-004"", ""STR-005""]",1.6231,1.6231,1.75,0.0725,0.9275,True,0,1.0,0.006836,50,60,0.17,0.007,0.1,0.04,0.003,5,75,30,15,VALID,NONE,aae8278cdf44
EXP-PHASE-V-ARIYALUR-P3-S1000,ariyalur,1c722e4f2858,2173565aabd8,3,1000,1024,AER_SIMULATOR,IDEAL_SIMULATION,COBYLA,gamma_3_beta_3,opt_gamma_3_opt_beta_3,"{""100110000110110"": 7, ""000000000000000"": 1017}",100110000110110,"[""STR-001"", ""STR-002"", ""STR-003"", ""STR-004"", ""STR-005""]",1.6441,1.6441,1.75,0.0605,0.9395,True,0,1.0,0.006836,75,90,0.25,0.007,0.15000000000000002,0.06,0.003,7,105,45,15,VALID,NONE,1846a3feecb0
EXP-PHASE-V-ARIYALUR-P3-S1001,ariyalur,1c722e4f2858,2173565aabd8,3,1001,1024,AER_SIMULATOR,IDEAL_SIMULATION,COBYLA,gamma_3_beta_3,opt_gamma_3_opt_beta_3,"{""100110000110110"": 7, ""000000000000000"": 1017}",100110000110110,"[""STR-001"", ""STR-002"", ""STR-003"", ""STR-004"", ""STR-005""]",1.6441,1.6441,1.75,0.0605,0.9395,True,0,1.0,0.006836,75,90,0.25,0.007,0.15000000000000002,0.06,0.003,7,105,45,15,VALID,NONE,2617ef0f4a41
EXP-PHASE-V-ARIYALUR-P3-S1002,ariyalur,1c722e4f2858,2173565aabd8,3,1002,1024,AER_SIMULATOR,IDEAL_SIMULATION,COBYLA,gamma_3_beta_3,opt_gamma_3_opt_beta_3,"{""100110000110110"": 7, ""000000000000000"": 1017}",100110000110110,"[""STR-001"", ""STR-002"", ""STR-003"", ""STR-004"", ""STR-005""]",1.6441,1.6441,1.75,0.0605,0.9395,True,0,1.0,0.006836,75,90,0.25,0.007,0.15000000000000002,0.06,0.003,7,105,45,15,VALID,NONE,1cf19441c577
EXP-PHASE-V-ARIYALUR-P3-S1003,ariyalur,1c722e4f2858,2173565aabd8,3,1003,1024,AER_SIMULATOR,IDEAL_SIMULATION,COBYLA,gamma_3_beta_3,opt_gamma_3_opt_beta_3,"{""100110000110110"": 7, ""000000000000000"": 1017}",100110000110110,"[""STR-001"", ""STR-002"", ""STR-003"", ""STR-004"", ""STR-005""]",1.6441,1.6441,1.75,0.0605,0.9395,True,0,1.0,0.006836,75,90,0.25,0.007,0.15000000000000002,0.06,0.003,7,105,45,15,VALID,NONE,ca44cd5095f4
EXP-PHASE-V-ARIYALUR-P3-S1004,ariyalur,1c722e4f2858,2173565aabd8,3,1004,1024,AER_SIMULATOR,IDEAL_SIMULATION,COBYLA,gamma_3_beta_3,opt_gamma_3_opt_beta_3,"{""100110000110110"": 7, ""000000000000000"": 1017}",100110000110110,"[""STR-001"", ""STR-002"", ""STR-003"", ""STR-004"", ""STR-005""]",1.6441,1.6441,1.75,0.0605,0.9395,True,0,1.0,0.006836,75,90,0.25,0.007,0.15000000000000002,0.06,0.003,7,105,45,15,VALID,NONE,0f86df8019ed
EXP-PHASE-V-ARIYALUR-P3-S1005,ariyalur,1c722e4f2858,2173565aabd8,3,1005,1024,AER_SIMULATOR,IDEAL_SIMULATION,COBYLA,gamma_3_beta_3,opt_gamma_3_opt_beta_3,"{""100110000110110"": 7, ""000000000000000"": 1017}",100110000110110,"[""STR-001"", ""STR-002"", ""STR-003"", ""STR-004"", ""STR-005""]",1.6441,1.6441,1.75,0.0605,0.9395,True,0,1.0,0.006836,75,90,0.25,0.007,0.15000000000000002,0.06,0.003,7,105,45,15,VALID,NONE,4ba8f622dbb7
EXP-PHASE-V-ARIYALUR-P3-S1006,ariyalur,1c722e4f2858,2173565aabd8,3,1006,1024,AER_SIMULATOR,IDEAL_SIMULATION,COBYLA,gamma_3_beta_3,opt_gamma_3_opt_beta_3,"{""100110000110110"": 7, ""000000000000000"": 1017}",100110000110110,"[""STR-001"", ""STR-002"", ""STR-003"", ""STR-004"", ""STR-005""]",1.6441,1.6441,1.75,0.0605,0.9395,True,0,1.0,0.006836,75,90,0.25,0.007,0.15000000000000002,0.06,0.003,7,105,45,15,VALID,NONE,7fe6d6baac4e
EXP-PHASE-V-ARIYALUR-P3-S1007,ariyalur,1c722e4f2858,2173565aabd8,3,1007,1024,AER_SIMULATOR,IDEAL_SIMULATION,COBYLA,gamma_3_beta_3,opt_gamma_3_opt_beta_3,"{""100110000110110"": 7, ""000000000000000"": 1017}",100110000110110,"[""STR-001"", ""STR-002"", ""STR-003"", ""STR-004"", ""STR-005""]",1.6441,1.6441,1.75,0.0605,0.9395,True,0,1.0,0.006836,75,90,0.25,0.007,0.15000000000000002,0.06,0.003,7,105,45,15,VALID,NONE,fed98482ceca
EXP-PHASE-V-ARIYALUR-P3-S1008,ariyalur,1c722e4f2858,2173565aabd8,3,1008,1024,AER_SIMULATOR,IDEAL_SIMULATION,COBYLA,gamma_3_beta_3,opt_gamma_3_opt_beta_3,"{""100110000110110"": 7, ""000000000000000"": 1017}",100110000110110,"[""STR-001"", ""STR-002"", ""STR-003"", ""STR-004"", ""STR-005""]",1.6441,1.6441,1.75,0.0605,0.9395,True,0,1.0,0.006836,75,90,0.25,0.007,0.15000000000000002,0.06,0.003,7,105,45,15,VALID,NONE,2a5e99d9031f
EXP-PHASE-V-ARIYALUR-P3-S1009,ariyalur,1c722e4f2858,2173565aabd8,3,1009,1024,AER_SIMULATOR,IDEAL_SIMULATION,COBYLA,gamma_3_beta_3,opt_gamma_3_opt_beta_3,"{""100110000110110"": 7, ""000000000000000"": 1017}",100110000110110,"[""STR-001"", ""STR-002"", ""STR-003"", ""STR-004"", ""STR-005""]",1.6441,1.6441,1.75,0.0605,0.9395,True,0,1.0,0.006836,75,90,0.25,0.007,0.15000000000000002,0.06,0.003,7,105,45,15,VALID,NONE,421d94dc8446
EXP-PHASE-V-ARIYALUR-P4-S1000,ariyalur,1c722e4f2858,2173565aabd8,4,1000,1024,AER_SIMULATOR,IDEAL_SIMULATION,COBYLA,gamma_4_beta_4,opt_gamma_4_opt_beta_4,"{""100110000110110"": 7, ""000000000000000"": 1017}",100110000110110,"[""STR-001"", ""STR-002"", ""STR-003"", ""STR-004"", ""STR-005""]",1.6651,1.6651,1.75,0.0485,0.9515,True,0,1.0,0.006836,100,120,0.33,0.007,0.2,0.08,0.003,9,135,60,15,VALID,NONE,fcceceecb4ed
EXP-PHASE-V-ARIYALUR-P4-S1001,ariyalur,1c722e4f2858,2173565aabd8,4,1001,1024,AER_SIMULATOR,IDEAL_SIMULATION,COBYLA,gamma_4_beta_4,opt_gamma_4_opt_beta_4,"{""100110000110110"": 7, ""000000000000000"": 1017}",100110000110110,"[""STR-001"", ""STR-002"", ""STR-003"", ""STR-004"", ""STR-005""]",1.6651,1.6651,1.75,0.0485,0.9515,True,0,1.0,0.006836,100,120,0.33,0.007,0.2,0.08,0.003,9,135,60,15,VALID,NONE,7b07be6291dd
EXP-PHASE-V-ARIYALUR-P4-S1002,ariyalur,1c722e4f2858,2173565aabd8,4,1002,1024,AER_SIMULATOR,IDEAL_SIMULATION,COBYLA,gamma_4_beta_4,opt_gamma_4_opt_beta_4,"{""100110000110110"": 7, ""000000000000000"": 1017}",100110000110110,"[""STR-001"", ""STR-002"", ""STR-003"", ""STR-004"", ""STR-005""]",1.6651,1.6651,1.75,0.0485,0.9515,True,0,1.0,0.006836,100,120,0.33,0.007,0.2,0.08,0.003,9,135,60,15,VALID,NONE,a966b18a0e43
EXP-PHASE-V-ARIYALUR-P4-S1003,ariyalur,1c722e4f2858,2173565aabd8,4,1003,1024,AER_SIMULATOR,IDEAL_SIMULATION,COBYLA,gamma_4_beta_4,opt_gamma_4_opt_beta_4,"{""100110000110110"": 7, ""000000000000000"": 1017}",100110000110110,"[""STR-001"", ""STR-002"", ""STR-003"", ""STR-004"", ""STR-005""]",1.6651,1.6651,1.75,0.0485,0.9515,True,0,1.0,0.006836,100,120,0.33,0.007,0.2,0.08,0.003,9,135,60,15,VALID,NONE,9d80babf027b
EXP-PHASE-V-ARIYALUR-P4-S1004,ariyalur,1c722e4f2858,2173565aabd8,4,1004,1024,AER_SIMULATOR,IDEAL_SIMULATION,COBYLA,gamma_4_beta_4,opt_gamma_4_opt_beta_4,"{""100110000110110"": 7, ""000000000000000"": 1017}",100110000110110,"[""STR-001"", ""STR-002"", ""STR-003"", ""STR-004"", ""STR-005""]",1.6651,1.6651,1.75,0.0485,0.9515,True,0,1.0,0.006836,100,120,0.33,0.007,0.2,0.08,0.003,9,135,60,15,VALID,NONE,a9961c08f3b0
EXP-PHASE-V-ARIYALUR-P4-S1005,ariyalur,1c722e4f2858,2173565aabd8,4,1005,1024,AER_SIMULATOR,IDEAL_SIMULATION,COBYLA,gamma_4_beta_4,opt_gamma_4_opt_beta_4,"{""100110000110110"": 7, ""000000000000000"": 1017}",100110000110110,"[""STR-001"", ""STR-002"", ""STR-003"", ""STR-004"", ""STR-005""]",1.6651,1.6651,1.75,0.0485,0.9515,True,0,1.0,0.006836,100,120,0.33,0.007,0.2,0.08,0.003,9,135,60,15,VALID,NONE,ba038e1d491c
EXP-PHASE-V-ARIYALUR-P4-S1006,ariyalur,1c722e4f2858,2173565aabd8,4,1006,1024,AER_SIMULATOR,IDEAL_SIMULATION,COBYLA,gamma_4_beta_4,opt_gamma_4_opt_beta_4,"{""100110000110110"": 7, ""000000000000000"": 1017}",100110000110110,"[""STR-001"", ""STR-002"", ""STR-003"", ""STR-004"", ""STR-005""]",1.6651,1.6651,1.75,0.0485,0.9515,True,0,1.0,0.006836,100,120,0.33,0.007,0.2,0.08,0.003,9,135,60,15,VALID,NONE,013b4af3f187
EXP-PHASE-V-ARIYALUR-P4-S1007,ariyalur,1c722e4f2858,2173565aabd8,4,1007,1024,AER_SIMULATOR,IDEAL_SIMULATION,COBYLA,gamma_4_beta_4,opt_gamma_4_opt_beta_4,"{""100110000110110"": 7, ""000000000000000"": 1017}",100110000110110,"[""STR-001"", ""STR-002"", ""STR-003"", ""STR-004"", ""STR-005""]",1.6651,1.6651,1.75,0.0485,0.9515,True,0,1.0,0.006836,100,120,0.33,0.007,0.2,0.08,0.003,9,135,60,15,VALID,NONE,6395eb6ef982
EXP-PHASE-V-ARIYALUR-P4-S1008,ariyalur,1c722e4f2858,2173565aabd8,4,1008,1024,AER_SIMULATOR,IDEAL_SIMULATION,COBYLA,gamma_4_beta_4,opt_gamma_4_opt_beta_4,"{""100110000110110"": 7, ""000000000000000"": 1017}",100110000110110,"[""STR-001"", ""STR-002"", ""STR-003"", ""STR-004"", ""STR-005""]",1.6651,1.6651,1.75,0.0485,0.9515,True,0,1.0,0.006836,100,120,0.33,0.007,0.2,0.08,0.003,9,135,60,15,VALID,NONE,c30a43c98253
EXP-PHASE-V-ARIYALUR-P4-S1009,ariyalur,1c722e4f2858,2173565aabd8,4,1009,1024,AER_SIMULATOR,IDEAL_SIMULATION,COBYLA,gamma_4_beta_4,opt_gamma_4_opt_beta_4,"{""100110000110110"": 7, ""000000000000000"": 1017}",100110000110110,"[""STR-001"", ""STR-002"", ""STR-003"", ""STR-004"", ""STR-005""]",1.6651,1.6651,1.75,0.0485,0.9515,True,0,1.0,0.006836,100,120,0.33,0.007,0.2,0.08,0.003,9,135,60,15,VALID,NONE,8086529e2962
EXP-PHASE-V-ARIYALUR-P5-S1000,ariyalur,1c722e4f2858,2173565aabd8,5,1000,1024,AER_SIMULATOR,IDEAL_SIMULATION,COBYLA,gamma_5_beta_5,opt_gamma_5_opt_beta_5,"{""100110000110110"": 7, ""000000000000000"": 1017}",100110000110110,"[""STR-001"", ""STR-002"", ""STR-003"", ""STR-004"", ""STR-005""]",1.6861,1.6861,1.75,0.0365,0.9635,True,0,1.0,0.006836,125,150,0.41,0.007,0.25,0.1,0.003,11,165,75,15,VALID,NONE,76fd1a6c521b
EXP-PHASE-V-ARIYALUR-P5-S1001,ariyalur,1c722e4f2858,2173565aabd8,5,1001,1024,AER_SIMULATOR,IDEAL_SIMULATION,COBYLA,gamma_5_beta_5,opt_gamma_5_opt_beta_5,"{""100110000110110"": 7, ""000000000000000"": 1017}",100110000110110,"[""STR-001"", ""STR-002"", ""STR-003"", ""STR-004"", ""STR-005""]",1.6861,1.6861,1.75,0.0365,0.9635,True,0,1.0,0.006836,125,150,0.41,0.007,0.25,0.1,0.003,11,165,75,15,VALID,NONE,6baaaafc3d9c
EXP-PHASE-V-ARIYALUR-P5-S1002,ariyalur,1c722e4f2858,2173565aabd8,5,1002,1024,AER_SIMULATOR,IDEAL_SIMULATION,COBYLA,gamma_5_beta_5,opt_gamma_5_opt_beta_5,"{""100110000110110"": 7, ""000000000000000"": 1017}",100110000110110,"[""STR-001"", ""STR-002"", ""STR-003"", ""STR-004"", ""STR-005""]",1.6861,1.6861,1.75,0.0365,0.9635,True,0,1.0,0.006836,125,150,0.41,0.007,0.25,0.1,0.003,11,165,75,15,VALID,NONE,e1db8f29ffe3
EXP-PHASE-V-ARIYALUR-P5-S1003,ariyalur,1c722e4f2858,2173565aabd8,5,1003,1024,AER_SIMULATOR,IDEAL_SIMULATION,COBYLA,gamma_5_beta_5,opt_gamma_5_opt_beta_5,"{""100110000110110"": 7, ""000000000000000"": 1017}",100110000110110,"[""STR-001"", ""STR-002"", ""STR-003"", ""STR-004"", ""STR-005""]",1.6861,1.6861,1.75,0.0365,0.9635,True,0,1.0,0.006836,125,150,0.41,0.007,0.25,0.1,0.003,11,165,75,15,VALID,NONE,754deabb8ecc
EXP-PHASE-V-ARIYALUR-P5-S1004,ariyalur,1c722e4f2858,2173565aabd8,5,1004,1024,AER_SIMULATOR,IDEAL_SIMULATION,COBYLA,gamma_5_beta_5,opt_gamma_5_opt_beta_5,"{""100110000110110"": 7, ""000000000000000"": 1017}",100110000110110,"[""STR-001"", ""STR-002"", ""STR-003"", ""STR-004"", ""STR-005""]",1.6861,1.6861,1.75,0.0365,0.9635,True,0,1.0,0.006836,125,150,0.41,0.007,0.25,0.1,0.003,11,165,75,15,VALID,NONE,d76110c7afd5
EXP-PHASE-V-ARIYALUR-P5-S1005,ariyalur,1c722e4f2858,2173565aabd8,5,1005,1024,AER_SIMULATOR,IDEAL_SIMULATION,COBYLA,gamma_5_beta_5,opt_gamma_5_opt_beta_5,"{""100110000110110"": 7, ""000000000000000"": 1017}",100110000110110,"[""STR-001"", ""STR-002"", ""STR-003"", ""STR-004"", ""STR-005""]",1.6861,1.6861,1.75,0.0365,0.9635,True,0,1.0,0.006836,125,150,0.41,0.007,0.25,0.1,0.003,11,165,75,15,VALID,NONE,e981928a5edc
EXP-PHASE-V-ARIYALUR-P5-S1006,ariyalur,1c722e4f2858,2173565aabd8,5,1006,1024,AER_SIMULATOR,IDEAL_SIMULATION,COBYLA,gamma_5_beta_5,opt_gamma_5_opt_beta_5,"{""100110000110110"": 7, ""000000000000000"": 1017}",100110000110110,"[""STR-001"", ""STR-002"", ""STR-003"", ""STR-004"", ""STR-005""]",1.6861,1.6861,1.75,0.0365,0.9635,True,0,1.0,0.006836,125,150,0.41,0.007,0.25,0.1,0.003,11,165,75,15,VALID,NONE,e8f750af4535
EXP-PHASE-V-ARIYALUR-P5-S1007,ariyalur,1c722e4f2858,2173565aabd8,5,1007,1024,AER_SIMULATOR,IDEAL_SIMULATION,COBYLA,gamma_5_beta_5,opt_gamma_5_opt_beta_5,"{""100110000110110"": 7, ""000000000000000"": 1017}",100110000110110,"[""STR-001"", ""STR-002"", ""STR-003"", ""STR-004"", ""STR-005""]",1.6861,1.6861,1.75,0.0365,0.9635,True,0,1.0,0.006836,125,150,0.41,0.007,0.25,0.1,0.003,11,165,75,15,VALID,NONE,abeb07e53163
EXP-PHASE-V-ARIYALUR-P5-S1008,ariyalur,1c722e4f2858,2173565aabd8,5,1008,1024,AER_SIMULATOR,IDEAL_SIMULATION,COBYLA,gamma_5_beta_5,opt_gamma_5_opt_beta_5,"{""100110000110110"": 7, ""000000000000000"": 1017}",100110000110110,"[""STR-001"", ""STR-002"", ""STR-003"", ""STR-004"", ""STR-005""]",1.6861,1.6861,1.75,0.0365,0.9635,True,0,1.0,0.006836,125,150,0.41,0.007,0.25,0.1,0.003,11,165,75,15,VALID,NONE,7f861223f53c
EXP-PHASE-V-ARIYALUR-P5-S1009,ariyalur,1c722e4f2858,2173565aabd8,5,1009,1024,AER_SIMULATOR,IDEAL_SIMULATION,COBYLA,gamma_5_beta_5,opt_gamma_5_opt_beta_5,"{""100110000110110"": 7, ""000000000000000"": 1017}",100110000110110,"[""STR-001"", ""STR-002"", ""STR-003"", ""STR-004"", ""STR-005""]",1.6861,1.6861,1.75,0.0365,0.9635,True,0,1.0,0.006836,125,150,0.41,0.007,0.25,0.1,0.003,11,165,75,15,VALID,NONE,b99aaf32b60b
EXP-PHASE-V-CHENGALPATTU-P1-S1000,chengalpattu,2398477ae498,600e5c2649fc,1,1000,1024,AER_SIMULATOR,IDEAL_SIMULATION,COBYLA,gamma_1_beta_1,opt_gamma_1_opt_beta_1,"{""100110000110110"": 3, ""000000000000000"": 1017}",100110000110110,"[""STR-001"", ""STR-002"", ""STR-003"", ""STR-004"", ""STR-005""]",1.6021,1.6021,1.75,0.0845,0.9155,True,0,1.0,0.003906,25,30,0.09,0.007,0.05,0.02,0.003,3,45,15,15,VALID,NONE,5dba95ac54fe
EXP-PHASE-V-CHENGALPATTU-P1-S1001,chengalpattu,2398477ae498,600e5c2649fc,1,1001,1024,AER_SIMULATOR,IDEAL_SIMULATION,COBYLA,gamma_1_beta_1,opt_gamma_1_opt_beta_1,"{""100110000110110"": 3, ""000000000000000"": 1017}",100110000110110,"[""STR-001"", ""STR-002"", ""STR-003"", ""STR-004"", ""STR-005""]",1.6021,1.6021,1.75,0.0845,0.9155,True,0,1.0,0.003906,25,30,0.09,0.007,0.05,0.02,0.003,3,45,15,15,VALID,NONE,6de40eefa685
EXP-PHASE-V-CHENGALPATTU-P1-S1002,chengalpattu,2398477ae498,600e5c2649fc,1,1002,1024,AER_SIMULATOR,IDEAL_SIMULATION,COBYLA,gamma_1_beta_1,opt_gamma_1_opt_beta_1,"{""100110000110110"": 3, ""000000000000000"": 1017}",100110000110110,"[""STR-001"", ""STR-002"", ""STR-003"", ""STR-004"", ""STR-005""]",1.6021,1.6021,1.75,0.0845,0.9155,True,0,1.0,0.003906,25,30,0.09,0.007,0.05,0.02,0.003,3,45,15,15,VALID,NONE,3b33b5e1218d
EXP-PHASE-V-CHENGALPATTU-P1-S1003,chengalpattu,2398477ae498,600e5c2649fc,1,1003,1024,AER_SIMULATOR,IDEAL_SIMULATION,COBYLA,gamma_1_beta_1,opt_gamma_1_opt_beta_1,"{""100110000110110"": 3, ""000000000000000"": 1017}",100110000110110,"[""STR-001"", ""STR-002"", ""STR-003"", ""STR-004"", ""STR-005""]",1.6021,1.6021,1.75,0.0845,0.9155,True,0,1.0,0.003906,25,30,0.09,0.007,0.05,0.02,0.003,3,45,15,15,VALID,NONE,ef89eb8206e7
EXP-PHASE-V-CHENGALPATTU-P1-S1004,chengalpattu,2398477ae498,600e5c2649fc,1,1004,1024,AER_SIMULATOR,IDEAL_SIMULATION,COBYLA,gamma_1_beta_1,opt_gamma_1_opt_beta_1,"{""100110000110110"": 3, ""000000000000000"": 1017}",100110000110110,"[""STR-001"", ""STR-002"", ""STR-003"", ""STR-004"", ""STR-005""]",1.6021,1.6021,1.75,0.0845,0.9155,True,0,1.0,0.003906,25,30,0.09,0.007,0.05,0.02,0.003,3,45,15,15,VALID,NONE,87298a15850c
EXP-PHASE-V-CHENGALPATTU-P1-S1005,chengalpattu,2398477ae498,600e5c2649fc,1,1005,1024,AER_SIMULATOR,IDEAL_SIMULATION,COBYLA,gamma_1_beta_1,opt_gamma_1_opt_beta_1,"{""100110000110110"": 3, ""000000000000000"": 1017}",100110000110110,"[""STR-001"", ""STR-002"", ""STR-003"", ""STR-004"", ""STR-005""]",1.6021,1.6021,1.75,0.0845,0.9155,True,0,1.0,0.003906,25,30,0.09,0.007,0.05,0.02,0.003,3,45,15,15,VALID,NONE,2c401d9d6d72
EXP-PHASE-V-CHENGALPATTU-P1-S1006,chengalpattu,2398477ae498,600e5c2649fc,1,1006,1024,AER_SIMULATOR,IDEAL_SIMULATION,COBYLA,gamma_1_beta_1,opt_gamma_1_opt_beta_1,"{""100110000110110"": 3, ""000000000000000"": 1017}",100110000110110,"[""STR-001"", ""STR-002"", ""STR-003"", ""STR-004"", ""STR-005""]",1.6021,1.6021,1.75,0.0845,0.9155,True,0,1.0,0.003906,25,30,0.09,0.007,0.05,0.02,0.003,3,45,15,15,VALID,NONE,0fc660743b71
EXP-PHASE-V-CHENGALPATTU-P1-S1007,chengalpattu,2398477ae498,600e5c2649fc,1,1007,1024,AER_SIMULATOR,IDEAL_SIMULATION,COBYLA,gamma_1_beta_1,opt_gamma_1_opt_beta_1,"{""100110000110110"": 3, ""000000000000000"": 1017}",100110000110110,"[""STR-001"", ""STR-002"", ""STR-003"", ""STR-004"", ""STR-005""]",1.6021,1.6021,1.75,0.0845,0.9155,True,0,1.0,0.003906,25,30,0.09,0.007,0.05,0.02,0.003,3,45,15,15,VALID,NONE,7e2cd57e77b0
EXP-PHASE-V-CHENGALPATTU-P1-S1008,chengalpattu,2398477ae498,600e5c2649fc,1,1008,1024,AER_SIMULATOR,IDEAL_SIMULATION,COBYLA,gamma_1_beta_1,opt_gamma_1_opt_beta_1,"{""100110000110110"": 3, ""000000000000000"": 1017}",100110000110110,"[""STR-001"", ""STR-002"", ""STR-003"", ""STR-004"", ""STR-005""]",1.6021,1.6021,1.75,0.0845,0.9155,True,0,1.0,0.003906,25,30,0.09,0.007,0.05,0.02,0.003,3,45,15,15,VALID,NONE,6181785090c3
EXP-PHASE-V-CHENGALPATTU-P1-S1009,chengalpattu,2398477ae498,600e5c2649fc,1,1009,1024,AER_SIMULATOR,IDEAL_SIMULATION,COBYLA,gamma_1_beta_1,opt_gamma_1_opt_beta_1,"{""100110000110110"": 3, ""000000000000000"": 1017}",100110000110110,"[""STR-001"", ""STR-002"", ""STR-003"", ""STR-004"", ""STR-005""]",1.6021,1.6021,1.75,0.0845,0.9155,True,0,1.0,0.003906,25,30,0.09,0.007,0.05,0.02,0.003,3,45,15,15,VALID,NONE,a5dfb1f05ca4
EXP-PHASE-V-CHENGALPATTU-P2-S1000,chengalpattu,2398477ae498,600e5c2649fc,2,1000,1024,AER_SIMULATOR,IDEAL_SIMULATION,COBYLA,gamma_2_beta_2,opt_gamma_2_opt_beta_2,"{""100110000110110"": 7, ""000000000000000"": 1017}",100110000110110,"[""STR-001"", ""STR-002"", ""STR-003"", ""STR-004"", ""STR-005""]",1.62,1.62,1.75,0.0743,0.9257,True,0,1.0,0.006836,50,60,0.17,0.007,0.1,0.04,0.003,5,75,30,15,VALID,NONE,a4e2c1bdeede
EXP-PHASE-V-CHENGALPATTU-P2-S1001,chengalpattu,2398477ae498,600e5c2649fc,2,1001,1024,AER_SIMULATOR,IDEAL_SIMULATION,COBYLA,gamma_2_beta_2,opt_gamma_2_opt_beta_2,"{""100110000110110"": 7, ""000000000000000"": 1017}",100110000110110,"[""STR-001"", ""STR-002"", ""STR-003"", ""STR-004"", ""STR-005""]",1.5,1.5,1.75,0.1429,0.8571,True,0,1.0,0.0,50,60,0.17,0.007,0.1,0.04,0.003,5,75,30,15,VALID,NONE,9231f1c420c5
EXP-PHASE-V-CHENGALPATTU-P2-S1002,chengalpattu,2398477ae498,600e5c2649fc,2,1002,1024,AER_SIMULATOR,IDEAL_SIMULATION,COBYLA,gamma_2_beta_2,opt_gamma_2_opt_beta_2,"{""100110000110110"": 7, ""000000000000000"": 1017}",100110000110110,"[""STR-001"", ""STR-002"", ""STR-003"", ""STR-004"", ""STR-005""]",1.62,1.62,1.75,0.0743,0.9257,True,0,1.0,0.006836,50,60,0.17,0.007,0.1,0.04,0.003,5,75,30,15,VALID,NONE,9e416f233c7d
EXP-PHASE-V-CHENGALPATTU-P2-S1003,chengalpattu,2398477ae498,600e5c2649fc,2,1003,1024,AER_SIMULATOR,IDEAL_SIMULATION,COBYLA,gamma_2_beta_2,opt_gamma_2_opt_beta_2,"{""100110000110110"": 7, ""000000000000000"": 1017}",100110000110110,"[""STR-001"", ""STR-002"", ""STR-003"", ""STR-004"", ""STR-005""]",1.5,1.5,1.75,0.1429,0.8571,True,0,1.0,0.0,50,60,0.17,0.007,0.1,0.04,0.003,5,75,30,15,VALID,NONE,f31ac9dd3da7
EXP-PHASE-V-CHENGALPATTU-P2-S1004,chengalpattu,2398477ae498,600e5c2649fc,2,1004,1024,AER_SIMULATOR,IDEAL_SIMULATION,COBYLA,gamma_2_beta_2,opt_gamma_2_opt_beta_2,"{""100110000110110"": 7, ""000000000000000"": 1017}",100110000110110,"[""STR-001"", ""STR-002"", ""STR-003"", ""STR-004"", ""STR-005""]",1.62,1.62,1.75,0.0743,0.9257,True,0,1.0,0.006836,50,60,0.17,0.007,0.1,0.04,0.003,5,75,30,15,VALID,NONE,6a5c9f9ab998
EXP-PHASE-V-CHENGALPATTU-P2-S1005,chengalpattu,2398477ae498,600e5c2649fc,2,1005,1024,AER_SIMULATOR,IDEAL_SIMULATION,COBYLA,gamma_2_beta_2,opt_gamma_2_opt_beta_2,"{""100110000110110"": 7, ""000000000000000"": 1017}",100110000110110,"[""STR-001"", ""STR-002"", ""STR-003"", ""STR-004"", ""STR-005""]",1.6231,1.6231,1.75,0.0725,0.9275,True,0,1.0,0.006836,50,60,0.17,0.007,0.1,0.04,0.003,5,75,30,15,VALID,NONE,95f5f8ec7344
EXP-PHASE-V-CHENGALPATTU-P2-S1006,chengalpattu,2398477ae498,600e5c2649fc,2,1006,1024,AER_SIMULATOR,IDEAL_SIMULATION,COBYLA,gamma_2_beta_2,opt_gamma_2_opt_beta_2,"{""100110000110110"": 7, ""000000000000000"": 1017}",100110000110110,"[""STR-001"", ""STR-002"", ""STR-003"", ""STR-004"", ""STR-005""]",1.6231,1.6231,1.75,0.0725,0.9275,True,0,1.0,0.006836,50,60,0.17,0.007,0.1,0.04,0.003,5,75,30,15,VALID,NONE,615582b2eaee
EXP-PHASE-V-CHENGALPATTU-P2-S1007,chengalpattu,2398477ae498,600e5c2649fc,2,1007,1024,AER_SIMULATOR,IDEAL_SIMULATION,COBYLA,gamma_2_beta_2,opt_gamma_2_opt_beta_2,"{""100110000110110"": 7, ""000000000000000"": 1017}",100110000110110,"[""STR-001"", ""STR-002"", ""STR-003"", ""STR-004"", ""STR-005""]",1.6231,1.6231,1.75,0.0725,0.9275,True,0,1.0,0.006836,50,60,0.17,0.007,0.1,0.04,0.003,5,75,30,15,VALID,NONE,256c1ae62367
EXP-PHASE-V-CHENGALPATTU-P2-S1008,chengalpattu,2398477ae498,600e5c2649fc,2,1008,1024,AER_SIMULATOR,IDEAL_SIMULATION,COBYLA,gamma_2_beta_2,opt_gamma_2_opt_beta_2,"{""100110000110110"": 7, ""000000000000000"": 1017}",100110000110110,"[""STR-001"", ""STR-002"", ""STR-003"", ""STR-004"", ""STR-005""]",1.6231,1.6231,1.75,0.0725,0.9275,True,0,1.0,0.006836,50,60,0.17,0.007,0.1,0.04,0.003,5,75,30,15,VALID,NONE,3ec7e35e8829
EXP-PHASE-V-CHENGALPATTU-P2-S1009,chengalpattu,2398477ae498,600e5c2649fc,2,1009,1024,AER_SIMULATOR,IDEAL_SIMULATION,COBYLA,gamma_2_beta_2,opt_gamma_2_opt_beta_2,"{""100110000110110"": 7, ""000000000000000"": 1017}",100110000110110,"[""STR-001"", ""STR-002"", ""STR-003"", ""STR-004"", ""STR-005""]",1.6231,1.6231,1.75,0.0725,0.9275,True,0,1.0,0.006836,50,60,0.17,0.007,0.1,0.04,0.003,5,75,30,15,VALID,NONE,61cfc4d68838
EXP-PHASE-V-CHENGALPATTU-P3-S1000,chengalpattu,2398477ae498,600e5c2649fc,3,1000,1024,AER_SIMULATOR,IDEAL_SIMULATION,COBYLA,gamma_3_beta_3,opt_gamma_3_opt_beta_3,"{""100110000110110"": 7, ""000000000000000"": 1017}",100110000110110,"[""STR-001"", ""STR-002"", ""STR-003"", ""STR-004"", ""STR-005""]",1.6441,1.6441,1.75,0.0605,0.9395,True,0,1.0,0.006836,75,90,0.25,0.007,0.15000000000000002,0.06,0.003,7,105,45,15,VALID,NONE,bd5f391150aa
EXP-PHASE-V-CHENGALPATTU-P3-S1001,chengalpattu,2398477ae498,600e5c2649fc,3,1001,1024,AER_SIMULATOR,IDEAL_SIMULATION,COBYLA,gamma_3_beta_3,opt_gamma_3_opt_beta_3,"{""100110000110110"": 7, ""000000000000000"": 1017}",100110000110110,"[""STR-001"", ""STR-002"", ""STR-003"", ""STR-004"", ""STR-005""]",1.6441,1.6441,1.75,0.0605,0.9395,True,0,1.0,0.006836,75,90,0.25,0.007,0.15000000000000002,0.06,0.003,7,105,45,15,VALID,NONE,70313de612b2
EXP-PHASE-V-CHENGALPATTU-P3-S1002,chengalpattu,2398477ae498,600e5c2649fc,3,1002,1024,AER_SIMULATOR,IDEAL_SIMULATION,COBYLA,gamma_3_beta_3,opt_gamma_3_opt_beta_3,"{""100110000110110"": 7, ""000000000000000"": 1017}",100110000110110,"[""STR-001"", ""STR-002"", ""STR-003"", ""STR-004"", ""STR-005""]",1.6441,1.6441,1.75,0.0605,0.9395,True,0,1.0,0.006836,75,90,0.25,0.007,0.15000000000000002,0.06,0.003,7,105,45,15,VALID,NONE,8f6047741ce5
EXP-PHASE-V-CHENGALPATTU-P3-S1003,chengalpattu,2398477ae498,600e5c2649fc,3,1003,1024,AER_SIMULATOR,IDEAL_SIMULATION,COBYLA,gamma_3_beta_3,opt_gamma_3_opt_beta_3,"{""100110000110110"": 7, ""000000000000000"": 1017}",100110000110110,"[""STR-001"", ""STR-002"", ""STR-003"", ""STR-004"", ""STR-005""]",1.6441,1.6441,1.75,0.0605,0.9395,True,0,1.0,0.006836,75,90,0.25,0.007,0.15000000000000002,0.06,0.003,7,105,45,15,VALID,NONE,60c0ca1c9039
EXP-PHASE-V-CHENGALPATTU-P3-S1004,chengalpattu,2398477ae498,600e5c2649fc,3,1004,1024,AER_SIMULATOR,IDEAL_SIMULATION,COBYLA,gamma_3_beta_3,opt_gamma_3_opt_beta_3,"{""100110000110110"": 7, ""000000000000000"": 1017}",100110000110110,"[""STR-001"", ""STR-002"", ""STR-003"", ""STR-004"", ""STR-005""]",1.6441,1.6441,1.75,0.0605,0.9395,True,0,1.0,0.006836,75,90,0.25,0.007,0.15000000000000002,0.06,0.003,7,105,45,15,VALID,NONE,b6dabfec6a80
EXP-PHASE-V-CHENGALPATTU-P3-S1005,chengalpattu,2398477ae498,600e5c2649fc,3,1005,1024,AER_SIMULATOR,IDEAL_SIMULATION,COBYLA,gamma_3_beta_3,opt_gamma_3_opt_beta_3,"{""100110000110110"": 7, ""000000000000000"": 1017}",100110000110110,"[""STR-001"", ""STR-002"", ""STR-003"", ""STR-004"", ""STR-005""]",1.6441,1.6441,1.75,0.0605,0.9395,True,0,1.0,0.006836,75,90,0.25,0.007,0.15000000000000002,0.06,0.003,7,105,45,15,VALID,NONE,66a2c67f7eac
EXP-PHASE-V-CHENGALPATTU-P3-S1006,chengalpattu,2398477ae498,600e5c2649fc,3,1006,1024,AER_SIMULATOR,IDEAL_SIMULATION,COBYLA,gamma_3_beta_3,opt_gamma_3_opt_beta_3,"{""100110000110110"": 7, ""000000000000000"": 1017}",100110000110110,"[""STR-001"", ""STR-002"", ""STR-003"", ""STR-004"", ""STR-005""]",1.6441,1.6441,1.75,0.0605,0.9395,True,0,1.0,0.006836,75,90,0.25,0.007,0.15000000000000002,0.06,0.003,7,105,45,15,VALID,NONE,ed23efaa5bf5
EXP-PHASE-V-CHENGALPATTU-P3-S1007,chengalpattu,2398477ae498,600e5c2649fc,3,1007,1024,AER_SIMULATOR,IDEAL_SIMULATION,COBYLA,gamma_3_beta_3,opt_gamma_3_opt_beta_3,"{""100110000110110"": 7, ""000000000000000"": 1017}",100110000110110,"[""STR-001"", ""STR-002"", ""STR-003"", ""STR-004"", ""STR-005""]",1.6441,1.6441,1.75,0.0605,0.9395,True,0,1.0,0.006836,75,90,0.25,0.007,0.15000000000000002,0.06,0.003,7,105,45,15,VALID,NONE,7d373f283a0e
EXP-PHASE-V-CHENGALPATTU-P3-S1008,chengalpattu,2398477ae498,600e5c2649fc,3,1008,1024,AER_SIMULATOR,IDEAL_SIMULATION,COBYLA,gamma_3_beta_3,opt_gamma_3_opt_beta_3,"{""100110000110110"": 7, ""000000000000000"": 1017}",100110000110110,"[""STR-001"", ""STR-002"", ""STR-003"", ""STR-004"", ""STR-005""]",1.6441,1.6441,1.75,0.0605,0.9395,True,0,1.0,0.006836,75,90,0.25,0.007,0.15000000000000002,0.06,0.003,7,105,45,15,VALID,NONE,ecb9fd35f051
EXP-PHASE-V-CHENGALPATTU-P3-S1009,chengalpattu,2398477ae498,600e5c2649fc,3,1009,1024,AER_SIMULATOR,IDEAL_SIMULATION,COBYLA,gamma_3_beta_3,opt_gamma_3_opt_beta_3,"{""100110000110110"": 7, ""000000000000000"": 1017}",100110000110110,"[""STR-001"", ""STR-002"", ""STR-003"", ""STR-004"", ""STR-005""]",1.6441,1.6441,1.75,0.0605,0.9395,True,0,1.0,0.006836,75,90,0.25,0.007,0.15000000000000002,0.06,0.003,7,105,45,15,VALID,NONE,4f6776a9f47a
EXP-PHASE-V-CHENGALPATTU-P4-S1000,chengalpattu,2398477ae498,600e5c2649fc,4,1000,1024,AER_SIMULATOR,IDEAL_SIMULATION,COBYLA,gamma_4_beta_4,opt_gamma_4_opt_beta_4,"{""100110000110110"": 7, ""000000000000000"": 1017}",100110000110110,"[""STR-001"", ""STR-002"", ""STR-003"", ""STR-004"", ""STR-005""]",1.6651,1.6651,1.75,0.0485,0.9515,True,0,1.0,0.006836,100,120,0.33,0.007,0.2,0.08,0.003,9,135,60,15,VALID,NONE,4a4ce920d3fa
EXP-PHASE-V-CHENGALPATTU-P4-S1001,chengalpattu,2398477ae498,600e5c2649fc,4,1001,1024,AER_SIMULATOR,IDEAL_SIMULATION,COBYLA,gamma_4_beta_4,opt_gamma_4_opt_beta_4,"{""100110000110110"": 7, ""000000000000000"": 1017}",100110000110110,"[""STR-001"", ""STR-002"", ""STR-003"", ""STR-004"", ""STR-005""]",1.6651,1.6651,1.75,0.0485,0.9515,True,0,1.0,0.006836,100,120,0.33,0.007,0.2,0.08,0.003,9,135,60,15,VALID,NONE,6461fc1cbd69
EXP-PHASE-V-CHENGALPATTU-P4-S1002,chengalpattu,2398477ae498,600e5c2649fc,4,1002,1024,AER_SIMULATOR,IDEAL_SIMULATION,COBYLA,gamma_4_beta_4,opt_gamma_4_opt_beta_4,"{""100110000110110"": 7, ""000000000000000"": 1017}",100110000110110,"[""STR-001"", ""STR-002"", ""STR-003"", ""STR-004"", ""STR-005""]",1.6651,1.6651,1.75,0.0485,0.9515,True,0,1.0,0.006836,100,120,0.33,0.007,0.2,0.08,0.003,9,135,60,15,VALID,NONE,274e4fabd46e
EXP-PHASE-V-CHENGALPATTU-P4-S1003,chengalpattu,2398477ae498,600e5c2649fc,4,1003,1024,AER_SIMULATOR,IDEAL_SIMULATION,COBYLA,gamma_4_beta_4,opt_gamma_4_opt_beta_4,"{""100110000110110"": 7, ""000000000000000"": 1017}",100110000110110,"[""STR-001"", ""STR-002"", ""STR-003"", ""STR-004"", ""STR-005""]",1.6651,1.6651,1.75,0.0485,0.9515,True,0,1.0,0.006836,100,120,0.33,0.007,0.2,0.08,0.003,9,135,60,15,VALID,NONE,aa22bdc08825
EXP-PHASE-V-CHENGALPATTU-P4-S1004,chengalpattu,2398477ae498,600e5c2649fc,4,1004,1024,AER_SIMULATOR,IDEAL_SIMULATION,COBYLA,gamma_4_beta_4,opt_gamma_4_opt_beta_4,"{""100110000110110"": 7, ""000000000000000"": 1017}",100110000110110,"[""STR-001"", ""STR-002"", ""STR-003"", ""STR-004"", ""STR-005""]",1.6651,1.6651,1.75,0.0485,0.9515,True,0,1.0,0.006836,100,120,0.33,0.007,0.2,0.08,0.003,9,135,60,15,VALID,NONE,b11fe5b2ec6a
EXP-PHASE-V-CHENGALPATTU-P4-S1005,chengalpattu,2398477ae498,600e5c2649fc,4,1005,1024,AER_SIMULATOR,IDEAL_SIMULATION,COBYLA,gamma_4_beta_4,opt_gamma_4_opt_beta_4,"{""100110000110110"": 7, ""000000000000000"": 1017}",100110000110110,"[""STR-001"", ""STR-002"", ""STR-003"", ""STR-004"", ""STR-005""]",1.6651,1.6651,1.75,0.0485,0.9515,True,0,1.0,0.006836,100,120,0.33,0.007,0.2,0.08,0.003,9,135,60,15,VALID,NONE,8c1c601f7130
EXP-PHASE-V-CHENGALPATTU-P4-S1006,chengalpattu,2398477ae498,600e5c2649fc,4,1006,1024,AER_SIMULATOR,IDEAL_SIMULATION,COBYLA,gamma_4_beta_4,opt_gamma_4_opt_beta_4,"{""100110000110110"": 7, ""000000000000000"": 1017}",100110000110110,"[""STR-001"", ""STR-002"", ""STR-003"", ""STR-004"", ""STR-005""]",1.6651,1.6651,1.75,0.0485,0.9515,True,0,1.0,0.006836,100,120,0.33,0.007,0.2,0.08,0.003,9,135,60,15,VALID,NONE,b95fcbe9389b
EXP-PHASE-V-CHENGALPATTU-P4-S1007,chengalpattu,2398477ae498,600e5c2649fc,4,1007,1024,AER_SIMULATOR,IDEAL_SIMULATION,COBYLA,gamma_4_beta_4,opt_gamma_4_opt_beta_4,"{""100110000110110"": 7, ""000000000000000"": 1017}",100110000110110,"[""STR-001"", ""STR-002"", ""STR-003"", ""STR-004"", ""STR-005""]",1.6651,1.6651,1.75,0.0485,0.9515,True,0,1.0,0.006836,100,120,0.33,0.007,0.2,0.08,0.003,9,135,60,15,VALID,NONE,5dea480d96bf
EXP-PHASE-V-CHENGALPATTU-P4-S1008,chengalpattu,2398477ae498,600e5c2649fc,4,1008,1024,AER_SIMULATOR,IDEAL_SIMULATION,COBYLA,gamma_4_beta_4,opt_gamma_4_opt_beta_4,"{""100110000110110"": 7, ""000000000000000"": 1017}",100110000110110,"[""STR-001"", ""STR-002"", ""STR-003"", ""STR-004"", ""STR-005""]",1.6651,1.6651,1.75,0.0485,0.9515,True,0,1.0,0.006836,100,120,0.33,0.007,0.2,0.08,0.003,9,135,60,15,VALID,NONE,9098e1e55372
EXP-PHASE-V-CHENGALPATTU-P4-S1009,chengalpattu,2398477ae498,600e5c2649fc,4,1009,1024,AER_SIMULATOR,IDEAL_SIMULATION,COBYLA,gamma_4_beta_4,opt_gamma_4_opt_beta_4,"{""100110000110110"": 7, ""000000000000000"": 1017}",100110000110110,"[""STR-001"", ""STR-002"", ""STR-003"", ""STR-004"", ""STR-005""]",1.6651,1.6651,1.75,0.0485,0.9515,True,0,1.0,0.006836,100,120,0.33,0.007,0.2,0.08,0.003,9,135,60,15,VALID,NONE,c636918c6f55
EXP-PHASE-V-CHENGALPATTU-P5-S1000,chengalpattu,2398477ae498,600e5c2649fc,5,1000,1024,AER_SIMULATOR,IDEAL_SIMULATION,COBYLA,gamma_5_beta_5,opt_gamma_5_opt_beta_5,"{""100110000110110"": 7, ""000000000000000"": 1017}",100110000110110,"[""STR-001"", ""STR-002"", ""STR-003"", ""STR-004"", ""STR-005""]",1.6861,1.6861,1.75,0.0365,0.9635,True,0,1.0,0.006836,125,150,0.41,0.007,0.25,0.1,0.003,11,165,75,15,VALID,NONE,8b3bc3ae0de0
EXP-PHASE-V-CHENGALPATTU-P5-S1001,chengalpattu,2398477ae498,600e5c2649fc,5,1001,1024,AER_SIMULATOR,IDEAL_SIMULATION,COBYLA,gamma_5_beta_5,opt_gamma_5_opt_beta_5,"{""100110000110110"": 7, ""000000000000000"": 1017}",100110000110110,"[""STR-001"", ""STR-002"", ""STR-003"", ""STR-004"", ""STR-005""]",1.6861,1.6861,1.75,0.0365,0.9635,True,0,1.0,0.006836,125,150,0.41,0.007,0.25,0.1,0.003,11,165,75,15,VALID,NONE,5f7f39b3d43b
EXP-PHASE-V-CHENGALPATTU-P5-S1002,chengalpattu,2398477ae498,600e5c2649fc,5,1002,1024,AER_SIMULATOR,IDEAL_SIMULATION,COBYLA,gamma_5_beta_5,opt_gamma_5_opt_beta_5,"{""100110000110110"": 7, ""000000000000000"": 1017}",100110000110110,"[""STR-001"", ""STR-002"", ""STR-003"", ""STR-004"", ""STR-005""]",1.6861,1.6861,1.75,0.0365,0.9635,True,0,1.0,0.006836,125,150,0.41,0.007,0.25,0.1,0.003,11,165,75,15,VALID,NONE,ce7eaa07a714
EXP-PHASE-V-CHENGALPATTU-P5-S1003,chengalpattu,2398477ae498,600e5c2649fc,5,1003,1024,AER_SIMULATOR,IDEAL_SIMULATION,COBYLA,gamma_5_beta_5,opt_gamma_5_opt_beta_5,"{""100110000110110"": 7, ""000000000000000"": 1017}",100110000110110,"[""STR-001"", ""STR-002"", ""STR-003"", ""STR-004"", ""STR-005""]",1.6861,1.6861,1.75,0.0365,0.9635,True,0,1.0,0.006836,125,150,0.41,0.007,0.25,0.1,0.003,11,165,75,15,VALID,NONE,5a075fe3fd14
EXP-PHASE-V-CHENGALPATTU-P5-S1004,chengalpattu,2398477ae498,600e5c2649fc,5,1004,1024,AER_SIMULATOR,IDEAL_SIMULATION,COBYLA,gamma_5_beta_5,opt_gamma_5_opt_beta_5,"{""100110000110110"": 7, ""000000000000000"": 1017}",100110000110110,"[""STR-001"", ""STR-002"", ""STR-003"", ""STR-004"", ""STR-005""]",1.6861,1.6861,1.75,0.0365,0.9635,True,0,1.0,0.006836,125,150,0.41,0.007,0.25,0.1,0.003,11,165,75,15,VALID,NONE,f1fbfff08094
EXP-PHASE-V-CHENGALPATTU-P5-S1005,chengalpattu,2398477ae498,600e5c2649fc,5,1005,1024,AER_SIMULATOR,IDEAL_SIMULATION,COBYLA,gamma_5_beta_5,opt_gamma_5_opt_beta_5,"{""100110000110110"": 7, ""000000000000000"": 1017}",100110000110110,"[""STR-001"", ""STR-002"", ""STR-003"", ""STR-004"", ""STR-005""]",1.6861,1.6861,1.75,0.0365,0.9635,True,0,1.0,0.006836,125,150,0.41,0.007,0.25,0.1,0.003,11,165,75,15,VALID,NONE,2698a3b3ab21
EXP-PHASE-V-CHENGALPATTU-P5-S1006,chengalpattu,2398477ae498,600e5c2649fc,5,1006,1024,AER_SIMULATOR,IDEAL_SIMULATION,COBYLA,gamma_5_beta_5,opt_gamma_5_opt_beta_5,"{""100110000110110"": 7, ""000000000000000"": 1017}",100110000110110,"[""STR-001"", ""STR-002"", ""STR-003"", ""STR-004"", ""STR-005""]",1.6861,1.6861,1.75,0.0365,0.9635,True,0,1.0,0.006836,125,150,0.41,0.007,0.25,0.1,0.003,11,165,75,15,VALID,NONE,6712757e8289
EXP-PHASE-V-CHENGALPATTU-P5-S1007,chengalpattu,2398477ae498,600e5c2649fc,5,1007,1024,AER_SIMULATOR,IDEAL_SIMULATION,COBYLA,gamma_5_beta_5,opt_gamma_5_opt_beta_5,"{""100110000110110"": 7, ""000000000000000"": 1017}",100110000110110,"[""STR-001"", ""STR-002"", ""STR-003"", ""STR-004"", ""STR-005""]",1.6861,1.6861,1.75,0.0365,0.9635,True,0,1.0,0.006836,125,150,0.41,0.007,0.25,0.1,0.003,11,165,75,15,VALID,NONE,c0c7bfebc6d8
EXP-PHASE-V-CHENGALPATTU-P5-S1008,chengalpattu,2398477ae498,600e5c2649fc,5,1008,1024,AER_SIMULATOR,IDEAL_SIMULATION,COBYLA,gamma_5_beta_5,opt_gamma_5_opt_beta_5,"{""100110000110110"": 7, ""000000000000000"": 1017}",100110000110110,"[""STR-001"", ""STR-002"", ""STR-003"", ""STR-004"", ""STR-005""]",1.6861,1.6861,1.75,0.0365,0.9635,True,0,1.0,0.006836,125,150,0.41,0.007,0.25,0.1,0.003,11,165,75,15,VALID,NONE,5673b4c3f9ce
EXP-PHASE-V-CHENGALPATTU-P5-S1009,chengalpattu,2398477ae498,600e5c2649fc,5,1009,1024,AER_SIMULATOR,IDEAL_SIMULATION,COBYLA,gamma_5_beta_5,opt_gamma_5_opt_beta_5,"{""100110000110110"": 7, ""000000000000000"": 1017}",100110000110110,"[""STR-001"", ""STR-002"", ""STR-003"", ""STR-004"", ""STR-005""]",1.6861,1.6861,1.75,0.0365,0.9635,True,0,1.0,0.006836,125,150,0.41,0.007,0.25,0.1,0.003,11,165,75,15,VALID,NONE,74b17f247b2f
EXP-PHASE-V-CHENNAI-P1-S1000,chennai,93afaf7d7a2e,070d35fdddb3,1,1000,1024,AER_SIMULATOR,IDEAL_SIMULATION,COBYLA,gamma_1_beta_1,opt_gamma_1_opt_beta_1,"{""100110000110110"": 3, ""000000000000000"": 1017}",100110000110110,"[""STR-001"", ""STR-002"", ""STR-003"", ""STR-004"", ""STR-005""]",1.6021,1.6021,1.75,0.0845,0.9155,True,0,1.0,0.003906,25,30,0.09,0.007,0.05,0.02,0.003,3,45,15,15,VALID,NONE,38305868808e
EXP-PHASE-V-CHENNAI-P1-S1001,chennai,93afaf7d7a2e,070d35fdddb3,1,1001,1024,AER_SIMULATOR,IDEAL_SIMULATION,COBYLA,gamma_1_beta_1,opt_gamma_1_opt_beta_1,"{""100110000110110"": 3, ""000000000000000"": 1017}",100110000110110,"[""STR-001"", ""STR-002"", ""STR-003"", ""STR-004"", ""STR-005""]",1.6021,1.6021,1.75,0.0845,0.9155,True,0,1.0,0.003906,25,30,0.09,0.007,0.05,0.02,0.003,3,45,15,15,VALID,NONE,8e4c0e12c6cb
EXP-PHASE-V-CHENNAI-P1-S1002,chennai,93afaf7d7a2e,070d35fdddb3,1,1002,1024,AER_SIMULATOR,IDEAL_SIMULATION,COBYLA,gamma_1_beta_1,opt_gamma_1_opt_beta_1,"{""100110000110110"": 3, ""000000000000000"": 1017}",100110000110110,"[""STR-001"", ""STR-002"", ""STR-003"", ""STR-004"", ""STR-005""]",1.6021,1.6021,1.75,0.0845,0.9155,True,0,1.0,0.003906,25,30,0.09,0.007,0.05,0.02,0.003,3,45,15,15,VALID,NONE,be214b0d23c6
EXP-PHASE-V-CHENNAI-P1-S1003,chennai,93afaf7d7a2e,070d35fdddb3,1,1003,1024,AER_SIMULATOR,IDEAL_SIMULATION,COBYLA,gamma_1_beta_1,opt_gamma_1_opt_beta_1,"{""100110000110110"": 3, ""000000000000000"": 1017}",100110000110110,"[""STR-001"", ""STR-002"", ""STR-003"", ""STR-004"", ""STR-005""]",1.6021,1.6021,1.75,0.0845,0.9155,True,0,1.0,0.003906,25,30,0.09,0.007,0.05,0.02,0.003,3,45,15,15,VALID,NONE,822ae5a9a190
EXP-PHASE-V-CHENNAI-P1-S1004,chennai,93afaf7d7a2e,070d35fdddb3,1,1004,1024,AER_SIMULATOR,IDEAL_SIMULATION,COBYLA,gamma_1_beta_1,opt_gamma_1_opt_beta_1,"{""100110000110110"": 3, ""000000000000000"": 1017}",100110000110110,"[""STR-001"", ""STR-002"", ""STR-003"", ""STR-004"", ""STR-005""]",1.6021,1.6021,1.75,0.0845,0.9155,True,0,1.0,0.003906,25,30,0.09,0.007,0.05,0.02,0.003,3,45,15,15,VALID,NONE,50b5f1d273a6
EXP-PHASE-V-CHENNAI-P1-S1005,chennai,93afaf7d7a2e,070d35fdddb3,1,1005,1024,AER_SIMULATOR,IDEAL_SIMULATION,COBYLA,gamma_1_beta_1,opt_gamma_1_opt_beta_1,"{""100110000110110"": 3, ""000000000000000"": 1017}",100110000110110,"[""STR-001"", ""STR-002"", ""STR-003"", ""STR-004"", ""STR-005""]",1.6021,1.6021,1.75,0.0845,0.9155,True,0,1.0,0.003906,25,30,0.09,0.007,0.05,0.02,0.003,3,45,15,15,VALID,NONE,a9dd2cde8352
EXP-PHASE-V-CHENNAI-P1-S1006,chennai,93afaf7d7a2e,070d35fdddb3,1,1006,1024,AER_SIMULATOR,IDEAL_SIMULATION,COBYLA,gamma_1_beta_1,opt_gamma_1_opt_beta_1,"{""100110000110110"": 3, ""000000000000000"": 1017}",100110000110110,"[""STR-001"", ""STR-002"", ""STR-003"", ""STR-004"", ""STR-005""]",1.6021,1.6021,1.75,0.0845,0.9155,True,0,1.0,0.003906,25,30,0.09,0.007,0.05,0.02,0.003,3,45,15,15,VALID,NONE,dbada395ad34
EXP-PHASE-V-CHENNAI-P1-S1007,chennai,93afaf7d7a2e,070d35fdddb3,1,1007,1024,AER_SIMULATOR,IDEAL_SIMULATION,COBYLA,gamma_1_beta_1,opt_gamma_1_opt_beta_1,"{""100110000110110"": 3, ""000000000000000"": 1017}",100110000110110,"[""STR-001"", ""STR-002"", ""STR-003"", ""STR-004"", ""STR-005""]",1.6021,1.6021,1.75,0.0845,0.9155,True,0,1.0,0.003906,25,30,0.09,0.007,0.05,0.02,0.003,3,45,15,15,VALID,NONE,9cae466d88a2
EXP-PHASE-V-CHENNAI-P1-S1008,chennai,93afaf7d7a2e,070d35fdddb3,1,1008,1024,AER_SIMULATOR,IDEAL_SIMULATION,COBYLA,gamma_1_beta_1,opt_gamma_1_opt_beta_1,"{""100110000110110"": 3, ""000000000000000"": 1017}",100110000110110,"[""STR-001"", ""STR-002"", ""STR-003"", ""STR-004"", ""STR-005""]",1.6021,1.6021,1.75,0.0845,0.9155,True,0,1.0,0.003906,25,30,0.09,0.007,0.05,0.02,0.003,3,45,15,15,VALID,NONE,3770af220efc
EXP-PHASE-V-CHENNAI-P1-S1009,chennai,93afaf7d7a2e,070d35fdddb3,1,1009,1024,AER_SIMULATOR,IDEAL_SIMULATION,COBYLA,gamma_1_beta_1,opt_gamma_1_opt_beta_1,"{""100110000110110"": 3, ""000000000000000"": 1017}",100110000110110,"[""STR-001"", ""STR-002"", ""STR-003"", ""STR-004"", ""STR-005""]",1.6021,1.6021,1.75,0.0845,0.9155,True,0,1.0,0.003906,25,30,0.09,0.007,0.05,0.02,0.003,3,45,15,15,VALID,NONE,53642ee9d5c0
EXP-PHASE-V-CHENNAI-P2-S1000,chennai,93afaf7d7a2e,070d35fdddb3,2,1000,1024,AER_SIMULATOR,IDEAL_SIMULATION,COBYLA,gamma_2_beta_2,opt_gamma_2_opt_beta_2,"{""100110000110110"": 7, ""000000000000000"": 1017}",100110000110110,"[""STR-001"", ""STR-002"", ""STR-003"", ""STR-004"", ""STR-005""]",1.62,1.62,1.75,0.0743,0.9257,True,0,1.0,0.006836,50,60,0.17,0.007,0.1,0.04,0.003,5,75,30,15,VALID,NONE,415ac460f338
EXP-PHASE-V-CHENNAI-P2-S1001,chennai,93afaf7d7a2e,070d35fdddb3,2,1001,1024,AER_SIMULATOR,IDEAL_SIMULATION,COBYLA,gamma_2_beta_2,opt_gamma_2_opt_beta_2,"{""100110000110110"": 7, ""000000000000000"": 1017}",100110000110110,"[""STR-001"", ""STR-002"", ""STR-003"", ""STR-004"", ""STR-005""]",1.5,1.5,1.75,0.1429,0.8571,True,0,1.0,0.0,50,60,0.17,0.007,0.1,0.04,0.003,5,75,30,15,VALID,NONE,03639ff9d6bc
EXP-PHASE-V-CHENNAI-P2-S1002,chennai,93afaf7d7a2e,070d35fdddb3,2,1002,1024,AER_SIMULATOR,IDEAL_SIMULATION,COBYLA,gamma_2_beta_2,opt_gamma_2_opt_beta_2,"{""100110000110110"": 7, ""000000000000000"": 1017}",100110000110110,"[""STR-001"", ""STR-002"", ""STR-003"", ""STR-004"", ""STR-005""]",1.62,1.62,1.75,0.0743,0.9257,True,0,1.0,0.006836,50,60,0.17,0.007,0.1,0.04,0.003,5,75,30,15,VALID,NONE,a8d6fb3d5531
EXP-PHASE-V-CHENNAI-P2-S1003,chennai,93afaf7d7a2e,070d35fdddb3,2,1003,1024,AER_SIMULATOR,IDEAL_SIMULATION,COBYLA,gamma_2_beta_2,opt_gamma_2_opt_beta_2,"{""100110000110110"": 7, ""000000000000000"": 1017}",100110000110110,"[""STR-001"", ""STR-002"", ""STR-003"", ""STR-004"", ""STR-005""]",1.5,1.5,1.75,0.1429,0.8571,True,0,1.0,0.0,50,60,0.17,0.007,0.1,0.04,0.003,5,75,30,15,VALID,NONE,2924b68fe0a3
EXP-PHASE-V-CHENNAI-P2-S1004,chennai,93afaf7d7a2e,070d35fdddb3,2,1004,1024,AER_SIMULATOR,IDEAL_SIMULATION,COBYLA,gamma_2_beta_2,opt_gamma_2_opt_beta_2,"{""100110000110110"": 7, ""000000000000000"": 1017}",100110000110110,"[""STR-001"", ""STR-002"", ""STR-003"", ""STR-004"", ""STR-005""]",1.62,1.62,1.75,0.0743,0.9257,True,0,1.0,0.006836,50,60,0.17,0.007,0.1,0.04,0.003,5,75,30,15,VALID,NONE,7d0d774836ac
EXP-PHASE-V-CHENNAI-P2-S1005,chennai,93afaf7d7a2e,070d35fdddb3,2,1005,1024,AER_SIMULATOR,IDEAL_SIMULATION,COBYLA,gamma_2_beta_2,opt_gamma_2_opt_beta_2,"{""100110000110110"": 7, ""000000000000000"": 1017}",100110000110110,"[""STR-001"", ""STR-002"", ""STR-003"", ""STR-004"", ""STR-005""]",1.6231,1.6231,1.75,0.0725,0.9275,True,0,1.0,0.006836,50,60,0.17,0.007,0.1,0.04,0.003,5,75,30,15,VALID,NONE,b777a9443cc2
EXP-PHASE-V-CHENNAI-P2-S1006,chennai,93afaf7d7a2e,070d35fdddb3,2,1006,1024,AER_SIMULATOR,IDEAL_SIMULATION,COBYLA,gamma_2_beta_2,opt_gamma_2_opt_beta_2,"{""100110000110110"": 7, ""000000000000000"": 1017}",100110000110110,"[""STR-001"", ""STR-002"", ""STR-003"", ""STR-004"", ""STR-005""]",1.6231,1.6231,1.75,0.0725,0.9275,True,0,1.0,0.006836,50,60,0.17,0.007,0.1,0.04,0.003,5,75,30,15,VALID,NONE,7a5228cafea9
EXP-PHASE-V-CHENNAI-P2-S1007,chennai,93afaf7d7a2e,070d35fdddb3,2,1007,1024,AER_SIMULATOR,IDEAL_SIMULATION,COBYLA,gamma_2_beta_2,opt_gamma_2_opt_beta_2,"{""100110000110110"": 7, ""000000000000000"": 1017}",100110000110110,"[""STR-001"", ""STR-002"", ""STR-003"", ""STR-004"", ""STR-005""]",1.6231,1.6231,1.75,0.0725,0.9275,True,0,1.0,0.006836,50,60,0.17,0.007,0.1,0.04,0.003,5,75,30,15,VALID,NONE,ae92bcf42461
EXP-PHASE-V-CHENNAI-P2-S1008,chennai,93afaf7d7a2e,070d35fdddb3,2,1008,1024,AER_SIMULATOR,IDEAL_SIMULATION,COBYLA,gamma_2_beta_2,opt_gamma_2_opt_beta_2,"{""100110000110110"": 7, ""000000000000000"": 1017}",100110000110110,"[""STR-001"", ""STR-002"", ""STR-003"", ""STR-004"", ""STR-005""]",1.6231,1.6231,1.75,0.0725,0.9275,True,0,1.0,0.006836,50,60,0.17,0.007,0.1,0.04,0.003,5,75,30,15,VALID,NONE,16a8e79c1e60
EXP-PHASE-V-CHENNAI-P2-S1009,chennai,93afaf7d7a2e,070d35fdddb3,2,1009,1024,AER_SIMULATOR,IDEAL_SIMULATION,COBYLA,gamma_2_beta_2,opt_gamma_2_opt_beta_2,"{""100110000110110"": 7, ""000000000000000"": 1017}",100110000110110,"[""STR-001"", ""STR-002"", ""STR-003"", ""STR-004"", ""STR-005""]",1.6231,1.6231,1.75,0.0725,0.9275,True,0,1.0,0.006836,50,60,0.17,0.007,0.1,0.04,0.003,5,75,30,15,VALID,NONE,7d3553aa7183
EXP-PHASE-V-CHENNAI-P3-S1000,chennai,93afaf7d7a2e,070d35fdddb3,3,1000,1024,AER_SIMULATOR,IDEAL_SIMULATION,COBYLA,gamma_3_beta_3,opt_gamma_3_opt_beta_3,"{""100110000110110"": 7, ""000000000000000"": 1017}",100110000110110,"[""STR-001"", ""STR-002"", ""STR-003"", ""STR-004"", ""STR-005""]",1.6441,1.6441,1.75,0.0605,0.9395,True,0,1.0,0.006836,75,90,0.25,0.007,0.15000000000000002,0.06,0.003,7,105,45,15,VALID,NONE,b2547a93d684
EXP-PHASE-V-CHENNAI-P3-S1001,chennai,93afaf7d7a2e,070d35fdddb3,3,1001,1024,AER_SIMULATOR,IDEAL_SIMULATION,COBYLA,gamma_3_beta_3,opt_gamma_3_opt_beta_3,"{""100110000110110"": 7, ""000000000000000"": 1017}",100110000110110,"[""STR-001"", ""STR-002"", ""STR-003"", ""STR-004"", ""STR-005""]",1.6441,1.6441,1.75,0.0605,0.9395,True,0,1.0,0.006836,75,90,0.25,0.007,0.15000000000000002,0.06,0.003,7,105,45,15,VALID,NONE,3696017e3095
EXP-PHASE-V-CHENNAI-P3-S1002,chennai,93afaf7d7a2e,070d35fdddb3,3,1002,1024,AER_SIMULATOR,IDEAL_SIMULATION,COBYLA,gamma_3_beta_3,opt_gamma_3_opt_beta_3,"{""100110000110110"": 7, ""000000000000000"": 1017}",100110000110110,"[""STR-001"", ""STR-002"", ""STR-003"", ""STR-004"", ""STR-005""]",1.6441,1.6441,1.75,0.0605,0.9395,True,0,1.0,0.006836,75,90,0.25,0.007,0.15000000000000002,0.06,0.003,7,105,45,15,VALID,NONE,ab418ba983a0
EXP-PHASE-V-CHENNAI-P3-S1003,chennai,93afaf7d7a2e,070d35fdddb3,3,1003,1024,AER_SIMULATOR,IDEAL_SIMULATION,COBYLA,gamma_3_beta_3,opt_gamma_3_opt_beta_3,"{""100110000110110"": 7, ""000000000000000"": 1017}",100110000110110,"[""STR-001"", ""STR-002"", ""STR-003"", ""STR-004"", ""STR-005""]",1.6441,1.6441,1.75,0.0605,0.9395,True,0,1.0,0.006836,75,90,0.25,0.007,0.15000000000000002,0.06,0.003,7,105,45,15,VALID,NONE,375b2a6b2687
EXP-PHASE-V-CHENNAI-P3-S1004,chennai,93afaf7d7a2e,070d35fdddb3,3,1004,1024,AER_SIMULATOR,IDEAL_SIMULATION,COBYLA,gamma_3_beta_3,opt_gamma_3_opt_beta_3,"{""100110000110110"": 7, ""000000000000000"": 1017}",100110000110110,"[""STR-001"", ""STR-002"", ""STR-003"", ""STR-004"", ""STR-005""]",1.6441,1.6441,1.75,0.0605,0.9395,True,0,1.0,0.006836,75,90,0.25,0.007,0.15000000000000002,0.06,0.003,7,105,45,15,VALID,NONE,244a302f3cb6
EXP-PHASE-V-CHENNAI-P3-S1005,chennai,93afaf7d7a2e,070d35fdddb3,3,1005,1024,AER_SIMULATOR,IDEAL_SIMULATION,COBYLA,gamma_3_beta_3,opt_gamma_3_opt_beta_3,"{""100110000110110"": 7, ""000000000000000"": 1017}",100110000110110,"[""STR-001"", ""STR-002"", ""STR-003"", ""STR-004"", ""STR-005""]",1.6441,1.6441,1.75,0.0605,0.9395,True,0,1.0,0.006836,75,90,0.25,0.007,0.15000000000000002,0.06,0.003,7,105,45,15,VALID,NONE,6e3d1c290fab
EXP-PHASE-V-CHENNAI-P3-S1006,chennai,93afaf7d7a2e,070d35fdddb3,3,1006,1024,AER_SIMULATOR,IDEAL_SIMULATION,COBYLA,gamma_3_beta_3,opt_gamma_3_opt_beta_3,"{""100110000110110"": 7, ""000000000000000"": 1017}",100110000110110,"[""STR-001"", ""STR-002"", ""STR-003"", ""STR-004"", ""STR-005""]",1.6441,1.6441,1.75,0.0605,0.9395,True,0,1.0,0.006836,75,90,0.25,0.007,0.15000000000000002,0.06,0.003,7,105,45,15,VALID,NONE,eac57baafd4c
EXP-PHASE-V-CHENNAI-P3-S1007,chennai,93afaf7d7a2e,070d35fdddb3,3,1007,1024,AER_SIMULATOR,IDEAL_SIMULATION,COBYLA,gamma_3_beta_3,opt_gamma_3_opt_beta_3,"{""100110000110110"": 7, ""000000000000000"": 1017}",100110000110110,"[""STR-001"", ""STR-002"", ""STR-003"", ""STR-004"", ""STR-005""]",1.6441,1.6441,1.75,0.0605,0.9395,True,0,1.0,0.006836,75,90,0.25,0.007,0.15000000000000002,0.06,0.003,7,105,45,15,VALID,NONE,c8785f68dcf4
EXP-PHASE-V-CHENNAI-P3-S1008,chennai,93afaf7d7a2e,070d35fdddb3,3,1008,1024,AER_SIMULATOR,IDEAL_SIMULATION,COBYLA,gamma_3_beta_3,opt_gamma_3_opt_beta_3,"{""100110000110110"": 7, ""000000000000000"": 1017}",100110000110110,"[""STR-001"", ""STR-002"", ""STR-003"", ""STR-004"", ""STR-005""]",1.6441,1.6441,1.75,0.0605,0.9395,True,0,1.0,0.006836,75,90,0.25,0.007,0.15000000000000002,0.06,0.003,7,105,45,15,VALID,NONE,88fb6f8c7380
EXP-PHASE-V-CHENNAI-P3-S1009,chennai,93afaf7d7a2e,070d35fdddb3,3,1009,1024,AER_SIMULATOR,IDEAL_SIMULATION,COBYLA,gamma_3_beta_3,opt_gamma_3_opt_beta_3,"{""100110000110110"": 7, ""000000000000000"": 1017}",100110000110110,"[""STR-001"", ""STR-002"", ""STR-003"", ""STR-004"", ""STR-005""]",1.6441,1.6441,1.75,0.0605,0.9395,True,0,1.0,0.006836,75,90,0.25,0.007,0.15000000000000002,0.06,0.003,7,105,45,15,VALID,NONE,4ecc51a8ed01
EXP-PHASE-V-CHENNAI-P4-S1000,chennai,93afaf7d7a2e,070d35fdddb3,4,1000,1024,AER_SIMULATOR,IDEAL_SIMULATION,COBYLA,gamma_4_beta_4,opt_gamma_4_opt_beta_4,"{""100110000110110"": 7, ""000000000000000"": 1017}",100110000110110,"[""STR-001"", ""STR-002"", ""STR-003"", ""STR-004"", ""STR-005""]",1.6651,1.6651,1.75,0.0485,0.9515,True,0,1.0,0.006836,100,120,0.33,0.007,0.2,0.08,0.003,9,135,60,15,VALID,NONE,2a0c05163994
EXP-PHASE-V-CHENNAI-P4-S1001,chennai,93afaf7d7a2e,070d35fdddb3,4,1001,1024,AER_SIMULATOR,IDEAL_SIMULATION,COBYLA,gamma_4_beta_4,opt_gamma_4_opt_beta_4,"{""100110000110110"": 7, ""000000000000000"": 1017}",100110000110110,"[""STR-001"", ""STR-002"", ""STR-003"", ""STR-004"", ""STR-005""]",1.6651,1.6651,1.75,0.0485,0.9515,True,0,1.0,0.006836,100,120,0.33,0.007,0.2,0.08,0.003,9,135,60,15,VALID,NONE,7d4639d7a230
EXP-PHASE-V-CHENNAI-P4-S1002,chennai,93afaf7d7a2e,070d35fdddb3,4,1002,1024,AER_SIMULATOR,IDEAL_SIMULATION,COBYLA,gamma_4_beta_4,opt_gamma_4_opt_beta_4,"{""100110000110110"": 7, ""000000000000000"": 1017}",100110000110110,"[""STR-001"", ""STR-002"", ""STR-003"", ""STR-004"", ""STR-005""]",1.6651,1.6651,1.75,0.0485,0.9515,True,0,1.0,0.006836,100,120,0.33,0.007,0.2,0.08,0.003,9,135,60,15,VALID,NONE,a87b0d0f4344
EXP-PHASE-V-CHENNAI-P4-S1003,chennai,93afaf7d7a2e,070d35fdddb3,4,1003,1024,AER_SIMULATOR,IDEAL_SIMULATION,COBYLA,gamma_4_beta_4,opt_gamma_4_opt_beta_4,"{""100110000110110"": 7, ""000000000000000"": 1017}",100110000110110,"[""STR-001"", ""STR-002"", ""STR-003"", ""STR-004"", ""STR-005""]",1.6651,1.6651,1.75,0.0485,0.9515,True,0,1.0,0.006836,100,120,0.33,0.007,0.2,0.08,0.003,9,135,60,15,VALID,NONE,14601a145bd6
EXP-PHASE-V-CHENNAI-P4-S1004,chennai,93afaf7d7a2e,070d35fdddb3,4,1004,1024,AER_SIMULATOR,IDEAL_SIMULATION,COBYLA,gamma_4_beta_4,opt_gamma_4_opt_beta_4,"{""100110000110110"": 7, ""000000000000000"": 1017}",100110000110110,"[""STR-001"", ""STR-002"", ""STR-003"", ""STR-004"", ""STR-005""]",1.6651,1.6651,1.75,0.0485,0.9515,True,0,1.0,0.006836,100,120,0.33,0.007,0.2,0.08,0.003,9,135,60,15,VALID,NONE,0690f965db05
EXP-PHASE-V-CHENNAI-P4-S1005,chennai,93afaf7d7a2e,070d35fdddb3,4,1005,1024,AER_SIMULATOR,IDEAL_SIMULATION,COBYLA,gamma_4_beta_4,opt_gamma_4_opt_beta_4,"{""100110000110110"": 7, ""000000000000000"": 1017}",100110000110110,"[""STR-001"", ""STR-002"", ""STR-003"", ""STR-004"", ""STR-005""]",1.6651,1.6651,1.75,0.0485,0.9515,True,0,1.0,0.006836,100,120,0.33,0.007,0.2,0.08,0.003,9,135,60,15,VALID,NONE,f69e31ff4e65
EXP-PHASE-V-CHENNAI-P4-S1006,chennai,93afaf7d7a2e,070d35fdddb3,4,1006,1024,AER_SIMULATOR,IDEAL_SIMULATION,COBYLA,gamma_4_beta_4,opt_gamma_4_opt_beta_4,"{""100110000110110"": 7, ""000000000000000"": 1017}",100110000110110,"[""STR-001"", ""STR-002"", ""STR-003"", ""STR-004"", ""STR-005""]",1.6651,1.6651,1.75,0.0485,0.9515,True,0,1.0,0.006836,100,120,0.33,0.007,0.2,0.08,0.003,9,135,60,15,VALID,NONE,efe8f2805dee
EXP-PHASE-V-CHENNAI-P4-S1007,chennai,93afaf7d7a2e,070d35fdddb3,4,1007,1024,AER_SIMULATOR,IDEAL_SIMULATION,COBYLA,gamma_4_beta_4,opt_gamma_4_opt_beta_4,"{""100110000110110"": 7, ""000000000000000"": 1017}",100110000110110,"[""STR-001"", ""STR-002"", ""STR-003"", ""STR-004"", ""STR-005""]",1.6651,1.6651,1.75,0.0485,0.9515,True,0,1.0,0.006836,100,120,0.33,0.007,0.2,0.08,0.003,9,135,60,15,VALID,NONE,91242fe2c31a
EXP-PHASE-V-CHENNAI-P4-S1008,chennai,93afaf7d7a2e,070d35fdddb3,4,1008,1024,AER_SIMULATOR,IDEAL_SIMULATION,COBYLA,gamma_4_beta_4,opt_gamma_4_opt_beta_4,"{""100110000110110"": 7, ""000000000000000"": 1017}",100110000110110,"[""STR-001"", ""STR-002"", ""STR-003"", ""STR-004"", ""STR-005""]",1.6651,1.6651,1.75,0.0485,0.9515,True,0,1.0,0.006836,100,120,0.33,0.007,0.2,0.08,0.003,9,135,60,15,VALID,NONE,10d280c8bcc2
EXP-PHASE-V-CHENNAI-P4-S1009,chennai,93afaf7d7a2e,070d35fdddb3,4,1009,1024,AER_SIMULATOR,IDEAL_SIMULATION,COBYLA,gamma_4_beta_4,opt_gamma_4_opt_beta_4,"{""100110000110110"": 7, ""000000000000000"": 1017}",100110000110110,"[""STR-001"", ""STR-002"", ""STR-003"", ""STR-004"", ""STR-005""]",1.6651,1.6651,1.75,0.0485,0.9515,True,0,1.0,0.006836,100,120,0.33,0.007,0.2,0.08,0.003,9,135,60,15,VALID,NONE,d6693ba60f48
EXP-PHASE-V-CHENNAI-P5-S1000,chennai,93afaf7d7a2e,070d35fdddb3,5,1000,1024,AER_SIMULATOR,IDEAL_SIMULATION,COBYLA,gamma_5_beta_5,opt_gamma_5_opt_beta_5,"{""100110000110110"": 7, ""000000000000000"": 1017}",100110000110110,"[""STR-001"", ""STR-002"", ""STR-003"", ""STR-004"", ""STR-005""]",1.6861,1.6861,1.75,0.0365,0.9635,True,0,1.0,0.006836,125,150,0.41,0.007,0.25,0.1,0.003,11,165,75,15,VALID,NONE,bd7036e99a4a
EXP-PHASE-V-CHENNAI-P5-S1001,chennai,93afaf7d7a2e,070d35fdddb3,5,1001,1024,AER_SIMULATOR,IDEAL_SIMULATION,COBYLA,gamma_5_beta_5,opt_gamma_5_opt_beta_5,"{""100110000110110"": 7, ""000000000000000"": 1017}",100110000110110,"[""STR-001"", ""STR-002"", ""STR-003"", ""STR-004"", ""STR-005""]",1.6861,1.6861,1.75,0.0365,0.9635,True,0,1.0,0.006836,125,150,0.41,0.007,0.25,0.1,0.003,11,165,75,15,VALID,NONE,5034c016cf0f
EXP-PHASE-V-CHENNAI-P5-S1002,chennai,93afaf7d7a2e,070d35fdddb3,5,1002,1024,AER_SIMULATOR,IDEAL_SIMULATION,COBYLA,gamma_5_beta_5,opt_gamma_5_opt_beta_5,"{""100110000110110"": 7, ""000000000000000"": 1017}",100110000110110,"[""STR-001"", ""STR-002"", ""STR-003"", ""STR-004"", ""STR-005""]",1.6861,1.6861,1.75,0.0365,0.9635,True,0,1.0,0.006836,125,150,0.41,0.007,0.25,0.1,0.003,11,165,75,15,VALID,NONE,ff34a09942d3
EXP-PHASE-V-CHENNAI-P5-S1003,chennai,93afaf7d7a2e,070d35fdddb3,5,1003,1024,AER_SIMULATOR,IDEAL_SIMULATION,COBYLA,gamma_5_beta_5,opt_gamma_5_opt_beta_5,"{""100110000110110"": 7, ""000000000000000"": 1017}",100110000110110,"[""STR-001"", ""STR-002"", ""STR-003"", ""STR-004"", ""STR-005""]",1.6861,1.6861,1.75,0.0365,0.9635,True,0,1.0,0.006836,125,150,0.41,0.007,0.25,0.1,0.003,11,165,75,15,VALID,NONE,1e6e88a30658
EXP-PHASE-V-CHENNAI-P5-S1004,chennai,93afaf7d7a2e,070d35fdddb3,5,1004,1024,AER_SIMULATOR,IDEAL_SIMULATION,COBYLA,gamma_5_beta_5,opt_gamma_5_opt_beta_5,"{""100110000110110"": 7, ""000000000000000"": 1017}",100110000110110,"[""STR-001"", ""STR-002"", ""STR-003"", ""STR-004"", ""STR-005""]",1.6861,1.6861,1.75,0.0365,0.9635,True,0,1.0,0.006836,125,150,0.41,0.007,0.25,0.1,0.003,11,165,75,15,VALID,NONE,ecc67d7dd04b
EXP-PHASE-V-CHENNAI-P5-S1005,chennai,93afaf7d7a2e,070d35fdddb3,5,1005,1024,AER_SIMULATOR,IDEAL_SIMULATION,COBYLA,gamma_5_beta_5,opt_gamma_5_opt_beta_5,"{""100110000110110"": 7, ""000000000000000"": 1017}",100110000110110,"[""STR-001"", ""STR-002"", ""STR-003"", ""STR-004"", ""STR-005""]",1.6861,1.6861,1.75,0.0365,0.9635,True,0,1.0,0.006836,125,150,0.41,0.007,0.25,0.1,0.003,11,165,75,15,VALID,NONE,41452b9e99f2
EXP-PHASE-V-CHENNAI-P5-S1006,chennai,93afaf7d7a2e,070d35fdddb3,5,1006,1024,AER_SIMULATOR,IDEAL_SIMULATION,COBYLA,gamma_5_beta_5,opt_gamma_5_opt_beta_5,"{""100110000110110"": 7, ""000000000000000"": 1017}",100110000110110,"[""STR-001"", ""STR-002"", ""STR-003"", ""STR-004"", ""STR-005""]",1.6861,1.6861,1.75,0.0365,0.9635,True,0,1.0,0.006836,125,150,0.41,0.007,0.25,0.1,0.003,11,165,75,15,VALID,NONE,b33be3455e55
EXP-PHASE-V-CHENNAI-P5-S1007,chennai,93afaf7d7a2e,070d35fdddb3,5,1007,1024,AER_SIMULATOR,IDEAL_SIMULATION,COBYLA,gamma_5_beta_5,opt_gamma_5_opt_beta_5,"{""100110000110110"": 7, ""000000000000000"": 1017}",100110000110110,"[""STR-001"", ""STR-002"", ""STR-003"", ""STR-004"", ""STR-005""]",1.6861,1.6861,1.75,0.0365,0.9635,True,0,1.0,0.006836,125,150,0.41,0.007,0.25,0.1,0.003,11,165,75,15,VALID,NONE,608f65c10f2e
EXP-PHASE-V-CHENNAI-P5-S1008,chennai,93afaf7d7a2e,070d35fdddb3,5,1008,1024,AER_SIMULATOR,IDEAL_SIMULATION,COBYLA,gamma_5_beta_5,opt_gamma_5_opt_beta_5,"{""100110000110110"": 7, ""000000000000000"": 1017}",100110000110110,"[""STR-001"", ""STR-002"", ""STR-003"", ""STR-004"", ""STR-005""]",1.6861,1.6861,1.75,0.0365,0.9635,True,0,1.0,0.006836,125,150,0.41,0.007,0.25,0.1,0.003,11,165,75,15,VALID,NONE,82416ff96209
EXP-PHASE-V-CHENNAI-P5-S1009,chennai,93afaf7d7a2e,070d35fdddb3,5,1009,1024,AER_SIMULATOR,IDEAL_SIMULATION,COBYLA,gamma_5_beta_5,opt_gamma_5_opt_beta_5,"{""100110000110110"": 7, ""000000000000000"": 1017}",100110000110110,"[""STR-001"", ""STR-002"", ""STR-003"", ""STR-004"", ""STR-005""]",1.6861,1.6861,1.75,0.0365,0.9635,True,0,1.0,0.006836,125,150,0.41,0.007,0.25,0.1,0.003,11,165,75,15,VALID,NONE,03df4dcc5817
EXP-PHASE-V-COIMBATORE-P1-S1000,coimbatore,68a36cd65718,92c9e81853a1,1,1000,1024,AER_SIMULATOR,IDEAL_SIMULATION,COBYLA,gamma_1_beta_1,opt_gamma_1_opt_beta_1,"{""100110000110110"": 3, ""000000000000000"": 1017}",100110000110110,"[""STR-001"", ""STR-002"", ""STR-003"", ""STR-004"", ""STR-005""]",1.6021,1.6021,1.75,0.0845,0.9155,True,0,1.0,0.003906,25,30,0.09,0.007,0.05,0.02,0.003,3,45,15,15,VALID,NONE,35570f956695
EXP-PHASE-V-COIMBATORE-P1-S1001,coimbatore,68a36cd65718,92c9e81853a1,1,1001,1024,AER_SIMULATOR,IDEAL_SIMULATION,COBYLA,gamma_1_beta_1,opt_gamma_1_opt_beta_1,"{""100110000110110"": 3, ""000000000000000"": 1017}",100110000110110,"[""STR-001"", ""STR-002"", ""STR-003"", ""STR-004"", ""STR-005""]",1.6021,1.6021,1.75,0.0845,0.9155,True,0,1.0,0.003906,25,30,0.09,0.007,0.05,0.02,0.003,3,45,15,15,VALID,NONE,817ca6b3c9d0
EXP-PHASE-V-COIMBATORE-P1-S1002,coimbatore,68a36cd65718,92c9e81853a1,1,1002,1024,AER_SIMULATOR,IDEAL_SIMULATION,COBYLA,gamma_1_beta_1,opt_gamma_1_opt_beta_1,"{""100110000110110"": 3, ""000000000000000"": 1017}",100110000110110,"[""STR-001"", ""STR-002"", ""STR-003"", ""STR-004"", ""STR-005""]",1.6021,1.6021,1.75,0.0845,0.9155,True,0,1.0,0.003906,25,30,0.09,0.007,0.05,0.02,0.003,3,45,15,15,VALID,NONE,727673940c46
EXP-PHASE-V-COIMBATORE-P1-S1003,coimbatore,68a36cd65718,92c9e81853a1,1,1003,1024,AER_SIMULATOR,IDEAL_SIMULATION,COBYLA,gamma_1_beta_1,opt_gamma_1_opt_beta_1,"{""100110000110110"": 3, ""000000000000000"": 1017}",100110000110110,"[""STR-001"", ""STR-002"", ""STR-003"", ""STR-004"", ""STR-005""]",1.6021,1.6021,1.75,0.0845,0.9155,True,0,1.0,0.003906,25,30,0.09,0.007,0.05,0.02,0.003,3,45,15,15,VALID,NONE,af6d351e4d30
EXP-PHASE-V-COIMBATORE-P1-S1004,coimbatore,68a36cd65718,92c9e81853a1,1,1004,1024,AER_SIMULATOR,IDEAL_SIMULATION,COBYLA,gamma_1_beta_1,opt_gamma_1_opt_beta_1,"{""100110000110110"": 3, ""000000000000000"": 1017}",100110000110110,"[""STR-001"", ""STR-002"", ""STR-003"", ""STR-004"", ""STR-005""]",1.6021,1.6021,1.75,0.0845,0.9155,True,0,1.0,0.003906,25,30,0.09,0.007,0.05,0.02,0.003,3,45,15,15,VALID,NONE,0dde09844133
EXP-PHASE-V-COIMBATORE-P1-S1005,coimbatore,68a36cd65718,92c9e81853a1,1,1005,1024,AER_SIMULATOR,IDEAL_SIMULATION,COBYLA,gamma_1_beta_1,opt_gamma_1_opt_beta_1,"{""100110000110110"": 3, ""000000000000000"": 1017}",100110000110110,"[""STR-001"", ""STR-002"", ""STR-003"", ""STR-004"", ""STR-005""]",1.6021,1.6021,1.75,0.0845,0.9155,True,0,1.0,0.003906,25,30,0.09,0.007,0.05,0.02,0.003,3,45,15,15,VALID,NONE,9599d4a53221
EXP-PHASE-V-COIMBATORE-P1-S1006,coimbatore,68a36cd65718,92c9e81853a1,1,1006,1024,AER_SIMULATOR,IDEAL_SIMULATION,COBYLA,gamma_1_beta_1,opt_gamma_1_opt_beta_1,"{""100110000110110"": 3, ""000000000000000"": 1017}",100110000110110,"[""STR-001"", ""STR-002"", ""STR-003"", ""STR-004"", ""STR-005""]",1.6021,1.6021,1.75,0.0845,0.9155,True,0,1.0,0.003906,25,30,0.09,0.007,0.05,0.02,0.003,3,45,15,15,VALID,NONE,68549f39f18c
EXP-PHASE-V-COIMBATORE-P1-S1007,coimbatore,68a36cd65718,92c9e81853a1,1,1007,1024,AER_SIMULATOR,IDEAL_SIMULATION,COBYLA,gamma_1_beta_1,opt_gamma_1_opt_beta_1,"{""100110000110110"": 3, ""000000000000000"": 1017}",100110000110110,"[""STR-001"", ""STR-002"", ""STR-003"", ""STR-004"", ""STR-005""]",1.6021,1.6021,1.75,0.0845,0.9155,True,0,1.0,0.003906,25,30,0.09,0.007,0.05,0.02,0.003,3,45,15,15,VALID,NONE,73768e4f04f7
EXP-PHASE-V-COIMBATORE-P1-S1008,coimbatore,68a36cd65718,92c9e81853a1,1,1008,1024,AER_SIMULATOR,IDEAL_SIMULATION,COBYLA,gamma_1_beta_1,opt_gamma_1_opt_beta_1,"{""100110000110110"": 3, ""000000000000000"": 1017}",100110000110110,"[""STR-001"", ""STR-002"", ""STR-003"", ""STR-004"", ""STR-005""]",1.6021,1.6021,1.75,0.0845,0.9155,True,0,1.0,0.003906,25,30,0.09,0.007,0.05,0.02,0.003,3,45,15,15,VALID,NONE,ef37c167c869
EXP-PHASE-V-COIMBATORE-P1-S1009,coimbatore,68a36cd65718,92c9e81853a1,1,1009,1024,AER_SIMULATOR,IDEAL_SIMULATION,COBYLA,gamma_1_beta_1,opt_gamma_1_opt_beta_1,"{""100110000110110"": 3, ""000000000000000"": 1017}",100110000110110,"[""STR-001"", ""STR-002"", ""STR-003"", ""STR-004"", ""STR-005""]",1.6021,1.6021,1.75,0.0845,0.9155,True,0,1.0,0.003906,25,30,0.09,0.007,0.05,0.02,0.003,3,45,15,15,VALID,NONE,a0f17018b155
EXP-PHASE-V-COIMBATORE-P2-S1000,coimbatore,68a36cd65718,92c9e81853a1,2,1000,1024,AER_SIMULATOR,IDEAL_SIMULATION,COBYLA,gamma_2_beta_2,opt_gamma_2_opt_beta_2,"{""100110000110110"": 7, ""000000000000000"": 1017}",100110000110110,"[""STR-001"", ""STR-002"", ""STR-003"", ""STR-004"", ""STR-005""]",1.62,1.62,1.75,0.0743,0.9257,True,0,1.0,0.006836,50,60,0.17,0.007,0.1,0.04,0.003,5,75,30,15,VALID,NONE,686a2d074b89
EXP-PHASE-V-COIMBATORE-P2-S1001,coimbatore,68a36cd65718,92c9e81853a1,2,1001,1024,AER_SIMULATOR,IDEAL_SIMULATION,COBYLA,gamma_2_beta_2,opt_gamma_2_opt_beta_2,"{""100110000110110"": 7, ""000000000000000"": 1017}",100110000110110,"[""STR-001"", ""STR-002"", ""STR-003"", ""STR-004"", ""STR-005""]",1.5,1.5,1.75,0.1429,0.8571,True,0,1.0,0.0,50,60,0.17,0.007,0.1,0.04,0.003,5,75,30,15,VALID,NONE,50d2cdf1a31d
EXP-PHASE-V-COIMBATORE-P2-S1002,coimbatore,68a36cd65718,92c9e81853a1,2,1002,1024,AER_SIMULATOR,IDEAL_SIMULATION,COBYLA,gamma_2_beta_2,opt_gamma_2_opt_beta_2,"{""100110000110110"": 7, ""000000000000000"": 1017}",100110000110110,"[""STR-001"", ""STR-002"", ""STR-003"", ""STR-004"", ""STR-005""]",1.62,1.62,1.75,0.0743,0.9257,True,0,1.0,0.006836,50,60,0.17,0.007,0.1,0.04,0.003,5,75,30,15,VALID,NONE,08a99396525e
EXP-PHASE-V-COIMBATORE-P2-S1003,coimbatore,68a36cd65718,92c9e81853a1,2,1003,1024,AER_SIMULATOR,IDEAL_SIMULATION,COBYLA,gamma_2_beta_2,opt_gamma_2_opt_beta_2,"{""100110000110110"": 7, ""000000000000000"": 1017}",100110000110110,"[""STR-001"", ""STR-002"", ""STR-003"", ""STR-004"", ""STR-005""]",1.5,1.5,1.75,0.1429,0.8571,True,0,1.0,0.0,50,60,0.17,0.007,0.1,0.04,0.003,5,75,30,15,VALID,NONE,7ca532550057
EXP-PHASE-V-COIMBATORE-P2-S1004,coimbatore,68a36cd65718,92c9e81853a1,2,1004,1024,AER_SIMULATOR,IDEAL_SIMULATION,COBYLA,gamma_2_beta_2,opt_gamma_2_opt_beta_2,"{""100110000110110"": 7, ""000000000000000"": 1017}",100110000110110,"[""STR-001"", ""STR-002"", ""STR-003"", ""STR-004"", ""STR-005""]",1.62,1.62,1.75,0.0743,0.9257,True,0,1.0,0.006836,50,60,0.17,0.007,0.1,0.04,0.003,5,75,30,15,VALID,NONE,5c84434e51e6
EXP-PHASE-V-COIMBATORE-P2-S1005,coimbatore,68a36cd65718,92c9e81853a1,2,1005,1024,AER_SIMULATOR,IDEAL_SIMULATION,COBYLA,gamma_2_beta_2,opt_gamma_2_opt_beta_2,"{""100110000110110"": 7, ""000000000000000"": 1017}",100110000110110,"[""STR-001"", ""STR-002"", ""STR-003"", ""STR-004"", ""STR-005""]",1.6231,1.6231,1.75,0.0725,0.9275,True,0,1.0,0.006836,50,60,0.17,0.007,0.1,0.04,0.003,5,75,30,15,VALID,NONE,b36a2ab90b9d
EXP-PHASE-V-COIMBATORE-P2-S1006,coimbatore,68a36cd65718,92c9e81853a1,2,1006,1024,AER_SIMULATOR,IDEAL_SIMULATION,COBYLA,gamma_2_beta_2,opt_gamma_2_opt_beta_2,"{""100110000110110"": 7, ""000000000000000"": 1017}",100110000110110,"[""STR-001"", ""STR-002"", ""STR-003"", ""STR-004"", ""STR-005""]",1.6231,1.6231,1.75,0.0725,0.9275,True,0,1.0,0.006836,50,60,0.17,0.007,0.1,0.04,0.003,5,75,30,15,VALID,NONE,3b5904e48b2a
EXP-PHASE-V-COIMBATORE-P2-S1007,coimbatore,68a36cd65718,92c9e81853a1,2,1007,1024,AER_SIMULATOR,IDEAL_SIMULATION,COBYLA,gamma_2_beta_2,opt_gamma_2_opt_beta_2,"{""100110000110110"": 7, ""000000000000000"": 1017}",100110000110110,"[""STR-001"", ""STR-002"", ""STR-003"", ""STR-004"", ""STR-005""]",1.6231,1.6231,1.75,0.0725,0.9275,True,0,1.0,0.006836,50,60,0.17,0.007,0.1,0.04,0.003,5,75,30,15,VALID,NONE,12f086c20740
EXP-PHASE-V-COIMBATORE-P2-S1008,coimbatore,68a36cd65718,92c9e81853a1,2,1008,1024,AER_SIMULATOR,IDEAL_SIMULATION,COBYLA,gamma_2_beta_2,opt_gamma_2_opt_beta_2,"{""100110000110110"": 7, ""000000000000000"": 1017}",100110000110110,"[""STR-001"", ""STR-002"", ""STR-003"", ""STR-004"", ""STR-005""]",1.6231,1.6231,1.75,0.0725,0.9275,True,0,1.0,0.006836,50,60,0.17,0.007,0.1,0.04,0.003,5,75,30,15,VALID,NONE,1ebe68c93494
EXP-PHASE-V-COIMBATORE-P2-S1009,coimbatore,68a36cd65718,92c9e81853a1,2,1009,1024,AER_SIMULATOR,IDEAL_SIMULATION,COBYLA,gamma_2_beta_2,opt_gamma_2_opt_beta_2,"{""100110000110110"": 7, ""000000000000000"": 1017}",100110000110110,"[""STR-001"", ""STR-002"", ""STR-003"", ""STR-004"", ""STR-005""]",1.6231,1.6231,1.75,0.0725,0.9275,True,0,1.0,0.006836,50,60,0.17,0.007,0.1,0.04,0.003,5,75,30,15,VALID,NONE,0baadc0e933d
EXP-PHASE-V-COIMBATORE-P3-S1000,coimbatore,68a36cd65718,92c9e81853a1,3,1000,1024,AER_SIMULATOR,IDEAL_SIMULATION,COBYLA,gamma_3_beta_3,opt_gamma_3_opt_beta_3,"{""100110000110110"": 7, ""000000000000000"": 1017}",100110000110110,"[""STR-001"", ""STR-002"", ""STR-003"", ""STR-004"", ""STR-005""]",1.6441,1.6441,1.75,0.0605,0.9395,True,0,1.0,0.006836,75,90,0.25,0.007,0.15000000000000002,0.06,0.003,7,105,45,15,VALID,NONE,292749b32ba8
EXP-PHASE-V-COIMBATORE-P3-S1001,coimbatore,68a36cd65718,92c9e81853a1,3,1001,1024,AER_SIMULATOR,IDEAL_SIMULATION,COBYLA,gamma_3_beta_3,opt_gamma_3_opt_beta_3,"{""100110000110110"": 7, ""000000000000000"": 1017}",100110000110110,"[""STR-001"", ""STR-002"", ""STR-003"", ""STR-004"", ""STR-005""]",1.6441,1.6441,1.75,0.0605,0.9395,True,0,1.0,0.006836,75,90,0.25,0.007,0.15000000000000002,0.06,0.003,7,105,45,15,VALID,NONE,1f55bdb26f71
EXP-PHASE-V-COIMBATORE-P3-S1002,coimbatore,68a36cd65718,92c9e81853a1,3,1002,1024,AER_SIMULATOR,IDEAL_SIMULATION,COBYLA,gamma_3_beta_3,opt_gamma_3_opt_beta_3,"{""100110000110110"": 7, ""000000000000000"": 1017}",100110000110110,"[""STR-001"", ""STR-002"", ""STR-003"", ""STR-004"", ""STR-005""]",1.6441,1.6441,1.75,0.0605,0.9395,True,0,1.0,0.006836,75,90,0.25,0.007,0.15000000000000002,0.06,0.003,7,105,45,15,VALID,NONE,84dd0447a7d7
EXP-PHASE-V-COIMBATORE-P3-S1003,coimbatore,68a36cd65718,92c9e81853a1,3,1003,1024,AER_SIMULATOR,IDEAL_SIMULATION,COBYLA,gamma_3_beta_3,opt_gamma_3_opt_beta_3,"{""100110000110110"": 7, ""000000000000000"": 1017}",100110000110110,"[""STR-001"", ""STR-002"", ""STR-003"", ""STR-004"", ""STR-005""]",1.6441,1.6441,1.75,0.0605,0.9395,True,0,1.0,0.006836,75,90,0.25,0.007,0.15000000000000002,0.06,0.003,7,105,45,15,VALID,NONE,4384e8711e96
EXP-PHASE-V-COIMBATORE-P3-S1004,coimbatore,68a36cd65718,92c9e81853a1,3,1004,1024,AER_SIMULATOR,IDEAL_SIMULATION,COBYLA,gamma_3_beta_3,opt_gamma_3_opt_beta_3,"{""100110000110110"": 7, ""000000000000000"": 1017}",100110000110110,"[""STR-001"", ""STR-002"", ""STR-003"", ""STR-004"", ""STR-005""]",1.6441,1.6441,1.75,0.0605,0.9395,True,0,1.0,0.006836,75,90,0.25,0.007,0.15000000000000002,0.06,0.003,7,105,45,15,VALID,NONE,c3c8b4ada761
EXP-PHASE-V-COIMBATORE-P3-S1005,coimbatore,68a36cd65718,92c9e81853a1,3,1005,1024,AER_SIMULATOR,IDEAL_SIMULATION,COBYLA,gamma_3_beta_3,opt_gamma_3_opt_beta_3,"{""100110000110110"": 7, ""000000000000000"": 1017}",100110000110110,"[""STR-001"", ""STR-002"", ""STR-003"", ""STR-004"", ""STR-005""]",1.6441,1.6441,1.75,0.0605,0.9395,True,0,1.0,0.006836,75,90,0.25,0.007,0.15000000000000002,0.06,0.003,7,105,45,15,VALID,NONE,52252f8d2dac
EXP-PHASE-V-COIMBATORE-P3-S1006,coimbatore,68a36cd65718,92c9e81853a1,3,1006,1024,AER_SIMULATOR,IDEAL_SIMULATION,COBYLA,gamma_3_beta_3,opt_gamma_3_opt_beta_3,"{""100110000110110"": 7, ""000000000000000"": 1017}",100110000110110,"[""STR-001"", ""STR-002"", ""STR-003"", ""STR-004"", ""STR-005""]",1.6441,1.6441,1.75,0.0605,0.9395,True,0,1.0,0.006836,75,90,0.25,0.007,0.15000000000000002,0.06,0.003,7,105,45,15,VALID,NONE,a6f403e5de6f
EXP-PHASE-V-COIMBATORE-P3-S1007,coimbatore,68a36cd65718,92c9e81853a1,3,1007,1024,AER_SIMULATOR,IDEAL_SIMULATION,COBYLA,gamma_3_beta_3,opt_gamma_3_opt_beta_3,"{""100110000110110"": 7, ""000000000000000"": 1017}",100110000110110,"[""STR-001"", ""STR-002"", ""STR-003"", ""STR-004"", ""STR-005""]",1.6441,1.6441,1.75,0.0605,0.9395,True,0,1.0,0.006836,75,90,0.25,0.007,0.15000000000000002,0.06,0.003,7,105,45,15,VALID,NONE,445298332c1f
EXP-PHASE-V-COIMBATORE-P3-S1008,coimbatore,68a36cd65718,92c9e81853a1,3,1008,1024,AER_SIMULATOR,IDEAL_SIMULATION,COBYLA,gamma_3_beta_3,opt_gamma_3_opt_beta_3,"{""100110000110110"": 7, ""000000000000000"": 1017}",100110000110110,"[""STR-001"", ""STR-002"", ""STR-003"", ""STR-004"", ""STR-005""]",1.6441,1.6441,1.75,0.0605,0.9395,True,0,1.0,0.006836,75,90,0.25,0.007,0.15000000000000002,0.06,0.003,7,105,45,15,VALID,NONE,1e0bd789c882
EXP-PHASE-V-COIMBATORE-P3-S1009,coimbatore,68a36cd65718,92c9e81853a1,3,1009,1024,AER_SIMULATOR,IDEAL_SIMULATION,COBYLA,gamma_3_beta_3,opt_gamma_3_opt_beta_3,"{""100110000110110"": 7, ""000000000000000"": 1017}",100110000110110,"[""STR-001"", ""STR-002"", ""STR-003"", ""STR-004"", ""STR-005""]",1.6441,1.6441,1.75,0.0605,0.9395,True,0,1.0,0.006836,75,90,0.25,0.007,0.15000000000000002,0.06,0.003,7,105,45,15,VALID,NONE,3939b25ed8f0
EXP-PHASE-V-COIMBATORE-P4-S1000,coimbatore,68a36cd65718,92c9e81853a1,4,1000,1024,AER_SIMULATOR,IDEAL_SIMULATION,COBYLA,gamma_4_beta_4,opt_gamma_4_opt_beta_4,"{""100110000110110"": 7, ""000000000000000"": 1017}",100110000110110,"[""STR-001"", ""STR-002"", ""STR-003"", ""STR-004"", ""STR-005""]",1.6651,1.6651,1.75,0.0485,0.9515,True,0,1.0,0.006836,100,120,0.33,0.007,0.2,0.08,0.003,9,135,60,15,VALID,NONE,f1c3d085d671
EXP-PHASE-V-COIMBATORE-P4-S1001,coimbatore,68a36cd65718,92c9e81853a1,4,1001,1024,AER_SIMULATOR,IDEAL_SIMULATION,COBYLA,gamma_4_beta_4,opt_gamma_4_opt_beta_4,"{""100110000110110"": 7, ""000000000000000"": 1017}",100110000110110,"[""STR-001"", ""STR-002"", ""STR-003"", ""STR-004"", ""STR-005""]",1.6651,1.6651,1.75,0.0485,0.9515,True,0,1.0,0.006836,100,120,0.33,0.007,0.2,0.08,0.003,9,135,60,15,VALID,NONE,4978dd75dbb7
EXP-PHASE-V-COIMBATORE-P4-S1002,coimbatore,68a36cd65718,92c9e81853a1,4,1002,1024,AER_SIMULATOR,IDEAL_SIMULATION,COBYLA,gamma_4_beta_4,opt_gamma_4_opt_beta_4,"{""100110000110110"": 7, ""000000000000000"": 1017}",100110000110110,"[""STR-001"", ""STR-002"", ""STR-003"", ""STR-004"", ""STR-005""]",1.6651,1.6651,1.75,0.0485,0.9515,True,0,1.0,0.006836,100,120,0.33,0.007,0.2,0.08,0.003,9,135,60,15,VALID,NONE,c04a1fc82a40
EXP-PHASE-V-COIMBATORE-P4-S1003,coimbatore,68a36cd65718,92c9e81853a1,4,1003,1024,AER_SIMULATOR,IDEAL_SIMULATION,COBYLA,gamma_4_beta_4,opt_gamma_4_opt_beta_4,"{""100110000110110"": 7, ""000000000000000"": 1017}",100110000110110,"[""STR-001"", ""STR-002"", ""STR-003"", ""STR-004"", ""STR-005""]",1.6651,1.6651,1.75,0.0485,0.9515,True,0,1.0,0.006836,100,120,0.33,0.007,0.2,0.08,0.003,9,135,60,15,VALID,NONE,526620e46dd7
EXP-PHASE-V-COIMBATORE-P4-S1004,coimbatore,68a36cd65718,92c9e81853a1,4,1004,1024,AER_SIMULATOR,IDEAL_SIMULATION,COBYLA,gamma_4_beta_4,opt_gamma_4_opt_beta_4,"{""100110000110110"": 7, ""000000000000000"": 1017}",100110000110110,"[""STR-001"", ""STR-002"", ""STR-003"", ""STR-004"", ""STR-005""]",1.6651,1.6651,1.75,0.0485,0.9515,True,0,1.0,0.006836,100,120,0.33,0.007,0.2,0.08,0.003,9,135,60,15,VALID,NONE,fe4f7b2c77bc
EXP-PHASE-V-COIMBATORE-P4-S1005,coimbatore,68a36cd65718,92c9e81853a1,4,1005,1024,AER_SIMULATOR,IDEAL_SIMULATION,COBYLA,gamma_4_beta_4,opt_gamma_4_opt_beta_4,"{""100110000110110"": 7, ""000000000000000"": 1017}",100110000110110,"[""STR-001"", ""STR-002"", ""STR-003"", ""STR-004"", ""STR-005""]",1.6651,1.6651,1.75,0.0485,0.9515,True,0,1.0,0.006836,100,120,0.33,0.007,0.2,0.08,0.003,9,135,60,15,VALID,NONE,7e3e07b7536b
EXP-PHASE-V-COIMBATORE-P4-S1006,coimbatore,68a36cd65718,92c9e81853a1,4,1006,1024,AER_SIMULATOR,IDEAL_SIMULATION,COBYLA,gamma_4_beta_4,opt_gamma_4_opt_beta_4,"{""100110000110110"": 7, ""000000000000000"": 1017}",100110000110110,"[""STR-001"", ""STR-002"", ""STR-003"", ""STR-004"", ""STR-005""]",1.6651,1.6651,1.75,0.0485,0.9515,True,0,1.0,0.006836,100,120,0.33,0.007,0.2,0.08,0.003,9,135,60,15,VALID,NONE,4bb9b23a8f73
EXP-PHASE-V-COIMBATORE-P4-S1007,coimbatore,68a36cd65718,92c9e81853a1,4,1007,1024,AER_SIMULATOR,IDEAL_SIMULATION,COBYLA,gamma_4_beta_4,opt_gamma_4_opt_beta_4,"{""100110000110110"": 7, ""000000000000000"": 1017}",100110000110110,"[""STR-001"", ""STR-002"", ""STR-003"", ""STR-004"", ""STR-005""]",1.6651,1.6651,1.75,0.0485,0.9515,True,0,1.0,0.006836,100,120,0.33,0.007,0.2,0.08,0.003,9,135,60,15,VALID,NONE,b05ffdf160aa
EXP-PHASE-V-COIMBATORE-P4-S1008,coimbatore,68a36cd65718,92c9e81853a1,4,1008,1024,AER_SIMULATOR,IDEAL_SIMULATION,COBYLA,gamma_4_beta_4,opt_gamma_4_opt_beta_4,"{""100110000110110"": 7, ""000000000000000"": 1017}",100110000110110,"[""STR-001"", ""STR-002"", ""STR-003"", ""STR-004"", ""STR-005""]",1.6651,1.6651,1.75,0.0485,0.9515,True,0,1.0,0.006836,100,120,0.33,0.007,0.2,0.08,0.003,9,135,60,15,VALID,NONE,6db4122b17ac
EXP-PHASE-V-COIMBATORE-P4-S1009,coimbatore,68a36cd65718,92c9e81853a1,4,1009,1024,AER_SIMULATOR,IDEAL_SIMULATION,COBYLA,gamma_4_beta_4,opt_gamma_4_opt_beta_4,"{""100110000110110"": 7, ""000000000000000"": 1017}",100110000110110,"[""STR-001"", ""STR-002"", ""STR-003"", ""STR-004"", ""STR-005""]",1.6651,1.6651,1.75,0.0485,0.9515,True,0,1.0,0.006836,100,120,0.33,0.007,0.2,0.08,0.003,9,135,60,15,VALID,NONE,1f85803163b7
EXP-PHASE-V-COIMBATORE-P5-S1000,coimbatore,68a36cd65718,92c9e81853a1,5,1000,1024,AER_SIMULATOR,IDEAL_SIMULATION,COBYLA,gamma_5_beta_5,opt_gamma_5_opt_beta_5,"{""100110000110110"": 7, ""000000000000000"": 1017}",100110000110110,"[""STR-001"", ""STR-002"", ""STR-003"", ""STR-004"", ""STR-005""]",1.6861,1.6861,1.75,0.0365,0.9635,True,0,1.0,0.006836,125,150,0.41,0.007,0.25,0.1,0.003,11,165,75,15,VALID,NONE,b4ae14430302
EXP-PHASE-V-COIMBATORE-P5-S1001,coimbatore,68a36cd65718,92c9e81853a1,5,1001,1024,AER_SIMULATOR,IDEAL_SIMULATION,COBYLA,gamma_5_beta_5,opt_gamma_5_opt_beta_5,"{""100110000110110"": 7, ""000000000000000"": 1017}",100110000110110,"[""STR-001"", ""STR-002"", ""STR-003"", ""STR-004"", ""STR-005""]",1.6861,1.6861,1.75,0.0365,0.9635,True,0,1.0,0.006836,125,150,0.41,0.007,0.25,0.1,0.003,11,165,75,15,VALID,NONE,6152e41799c1
EXP-PHASE-V-COIMBATORE-P5-S1002,coimbatore,68a36cd65718,92c9e81853a1,5,1002,1024,AER_SIMULATOR,IDEAL_SIMULATION,COBYLA,gamma_5_beta_5,opt_gamma_5_opt_beta_5,"{""100110000110110"": 7, ""000000000000000"": 1017}",100110000110110,"[""STR-001"", ""STR-002"", ""STR-003"", ""STR-004"", ""STR-005""]",1.6861,1.6861,1.75,0.0365,0.9635,True,0,1.0,0.006836,125,150,0.41,0.007,0.25,0.1,0.003,11,165,75,15,VALID,NONE,04ee1fbddfae
EXP-PHASE-V-COIMBATORE-P5-S1003,coimbatore,68a36cd65718,92c9e81853a1,5,1003,1024,AER_SIMULATOR,IDEAL_SIMULATION,COBYLA,gamma_5_beta_5,opt_gamma_5_opt_beta_5,"{""100110000110110"": 7, ""000000000000000"": 1017}",100110000110110,"[""STR-001"", ""STR-002"", ""STR-003"", ""STR-004"", ""STR-005""]",1.6861,1.6861,1.75,0.0365,0.9635,True,0,1.0,0.006836,125,150,0.41,0.007,0.25,0.1,0.003,11,165,75,15,VALID,NONE,9792ed498ca8
EXP-PHASE-V-COIMBATORE-P5-S1004,coimbatore,68a36cd65718,92c9e81853a1,5,1004,1024,AER_SIMULATOR,IDEAL_SIMULATION,COBYLA,gamma_5_beta_5,opt_gamma_5_opt_beta_5,"{""100110000110110"": 7, ""000000000000000"": 1017}",100110000110110,"[""STR-001"", ""STR-002"", ""STR-003"", ""STR-004"", ""STR-005""]",1.6861,1.6861,1.75,0.0365,0.9635,True,0,1.0,0.006836,125,150,0.41,0.007,0.25,0.1,0.003,11,165,75,15,VALID,NONE,bf2791ad5855
EXP-PHASE-V-COIMBATORE-P5-S1005,coimbatore,68a36cd65718,92c9e81853a1,5,1005,1024,AER_SIMULATOR,IDEAL_SIMULATION,COBYLA,gamma_5_beta_5,opt_gamma_5_opt_beta_5,"{""100110000110110"": 7, ""000000000000000"": 1017}",100110000110110,"[""STR-001"", ""STR-002"", ""STR-003"", ""STR-004"", ""STR-005""]",1.6861,1.6861,1.75,0.0365,0.9635,True,0,1.0,0.006836,125,150,0.41,0.007,0.25,0.1,0.003,11,165,75,15,VALID,NONE,c0ae22559d66
EXP-PHASE-V-COIMBATORE-P5-S1006,coimbatore,68a36cd65718,92c9e81853a1,5,1006,1024,AER_SIMULATOR,IDEAL_SIMULATION,COBYLA,gamma_5_beta_5,opt_gamma_5_opt_beta_5,"{""100110000110110"": 7, ""000000000000000"": 1017}",100110000110110,"[""STR-001"", ""STR-002"", ""STR-003"", ""STR-004"", ""STR-005""]",1.6861,1.6861,1.75,0.0365,0.9635,True,0,1.0,0.006836,125,150,0.41,0.007,0.25,0.1,0.003,11,165,75,15,VALID,NONE,88d23c6c588c
EXP-PHASE-V-COIMBATORE-P5-S1007,coimbatore,68a36cd65718,92c9e81853a1,5,1007,1024,AER_SIMULATOR,IDEAL_SIMULATION,COBYLA,gamma_5_beta_5,opt_gamma_5_opt_beta_5,"{""100110000110110"": 7, ""000000000000000"": 1017}",100110000110110,"[""STR-001"", ""STR-002"", ""STR-003"", ""STR-004"", ""STR-005""]",1.6861,1.6861,1.75,0.0365,0.9635,True,0,1.0,0.006836,125,150,0.41,0.007,0.25,0.1,0.003,11,165,75,15,VALID,NONE,7092df672cbb
EXP-PHASE-V-COIMBATORE-P5-S1008,coimbatore,68a36cd65718,92c9e81853a1,5,1008,1024,AER_SIMULATOR,IDEAL_SIMULATION,COBYLA,gamma_5_beta_5,opt_gamma_5_opt_beta_5,"{""100110000110110"": 7, ""000000000000000"": 1017}",100110000110110,"[""STR-001"", ""STR-002"", ""STR-003"", ""STR-004"", ""STR-005""]",1.6861,1.6861,1.75,0.0365,0.9635,True,0,1.0,0.006836,125,150,0.41,0.007,0.25,0.1,0.003,11,165,75,15,VALID,NONE,925ba5eb0337
EXP-PHASE-V-COIMBATORE-P5-S1009,coimbatore,68a36cd65718,92c9e81853a1,5,1009,1024,AER_SIMULATOR,IDEAL_SIMULATION,COBYLA,gamma_5_beta_5,opt_gamma_5_opt_beta_5,"{""100110000110110"": 7, ""000000000000000"": 1017}",100110000110110,"[""STR-001"", ""STR-002"", ""STR-003"", ""STR-004"", ""STR-005""]",1.6861,1.6861,1.75,0.0365,0.9635,True,0,1.0,0.006836,125,150,0.41,0.007,0.25,0.1,0.003,11,165,75,15,VALID,NONE,8f6dd2fe6332
EXP-PHASE-V-CUDDALORE-P1-S1000,cuddalore,fc33d5383fc4,25a1f83653fc,1,1000,1024,AER_SIMULATOR,IDEAL_SIMULATION,COBYLA,gamma_1_beta_1,opt_gamma_1_opt_beta_1,"{""100110000110110"": 3, ""000000000000000"": 1017}",100110000110110,"[""STR-001"", ""STR-002"", ""STR-003"", ""STR-004"", ""STR-005""]",1.6021,1.6021,1.75,0.0845,0.9155,True,0,1.0,0.003906,25,30,0.09,0.007,0.05,0.02,0.003,3,45,15,15,VALID,NONE,3ac8c7d73c3a
EXP-PHASE-V-CUDDALORE-P1-S1001,cuddalore,fc33d5383fc4,25a1f83653fc,1,1001,1024,AER_SIMULATOR,IDEAL_SIMULATION,COBYLA,gamma_1_beta_1,opt_gamma_1_opt_beta_1,"{""100110000110110"": 3, ""000000000000000"": 1017}",100110000110110,"[""STR-001"", ""STR-002"", ""STR-003"", ""STR-004"", ""STR-005""]",1.6021,1.6021,1.75,0.0845,0.9155,True,0,1.0,0.003906,25,30,0.09,0.007,0.05,0.02,0.003,3,45,15,15,VALID,NONE,6db735374c0f
EXP-PHASE-V-CUDDALORE-P1-S1002,cuddalore,fc33d5383fc4,25a1f83653fc,1,1002,1024,AER_SIMULATOR,IDEAL_SIMULATION,COBYLA,gamma_1_beta_1,opt_gamma_1_opt_beta_1,"{""100110000110110"": 3, ""000000000000000"": 1017}",100110000110110,"[""STR-001"", ""STR-002"", ""STR-003"", ""STR-004"", ""STR-005""]",1.6021,1.6021,1.75,0.0845,0.9155,True,0,1.0,0.003906,25,30,0.09,0.007,0.05,0.02,0.003,3,45,15,15,VALID,NONE,a22093f24c3b
EXP-PHASE-V-CUDDALORE-P1-S1003,cuddalore,fc33d5383fc4,25a1f83653fc,1,1003,1024,AER_SIMULATOR,IDEAL_SIMULATION,COBYLA,gamma_1_beta_1,opt_gamma_1_opt_beta_1,"{""100110000110110"": 3, ""000000000000000"": 1017}",100110000110110,"[""STR-001"", ""STR-002"", ""STR-003"", ""STR-004"", ""STR-005""]",1.6021,1.6021,1.75,0.0845,0.9155,True,0,1.0,0.003906,25,30,0.09,0.007,0.05,0.02,0.003,3,45,15,15,VALID,NONE,14dd3d370fad
EXP-PHASE-V-CUDDALORE-P1-S1004,cuddalore,fc33d5383fc4,25a1f83653fc,1,1004,1024,AER_SIMULATOR,IDEAL_SIMULATION,COBYLA,gamma_1_beta_1,opt_gamma_1_opt_beta_1,"{""100110000110110"": 3, ""000000000000000"": 1017}",100110000110110,"[""STR-001"", ""STR-002"", ""STR-003"", ""STR-004"", ""STR-005""]",1.6021,1.6021,1.75,0.0845,0.9155,True,0,1.0,0.003906,25,30,0.09,0.007,0.05,0.02,0.003,3,45,15,15,VALID,NONE,2de8d50f7561
EXP-PHASE-V-CUDDALORE-P1-S1005,cuddalore,fc33d5383fc4,25a1f83653fc,1,1005,1024,AER_SIMULATOR,IDEAL_SIMULATION,COBYLA,gamma_1_beta_1,opt_gamma_1_opt_beta_1,"{""100110000110110"": 3, ""000000000000000"": 1017}",100110000110110,"[""STR-001"", ""STR-002"", ""STR-003"", ""STR-004"", ""STR-005""]",1.6021,1.6021,1.75,0.0845,0.9155,True,0,1.0,0.003906,25,30,0.09,0.007,0.05,0.02,0.003,3,45,15,15,VALID,NONE,99eb43f9880b
EXP-PHASE-V-CUDDALORE-P1-S1006,cuddalore,fc33d5383fc4,25a1f83653fc,1,1006,1024,AER_SIMULATOR,IDEAL_SIMULATION,COBYLA,gamma_1_beta_1,opt_gamma_1_opt_beta_1,"{""100110000110110"": 3, ""000000000000000"": 1017}",100110000110110,"[""STR-001"", ""STR-002"", ""STR-003"", ""STR-004"", ""STR-005""]",1.6021,1.6021,1.75,0.0845,0.9155,True,0,1.0,0.003906,25,30,0.09,0.007,0.05,0.02,0.003,3,45,15,15,VALID,NONE,6405da582ed9
EXP-PHASE-V-CUDDALORE-P1-S1007,cuddalore,fc33d5383fc4,25a1f83653fc,1,1007,1024,AER_SIMULATOR,IDEAL_SIMULATION,COBYLA,gamma_1_beta_1,opt_gamma_1_opt_beta_1,"{""100110000110110"": 3, ""000000000000000"": 1017}",100110000110110,"[""STR-001"", ""STR-002"", ""STR-003"", ""STR-004"", ""STR-005""]",1.6021,1.6021,1.75,0.0845,0.9155,True,0,1.0,0.003906,25,30,0.09,0.007,0.05,0.02,0.003,3,45,15,15,VALID,NONE,eb4ebf7bf80e
EXP-PHASE-V-CUDDALORE-P1-S1008,cuddalore,fc33d5383fc4,25a1f83653fc,1,1008,1024,AER_SIMULATOR,IDEAL_SIMULATION,COBYLA,gamma_1_beta_1,opt_gamma_1_opt_beta_1,"{""100110000110110"": 3, ""000000000000000"": 1017}",100110000110110,"[""STR-001"", ""STR-002"", ""STR-003"", ""STR-004"", ""STR-005""]",1.6021,1.6021,1.75,0.0845,0.9155,True,0,1.0,0.003906,25,30,0.09,0.007,0.05,0.02,0.003,3,45,15,15,VALID,NONE,2f52307d534a
EXP-PHASE-V-CUDDALORE-P1-S1009,cuddalore,fc33d5383fc4,25a1f83653fc,1,1009,1024,AER_SIMULATOR,IDEAL_SIMULATION,COBYLA,gamma_1_beta_1,opt_gamma_1_opt_beta_1,"{""100110000110110"": 3, ""000000000000000"": 1017}",100110000110110,"[""STR-001"", ""STR-002"", ""STR-003"", ""STR-004"", ""STR-005""]",1.6021,1.6021,1.75,0.0845,0.9155,True,0,1.0,0.003906,25,30,0.09,0.007,0.05,0.02,0.003,3,45,15,15,VALID,NONE,748d13ab9b78
EXP-PHASE-V-CUDDALORE-P2-S1000,cuddalore,fc33d5383fc4,25a1f83653fc,2,1000,1024,AER_SIMULATOR,IDEAL_SIMULATION,COBYLA,gamma_2_beta_2,opt_gamma_2_opt_beta_2,"{""100110000110110"": 7, ""000000000000000"": 1017}",100110000110110,"[""STR-001"", ""STR-002"", ""STR-003"", ""STR-004"", ""STR-005""]",1.62,1.62,1.75,0.0743,0.9257,True,0,1.0,0.006836,50,60,0.17,0.007,0.1,0.04,0.003,5,75,30,15,VALID,NONE,e6672d25a25f
EXP-PHASE-V-CUDDALORE-P2-S1001,cuddalore,fc33d5383fc4,25a1f83653fc,2,1001,1024,AER_SIMULATOR,IDEAL_SIMULATION,COBYLA,gamma_2_beta_2,opt_gamma_2_opt_beta_2,"{""100110000110110"": 7, ""000000000000000"": 1017}",100110000110110,"[""STR-001"", ""STR-002"", ""STR-003"", ""STR-004"", ""STR-005""]",1.5,1.5,1.75,0.1429,0.8571,True,0,1.0,0.0,50,60,0.17,0.007,0.1,0.04,0.003,5,75,30,15,VALID,NONE,22e65cb143df
EXP-PHASE-V-CUDDALORE-P2-S1002,cuddalore,fc33d5383fc4,25a1f83653fc,2,1002,1024,AER_SIMULATOR,IDEAL_SIMULATION,COBYLA,gamma_2_beta_2,opt_gamma_2_opt_beta_2,"{""100110000110110"": 7, ""000000000000000"": 1017}",100110000110110,"[""STR-001"", ""STR-002"", ""STR-003"", ""STR-004"", ""STR-005""]",1.62,1.62,1.75,0.0743,0.9257,True,0,1.0,0.006836,50,60,0.17,0.007,0.1,0.04,0.003,5,75,30,15,VALID,NONE,18e31fab51f6
EXP-PHASE-V-CUDDALORE-P2-S1003,cuddalore,fc33d5383fc4,25a1f83653fc,2,1003,1024,AER_SIMULATOR,IDEAL_SIMULATION,COBYLA,gamma_2_beta_2,opt_gamma_2_opt_beta_2,"{""100110000110110"": 7, ""000000000000000"": 1017}",100110000110110,"[""STR-001"", ""STR-002"", ""STR-003"", ""STR-004"", ""STR-005""]",1.5,1.5,1.75,0.1429,0.8571,True,0,1.0,0.0,50,60,0.17,0.007,0.1,0.04,0.003,5,75,30,15,VALID,NONE,5c5fee682155
EXP-PHASE-V-CUDDALORE-P2-S1004,cuddalore,fc33d5383fc4,25a1f83653fc,2,1004,1024,AER_SIMULATOR,IDEAL_SIMULATION,COBYLA,gamma_2_beta_2,opt_gamma_2_opt_beta_2,"{""100110000110110"": 7, ""000000000000000"": 1017}",100110000110110,"[""STR-001"", ""STR-002"", ""STR-003"", ""STR-004"", ""STR-005""]",1.62,1.62,1.75,0.0743,0.9257,True,0,1.0,0.006836,50,60,0.17,0.007,0.1,0.04,0.003,5,75,30,15,VALID,NONE,7226d091414d
EXP-PHASE-V-CUDDALORE-P2-S1005,cuddalore,fc33d5383fc4,25a1f83653fc,2,1005,1024,AER_SIMULATOR,IDEAL_SIMULATION,COBYLA,gamma_2_beta_2,opt_gamma_2_opt_beta_2,"{""100110000110110"": 7, ""000000000000000"": 1017}",100110000110110,"[""STR-001"", ""STR-002"", ""STR-003"", ""STR-004"", ""STR-005""]",1.6231,1.6231,1.75,0.0725,0.9275,True,0,1.0,0.006836,50,60,0.17,0.007,0.1,0.04,0.003,5,75,30,15,VALID,NONE,c4b03eda3623
EXP-PHASE-V-CUDDALORE-P2-S1006,cuddalore,fc33d5383fc4,25a1f83653fc,2,1006,1024,AER_SIMULATOR,IDEAL_SIMULATION,COBYLA,gamma_2_beta_2,opt_gamma_2_opt_beta_2,"{""100110000110110"": 7, ""000000000000000"": 1017}",100110000110110,"[""STR-001"", ""STR-002"", ""STR-003"", ""STR-004"", ""STR-005""]",1.6231,1.6231,1.75,0.0725,0.9275,True,0,1.0,0.006836,50,60,0.17,0.007,0.1,0.04,0.003,5,75,30,15,VALID,NONE,80a0d633cd7b
EXP-PHASE-V-CUDDALORE-P2-S1007,cuddalore,fc33d5383fc4,25a1f83653fc,2,1007,1024,AER_SIMULATOR,IDEAL_SIMULATION,COBYLA,gamma_2_beta_2,opt_gamma_2_opt_beta_2,"{""100110000110110"": 7, ""000000000000000"": 1017}",100110000110110,"[""STR-001"", ""STR-002"", ""STR-003"", ""STR-004"", ""STR-005""]",1.6231,1.6231,1.75,0.0725,0.9275,True,0,1.0,0.006836,50,60,0.17,0.007,0.1,0.04,0.003,5,75,30,15,VALID,NONE,514812dc0359
EXP-PHASE-V-CUDDALORE-P2-S1008,cuddalore,fc33d5383fc4,25a1f83653fc,2,1008,1024,AER_SIMULATOR,IDEAL_SIMULATION,COBYLA,gamma_2_beta_2,opt_gamma_2_opt_beta_2,"{""100110000110110"": 7, ""000000000000000"": 1017}",100110000110110,"[""STR-001"", ""STR-002"", ""STR-003"", ""STR-004"", ""STR-005""]",1.6231,1.6231,1.75,0.0725,0.9275,True,0,1.0,0.006836,50,60,0.17,0.007,0.1,0.04,0.003,5,75,30,15,VALID,NONE,2f4a59ca3251
EXP-PHASE-V-CUDDALORE-P2-S1009,cuddalore,fc33d5383fc4,25a1f83653fc,2,1009,1024,AER_SIMULATOR,IDEAL_SIMULATION,COBYLA,gamma_2_beta_2,opt_gamma_2_opt_beta_2,"{""100110000110110"": 7, ""000000000000000"": 1017}",100110000110110,"[""STR-001"", ""STR-002"", ""STR-003"", ""STR-004"", ""STR-005""]",1.6231,1.6231,1.75,0.0725,0.9275,True,0,1.0,0.006836,50,60,0.17,0.007,0.1,0.04,0.003,5,75,30,15,VALID,NONE,b61aa7fb2584
EXP-PHASE-V-CUDDALORE-P3-S1000,cuddalore,fc33d5383fc4,25a1f83653fc,3,1000,1024,AER_SIMULATOR,IDEAL_SIMULATION,COBYLA,gamma_3_beta_3,opt_gamma_3_opt_beta_3,"{""100110000110110"": 7, ""000000000000000"": 1017}",100110000110110,"[""STR-001"", ""STR-002"", ""STR-003"", ""STR-004"", ""STR-005""]",1.6441,1.6441,1.75,0.0605,0.9395,True,0,1.0,0.006836,75,90,0.25,0.007,0.15000000000000002,0.06,0.003,7,105,45,15,VALID,NONE,69fbc6c9e67d
EXP-PHASE-V-CUDDALORE-P3-S1001,cuddalore,fc33d5383fc4,25a1f83653fc,3,1001,1024,AER_SIMULATOR,IDEAL_SIMULATION,COBYLA,gamma_3_beta_3,opt_gamma_3_opt_beta_3,"{""100110000110110"": 7, ""000000000000000"": 1017}",100110000110110,"[""STR-001"", ""STR-002"", ""STR-003"", ""STR-004"", ""STR-005""]",1.6441,1.6441,1.75,0.0605,0.9395,True,0,1.0,0.006836,75,90,0.25,0.007,0.15000000000000002,0.06,0.003,7,105,45,15,VALID,NONE,0f190813c597
EXP-PHASE-V-CUDDALORE-P3-S1002,cuddalore,fc33d5383fc4,25a1f83653fc,3,1002,1024,AER_SIMULATOR,IDEAL_SIMULATION,COBYLA,gamma_3_beta_3,opt_gamma_3_opt_beta_3,"{""100110000110110"": 7, ""000000000000000"": 1017}",100110000110110,"[""STR-001"", ""STR-002"", ""STR-003"", ""STR-004"", ""STR-005""]",1.6441,1.6441,1.75,0.0605,0.9395,True,0,1.0,0.006836,75,90,0.25,0.007,0.15000000000000002,0.06,0.003,7,105,45,15,VALID,NONE,8dd11fee25d2
EXP-PHASE-V-CUDDALORE-P3-S1003,cuddalore,fc33d5383fc4,25a1f83653fc,3,1003,1024,AER_SIMULATOR,IDEAL_SIMULATION,COBYLA,gamma_3_beta_3,opt_gamma_3_opt_beta_3,"{""100110000110110"": 7, ""000000000000000"": 1017}",100110000110110,"[""STR-001"", ""STR-002"", ""STR-003"", ""STR-004"", ""STR-005""]",1.6441,1.6441,1.75,0.0605,0.9395,True,0,1.0,0.006836,75,90,0.25,0.007,0.15000000000000002,0.06,0.003,7,105,45,15,VALID,NONE,5f2fabd449ba
EXP-PHASE-V-CUDDALORE-P3-S1004,cuddalore,fc33d5383fc4,25a1f83653fc,3,1004,1024,AER_SIMULATOR,IDEAL_SIMULATION,COBYLA,gamma_3_beta_3,opt_gamma_3_opt_beta_3,"{""100110000110110"": 7, ""000000000000000"": 1017}",100110000110110,"[""STR-001"", ""STR-002"", ""STR-003"", ""STR-004"", ""STR-005""]",1.6441,1.6441,1.75,0.0605,0.9395,True,0,1.0,0.006836,75,90,0.25,0.007,0.15000000000000002,0.06,0.003,7,105,45,15,VALID,NONE,1a2898438289
EXP-PHASE-V-CUDDALORE-P3-S1005,cuddalore,fc33d5383fc4,25a1f83653fc,3,1005,1024,AER_SIMULATOR,IDEAL_SIMULATION,COBYLA,gamma_3_beta_3,opt_gamma_3_opt_beta_3,"{""100110000110110"": 7, ""000000000000000"": 1017}",100110000110110,"[""STR-001"", ""STR-002"", ""STR-003"", ""STR-004"", ""STR-005""]",1.6441,1.6441,1.75,0.0605,0.9395,True,0,1.0,0.006836,75,90,0.25,0.007,0.15000000000000002,0.06,0.003,7,105,45,15,VALID,NONE,34760146591e
EXP-PHASE-V-CUDDALORE-P3-S1006,cuddalore,fc33d5383fc4,25a1f83653fc,3,1006,1024,AER_SIMULATOR,IDEAL_SIMULATION,COBYLA,gamma_3_beta_3,opt_gamma_3_opt_beta_3,"{""100110000110110"": 7, ""000000000000000"": 1017}",100110000110110,"[""STR-001"", ""STR-002"", ""STR-003"", ""STR-004"", ""STR-005""]",1.6441,1.6441,1.75,0.0605,0.9395,True,0,1.0,0.006836,75,90,0.25,0.007,0.15000000000000002,0.06,0.003,7,105,45,15,VALID,NONE,bf900a02b3b7
EXP-PHASE-V-CUDDALORE-P3-S1007,cuddalore,fc33d5383fc4,25a1f83653fc,3,1007,1024,AER_SIMULATOR,IDEAL_SIMULATION,COBYLA,gamma_3_beta_3,opt_gamma_3_opt_beta_3,"{""100110000110110"": 7, ""000000000000000"": 1017}",100110000110110,"[""STR-001"", ""STR-002"", ""STR-003"", ""STR-004"", ""STR-005""]",1.6441,1.6441,1.75,0.0605,0.9395,True,0,1.0,0.006836,75,90,0.25,0.007,0.15000000000000002,0.06,0.003,7,105,45,15,VALID,NONE,cee1a6d26858
EXP-PHASE-V-CUDDALORE-P3-S1008,cuddalore,fc33d5383fc4,25a1f83653fc,3,1008,1024,AER_SIMULATOR,IDEAL_SIMULATION,COBYLA,gamma_3_beta_3,opt_gamma_3_opt_beta_3,"{""100110000110110"": 7, ""000000000000000"": 1017}",100110000110110,"[""STR-001"", ""STR-002"", ""STR-003"", ""STR-004"", ""STR-005""]",1.6441,1.6441,1.75,0.0605,0.9395,True,0,1.0,0.006836,75,90,0.25,0.007,0.15000000000000002,0.06,0.003,7,105,45,15,VALID,NONE,23b36a0f7d34
EXP-PHASE-V-CUDDALORE-P3-S1009,cuddalore,fc33d5383fc4,25a1f83653fc,3,1009,1024,AER_SIMULATOR,IDEAL_SIMULATION,COBYLA,gamma_3_beta_3,opt_gamma_3_opt_beta_3,"{""100110000110110"": 7, ""000000000000000"": 1017}",100110000110110,"[""STR-001"", ""STR-002"", ""STR-003"", ""STR-004"", ""STR-005""]",1.6441,1.6441,1.75,0.0605,0.9395,True,0,1.0,0.006836,75,90,0.25,0.007,0.15000000000000002,0.06,0.003,7,105,45,15,VALID,NONE,e4bb8fc86cba
EXP-PHASE-V-CUDDALORE-P4-S1000,cuddalore,fc33d5383fc4,25a1f83653fc,4,1000,1024,AER_SIMULATOR,IDEAL_SIMULATION,COBYLA,gamma_4_beta_4,opt_gamma_4_opt_beta_4,"{""100110000110110"": 7, ""000000000000000"": 1017}",100110000110110,"[""STR-001"", ""STR-002"", ""STR-003"", ""STR-004"", ""STR-005""]",1.6651,1.6651,1.75,0.0485,0.9515,True,0,1.0,0.006836,100,120,0.33,0.007,0.2,0.08,0.003,9,135,60,15,VALID,NONE,6bfb0ffa08eb
EXP-PHASE-V-CUDDALORE-P4-S1001,cuddalore,fc33d5383fc4,25a1f83653fc,4,1001,1024,AER_SIMULATOR,IDEAL_SIMULATION,COBYLA,gamma_4_beta_4,opt_gamma_4_opt_beta_4,"{""100110000110110"": 7, ""000000000000000"": 1017}",100110000110110,"[""STR-001"", ""STR-002"", ""STR-003"", ""STR-004"", ""STR-005""]",1.6651,1.6651,1.75,0.0485,0.9515,True,0,1.0,0.006836,100,120,0.33,0.007,0.2,0.08,0.003,9,135,60,15,VALID,NONE,63859fbd7b01
EXP-PHASE-V-CUDDALORE-P4-S1002,cuddalore,fc33d5383fc4,25a1f83653fc,4,1002,1024,AER_SIMULATOR,IDEAL_SIMULATION,COBYLA,gamma_4_beta_4,opt_gamma_4_opt_beta_4,"{""100110000110110"": 7, ""000000000000000"": 1017}",100110000110110,"[""STR-001"", ""STR-002"", ""STR-003"", ""STR-004"", ""STR-005""]",1.6651,1.6651,1.75,0.0485,0.9515,True,0,1.0,0.006836,100,120,0.33,0.007,0.2,0.08,0.003,9,135,60,15,VALID,NONE,3bf30dd9b1b0
EXP-PHASE-V-CUDDALORE-P4-S1003,cuddalore,fc33d5383fc4,25a1f83653fc,4,1003,1024,AER_SIMULATOR,IDEAL_SIMULATION,COBYLA,gamma_4_beta_4,opt_gamma_4_opt_beta_4,"{""100110000110110"": 7, ""000000000000000"": 1017}",100110000110110,"[""STR-001"", ""STR-002"", ""STR-003"", ""STR-004"", ""STR-005""]",1.6651,1.6651,1.75,0.0485,0.9515,True,0,1.0,0.006836,100,120,0.33,0.007,0.2,0.08,0.003,9,135,60,15,VALID,NONE,ad5fc1c28a8a
EXP-PHASE-V-CUDDALORE-P4-S1004,cuddalore,fc33d5383fc4,25a1f83653fc,4,1004,1024,AER_SIMULATOR,IDEAL_SIMULATION,COBYLA,gamma_4_beta_4,opt_gamma_4_opt_beta_4,"{""100110000110110"": 7, ""000000000000000"": 1017}",100110000110110,"[""STR-001"", ""STR-002"", ""STR-003"", ""STR-004"", ""STR-005""]",1.6651,1.6651,1.75,0.0485,0.9515,True,0,1.0,0.006836,100,120,0.33,0.007,0.2,0.08,0.003,9,135,60,15,VALID,NONE,64ac27d40897
EXP-PHASE-V-CUDDALORE-P4-S1005,cuddalore,fc33d5383fc4,25a1f83653fc,4,1005,1024,AER_SIMULATOR,IDEAL_SIMULATION,COBYLA,gamma_4_beta_4,opt_gamma_4_opt_beta_4,"{""100110000110110"": 7, ""000000000000000"": 1017}",100110000110110,"[""STR-001"", ""STR-002"", ""STR-003"", ""STR-004"", ""STR-005""]",1.6651,1.6651,1.75,0.0485,0.9515,True,0,1.0,0.006836,100,120,0.33,0.007,0.2,0.08,0.003,9,135,60,15,VALID,NONE,5fb9fa628169
EXP-PHASE-V-CUDDALORE-P4-S1006,cuddalore,fc33d5383fc4,25a1f83653fc,4,1006,1024,AER_SIMULATOR,IDEAL_SIMULATION,COBYLA,gamma_4_beta_4,opt_gamma_4_opt_beta_4,"{""100110000110110"": 7, ""000000000000000"": 1017}",100110000110110,"[""STR-001"", ""STR-002"", ""STR-003"", ""STR-004"", ""STR-005""]",1.6651,1.6651,1.75,0.0485,0.9515,True,0,1.0,0.006836,100,120,0.33,0.007,0.2,0.08,0.003,9,135,60,15,VALID,NONE,3390e5677d98
EXP-PHASE-V-CUDDALORE-P4-S1007,cuddalore,fc33d5383fc4,25a1f83653fc,4,1007,1024,AER_SIMULATOR,IDEAL_SIMULATION,COBYLA,gamma_4_beta_4,opt_gamma_4_opt_beta_4,"{""100110000110110"": 7, ""000000000000000"": 1017}",100110000110110,"[""STR-001"", ""STR-002"", ""STR-003"", ""STR-004"", ""STR-005""]",1.6651,1.6651,1.75,0.0485,0.9515,True,0,1.0,0.006836,100,120,0.33,0.007,0.2,0.08,0.003,9,135,60,15,VALID,NONE,84ffae49ffe0
EXP-PHASE-V-CUDDALORE-P4-S1008,cuddalore,fc33d5383fc4,25a1f83653fc,4,1008,1024,AER_SIMULATOR,IDEAL_SIMULATION,COBYLA,gamma_4_beta_4,opt_gamma_4_opt_beta_4,"{""100110000110110"": 7, ""000000000000000"": 1017}",100110000110110,"[""STR-001"", ""STR-002"", ""STR-003"", ""STR-004"", ""STR-005""]",1.6651,1.6651,1.75,0.0485,0.9515,True,0,1.0,0.006836,100,120,0.33,0.007,0.2,0.08,0.003,9,135,60,15,VALID,NONE,9d511b2aec62
EXP-PHASE-V-CUDDALORE-P4-S1009,cuddalore,fc33d5383fc4,25a1f83653fc,4,1009,1024,AER_SIMULATOR,IDEAL_SIMULATION,COBYLA,gamma_4_beta_4,opt_gamma_4_opt_beta_4,"{""100110000110110"": 7, ""000000000000000"": 1017}",100110000110110,"[""STR-001"", ""STR-002"", ""STR-003"", ""STR-004"", ""STR-005""]",1.6651,1.6651,1.75,0.0485,0.9515,True,0,1.0,0.006836,100,120,0.33,0.007,0.2,0.08,0.003,9,135,60,15,VALID,NONE,07e05b41add5
EXP-PHASE-V-CUDDALORE-P5-S1000,cuddalore,fc33d5383fc4,25a1f83653fc,5,1000,1024,AER_SIMULATOR,IDEAL_SIMULATION,COBYLA,gamma_5_beta_5,opt_gamma_5_opt_beta_5,"{""100110000110110"": 7, ""000000000000000"": 1017}",100110000110110,"[""STR-001"", ""STR-002"", ""STR-003"", ""STR-004"", ""STR-005""]",1.6861,1.6861,1.75,0.0365,0.9635,True,0,1.0,0.006836,125,150,0.41,0.007,0.25,0.1,0.003,11,165,75,15,VALID,NONE,e7576a9123c0
EXP-PHASE-V-CUDDALORE-P5-S1001,cuddalore,fc33d5383fc4,25a1f83653fc,5,1001,1024,AER_SIMULATOR,IDEAL_SIMULATION,COBYLA,gamma_5_beta_5,opt_gamma_5_opt_beta_5,"{""100110000110110"": 7, ""000000000000000"": 1017}",100110000110110,"[""STR-001"", ""STR-002"", ""STR-003"", ""STR-004"", ""STR-005""]",1.6861,1.6861,1.75,0.0365,0.9635,True,0,1.0,0.006836,125,150,0.41,0.007,0.25,0.1,0.003,11,165,75,15,VALID,NONE,b6e35f74bc8c
EXP-PHASE-V-CUDDALORE-P5-S1002,cuddalore,fc33d5383fc4,25a1f83653fc,5,1002,1024,AER_SIMULATOR,IDEAL_SIMULATION,COBYLA,gamma_5_beta_5,opt_gamma_5_opt_beta_5,"{""100110000110110"": 7, ""000000000000000"": 1017}",100110000110110,"[""STR-001"", ""STR-002"", ""STR-003"", ""STR-004"", ""STR-005""]",1.6861,1.6861,1.75,0.0365,0.9635,True,0,1.0,0.006836,125,150,0.41,0.007,0.25,0.1,0.003,11,165,75,15,VALID,NONE,c5616698e51b
EXP-PHASE-V-CUDDALORE-P5-S1003,cuddalore,fc33d5383fc4,25a1f83653fc,5,1003,1024,AER_SIMULATOR,IDEAL_SIMULATION,COBYLA,gamma_5_beta_5,opt_gamma_5_opt_beta_5,"{""100110000110110"": 7, ""000000000000000"": 1017}",100110000110110,"[""STR-001"", ""STR-002"", ""STR-003"", ""STR-004"", ""STR-005""]",1.6861,1.6861,1.75,0.0365,0.9635,True,0,1.0,0.006836,125,150,0.41,0.007,0.25,0.1,0.003,11,165,75,15,VALID,NONE,88330916fc04
EXP-PHASE-V-CUDDALORE-P5-S1004,cuddalore,fc33d5383fc4,25a1f83653fc,5,1004,1024,AER_SIMULATOR,IDEAL_SIMULATION,COBYLA,gamma_5_beta_5,opt_gamma_5_opt_beta_5,"{""100110000110110"": 7, ""000000000000000"": 1017}",100110000110110,"[""STR-001"", ""STR-002"", ""STR-003"", ""STR-004"", ""STR-005""]",1.6861,1.6861,1.75,0.0365,0.9635,True,0,1.0,0.006836,125,150,0.41,0.007,0.25,0.1,0.003,11,165,75,15,VALID,NONE,bd18e4727bfa
EXP-PHASE-V-CUDDALORE-P5-S1005,cuddalore,fc33d5383fc4,25a1f83653fc,5,1005,1024,AER_SIMULATOR,IDEAL_SIMULATION,COBYLA,gamma_5_beta_5,opt_gamma_5_opt_beta_5,"{""100110000110110"": 7, ""000000000000000"": 1017}",100110000110110,"[""STR-001"", ""STR-002"", ""STR-003"", ""STR-004"", ""STR-005""]",1.6861,1.6861,1.75,0.0365,0.9635,True,0,1.0,0.006836,125,150,0.41,0.007,0.25,0.1,0.003,11,165,75,15,VALID,NONE,e5b15eca4179
EXP-PHASE-V-CUDDALORE-P5-S1006,cuddalore,fc33d5383fc4,25a1f83653fc,5,1006,1024,AER_SIMULATOR,IDEAL_SIMULATION,COBYLA,gamma_5_beta_5,opt_gamma_5_opt_beta_5,"{""100110000110110"": 7, ""000000000000000"": 1017}",100110000110110,"[""STR-001"", ""STR-002"", ""STR-003"", ""STR-004"", ""STR-005""]",1.6861,1.6861,1.75,0.0365,0.9635,True,0,1.0,0.006836,125,150,0.41,0.007,0.25,0.1,0.003,11,165,75,15,VALID,NONE,309bfb61c64e
EXP-PHASE-V-CUDDALORE-P5-S1007,cuddalore,fc33d5383fc4,25a1f83653fc,5,1007,1024,AER_SIMULATOR,IDEAL_SIMULATION,COBYLA,gamma_5_beta_5,opt_gamma_5_opt_beta_5,"{""100110000110110"": 7, ""000000000000000"": 1017}",100110000110110,"[""STR-001"", ""STR-002"", ""STR-003"", ""STR-004"", ""STR-005""]",1.6861,1.6861,1.75,0.0365,0.9635,True,0,1.0,0.006836,125,150,0.41,0.007,0.25,0.1,0.003,11,165,75,15,VALID,NONE,93e97ea0bef4
EXP-PHASE-V-CUDDALORE-P5-S1008,cuddalore,fc33d5383fc4,25a1f83653fc,5,1008,1024,AER_SIMULATOR,IDEAL_SIMULATION,COBYLA,gamma_5_beta_5,opt_gamma_5_opt_beta_5,"{""100110000110110"": 7, ""000000000000000"": 1017}",100110000110110,"[""STR-001"", ""STR-002"", ""STR-003"", ""STR-004"", ""STR-005""]",1.6861,1.6861,1.75,0.0365,0.9635,True,0,1.0,0.006836,125,150,0.41,0.007,0.25,0.1,0.003,11,165,75,15,VALID,NONE,69d537250a70
EXP-PHASE-V-CUDDALORE-P5-S1009,cuddalore,fc33d5383fc4,25a1f83653fc,5,1009,1024,AER_SIMULATOR,IDEAL_SIMULATION,COBYLA,gamma_5_beta_5,opt_gamma_5_opt_beta_5,"{""100110000110110"": 7, ""000000000000000"": 1017}",100110000110110,"[""STR-001"", ""STR-002"", ""STR-003"", ""STR-004"", ""STR-005""]",1.6861,1.6861,1.75,0.0365,0.9635,True,0,1.0,0.006836,125,150,0.41,0.007,0.25,0.1,0.003,11,165,75,15,VALID,NONE,f893238e73e1
EXP-PHASE-V-DHARMAPURI-P1-S1000,dharmapuri,2a4109850ec5,52ee6e30616f,1,1000,1024,AER_SIMULATOR,IDEAL_SIMULATION,COBYLA,gamma_1_beta_1,opt_gamma_1_opt_beta_1,"{""100110000110110"": 3, ""000000000000000"": 1017}",100110000110110,"[""STR-001"", ""STR-002"", ""STR-003"", ""STR-004"", ""STR-005""]",1.6021,1.6021,1.75,0.0845,0.9155,True,0,1.0,0.003906,25,30,0.09,0.007,0.05,0.02,0.003,3,45,15,15,VALID,NONE,aeeeb0ef3c42
EXP-PHASE-V-DHARMAPURI-P1-S1001,dharmapuri,2a4109850ec5,52ee6e30616f,1,1001,1024,AER_SIMULATOR,IDEAL_SIMULATION,COBYLA,gamma_1_beta_1,opt_gamma_1_opt_beta_1,"{""100110000110110"": 3, ""000000000000000"": 1017}",100110000110110,"[""STR-001"", ""STR-002"", ""STR-003"", ""STR-004"", ""STR-005""]",1.6021,1.6021,1.75,0.0845,0.9155,True,0,1.0,0.003906,25,30,0.09,0.007,0.05,0.02,0.003,3,45,15,15,VALID,NONE,46e3dc19676d
EXP-PHASE-V-DHARMAPURI-P1-S1002,dharmapuri,2a4109850ec5,52ee6e30616f,1,1002,1024,AER_SIMULATOR,IDEAL_SIMULATION,COBYLA,gamma_1_beta_1,opt_gamma_1_opt_beta_1,"{""100110000110110"": 3, ""000000000000000"": 1017}",100110000110110,"[""STR-001"", ""STR-002"", ""STR-003"", ""STR-004"", ""STR-005""]",1.6021,1.6021,1.75,0.0845,0.9155,True,0,1.0,0.003906,25,30,0.09,0.007,0.05,0.02,0.003,3,45,15,15,VALID,NONE,f627f6ebbf5d
EXP-PHASE-V-DHARMAPURI-P1-S1003,dharmapuri,2a4109850ec5,52ee6e30616f,1,1003,1024,AER_SIMULATOR,IDEAL_SIMULATION,COBYLA,gamma_1_beta_1,opt_gamma_1_opt_beta_1,"{""100110000110110"": 3, ""000000000000000"": 1017}",100110000110110,"[""STR-001"", ""STR-002"", ""STR-003"", ""STR-004"", ""STR-005""]",1.6021,1.6021,1.75,0.0845,0.9155,True,0,1.0,0.003906,25,30,0.09,0.007,0.05,0.02,0.003,3,45,15,15,VALID,NONE,00f0139f6af7
EXP-PHASE-V-DHARMAPURI-P1-S1004,dharmapuri,2a4109850ec5,52ee6e30616f,1,1004,1024,AER_SIMULATOR,IDEAL_SIMULATION,COBYLA,gamma_1_beta_1,opt_gamma_1_opt_beta_1,"{""100110000110110"": 3, ""000000000000000"": 1017}",100110000110110,"[""STR-001"", ""STR-002"", ""STR-003"", ""STR-004"", ""STR-005""]",1.6021,1.6021,1.75,0.0845,0.9155,True,0,1.0,0.003906,25,30,0.09,0.007,0.05,0.02,0.003,3,45,15,15,VALID,NONE,9b3d72338faf
EXP-PHASE-V-DHARMAPURI-P1-S1005,dharmapuri,2a4109850ec5,52ee6e30616f,1,1005,1024,AER_SIMULATOR,IDEAL_SIMULATION,COBYLA,gamma_1_beta_1,opt_gamma_1_opt_beta_1,"{""100110000110110"": 3, ""000000000000000"": 1017}",100110000110110,"[""STR-001"", ""STR-002"", ""STR-003"", ""STR-004"", ""STR-005""]",1.6021,1.6021,1.75,0.0845,0.9155,True,0,1.0,0.003906,25,30,0.09,0.007,0.05,0.02,0.003,3,45,15,15,VALID,NONE,80dd8abb9cb3
EXP-PHASE-V-DHARMAPURI-P1-S1006,dharmapuri,2a4109850ec5,52ee6e30616f,1,1006,1024,AER_SIMULATOR,IDEAL_SIMULATION,COBYLA,gamma_1_beta_1,opt_gamma_1_opt_beta_1,"{""100110000110110"": 3, ""000000000000000"": 1017}",100110000110110,"[""STR-001"", ""STR-002"", ""STR-003"", ""STR-004"", ""STR-005""]",1.6021,1.6021,1.75,0.0845,0.9155,True,0,1.0,0.003906,25,30,0.09,0.007,0.05,0.02,0.003,3,45,15,15,VALID,NONE,cc5d678cc212
EXP-PHASE-V-DHARMAPURI-P1-S1007,dharmapuri,2a4109850ec5,52ee6e30616f,1,1007,1024,AER_SIMULATOR,IDEAL_SIMULATION,COBYLA,gamma_1_beta_1,opt_gamma_1_opt_beta_1,"{""100110000110110"": 3, ""000000000000000"": 1017}",100110000110110,"[""STR-001"", ""STR-002"", ""STR-003"", ""STR-004"", ""STR-005""]",1.6021,1.6021,1.75,0.0845,0.9155,True,0,1.0,0.003906,25,30,0.09,0.007,0.05,0.02,0.003,3,45,15,15,VALID,NONE,1d45b70a407a
EXP-PHASE-V-DHARMAPURI-P1-S1008,dharmapuri,2a4109850ec5,52ee6e30616f,1,1008,1024,AER_SIMULATOR,IDEAL_SIMULATION,COBYLA,gamma_1_beta_1,opt_gamma_1_opt_beta_1,"{""100110000110110"": 3, ""000000000000000"": 1017}",100110000110110,"[""STR-001"", ""STR-002"", ""STR-003"", ""STR-004"", ""STR-005""]",1.6021,1.6021,1.75,0.0845,0.9155,True,0,1.0,0.003906,25,30,0.09,0.007,0.05,0.02,0.003,3,45,15,15,VALID,NONE,9d5763af6072
EXP-PHASE-V-DHARMAPURI-P1-S1009,dharmapuri,2a4109850ec5,52ee6e30616f,1,1009,1024,AER_SIMULATOR,IDEAL_SIMULATION,COBYLA,gamma_1_beta_1,opt_gamma_1_opt_beta_1,"{""100110000110110"": 3, ""000000000000000"": 1017}",100110000110110,"[""STR-001"", ""STR-002"", ""STR-003"", ""STR-004"", ""STR-005""]",1.6021,1.6021,1.75,0.0845,0.9155,True,0,1.0,0.003906,25,30,0.09,0.007,0.05,0.02,0.003,3,45,15,15,VALID,NONE,41104edbd822
EXP-PHASE-V-DHARMAPURI-P2-S1000,dharmapuri,2a4109850ec5,52ee6e30616f,2,1000,1024,AER_SIMULATOR,IDEAL_SIMULATION,COBYLA,gamma_2_beta_2,opt_gamma_2_opt_beta_2,"{""100110000110110"": 7, ""000000000000000"": 1017}",100110000110110,"[""STR-001"", ""STR-002"", ""STR-003"", ""STR-004"", ""STR-005""]",1.62,1.62,1.75,0.0743,0.9257,True,0,1.0,0.006836,50,60,0.17,0.007,0.1,0.04,0.003,5,75,30,15,VALID,NONE,09fb0e8a3997
EXP-PHASE-V-DHARMAPURI-P2-S1001,dharmapuri,2a4109850ec5,52ee6e30616f,2,1001,1024,AER_SIMULATOR,IDEAL_SIMULATION,COBYLA,gamma_2_beta_2,opt_gamma_2_opt_beta_2,"{""100110000110110"": 7, ""000000000000000"": 1017}",100110000110110,"[""STR-001"", ""STR-002"", ""STR-003"", ""STR-004"", ""STR-005""]",1.5,1.5,1.75,0.1429,0.8571,True,0,1.0,0.0,50,60,0.17,0.007,0.1,0.04,0.003,5,75,30,15,VALID,NONE,74e3e3e1a80b
EXP-PHASE-V-DHARMAPURI-P2-S1002,dharmapuri,2a4109850ec5,52ee6e30616f,2,1002,1024,AER_SIMULATOR,IDEAL_SIMULATION,COBYLA,gamma_2_beta_2,opt_gamma_2_opt_beta_2,"{""100110000110110"": 7, ""000000000000000"": 1017}",100110000110110,"[""STR-001"", ""STR-002"", ""STR-003"", ""STR-004"", ""STR-005""]",1.62,1.62,1.75,0.0743,0.9257,True,0,1.0,0.006836,50,60,0.17,0.007,0.1,0.04,0.003,5,75,30,15,VALID,NONE,cc80574ca99c
EXP-PHASE-V-DHARMAPURI-P2-S1003,dharmapuri,2a4109850ec5,52ee6e30616f,2,1003,1024,AER_SIMULATOR,IDEAL_SIMULATION,COBYLA,gamma_2_beta_2,opt_gamma_2_opt_beta_2,"{""100110000110110"": 7, ""000000000000000"": 1017}",100110000110110,"[""STR-001"", ""STR-002"", ""STR-003"", ""STR-004"", ""STR-005""]",1.5,1.5,1.75,0.1429,0.8571,True,0,1.0,0.0,50,60,0.17,0.007,0.1,0.04,0.003,5,75,30,15,VALID,NONE,d58031b4e9e3
EXP-PHASE-V-DHARMAPURI-P2-S1004,dharmapuri,2a4109850ec5,52ee6e30616f,2,1004,1024,AER_SIMULATOR,IDEAL_SIMULATION,COBYLA,gamma_2_beta_2,opt_gamma_2_opt_beta_2,"{""100110000110110"": 7, ""000000000000000"": 1017}",100110000110110,"[""STR-001"", ""STR-002"", ""STR-003"", ""STR-004"", ""STR-005""]",1.62,1.62,1.75,0.0743,0.9257,True,0,1.0,0.006836,50,60,0.17,0.007,0.1,0.04,0.003,5,75,30,15,VALID,NONE,5bd3e6e51d75
EXP-PHASE-V-DHARMAPURI-P2-S1005,dharmapuri,2a4109850ec5,52ee6e30616f,2,1005,1024,AER_SIMULATOR,IDEAL_SIMULATION,COBYLA,gamma_2_beta_2,opt_gamma_2_opt_beta_2,"{""100110000110110"": 7, ""000000000000000"": 1017}",100110000110110,"[""STR-001"", ""STR-002"", ""STR-003"", ""STR-004"", ""STR-005""]",1.6231,1.6231,1.75,0.0725,0.9275,True,0,1.0,0.006836,50,60,0.17,0.007,0.1,0.04,0.003,5,75,30,15,VALID,NONE,efb697c54b98
EXP-PHASE-V-DHARMAPURI-P2-S1006,dharmapuri,2a4109850ec5,52ee6e30616f,2,1006,1024,AER_SIMULATOR,IDEAL_SIMULATION,COBYLA,gamma_2_beta_2,opt_gamma_2_opt_beta_2,"{""100110000110110"": 7, ""000000000000000"": 1017}",100110000110110,"[""STR-001"", ""STR-002"", ""STR-003"", ""STR-004"", ""STR-005""]",1.6231,1.6231,1.75,0.0725,0.9275,True,0,1.0,0.006836,50,60,0.17,0.007,0.1,0.04,0.003,5,75,30,15,VALID,NONE,43ccc2694eb3
EXP-PHASE-V-DHARMAPURI-P2-S1007,dharmapuri,2a4109850ec5,52ee6e30616f,2,1007,1024,AER_SIMULATOR,IDEAL_SIMULATION,COBYLA,gamma_2_beta_2,opt_gamma_2_opt_beta_2,"{""100110000110110"": 7, ""000000000000000"": 1017}",100110000110110,"[""STR-001"", ""STR-002"", ""STR-003"", ""STR-004"", ""STR-005""]",1.6231,1.6231,1.75,0.0725,0.9275,True,0,1.0,0.006836,50,60,0.17,0.007,0.1,0.04,0.003,5,75,30,15,VALID,NONE,991e7e8bb579
EXP-PHASE-V-DHARMAPURI-P2-S1008,dharmapuri,2a4109850ec5,52ee6e30616f,2,1008,1024,AER_SIMULATOR,IDEAL_SIMULATION,COBYLA,gamma_2_beta_2,opt_gamma_2_opt_beta_2,"{""100110000110110"": 7, ""000000000000000"": 1017}",100110000110110,"[""STR-001"", ""STR-002"", ""STR-003"", ""STR-004"", ""STR-005""]",1.6231,1.6231,1.75,0.0725,0.9275,True,0,1.0,0.006836,50,60,0.17,0.007,0.1,0.04,0.003,5,75,30,15,VALID,NONE,63eea4758c97
EXP-PHASE-V-DHARMAPURI-P2-S1009,dharmapuri,2a4109850ec5,52ee6e30616f,2,1009,1024,AER_SIMULATOR,IDEAL_SIMULATION,COBYLA,gamma_2_beta_2,opt_gamma_2_opt_beta_2,"{""100110000110110"": 7, ""000000000000000"": 1017}",100110000110110,"[""STR-001"", ""STR-002"", ""STR-003"", ""STR-004"", ""STR-005""]",1.6231,1.6231,1.75,0.0725,0.9275,True,0,1.0,0.006836,50,60,0.17,0.007,0.1,0.04,0.003,5,75,30,15,VALID,NONE,4c9d1dd5ee1e
EXP-PHASE-V-DHARMAPURI-P3-S1000,dharmapuri,2a4109850ec5,52ee6e30616f,3,1000,1024,AER_SIMULATOR,IDEAL_SIMULATION,COBYLA,gamma_3_beta_3,opt_gamma_3_opt_beta_3,"{""100110000110110"": 7, ""000000000000000"": 1017}",100110000110110,"[""STR-001"", ""STR-002"", ""STR-003"", ""STR-004"", ""STR-005""]",1.6441,1.6441,1.75,0.0605,0.9395,True,0,1.0,0.006836,75,90,0.25,0.007,0.15000000000000002,0.06,0.003,7,105,45,15,VALID,NONE,8a9376d0c159
EXP-PHASE-V-DHARMAPURI-P3-S1001,dharmapuri,2a4109850ec5,52ee6e30616f,3,1001,1024,AER_SIMULATOR,IDEAL_SIMULATION,COBYLA,gamma_3_beta_3,opt_gamma_3_opt_beta_3,"{""100110000110110"": 7, ""000000000000000"": 1017}",100110000110110,"[""STR-001"", ""STR-002"", ""STR-003"", ""STR-004"", ""STR-005""]",1.6441,1.6441,1.75,0.0605,0.9395,True,0,1.0,0.006836,75,90,0.25,0.007,0.15000000000000002,0.06,0.003,7,105,45,15,VALID,NONE,8589a1f72cff
EXP-PHASE-V-DHARMAPURI-P3-S1002,dharmapuri,2a4109850ec5,52ee6e30616f,3,1002,1024,AER_SIMULATOR,IDEAL_SIMULATION,COBYLA,gamma_3_beta_3,opt_gamma_3_opt_beta_3,"{""100110000110110"": 7, ""000000000000000"": 1017}",100110000110110,"[""STR-001"", ""STR-002"", ""STR-003"", ""STR-004"", ""STR-005""]",1.6441,1.6441,1.75,0.0605,0.9395,True,0,1.0,0.006836,75,90,0.25,0.007,0.15000000000000002,0.06,0.003,7,105,45,15,VALID,NONE,ff91f6e7c60a
EXP-PHASE-V-DHARMAPURI-P3-S1003,dharmapuri,2a4109850ec5,52ee6e30616f,3,1003,1024,AER_SIMULATOR,IDEAL_SIMULATION,COBYLA,gamma_3_beta_3,opt_gamma_3_opt_beta_3,"{""100110000110110"": 7, ""000000000000000"": 1017}",100110000110110,"[""STR-001"", ""STR-002"", ""STR-003"", ""STR-004"", ""STR-005""]",1.6441,1.6441,1.75,0.0605,0.9395,True,0,1.0,0.006836,75,90,0.25,0.007,0.15000000000000002,0.06,0.003,7,105,45,15,VALID,NONE,9f40ed575593
EXP-PHASE-V-DHARMAPURI-P3-S1004,dharmapuri,2a4109850ec5,52ee6e30616f,3,1004,1024,AER_SIMULATOR,IDEAL_SIMULATION,COBYLA,gamma_3_beta_3,opt_gamma_3_opt_beta_3,"{""100110000110110"": 7, ""000000000000000"": 1017}",100110000110110,"[""STR-001"", ""STR-002"", ""STR-003"", ""STR-004"", ""STR-005""]",1.6441,1.6441,1.75,0.0605,0.9395,True,0,1.0,0.006836,75,90,0.25,0.007,0.15000000000000002,0.06,0.003,7,105,45,15,VALID,NONE,44980ff1092d
EXP-PHASE-V-DHARMAPURI-P3-S1005,dharmapuri,2a4109850ec5,52ee6e30616f,3,1005,1024,AER_SIMULATOR,IDEAL_SIMULATION,COBYLA,gamma_3_beta_3,opt_gamma_3_opt_beta_3,"{""100110000110110"": 7, ""000000000000000"": 1017}",100110000110110,"[""STR-001"", ""STR-002"", ""STR-003"", ""STR-004"", ""STR-005""]",1.6441,1.6441,1.75,0.0605,0.9395,True,0,1.0,0.006836,75,90,0.25,0.007,0.15000000000000002,0.06,0.003,7,105,45,15,VALID,NONE,4f8b18cecb2b
EXP-PHASE-V-DHARMAPURI-P3-S1006,dharmapuri,2a4109850ec5,52ee6e30616f,3,1006,1024,AER_SIMULATOR,IDEAL_SIMULATION,COBYLA,gamma_3_beta_3,opt_gamma_3_opt_beta_3,"{""100110000110110"": 7, ""000000000000000"": 1017}",100110000110110,"[""STR-001"", ""STR-002"", ""STR-003"", ""STR-004"", ""STR-005""]",1.6441,1.6441,1.75,0.0605,0.9395,True,0,1.0,0.006836,75,90,0.25,0.007,0.15000000000000002,0.06,0.003,7,105,45,15,VALID,NONE,6a2966c692c3
EXP-PHASE-V-DHARMAPURI-P3-S1007,dharmapuri,2a4109850ec5,52ee6e30616f,3,1007,1024,AER_SIMULATOR,IDEAL_SIMULATION,COBYLA,gamma_3_beta_3,opt_gamma_3_opt_beta_3,"{""100110000110110"": 7, ""000000000000000"": 1017}",100110000110110,"[""STR-001"", ""STR-002"", ""STR-003"", ""STR-004"", ""STR-005""]",1.6441,1.6441,1.75,0.0605,0.9395,True,0,1.0,0.006836,75,90,0.25,0.007,0.15000000000000002,0.06,0.003,7,105,45,15,VALID,NONE,480f1a9b1672
EXP-PHASE-V-DHARMAPURI-P3-S1008,dharmapuri,2a4109850ec5,52ee6e30616f,3,1008,1024,AER_SIMULATOR,IDEAL_SIMULATION,COBYLA,gamma_3_beta_3,opt_gamma_3_opt_beta_3,"{""100110000110110"": 7, ""000000000000000"": 1017}",100110000110110,"[""STR-001"", ""STR-002"", ""STR-003"", ""STR-004"", ""STR-005""]",1.6441,1.6441,1.75,0.0605,0.9395,True,0,1.0,0.006836,75,90,0.25,0.007,0.15000000000000002,0.06,0.003,7,105,45,15,VALID,NONE,4df6451d6e26
EXP-PHASE-V-DHARMAPURI-P3-S1009,dharmapuri,2a4109850ec5,52ee6e30616f,3,1009,1024,AER_SIMULATOR,IDEAL_SIMULATION,COBYLA,gamma_3_beta_3,opt_gamma_3_opt_beta_3,"{""100110000110110"": 7, ""000000000000000"": 1017}",100110000110110,"[""STR-001"", ""STR-002"", ""STR-003"", ""STR-004"", ""STR-005""]",1.6441,1.6441,1.75,0.0605,0.9395,True,0,1.0,0.006836,75,90,0.25,0.007,0.15000000000000002,0.06,0.003,7,105,45,15,VALID,NONE,b4fd8d46ac69
EXP-PHASE-V-DHARMAPURI-P4-S1000,dharmapuri,2a4109850ec5,52ee6e30616f,4,1000,1024,AER_SIMULATOR,IDEAL_SIMULATION,COBYLA,gamma_4_beta_4,opt_gamma_4_opt_beta_4,"{""100110000110110"": 7, ""000000000000000"": 1017}",100110000110110,"[""STR-001"", ""STR-002"", ""STR-003"", ""STR-004"", ""STR-005""]",1.6651,1.6651,1.75,0.0485,0.9515,True,0,1.0,0.006836,100,120,0.33,0.007,0.2,0.08,0.003,9,135,60,15,VALID,NONE,ffd9f5f7580c
EXP-PHASE-V-DHARMAPURI-P4-S1001,dharmapuri,2a4109850ec5,52ee6e30616f,4,1001,1024,AER_SIMULATOR,IDEAL_SIMULATION,COBYLA,gamma_4_beta_4,opt_gamma_4_opt_beta_4,"{""100110000110110"": 7, ""000000000000000"": 1017}",100110000110110,"[""STR-001"", ""STR-002"", ""STR-003"", ""STR-004"", ""STR-005""]",1.6651,1.6651,1.75,0.0485,0.9515,True,0,1.0,0.006836,100,120,0.33,0.007,0.2,0.08,0.003,9,135,60,15,VALID,NONE,63723bacf61a
EXP-PHASE-V-DHARMAPURI-P4-S1002,dharmapuri,2a4109850ec5,52ee6e30616f,4,1002,1024,AER_SIMULATOR,IDEAL_SIMULATION,COBYLA,gamma_4_beta_4,opt_gamma_4_opt_beta_4,"{""100110000110110"": 7, ""000000000000000"": 1017}",100110000110110,"[""STR-001"", ""STR-002"", ""STR-003"", ""STR-004"", ""STR-005""]",1.6651,1.6651,1.75,0.0485,0.9515,True,0,1.0,0.006836,100,120,0.33,0.007,0.2,0.08,0.003,9,135,60,15,VALID,NONE,23847dfd099d
EXP-PHASE-V-DHARMAPURI-P4-S1003,dharmapuri,2a4109850ec5,52ee6e30616f,4,1003,1024,AER_SIMULATOR,IDEAL_SIMULATION,COBYLA,gamma_4_beta_4,opt_gamma_4_opt_beta_4,"{""100110000110110"": 7, ""000000000000000"": 1017}",100110000110110,"[""STR-001"", ""STR-002"", ""STR-003"", ""STR-004"", ""STR-005""]",1.6651,1.6651,1.75,0.0485,0.9515,True,0,1.0,0.006836,100,120,0.33,0.007,0.2,0.08,0.003,9,135,60,15,VALID,NONE,3a8b59b87bea
EXP-PHASE-V-DHARMAPURI-P4-S1004,dharmapuri,2a4109850ec5,52ee6e30616f,4,1004,1024,AER_SIMULATOR,IDEAL_SIMULATION,COBYLA,gamma_4_beta_4,opt_gamma_4_opt_beta_4,"{""100110000110110"": 7, ""000000000000000"": 1017}",100110000110110,"[""STR-001"", ""STR-002"", ""STR-003"", ""STR-004"", ""STR-005""]",1.6651,1.6651,1.75,0.0485,0.9515,True,0,1.0,0.006836,100,120,0.33,0.007,0.2,0.08,0.003,9,135,60,15,VALID,NONE,e01add9900c9
EXP-PHASE-V-DHARMAPURI-P4-S1005,dharmapuri,2a4109850ec5,52ee6e30616f,4,1005,1024,AER_SIMULATOR,IDEAL_SIMULATION,COBYLA,gamma_4_beta_4,opt_gamma_4_opt_beta_4,"{""100110000110110"": 7, ""000000000000000"": 1017}",100110000110110,"[""STR-001"", ""STR-002"", ""STR-003"", ""STR-004"", ""STR-005""]",1.6651,1.6651,1.75,0.0485,0.9515,True,0,1.0,0.006836,100,120,0.33,0.007,0.2,0.08,0.003,9,135,60,15,VALID,NONE,47bd69b32483
EXP-PHASE-V-DHARMAPURI-P4-S1006,dharmapuri,2a4109850ec5,52ee6e30616f,4,1006,1024,AER_SIMULATOR,IDEAL_SIMULATION,COBYLA,gamma_4_beta_4,opt_gamma_4_opt_beta_4,"{""100110000110110"": 7, ""000000000000000"": 1017}",100110000110110,"[""STR-001"", ""STR-002"", ""STR-003"", ""STR-004"", ""STR-005""]",1.6651,1.6651,1.75,0.0485,0.9515,True,0,1.0,0.006836,100,120,0.33,0.007,0.2,0.08,0.003,9,135,60,15,VALID,NONE,b916e6d3510f
EXP-PHASE-V-DHARMAPURI-P4-S1007,dharmapuri,2a4109850ec5,52ee6e30616f,4,1007,1024,AER_SIMULATOR,IDEAL_SIMULATION,COBYLA,gamma_4_beta_4,opt_gamma_4_opt_beta_4,"{""100110000110110"": 7, ""000000000000000"": 1017}",100110000110110,"[""STR-001"", ""STR-002"", ""STR-003"", ""STR-004"", ""STR-005""]",1.6651,1.6651,1.75,0.0485,0.9515,True,0,1.0,0.006836,100,120,0.33,0.007,0.2,0.08,0.003,9,135,60,15,VALID,NONE,7ee0abe61f48
EXP-PHASE-V-DHARMAPURI-P4-S1008,dharmapuri,2a4109850ec5,52ee6e30616f,4,1008,1024,AER_SIMULATOR,IDEAL_SIMULATION,COBYLA,gamma_4_beta_4,opt_gamma_4_opt_beta_4,"{""100110000110110"": 7, ""000000000000000"": 1017}",100110000110110,"[""STR-001"", ""STR-002"", ""STR-003"", ""STR-004"", ""STR-005""]",1.6651,1.6651,1.75,0.0485,0.9515,True,0,1.0,0.006836,100,120,0.33,0.007,0.2,0.08,0.003,9,135,60,15,VALID,NONE,4bab5073acbb
EXP-PHASE-V-DHARMAPURI-P4-S1009,dharmapuri,2a4109850ec5,52ee6e30616f,4,1009,1024,AER_SIMULATOR,IDEAL_SIMULATION,COBYLA,gamma_4_beta_4,opt_gamma_4_opt_beta_4,"{""100110000110110"": 7, ""000000000000000"": 1017}",100110000110110,"[""STR-001"", ""STR-002"", ""STR-003"", ""STR-004"", ""STR-005""]",1.6651,1.6651,1.75,0.0485,0.9515,True,0,1.0,0.006836,100,120,0.33,0.007,0.2,0.08,0.003,9,135,60,15,VALID,NONE,8fed8342ad8e
EXP-PHASE-V-DHARMAPURI-P5-S1000,dharmapuri,2a4109850ec5,52ee6e30616f,5,1000,1024,AER_SIMULATOR,IDEAL_SIMULATION,COBYLA,gamma_5_beta_5,opt_gamma_5_opt_beta_5,"{""100110000110110"": 7, ""000000000000000"": 1017}",100110000110110,"[""STR-001"", ""STR-002"", ""STR-003"", ""STR-004"", ""STR-005""]",1.6861,1.6861,1.75,0.0365,0.9635,True,0,1.0,0.006836,125,150,0.41,0.007,0.25,0.1,0.003,11,165,75,15,VALID,NONE,1710e3c6ef6d
EXP-PHASE-V-DHARMAPURI-P5-S1001,dharmapuri,2a4109850ec5,52ee6e30616f,5,1001,1024,AER_SIMULATOR,IDEAL_SIMULATION,COBYLA,gamma_5_beta_5,opt_gamma_5_opt_beta_5,"{""100110000110110"": 7, ""000000000000000"": 1017}",100110000110110,"[""STR-001"", ""STR-002"", ""STR-003"", ""STR-004"", ""STR-005""]",1.6861,1.6861,1.75,0.0365,0.9635,True,0,1.0,0.006836,125,150,0.41,0.007,0.25,0.1,0.003,11,165,75,15,VALID,NONE,ebe07e3aee6e
EXP-PHASE-V-DHARMAPURI-P5-S1002,dharmapuri,2a4109850ec5,52ee6e30616f,5,1002,1024,AER_SIMULATOR,IDEAL_SIMULATION,COBYLA,gamma_5_beta_5,opt_gamma_5_opt_beta_5,"{""100110000110110"": 7, ""000000000000000"": 1017}",100110000110110,"[""STR-001"", ""STR-002"", ""STR-003"", ""STR-004"", ""STR-005""]",1.6861,1.6861,1.75,0.0365,0.9635,True,0,1.0,0.006836,125,150,0.41,0.007,0.25,0.1,0.003,11,165,75,15,VALID,NONE,62a674e38145
EXP-PHASE-V-DHARMAPURI-P5-S1003,dharmapuri,2a4109850ec5,52ee6e30616f,5,1003,1024,AER_SIMULATOR,IDEAL_SIMULATION,COBYLA,gamma_5_beta_5,opt_gamma_5_opt_beta_5,"{""100110000110110"": 7, ""000000000000000"": 1017}",100110000110110,"[""STR-001"", ""STR-002"", ""STR-003"", ""STR-004"", ""STR-005""]",1.6861,1.6861,1.75,0.0365,0.9635,True,0,1.0,0.006836,125,150,0.41,0.007,0.25,0.1,0.003,11,165,75,15,VALID,NONE,7ca228bb7b11
EXP-PHASE-V-DHARMAPURI-P5-S1004,dharmapuri,2a4109850ec5,52ee6e30616f,5,1004,1024,AER_SIMULATOR,IDEAL_SIMULATION,COBYLA,gamma_5_beta_5,opt_gamma_5_opt_beta_5,"{""100110000110110"": 7, ""000000000000000"": 1017}",100110000110110,"[""STR-001"", ""STR-002"", ""STR-003"", ""STR-004"", ""STR-005""]",1.6861,1.6861,1.75,0.0365,0.9635,True,0,1.0,0.006836,125,150,0.41,0.007,0.25,0.1,0.003,11,165,75,15,VALID,NONE,d1c82665eae8
EXP-PHASE-V-DHARMAPURI-P5-S1005,dharmapuri,2a4109850ec5,52ee6e30616f,5,1005,1024,AER_SIMULATOR,IDEAL_SIMULATION,COBYLA,gamma_5_beta_5,opt_gamma_5_opt_beta_5,"{""100110000110110"": 7, ""000000000000000"": 1017}",100110000110110,"[""STR-001"", ""STR-002"", ""STR-003"", ""STR-004"", ""STR-005""]",1.6861,1.6861,1.75,0.0365,0.9635,True,0,1.0,0.006836,125,150,0.41,0.007,0.25,0.1,0.003,11,165,75,15,VALID,NONE,35b86ed6b7a8
EXP-PHASE-V-DHARMAPURI-P5-S1006,dharmapuri,2a4109850ec5,52ee6e30616f,5,1006,1024,AER_SIMULATOR,IDEAL_SIMULATION,COBYLA,gamma_5_beta_5,opt_gamma_5_opt_beta_5,"{""100110000110110"": 7, ""000000000000000"": 1017}",100110000110110,"[""STR-001"", ""STR-002"", ""STR-003"", ""STR-004"", ""STR-005""]",1.6861,1.6861,1.75,0.0365,0.9635,True,0,1.0,0.006836,125,150,0.41,0.007,0.25,0.1,0.003,11,165,75,15,VALID,NONE,e6f790162715
EXP-PHASE-V-DHARMAPURI-P5-S1007,dharmapuri,2a4109850ec5,52ee6e30616f,5,1007,1024,AER_SIMULATOR,IDEAL_SIMULATION,COBYLA,gamma_5_beta_5,opt_gamma_5_opt_beta_5,"{""100110000110110"": 7, ""000000000000000"": 1017}",100110000110110,"[""STR-001"", ""STR-002"", ""STR-003"", ""STR-004"", ""STR-005""]",1.6861,1.6861,1.75,0.0365,0.9635,True,0,1.0,0.006836,125,150,0.41,0.007,0.25,0.1,0.003,11,165,75,15,VALID,NONE,27a601a0789e
EXP-PHASE-V-DHARMAPURI-P5-S1008,dharmapuri,2a4109850ec5,52ee6e30616f,5,1008,1024,AER_SIMULATOR,IDEAL_SIMULATION,COBYLA,gamma_5_beta_5,opt_gamma_5_opt_beta_5,"{""100110000110110"": 7, ""000000000000000"": 1017}",100110000110110,"[""STR-001"", ""STR-002"", ""STR-003"", ""STR-004"", ""STR-005""]",1.6861,1.6861,1.75,0.0365,0.9635,True,0,1.0,0.006836,125,150,0.41,0.007,0.25,0.1,0.003,11,165,75,15,VALID,NONE,221e2b35210a
EXP-PHASE-V-DHARMAPURI-P5-S1009,dharmapuri,2a4109850ec5,52ee6e30616f,5,1009,1024,AER_SIMULATOR,IDEAL_SIMULATION,COBYLA,gamma_5_beta_5,opt_gamma_5_opt_beta_5,"{""100110000110110"": 7, ""000000000000000"": 1017}",100110000110110,"[""STR-001"", ""STR-002"", ""STR-003"", ""STR-004"", ""STR-005""]",1.6861,1.6861,1.75,0.0365,0.9635,True,0,1.0,0.006836,125,150,0.41,0.007,0.25,0.1,0.003,11,165,75,15,VALID,NONE,5f0e64244c99
EXP-PHASE-V-DINDIGUL-P1-S1000,dindigul,e63081848797,fab97d8afbec,1,1000,1024,AER_SIMULATOR,IDEAL_SIMULATION,COBYLA,gamma_1_beta_1,opt_gamma_1_opt_beta_1,"{""100110000110110"": 3, ""000000000000000"": 1017}",100110000110110,"[""STR-001"", ""STR-002"", ""STR-003"", ""STR-004"", ""STR-005""]",1.6021,1.6021,1.75,0.0845,0.9155,True,0,1.0,0.003906,25,30,0.09,0.007,0.05,0.02,0.003,3,45,15,15,VALID,NONE,765e0400ba59
EXP-PHASE-V-DINDIGUL-P1-S1001,dindigul,e63081848797,fab97d8afbec,1,1001,1024,AER_SIMULATOR,IDEAL_SIMULATION,COBYLA,gamma_1_beta_1,opt_gamma_1_opt_beta_1,"{""100110000110110"": 3, ""000000000000000"": 1017}",100110000110110,"[""STR-001"", ""STR-002"", ""STR-003"", ""STR-004"", ""STR-005""]",1.6021,1.6021,1.75,0.0845,0.9155,True,0,1.0,0.003906,25,30,0.09,0.007,0.05,0.02,0.003,3,45,15,15,VALID,NONE,f802672620fa
EXP-PHASE-V-DINDIGUL-P1-S1002,dindigul,e63081848797,fab97d8afbec,1,1002,1024,AER_SIMULATOR,IDEAL_SIMULATION,COBYLA,gamma_1_beta_1,opt_gamma_1_opt_beta_1,"{""100110000110110"": 3, ""000000000000000"": 1017}",100110000110110,"[""STR-001"", ""STR-002"", ""STR-003"", ""STR-004"", ""STR-005""]",1.6021,1.6021,1.75,0.0845,0.9155,True,0,1.0,0.003906,25,30,0.09,0.007,0.05,0.02,0.003,3,45,15,15,VALID,NONE,c1e8f0a05357
EXP-PHASE-V-DINDIGUL-P1-S1003,dindigul,e63081848797,fab97d8afbec,1,1003,1024,AER_SIMULATOR,IDEAL_SIMULATION,COBYLA,gamma_1_beta_1,opt_gamma_1_opt_beta_1,"{""100110000110110"": 3, ""000000000000000"": 1017}",100110000110110,"[""STR-001"", ""STR-002"", ""STR-003"", ""STR-004"", ""STR-005""]",1.6021,1.6021,1.75,0.0845,0.9155,True,0,1.0,0.003906,25,30,0.09,0.007,0.05,0.02,0.003,3,45,15,15,VALID,NONE,51f2ce8da426
EXP-PHASE-V-DINDIGUL-P1-S1004,dindigul,e63081848797,fab97d8afbec,1,1004,1024,AER_SIMULATOR,IDEAL_SIMULATION,COBYLA,gamma_1_beta_1,opt_gamma_1_opt_beta_1,"{""100110000110110"": 3, ""000000000000000"": 1017}",100110000110110,"[""STR-001"", ""STR-002"", ""STR-003"", ""STR-004"", ""STR-005""]",1.6021,1.6021,1.75,0.0845,0.9155,True,0,1.0,0.003906,25,30,0.09,0.007,0.05,0.02,0.003,3,45,15,15,VALID,NONE,2a86fe41da3f
EXP-PHASE-V-DINDIGUL-P1-S1005,dindigul,e63081848797,fab97d8afbec,1,1005,1024,AER_SIMULATOR,IDEAL_SIMULATION,COBYLA,gamma_1_beta_1,opt_gamma_1_opt_beta_1,"{""100110000110110"": 3, ""000000000000000"": 1017}",100110000110110,"[""STR-001"", ""STR-002"", ""STR-003"", ""STR-004"", ""STR-005""]",1.6021,1.6021,1.75,0.0845,0.9155,True,0,1.0,0.003906,25,30,0.09,0.007,0.05,0.02,0.003,3,45,15,15,VALID,NONE,52ae3f26817a
EXP-PHASE-V-DINDIGUL-P1-S1006,dindigul,e63081848797,fab97d8afbec,1,1006,1024,AER_SIMULATOR,IDEAL_SIMULATION,COBYLA,gamma_1_beta_1,opt_gamma_1_opt_beta_1,"{""100110000110110"": 3, ""000000000000000"": 1017}",100110000110110,"[""STR-001"", ""STR-002"", ""STR-003"", ""STR-004"", ""STR-005""]",1.6021,1.6021,1.75,0.0845,0.9155,True,0,1.0,0.003906,25,30,0.09,0.007,0.05,0.02,0.003,3,45,15,15,VALID,NONE,db807bb3bfde
EXP-PHASE-V-DINDIGUL-P1-S1007,dindigul,e63081848797,fab97d8afbec,1,1007,1024,AER_SIMULATOR,IDEAL_SIMULATION,COBYLA,gamma_1_beta_1,opt_gamma_1_opt_beta_1,"{""100110000110110"": 3, ""000000000000000"": 1017}",100110000110110,"[""STR-001"", ""STR-002"", ""STR-003"", ""STR-004"", ""STR-005""]",1.6021,1.6021,1.75,0.0845,0.9155,True,0,1.0,0.003906,25,30,0.09,0.007,0.05,0.02,0.003,3,45,15,15,VALID,NONE,15d104eb71fc
EXP-PHASE-V-DINDIGUL-P1-S1008,dindigul,e63081848797,fab97d8afbec,1,1008,1024,AER_SIMULATOR,IDEAL_SIMULATION,COBYLA,gamma_1_beta_1,opt_gamma_1_opt_beta_1,"{""100110000110110"": 3, ""000000000000000"": 1017}",100110000110110,"[""STR-001"", ""STR-002"", ""STR-003"", ""STR-004"", ""STR-005""]",1.6021,1.6021,1.75,0.0845,0.9155,True,0,1.0,0.003906,25,30,0.09,0.007,0.05,0.02,0.003,3,45,15,15,VALID,NONE,1748a417c5ed
EXP-PHASE-V-DINDIGUL-P1-S1009,dindigul,e63081848797,fab97d8afbec,1,1009,1024,AER_SIMULATOR,IDEAL_SIMULATION,COBYLA,gamma_1_beta_1,opt_gamma_1_opt_beta_1,"{""100110000110110"": 3, ""000000000000000"": 1017}",100110000110110,"[""STR-001"", ""STR-002"", ""STR-003"", ""STR-004"", ""STR-005""]",1.6021,1.6021,1.75,0.0845,0.9155,True,0,1.0,0.003906,25,30,0.09,0.007,0.05,0.02,0.003,3,45,15,15,VALID,NONE,f0ddd4a1068d
EXP-PHASE-V-DINDIGUL-P2-S1000,dindigul,e63081848797,fab97d8afbec,2,1000,1024,AER_SIMULATOR,IDEAL_SIMULATION,COBYLA,gamma_2_beta_2,opt_gamma_2_opt_beta_2,"{""100110000110110"": 7, ""000000000000000"": 1017}",100110000110110,"[""STR-001"", ""STR-002"", ""STR-003"", ""STR-004"", ""STR-005""]",1.62,1.62,1.75,0.0743,0.9257,True,0,1.0,0.006836,50,60,0.17,0.007,0.1,0.04,0.003,5,75,30,15,VALID,NONE,a257f1a9a048
EXP-PHASE-V-DINDIGUL-P2-S1001,dindigul,e63081848797,fab97d8afbec,2,1001,1024,AER_SIMULATOR,IDEAL_SIMULATION,COBYLA,gamma_2_beta_2,opt_gamma_2_opt_beta_2,"{""100110000110110"": 7, ""000000000000000"": 1017}",100110000110110,"[""STR-001"", ""STR-002"", ""STR-003"", ""STR-004"", ""STR-005""]",1.5,1.5,1.75,0.1429,0.8571,True,0,1.0,0.0,50,60,0.17,0.007,0.1,0.04,0.003,5,75,30,15,VALID,NONE,9df8e3a10f90
EXP-PHASE-V-DINDIGUL-P2-S1002,dindigul,e63081848797,fab97d8afbec,2,1002,1024,AER_SIMULATOR,IDEAL_SIMULATION,COBYLA,gamma_2_beta_2,opt_gamma_2_opt_beta_2,"{""100110000110110"": 7, ""000000000000000"": 1017}",100110000110110,"[""STR-001"", ""STR-002"", ""STR-003"", ""STR-004"", ""STR-005""]",1.62,1.62,1.75,0.0743,0.9257,True,0,1.0,0.006836,50,60,0.17,0.007,0.1,0.04,0.003,5,75,30,15,VALID,NONE,f3cf9a591ac0
EXP-PHASE-V-DINDIGUL-P2-S1003,dindigul,e63081848797,fab97d8afbec,2,1003,1024,AER_SIMULATOR,IDEAL_SIMULATION,COBYLA,gamma_2_beta_2,opt_gamma_2_opt_beta_2,"{""100110000110110"": 7, ""000000000000000"": 1017}",100110000110110,"[""STR-001"", ""STR-002"", ""STR-003"", ""STR-004"", ""STR-005""]",1.5,1.5,1.75,0.1429,0.8571,True,0,1.0,0.0,50,60,0.17,0.007,0.1,0.04,0.003,5,75,30,15,VALID,NONE,10e14e81c7a4
EXP-PHASE-V-DINDIGUL-P2-S1004,dindigul,e63081848797,fab97d8afbec,2,1004,1024,AER_SIMULATOR,IDEAL_SIMULATION,COBYLA,gamma_2_beta_2,opt_gamma_2_opt_beta_2,"{""100110000110110"": 7, ""000000000000000"": 1017}",100110000110110,"[""STR-001"", ""STR-002"", ""STR-003"", ""STR-004"", ""STR-005""]",1.62,1.62,1.75,0.0743,0.9257,True,0,1.0,0.006836,50,60,0.17,0.007,0.1,0.04,0.003,5,75,30,15,VALID,NONE,dcc6e6098eb8
EXP-PHASE-V-DINDIGUL-P2-S1005,dindigul,e63081848797,fab97d8afbec,2,1005,1024,AER_SIMULATOR,IDEAL_SIMULATION,COBYLA,gamma_2_beta_2,opt_gamma_2_opt_beta_2,"{""100110000110110"": 7, ""000000000000000"": 1017}",100110000110110,"[""STR-001"", ""STR-002"", ""STR-003"", ""STR-004"", ""STR-005""]",1.6231,1.6231,1.75,0.0725,0.9275,True,0,1.0,0.006836,50,60,0.17,0.007,0.1,0.04,0.003,5,75,30,15,VALID,NONE,c19008f74751
EXP-PHASE-V-DINDIGUL-P2-S1006,dindigul,e63081848797,fab97d8afbec,2,1006,1024,AER_SIMULATOR,IDEAL_SIMULATION,COBYLA,gamma_2_beta_2,opt_gamma_2_opt_beta_2,"{""100110000110110"": 7, ""000000000000000"": 1017}",100110000110110,"[""STR-001"", ""STR-002"", ""STR-003"", ""STR-004"", ""STR-005""]",1.6231,1.6231,1.75,0.0725,0.9275,True,0,1.0,0.006836,50,60,0.17,0.007,0.1,0.04,0.003,5,75,30,15,VALID,NONE,6d214d7d26be
EXP-PHASE-V-DINDIGUL-P2-S1007,dindigul,e63081848797,fab97d8afbec,2,1007,1024,AER_SIMULATOR,IDEAL_SIMULATION,COBYLA,gamma_2_beta_2,opt_gamma_2_opt_beta_2,"{""100110000110110"": 7, ""000000000000000"": 1017}",100110000110110,"[""STR-001"", ""STR-002"", ""STR-003"", ""STR-004"", ""STR-005""]",1.6231,1.6231,1.75,0.0725,0.9275,True,0,1.0,0.006836,50,60,0.17,0.007,0.1,0.04,0.003,5,75,30,15,VALID,NONE,9662768b5837
EXP-PHASE-V-DINDIGUL-P2-S1008,dindigul,e63081848797,fab97d8afbec,2,1008,1024,AER_SIMULATOR,IDEAL_SIMULATION,COBYLA,gamma_2_beta_2,opt_gamma_2_opt_beta_2,"{""100110000110110"": 7, ""000000000000000"": 1017}",100110000110110,"[""STR-001"", ""STR-002"", ""STR-003"", ""STR-004"", ""STR-005""]",1.6231,1.6231,1.75,0.0725,0.9275,True,0,1.0,0.006836,50,60,0.17,0.007,0.1,0.04,0.003,5,75,30,15,VALID,NONE,5a287fe23c19
EXP-PHASE-V-DINDIGUL-P2-S1009,dindigul,e63081848797,fab97d8afbec,2,1009,1024,AER_SIMULATOR,IDEAL_SIMULATION,COBYLA,gamma_2_beta_2,opt_gamma_2_opt_beta_2,"{""100110000110110"": 7, ""000000000000000"": 1017}",100110000110110,"[""STR-001"", ""STR-002"", ""STR-003"", ""STR-004"", ""STR-005""]",1.6231,1.6231,1.75,0.0725,0.9275,True,0,1.0,0.006836,50,60,0.17,0.007,0.1,0.04,0.003,5,75,30,15,VALID,NONE,7443b622a554
EXP-PHASE-V-DINDIGUL-P3-S1000,dindigul,e63081848797,fab97d8afbec,3,1000,1024,AER_SIMULATOR,IDEAL_SIMULATION,COBYLA,gamma_3_beta_3,opt_gamma_3_opt_beta_3,"{""100110000110110"": 7, ""000000000000000"": 1017}",100110000110110,"[""STR-001"", ""STR-002"", ""STR-003"", ""STR-004"", ""STR-005""]",1.6441,1.6441,1.75,0.0605,0.9395,True,0,1.0,0.006836,75,90,0.25,0.007,0.15000000000000002,0.06,0.003,7,105,45,15,VALID,NONE,9cd04d976789
EXP-PHASE-V-DINDIGUL-P3-S1001,dindigul,e63081848797,fab97d8afbec,3,1001,1024,AER_SIMULATOR,IDEAL_SIMULATION,COBYLA,gamma_3_beta_3,opt_gamma_3_opt_beta_3,"{""100110000110110"": 7, ""000000000000000"": 1017}",100110000110110,"[""STR-001"", ""STR-002"", ""STR-003"", ""STR-004"", ""STR-005""]",1.6441,1.6441,1.75,0.0605,0.9395,True,0,1.0,0.006836,75,90,0.25,0.007,0.15000000000000002,0.06,0.003,7,105,45,15,VALID,NONE,03eb45c190a8
EXP-PHASE-V-DINDIGUL-P3-S1002,dindigul,e63081848797,fab97d8afbec,3,1002,1024,AER_SIMULATOR,IDEAL_SIMULATION,COBYLA,gamma_3_beta_3,opt_gamma_3_opt_beta_3,"{""100110000110110"": 7, ""000000000000000"": 1017}",100110000110110,"[""STR-001"", ""STR-002"", ""STR-003"", ""STR-004"", ""STR-005""]",1.6441,1.6441,1.75,0.0605,0.9395,True,0,1.0,0.006836,75,90,0.25,0.007,0.15000000000000002,0.06,0.003,7,105,45,15,VALID,NONE,9d1c3daff01b
EXP-PHASE-V-DINDIGUL-P3-S1003,dindigul,e63081848797,fab97d8afbec,3,1003,1024,AER_SIMULATOR,IDEAL_SIMULATION,COBYLA,gamma_3_beta_3,opt_gamma_3_opt_beta_3,"{""100110000110110"": 7, ""000000000000000"": 1017}",100110000110110,"[""STR-001"", ""STR-002"", ""STR-003"", ""STR-004"", ""STR-005""]",1.6441,1.6441,1.75,0.0605,0.9395,True,0,1.0,0.006836,75,90,0.25,0.007,0.15000000000000002,0.06,0.003,7,105,45,15,VALID,NONE,cca48e3fef52
EXP-PHASE-V-DINDIGUL-P3-S1004,dindigul,e63081848797,fab97d8afbec,3,1004,1024,AER_SIMULATOR,IDEAL_SIMULATION,COBYLA,gamma_3_beta_3,opt_gamma_3_opt_beta_3,"{""100110000110110"": 7, ""000000000000000"": 1017}",100110000110110,"[""STR-001"", ""STR-002"", ""STR-003"", ""STR-004"", ""STR-005""]",1.6441,1.6441,1.75,0.0605,0.9395,True,0,1.0,0.006836,75,90,0.25,0.007,0.15000000000000002,0.06,0.003,7,105,45,15,VALID,NONE,8aa2d8467eb9
EXP-PHASE-V-DINDIGUL-P3-S1005,dindigul,e63081848797,fab97d8afbec,3,1005,1024,AER_SIMULATOR,IDEAL_SIMULATION,COBYLA,gamma_3_beta_3,opt_gamma_3_opt_beta_3,"{""100110000110110"": 7, ""000000000000000"": 1017}",100110000110110,"[""STR-001"", ""STR-002"", ""STR-003"", ""STR-004"", ""STR-005""]",1.6441,1.6441,1.75,0.0605,0.9395,True,0,1.0,0.006836,75,90,0.25,0.007,0.15000000000000002,0.06,0.003,7,105,45,15,VALID,NONE,fd3d90c6585a
EXP-PHASE-V-DINDIGUL-P3-S1006,dindigul,e63081848797,fab97d8afbec,3,1006,1024,AER_SIMULATOR,IDEAL_SIMULATION,COBYLA,gamma_3_beta_3,opt_gamma_3_opt_beta_3,"{""100110000110110"": 7, ""000000000000000"": 1017}",100110000110110,"[""STR-001"", ""STR-002"", ""STR-003"", ""STR-004"", ""STR-005""]",1.6441,1.6441,1.75,0.0605,0.9395,True,0,1.0,0.006836,75,90,0.25,0.007,0.15000000000000002,0.06,0.003,7,105,45,15,VALID,NONE,104fb6252f24
EXP-PHASE-V-DINDIGUL-P3-S1007,dindigul,e63081848797,fab97d8afbec,3,1007,1024,AER_SIMULATOR,IDEAL_SIMULATION,COBYLA,gamma_3_beta_3,opt_gamma_3_opt_beta_3,"{""100110000110110"": 7, ""000000000000000"": 1017}",100110000110110,"[""STR-001"", ""STR-002"", ""STR-003"", ""STR-004"", ""STR-005""]",1.6441,1.6441,1.75,0.0605,0.9395,True,0,1.0,0.006836,75,90,0.25,0.007,0.15000000000000002,0.06,0.003,7,105,45,15,VALID,NONE,06d0427a11ed
EXP-PHASE-V-DINDIGUL-P3-S1008,dindigul,e63081848797,fab97d8afbec,3,1008,1024,AER_SIMULATOR,IDEAL_SIMULATION,COBYLA,gamma_3_beta_3,opt_gamma_3_opt_beta_3,"{""100110000110110"": 7, ""000000000000000"": 1017}",100110000110110,"[""STR-001"", ""STR-002"", ""STR-003"", ""STR-004"", ""STR-005""]",1.6441,1.6441,1.75,0.0605,0.9395,True,0,1.0,0.006836,75,90,0.25,0.007,0.15000000000000002,0.06,0.003,7,105,45,15,VALID,NONE,74ff7243d869
EXP-PHASE-V-DINDIGUL-P3-S1009,dindigul,e63081848797,fab97d8afbec,3,1009,1024,AER_SIMULATOR,IDEAL_SIMULATION,COBYLA,gamma_3_beta_3,opt_gamma_3_opt_beta_3,"{""100110000110110"": 7, ""000000000000000"": 1017}",100110000110110,"[""STR-001"", ""STR-002"", ""STR-003"", ""STR-004"", ""STR-005""]",1.6441,1.6441,1.75,0.0605,0.9395,True,0,1.0,0.006836,75,90,0.25,0.007,0.15000000000000002,0.06,0.003,7,105,45,15,VALID,NONE,fdae83ab56b9
EXP-PHASE-V-DINDIGUL-P4-S1000,dindigul,e63081848797,fab97d8afbec,4,1000,1024,AER_SIMULATOR,IDEAL_SIMULATION,COBYLA,gamma_4_beta_4,opt_gamma_4_opt_beta_4,"{""100110000110110"": 7, ""000000000000000"": 1017}",100110000110110,"[""STR-001"", ""STR-002"", ""STR-003"", ""STR-004"", ""STR-005""]",1.6651,1.6651,1.75,0.0485,0.9515,True,0,1.0,0.006836,100,120,0.33,0.007,0.2,0.08,0.003,9,135,60,15,VALID,NONE,0ae6e2d7ffbe
EXP-PHASE-V-DINDIGUL-P4-S1001,dindigul,e63081848797,fab97d8afbec,4,1001,1024,AER_SIMULATOR,IDEAL_SIMULATION,COBYLA,gamma_4_beta_4,opt_gamma_4_opt_beta_4,"{""100110000110110"": 7, ""000000000000000"": 1017}",100110000110110,"[""STR-001"", ""STR-002"", ""STR-003"", ""STR-004"", ""STR-005""]",1.6651,1.6651,1.75,0.0485,0.9515,True,0,1.0,0.006836,100,120,0.33,0.007,0.2,0.08,0.003,9,135,60,15,VALID,NONE,87a29e7518a8
EXP-PHASE-V-DINDIGUL-P4-S1002,dindigul,e63081848797,fab97d8afbec,4,1002,1024,AER_SIMULATOR,IDEAL_SIMULATION,COBYLA,gamma_4_beta_4,opt_gamma_4_opt_beta_4,"{""100110000110110"": 7, ""000000000000000"": 1017}",100110000110110,"[""STR-001"", ""STR-002"", ""STR-003"", ""STR-004"", ""STR-005""]",1.6651,1.6651,1.75,0.0485,0.9515,True,0,1.0,0.006836,100,120,0.33,0.007,0.2,0.08,0.003,9,135,60,15,VALID,NONE,9478f9609236
EXP-PHASE-V-DINDIGUL-P4-S1003,dindigul,e63081848797,fab97d8afbec,4,1003,1024,AER_SIMULATOR,IDEAL_SIMULATION,COBYLA,gamma_4_beta_4,opt_gamma_4_opt_beta_4,"{""100110000110110"": 7, ""000000000000000"": 1017}",100110000110110,"[""STR-001"", ""STR-002"", ""STR-003"", ""STR-004"", ""STR-005""]",1.6651,1.6651,1.75,0.0485,0.9515,True,0,1.0,0.006836,100,120,0.33,0.007,0.2,0.08,0.003,9,135,60,15,VALID,NONE,c87d88e412d7
EXP-PHASE-V-DINDIGUL-P4-S1004,dindigul,e63081848797,fab97d8afbec,4,1004,1024,AER_SIMULATOR,IDEAL_SIMULATION,COBYLA,gamma_4_beta_4,opt_gamma_4_opt_beta_4,"{""100110000110110"": 7, ""000000000000000"": 1017}",100110000110110,"[""STR-001"", ""STR-002"", ""STR-003"", ""STR-004"", ""STR-005""]",1.6651,1.6651,1.75,0.0485,0.9515,True,0,1.0,0.006836,100,120,0.33,0.007,0.2,0.08,0.003,9,135,60,15,VALID,NONE,91c291445b28
EXP-PHASE-V-DINDIGUL-P4-S1005,dindigul,e63081848797,fab97d8afbec,4,1005,1024,AER_SIMULATOR,IDEAL_SIMULATION,COBYLA,gamma_4_beta_4,opt_gamma_4_opt_beta_4,"{""100110000110110"": 7, ""000000000000000"": 1017}",100110000110110,"[""STR-001"", ""STR-002"", ""STR-003"", ""STR-004"", ""STR-005""]",1.6651,1.6651,1.75,0.0485,0.9515,True,0,1.0,0.006836,100,120,0.33,0.007,0.2,0.08,0.003,9,135,60,15,VALID,NONE,8b4db38adc6c
EXP-PHASE-V-DINDIGUL-P4-S1006,dindigul,e63081848797,fab97d8afbec,4,1006,1024,AER_SIMULATOR,IDEAL_SIMULATION,COBYLA,gamma_4_beta_4,opt_gamma_4_opt_beta_4,"{""100110000110110"": 7, ""000000000000000"": 1017}",100110000110110,"[""STR-001"", ""STR-002"", ""STR-003"", ""STR-004"", ""STR-005""]",1.6651,1.6651,1.75,0.0485,0.9515,True,0,1.0,0.006836,100,120,0.33,0.007,0.2,0.08,0.003,9,135,60,15,VALID,NONE,eb51820dab40
EXP-PHASE-V-DINDIGUL-P4-S1007,dindigul,e63081848797,fab97d8afbec,4,1007,1024,AER_SIMULATOR,IDEAL_SIMULATION,COBYLA,gamma_4_beta_4,opt_gamma_4_opt_beta_4,"{""100110000110110"": 7, ""000000000000000"": 1017}",100110000110110,"[""STR-001"", ""STR-002"", ""STR-003"", ""STR-004"", ""STR-005""]",1.6651,1.6651,1.75,0.0485,0.9515,True,0,1.0,0.006836,100,120,0.33,0.007,0.2,0.08,0.003,9,135,60,15,VALID,NONE,614b1d74c18c
EXP-PHASE-V-DINDIGUL-P4-S1008,dindigul,e63081848797,fab97d8afbec,4,1008,1024,AER_SIMULATOR,IDEAL_SIMULATION,COBYLA,gamma_4_beta_4,opt_gamma_4_opt_beta_4,"{""100110000110110"": 7, ""000000000000000"": 1017}",100110000110110,"[""STR-001"", ""STR-002"", ""STR-003"", ""STR-004"", ""STR-005""]",1.6651,1.6651,1.75,0.0485,0.9515,True,0,1.0,0.006836,100,120,0.33,0.007,0.2,0.08,0.003,9,135,60,15,VALID,NONE,182cb266dcd0
EXP-PHASE-V-DINDIGUL-P4-S1009,dindigul,e63081848797,fab97d8afbec,4,1009,1024,AER_SIMULATOR,IDEAL_SIMULATION,COBYLA,gamma_4_beta_4,opt_gamma_4_opt_beta_4,"{""100110000110110"": 7, ""000000000000000"": 1017}",100110000110110,"[""STR-001"", ""STR-002"", ""STR-003"", ""STR-004"", ""STR-005""]",1.6651,1.6651,1.75,0.0485,0.9515,True,0,1.0,0.006836,100,120,0.33,0.007,0.2,0.08,0.003,9,135,60,15,VALID,NONE,1d1673dfb9e7
EXP-PHASE-V-DINDIGUL-P5-S1000,dindigul,e63081848797,fab97d8afbec,5,1000,1024,AER_SIMULATOR,IDEAL_SIMULATION,COBYLA,gamma_5_beta_5,opt_gamma_5_opt_beta_5,"{""100110000110110"": 7, ""000000000000000"": 1017}",100110000110110,"[""STR-001"", ""STR-002"", ""STR-003"", ""STR-004"", ""STR-005""]",1.6861,1.6861,1.75,0.0365,0.9635,True,0,1.0,0.006836,125,150,0.41,0.007,0.25,0.1,0.003,11,165,75,15,VALID,NONE,d2c2a2101a99
EXP-PHASE-V-DINDIGUL-P5-S1001,dindigul,e63081848797,fab97d8afbec,5,1001,1024,AER_SIMULATOR,IDEAL_SIMULATION,COBYLA,gamma_5_beta_5,opt_gamma_5_opt_beta_5,"{""100110000110110"": 7, ""000000000000000"": 1017}",100110000110110,"[""STR-001"", ""STR-002"", ""STR-003"", ""STR-004"", ""STR-005""]",1.6861,1.6861,1.75,0.0365,0.9635,True,0,1.0,0.006836,125,150,0.41,0.007,0.25,0.1,0.003,11,165,75,15,VALID,NONE,0bbd87c33f77
EXP-PHASE-V-DINDIGUL-P5-S1002,dindigul,e63081848797,fab97d8afbec,5,1002,1024,AER_SIMULATOR,IDEAL_SIMULATION,COBYLA,gamma_5_beta_5,opt_gamma_5_opt_beta_5,"{""100110000110110"": 7, ""000000000000000"": 1017}",100110000110110,"[""STR-001"", ""STR-002"", ""STR-003"", ""STR-004"", ""STR-005""]",1.6861,1.6861,1.75,0.0365,0.9635,True,0,1.0,0.006836,125,150,0.41,0.007,0.25,0.1,0.003,11,165,75,15,VALID,NONE,d84e76408799
EXP-PHASE-V-DINDIGUL-P5-S1003,dindigul,e63081848797,fab97d8afbec,5,1003,1024,AER_SIMULATOR,IDEAL_SIMULATION,COBYLA,gamma_5_beta_5,opt_gamma_5_opt_beta_5,"{""100110000110110"": 7, ""000000000000000"": 1017}",100110000110110,"[""STR-001"", ""STR-002"", ""STR-003"", ""STR-004"", ""STR-005""]",1.6861,1.6861,1.75,0.0365,0.9635,True,0,1.0,0.006836,125,150,0.41,0.007,0.25,0.1,0.003,11,165,75,15,VALID,NONE,50b16a1a02c0
EXP-PHASE-V-DINDIGUL-P5-S1004,dindigul,e63081848797,fab97d8afbec,5,1004,1024,AER_SIMULATOR,IDEAL_SIMULATION,COBYLA,gamma_5_beta_5,opt_gamma_5_opt_beta_5,"{""100110000110110"": 7, ""000000000000000"": 1017}",100110000110110,"[""STR-001"", ""STR-002"", ""STR-003"", ""STR-004"", ""STR-005""]",1.6861,1.6861,1.75,0.0365,0.9635,True,0,1.0,0.006836,125,150,0.41,0.007,0.25,0.1,0.003,11,165,75,15,VALID,NONE,75896ff58aa0
EXP-PHASE-V-DINDIGUL-P5-S1005,dindigul,e63081848797,fab97d8afbec,5,1005,1024,AER_SIMULATOR,IDEAL_SIMULATION,COBYLA,gamma_5_beta_5,opt_gamma_5_opt_beta_5,"{""100110000110110"": 7, ""000000000000000"": 1017}",100110000110110,"[""STR-001"", ""STR-002"", ""STR-003"", ""STR-004"", ""STR-005""]",1.6861,1.6861,1.75,0.0365,0.9635,True,0,1.0,0.006836,125,150,0.41,0.007,0.25,0.1,0.003,11,165,75,15,VALID,NONE,6844d7b41182
EXP-PHASE-V-DINDIGUL-P5-S1006,dindigul,e63081848797,fab97d8afbec,5,1006,1024,AER_SIMULATOR,IDEAL_SIMULATION,COBYLA,gamma_5_beta_5,opt_gamma_5_opt_beta_5,"{""100110000110110"": 7, ""000000000000000"": 1017}",100110000110110,"[""STR-001"", ""STR-002"", ""STR-003"", ""STR-004"", ""STR-005""]",1.6861,1.6861,1.75,0.0365,0.9635,True,0,1.0,0.006836,125,150,0.41,0.007,0.25,0.1,0.003,11,165,75,15,VALID,NONE,3f802f4a548e
EXP-PHASE-V-DINDIGUL-P5-S1007,dindigul,e63081848797,fab97d8afbec,5,1007,1024,AER_SIMULATOR,IDEAL_SIMULATION,COBYLA,gamma_5_beta_5,opt_gamma_5_opt_beta_5,"{""100110000110110"": 7, ""000000000000000"": 1017}",100110000110110,"[""STR-001"", ""STR-002"", ""STR-003"", ""STR-004"", ""STR-005""]",1.6861,1.6861,1.75,0.0365,0.9635,True,0,1.0,0.006836,125,150,0.41,0.007,0.25,0.1,0.003,11,165,75,15,VALID,NONE,c03bfef1a06d
EXP-PHASE-V-DINDIGUL-P5-S1008,dindigul,e63081848797,fab97d8afbec,5,1008,1024,AER_SIMULATOR,IDEAL_SIMULATION,COBYLA,gamma_5_beta_5,opt_gamma_5_opt_beta_5,"{""100110000110110"": 7, ""000000000000000"": 1017}",100110000110110,"[""STR-001"", ""STR-002"", ""STR-003"", ""STR-004"", ""STR-005""]",1.6861,1.6861,1.75,0.0365,0.9635,True,0,1.0,0.006836,125,150,0.41,0.007,0.25,0.1,0.003,11,165,75,15,VALID,NONE,25bfcb180aba
EXP-PHASE-V-DINDIGUL-P5-S1009,dindigul,e63081848797,fab97d8afbec,5,1009,1024,AER_SIMULATOR,IDEAL_SIMULATION,COBYLA,gamma_5_beta_5,opt_gamma_5_opt_beta_5,"{""100110000110110"": 7, ""000000000000000"": 1017}",100110000110110,"[""STR-001"", ""STR-002"", ""STR-003"", ""STR-004"", ""STR-005""]",1.6861,1.6861,1.75,0.0365,0.9635,True,0,1.0,0.006836,125,150,0.41,0.007,0.25,0.1,0.003,11,165,75,15,VALID,NONE,7f296dbb6db1
EXP-PHASE-V-ERODE-P1-S1000,erode,aa34096deb67,bcd47e69dc54,1,1000,1024,AER_SIMULATOR,IDEAL_SIMULATION,COBYLA,gamma_1_beta_1,opt_gamma_1_opt_beta_1,"{""100110000110110"": 3, ""000000000000000"": 1017}",100110000110110,"[""STR-001"", ""STR-002"", ""STR-003"", ""STR-004"", ""STR-005""]",1.6021,1.6021,1.75,0.0845,0.9155,True,0,1.0,0.003906,25,30,0.09,0.007,0.05,0.02,0.003,3,45,15,15,VALID,NONE,4a878c2127ef
EXP-PHASE-V-ERODE-P1-S1001,erode,aa34096deb67,bcd47e69dc54,1,1001,1024,AER_SIMULATOR,IDEAL_SIMULATION,COBYLA,gamma_1_beta_1,opt_gamma_1_opt_beta_1,"{""100110000110110"": 3, ""000000000000000"": 1017}",100110000110110,"[""STR-001"", ""STR-002"", ""STR-003"", ""STR-004"", ""STR-005""]",1.6021,1.6021,1.75,0.0845,0.9155,True,0,1.0,0.003906,25,30,0.09,0.007,0.05,0.02,0.003,3,45,15,15,VALID,NONE,98b2dd6e0307
EXP-PHASE-V-ERODE-P1-S1002,erode,aa34096deb67,bcd47e69dc54,1,1002,1024,AER_SIMULATOR,IDEAL_SIMULATION,COBYLA,gamma_1_beta_1,opt_gamma_1_opt_beta_1,"{""100110000110110"": 3, ""000000000000000"": 1017}",100110000110110,"[""STR-001"", ""STR-002"", ""STR-003"", ""STR-004"", ""STR-005""]",1.6021,1.6021,1.75,0.0845,0.9155,True,0,1.0,0.003906,25,30,0.09,0.007,0.05,0.02,0.003,3,45,15,15,VALID,NONE,5c053b80db45
EXP-PHASE-V-ERODE-P1-S1003,erode,aa34096deb67,bcd47e69dc54,1,1003,1024,AER_SIMULATOR,IDEAL_SIMULATION,COBYLA,gamma_1_beta_1,opt_gamma_1_opt_beta_1,"{""100110000110110"": 3, ""000000000000000"": 1017}",100110000110110,"[""STR-001"", ""STR-002"", ""STR-003"", ""STR-004"", ""STR-005""]",1.6021,1.6021,1.75,0.0845,0.9155,True,0,1.0,0.003906,25,30,0.09,0.007,0.05,0.02,0.003,3,45,15,15,VALID,NONE,7e52be74536b
EXP-PHASE-V-ERODE-P1-S1004,erode,aa34096deb67,bcd47e69dc54,1,1004,1024,AER_SIMULATOR,IDEAL_SIMULATION,COBYLA,gamma_1_beta_1,opt_gamma_1_opt_beta_1,"{""100110000110110"": 3, ""000000000000000"": 1017}",100110000110110,"[""STR-001"", ""STR-002"", ""STR-003"", ""STR-004"", ""STR-005""]",1.6021,1.6021,1.75,0.0845,0.9155,True,0,1.0,0.003906,25,30,0.09,0.007,0.05,0.02,0.003,3,45,15,15,VALID,NONE,1053331ac74a
EXP-PHASE-V-ERODE-P1-S1005,erode,aa34096deb67,bcd47e69dc54,1,1005,1024,AER_SIMULATOR,IDEAL_SIMULATION,COBYLA,gamma_1_beta_1,opt_gamma_1_opt_beta_1,"{""100110000110110"": 3, ""000000000000000"": 1017}",100110000110110,"[""STR-001"", ""STR-002"", ""STR-003"", ""STR-004"", ""STR-005""]",1.6021,1.6021,1.75,0.0845,0.9155,True,0,1.0,0.003906,25,30,0.09,0.007,0.05,0.02,0.003,3,45,15,15,VALID,NONE,b3318d9f8e66
EXP-PHASE-V-ERODE-P1-S1006,erode,aa34096deb67,bcd47e69dc54,1,1006,1024,AER_SIMULATOR,IDEAL_SIMULATION,COBYLA,gamma_1_beta_1,opt_gamma_1_opt_beta_1,"{""100110000110110"": 3, ""000000000000000"": 1017}",100110000110110,"[""STR-001"", ""STR-002"", ""STR-003"", ""STR-004"", ""STR-005""]",1.6021,1.6021,1.75,0.0845,0.9155,True,0,1.0,0.003906,25,30,0.09,0.007,0.05,0.02,0.003,3,45,15,15,VALID,NONE,7b3142145604
EXP-PHASE-V-ERODE-P1-S1007,erode,aa34096deb67,bcd47e69dc54,1,1007,1024,AER_SIMULATOR,IDEAL_SIMULATION,COBYLA,gamma_1_beta_1,opt_gamma_1_opt_beta_1,"{""100110000110110"": 3, ""000000000000000"": 1017}",100110000110110,"[""STR-001"", ""STR-002"", ""STR-003"", ""STR-004"", ""STR-005""]",1.6021,1.6021,1.75,0.0845,0.9155,True,0,1.0,0.003906,25,30,0.09,0.007,0.05,0.02,0.003,3,45,15,15,VALID,NONE,782257cf1a11
EXP-PHASE-V-ERODE-P1-S1008,erode,aa34096deb67,bcd47e69dc54,1,1008,1024,AER_SIMULATOR,IDEAL_SIMULATION,COBYLA,gamma_1_beta_1,opt_gamma_1_opt_beta_1,"{""100110000110110"": 3, ""000000000000000"": 1017}",100110000110110,"[""STR-001"", ""STR-002"", ""STR-003"", ""STR-004"", ""STR-005""]",1.6021,1.6021,1.75,0.0845,0.9155,True,0,1.0,0.003906,25,30,0.09,0.007,0.05,0.02,0.003,3,45,15,15,VALID,NONE,3cdd3c711e3b
EXP-PHASE-V-ERODE-P1-S1009,erode,aa34096deb67,bcd47e69dc54,1,1009,1024,AER_SIMULATOR,IDEAL_SIMULATION,COBYLA,gamma_1_beta_1,opt_gamma_1_opt_beta_1,"{""100110000110110"": 3, ""000000000000000"": 1017}",100110000110110,"[""STR-001"", ""STR-002"", ""STR-003"", ""STR-004"", ""STR-005""]",1.6021,1.6021,1.75,0.0845,0.9155,True,0,1.0,0.003906,25,30,0.09,0.007,0.05,0.02,0.003,3,45,15,15,VALID,NONE,9da1895ac46c
EXP-PHASE-V-ERODE-P2-S1000,erode,aa34096deb67,bcd47e69dc54,2,1000,1024,AER_SIMULATOR,IDEAL_SIMULATION,COBYLA,gamma_2_beta_2,opt_gamma_2_opt_beta_2,"{""100110000110110"": 7, ""000000000000000"": 1017}",100110000110110,"[""STR-001"", ""STR-002"", ""STR-003"", ""STR-004"", ""STR-005""]",1.62,1.62,1.75,0.0743,0.9257,True,0,1.0,0.006836,50,60,0.17,0.007,0.1,0.04,0.003,5,75,30,15,VALID,NONE,e856e99712d1
EXP-PHASE-V-ERODE-P2-S1001,erode,aa34096deb67,bcd47e69dc54,2,1001,1024,AER_SIMULATOR,IDEAL_SIMULATION,COBYLA,gamma_2_beta_2,opt_gamma_2_opt_beta_2,"{""100110000110110"": 7, ""000000000000000"": 1017}",100110000110110,"[""STR-001"", ""STR-002"", ""STR-003"", ""STR-004"", ""STR-005""]",1.5,1.5,1.75,0.1429,0.8571,True,0,1.0,0.0,50,60,0.17,0.007,0.1,0.04,0.003,5,75,30,15,VALID,NONE,fe82ca6539d1
EXP-PHASE-V-ERODE-P2-S1002,erode,aa34096deb67,bcd47e69dc54,2,1002,1024,AER_SIMULATOR,IDEAL_SIMULATION,COBYLA,gamma_2_beta_2,opt_gamma_2_opt_beta_2,"{""100110000110110"": 7, ""000000000000000"": 1017}",100110000110110,"[""STR-001"", ""STR-002"", ""STR-003"", ""STR-004"", ""STR-005""]",1.62,1.62,1.75,0.0743,0.9257,True,0,1.0,0.006836,50,60,0.17,0.007,0.1,0.04,0.003,5,75,30,15,VALID,NONE,e2f08303cd5e
EXP-PHASE-V-ERODE-P2-S1003,erode,aa34096deb67,bcd47e69dc54,2,1003,1024,AER_SIMULATOR,IDEAL_SIMULATION,COBYLA,gamma_2_beta_2,opt_gamma_2_opt_beta_2,"{""100110000110110"": 7, ""000000000000000"": 1017}",100110000110110,"[""STR-001"", ""STR-002"", ""STR-003"", ""STR-004"", ""STR-005""]",1.5,1.5,1.75,0.1429,0.8571,True,0,1.0,0.0,50,60,0.17,0.007,0.1,0.04,0.003,5,75,30,15,VALID,NONE,ce48e7be1f62
EXP-PHASE-V-ERODE-P2-S1004,erode,aa34096deb67,bcd47e69dc54,2,1004,1024,AER_SIMULATOR,IDEAL_SIMULATION,COBYLA,gamma_2_beta_2,opt_gamma_2_opt_beta_2,"{""100110000110110"": 7, ""000000000000000"": 1017}",100110000110110,"[""STR-001"", ""STR-002"", ""STR-003"", ""STR-004"", ""STR-005""]",1.62,1.62,1.75,0.0743,0.9257,True,0,1.0,0.006836,50,60,0.17,0.007,0.1,0.04,0.003,5,75,30,15,VALID,NONE,b19c6c19564e
EXP-PHASE-V-ERODE-P2-S1005,erode,aa34096deb67,bcd47e69dc54,2,1005,1024,AER_SIMULATOR,IDEAL_SIMULATION,COBYLA,gamma_2_beta_2,opt_gamma_2_opt_beta_2,"{""100110000110110"": 7, ""000000000000000"": 1017}",100110000110110,"[""STR-001"", ""STR-002"", ""STR-003"", ""STR-004"", ""STR-005""]",1.6231,1.6231,1.75,0.0725,0.9275,True,0,1.0,0.006836,50,60,0.17,0.007,0.1,0.04,0.003,5,75,30,15,VALID,NONE,69d5e92b54fa
EXP-PHASE-V-ERODE-P2-S1006,erode,aa34096deb67,bcd47e69dc54,2,1006,1024,AER_SIMULATOR,IDEAL_SIMULATION,COBYLA,gamma_2_beta_2,opt_gamma_2_opt_beta_2,"{""100110000110110"": 7, ""000000000000000"": 1017}",100110000110110,"[""STR-001"", ""STR-002"", ""STR-003"", ""STR-004"", ""STR-005""]",1.6231,1.6231,1.75,0.0725,0.9275,True,0,1.0,0.006836,50,60,0.17,0.007,0.1,0.04,0.003,5,75,30,15,VALID,NONE,592dec6731bf
EXP-PHASE-V-ERODE-P2-S1007,erode,aa34096deb67,bcd47e69dc54,2,1007,1024,AER_SIMULATOR,IDEAL_SIMULATION,COBYLA,gamma_2_beta_2,opt_gamma_2_opt_beta_2,"{""100110000110110"": 7, ""000000000000000"": 1017}",100110000110110,"[""STR-001"", ""STR-002"", ""STR-003"", ""STR-004"", ""STR-005""]",1.6231,1.6231,1.75,0.0725,0.9275,True,0,1.0,0.006836,50,60,0.17,0.007,0.1,0.04,0.003,5,75,30,15,VALID,NONE,25dd1f8c8626
EXP-PHASE-V-ERODE-P2-S1008,erode,aa34096deb67,bcd47e69dc54,2,1008,1024,AER_SIMULATOR,IDEAL_SIMULATION,COBYLA,gamma_2_beta_2,opt_gamma_2_opt_beta_2,"{""100110000110110"": 7, ""000000000000000"": 1017}",100110000110110,"[""STR-001"", ""STR-002"", ""STR-003"", ""STR-004"", ""STR-005""]",1.6231,1.6231,1.75,0.0725,0.9275,True,0,1.0,0.006836,50,60,0.17,0.007,0.1,0.04,0.003,5,75,30,15,VALID,NONE,fb1ace999094
EXP-PHASE-V-ERODE-P2-S1009,erode,aa34096deb67,bcd47e69dc54,2,1009,1024,AER_SIMULATOR,IDEAL_SIMULATION,COBYLA,gamma_2_beta_2,opt_gamma_2_opt_beta_2,"{""100110000110110"": 7, ""000000000000000"": 1017}",100110000110110,"[""STR-001"", ""STR-002"", ""STR-003"", ""STR-004"", ""STR-005""]",1.6231,1.6231,1.75,0.0725,0.9275,True,0,1.0,0.006836,50,60,0.17,0.007,0.1,0.04,0.003,5,75,30,15,VALID,NONE,9c03e74df78a
EXP-PHASE-V-ERODE-P3-S1000,erode,aa34096deb67,bcd47e69dc54,3,1000,1024,AER_SIMULATOR,IDEAL_SIMULATION,COBYLA,gamma_3_beta_3,opt_gamma_3_opt_beta_3,"{""100110000110110"": 7, ""000000000000000"": 1017}",100110000110110,"[""STR-001"", ""STR-002"", ""STR-003"", ""STR-004"", ""STR-005""]",1.6441,1.6441,1.75,0.0605,0.9395,True,0,1.0,0.006836,75,90,0.25,0.007,0.15000000000000002,0.06,0.003,7,105,45,15,VALID,NONE,6afe5f72bdac
EXP-PHASE-V-ERODE-P3-S1001,erode,aa34096deb67,bcd47e69dc54,3,1001,1024,AER_SIMULATOR,IDEAL_SIMULATION,COBYLA,gamma_3_beta_3,opt_gamma_3_opt_beta_3,"{""100110000110110"": 7, ""000000000000000"": 1017}",100110000110110,"[""STR-001"", ""STR-002"", ""STR-003"", ""STR-004"", ""STR-005""]",1.6441,1.6441,1.75,0.0605,0.9395,True,0,1.0,0.006836,75,90,0.25,0.007,0.15000000000000002,0.06,0.003,7,105,45,15,VALID,NONE,2d5a21a47e3d
EXP-PHASE-V-ERODE-P3-S1002,erode,aa34096deb67,bcd47e69dc54,3,1002,1024,AER_SIMULATOR,IDEAL_SIMULATION,COBYLA,gamma_3_beta_3,opt_gamma_3_opt_beta_3,"{""100110000110110"": 7, ""000000000000000"": 1017}",100110000110110,"[""STR-001"", ""STR-002"", ""STR-003"", ""STR-004"", ""STR-005""]",1.6441,1.6441,1.75,0.0605,0.9395,True,0,1.0,0.006836,75,90,0.25,0.007,0.15000000000000002,0.06,0.003,7,105,45,15,VALID,NONE,6ca171738f02
EXP-PHASE-V-ERODE-P3-S1003,erode,aa34096deb67,bcd47e69dc54,3,1003,1024,AER_SIMULATOR,IDEAL_SIMULATION,COBYLA,gamma_3_beta_3,opt_gamma_3_opt_beta_3,"{""100110000110110"": 7, ""000000000000000"": 1017}",100110000110110,"[""STR-001"", ""STR-002"", ""STR-003"", ""STR-004"", ""STR-005""]",1.6441,1.6441,1.75,0.0605,0.9395,True,0,1.0,0.006836,75,90,0.25,0.007,0.15000000000000002,0.06,0.003,7,105,45,15,VALID,NONE,da55ad4bf7e1
EXP-PHASE-V-ERODE-P3-S1004,erode,aa34096deb67,bcd47e69dc54,3,1004,1024,AER_SIMULATOR,IDEAL_SIMULATION,COBYLA,gamma_3_beta_3,opt_gamma_3_opt_beta_3,"{""100110000110110"": 7, ""000000000000000"": 1017}",100110000110110,"[""STR-001"", ""STR-002"", ""STR-003"", ""STR-004"", ""STR-005""]",1.6441,1.6441,1.75,0.0605,0.9395,True,0,1.0,0.006836,75,90,0.25,0.007,0.15000000000000002,0.06,0.003,7,105,45,15,VALID,NONE,8ee67129ae63
EXP-PHASE-V-ERODE-P3-S1005,erode,aa34096deb67,bcd47e69dc54,3,1005,1024,AER_SIMULATOR,IDEAL_SIMULATION,COBYLA,gamma_3_beta_3,opt_gamma_3_opt_beta_3,"{""100110000110110"": 7, ""000000000000000"": 1017}",100110000110110,"[""STR-001"", ""STR-002"", ""STR-003"", ""STR-004"", ""STR-005""]",1.6441,1.6441,1.75,0.0605,0.9395,True,0,1.0,0.006836,75,90,0.25,0.007,0.15000000000000002,0.06,0.003,7,105,45,15,VALID,NONE,34326bc992cc
EXP-PHASE-V-ERODE-P3-S1006,erode,aa34096deb67,bcd47e69dc54,3,1006,1024,AER_SIMULATOR,IDEAL_SIMULATION,COBYLA,gamma_3_beta_3,opt_gamma_3_opt_beta_3,"{""100110000110110"": 7, ""000000000000000"": 1017}",100110000110110,"[""STR-001"", ""STR-002"", ""STR-003"", ""STR-004"", ""STR-005""]",1.6441,1.6441,1.75,0.0605,0.9395,True,0,1.0,0.006836,75,90,0.25,0.007,0.15000000000000002,0.06,0.003,7,105,45,15,VALID,NONE,39425a31a35e
EXP-PHASE-V-ERODE-P3-S1007,erode,aa34096deb67,bcd47e69dc54,3,1007,1024,AER_SIMULATOR,IDEAL_SIMULATION,COBYLA,gamma_3_beta_3,opt_gamma_3_opt_beta_3,"{""100110000110110"": 7, ""000000000000000"": 1017}",100110000110110,"[""STR-001"", ""STR-002"", ""STR-003"", ""STR-004"", ""STR-005""]",1.6441,1.6441,1.75,0.0605,0.9395,True,0,1.0,0.006836,75,90,0.25,0.007,0.15000000000000002,0.06,0.003,7,105,45,15,VALID,NONE,031a67185ca4
EXP-PHASE-V-ERODE-P3-S1008,erode,aa34096deb67,bcd47e69dc54,3,1008,1024,AER_SIMULATOR,IDEAL_SIMULATION,COBYLA,gamma_3_beta_3,opt_gamma_3_opt_beta_3,"{""100110000110110"": 7, ""000000000000000"": 1017}",100110000110110,"[""STR-001"", ""STR-002"", ""STR-003"", ""STR-004"", ""STR-005""]",1.6441,1.6441,1.75,0.0605,0.9395,True,0,1.0,0.006836,75,90,0.25,0.007,0.15000000000000002,0.06,0.003,7,105,45,15,VALID,NONE,7d0739869620
EXP-PHASE-V-ERODE-P3-S1009,erode,aa34096deb67,bcd47e69dc54,3,1009,1024,AER_SIMULATOR,IDEAL_SIMULATION,COBYLA,gamma_3_beta_3,opt_gamma_3_opt_beta_3,"{""100110000110110"": 7, ""000000000000000"": 1017}",100110000110110,"[""STR-001"", ""STR-002"", ""STR-003"", ""STR-004"", ""STR-005""]",1.6441,1.6441,1.75,0.0605,0.9395,True,0,1.0,0.006836,75,90,0.25,0.007,0.15000000000000002,0.06,0.003,7,105,45,15,VALID,NONE,c3918bdd6bf5
EXP-PHASE-V-ERODE-P4-S1000,erode,aa34096deb67,bcd47e69dc54,4,1000,1024,AER_SIMULATOR,IDEAL_SIMULATION,COBYLA,gamma_4_beta_4,opt_gamma_4_opt_beta_4,"{""100110000110110"": 7, ""000000000000000"": 1017}",100110000110110,"[""STR-001"", ""STR-002"", ""STR-003"", ""STR-004"", ""STR-005""]",1.6651,1.6651,1.75,0.0485,0.9515,True,0,1.0,0.006836,100,120,0.33,0.007,0.2,0.08,0.003,9,135,60,15,VALID,NONE,fd15ed84b627
EXP-PHASE-V-ERODE-P4-S1001,erode,aa34096deb67,bcd47e69dc54,4,1001,1024,AER_SIMULATOR,IDEAL_SIMULATION,COBYLA,gamma_4_beta_4,opt_gamma_4_opt_beta_4,"{""100110000110110"": 7, ""000000000000000"": 1017}",100110000110110,"[""STR-001"", ""STR-002"", ""STR-003"", ""STR-004"", ""STR-005""]",1.6651,1.6651,1.75,0.0485,0.9515,True,0,1.0,0.006836,100,120,0.33,0.007,0.2,0.08,0.003,9,135,60,15,VALID,NONE,073ea65e6b22
EXP-PHASE-V-ERODE-P4-S1002,erode,aa34096deb67,bcd47e69dc54,4,1002,1024,AER_SIMULATOR,IDEAL_SIMULATION,COBYLA,gamma_4_beta_4,opt_gamma_4_opt_beta_4,"{""100110000110110"": 7, ""000000000000000"": 1017}",100110000110110,"[""STR-001"", ""STR-002"", ""STR-003"", ""STR-004"", ""STR-005""]",1.6651,1.6651,1.75,0.0485,0.9515,True,0,1.0,0.006836,100,120,0.33,0.007,0.2,0.08,0.003,9,135,60,15,VALID,NONE,2c2b357c41e8
EXP-PHASE-V-ERODE-P4-S1003,erode,aa34096deb67,bcd47e69dc54,4,1003,1024,AER_SIMULATOR,IDEAL_SIMULATION,COBYLA,gamma_4_beta_4,opt_gamma_4_opt_beta_4,"{""100110000110110"": 7, ""000000000000000"": 1017}",100110000110110,"[""STR-001"", ""STR-002"", ""STR-003"", ""STR-004"", ""STR-005""]",1.6651,1.6651,1.75,0.0485,0.9515,True,0,1.0,0.006836,100,120,0.33,0.007,0.2,0.08,0.003,9,135,60,15,VALID,NONE,d03479ac8214
EXP-PHASE-V-ERODE-P4-S1004,erode,aa34096deb67,bcd47e69dc54,4,1004,1024,AER_SIMULATOR,IDEAL_SIMULATION,COBYLA,gamma_4_beta_4,opt_gamma_4_opt_beta_4,"{""100110000110110"": 7, ""000000000000000"": 1017}",100110000110110,"[""STR-001"", ""STR-002"", ""STR-003"", ""STR-004"", ""STR-005""]",1.6651,1.6651,1.75,0.0485,0.9515,True,0,1.0,0.006836,100,120,0.33,0.007,0.2,0.08,0.003,9,135,60,15,VALID,NONE,cc29745b1021
EXP-PHASE-V-ERODE-P4-S1005,erode,aa34096deb67,bcd47e69dc54,4,1005,1024,AER_SIMULATOR,IDEAL_SIMULATION,COBYLA,gamma_4_beta_4,opt_gamma_4_opt_beta_4,"{""100110000110110"": 7, ""000000000000000"": 1017}",100110000110110,"[""STR-001"", ""STR-002"", ""STR-003"", ""STR-004"", ""STR-005""]",1.6651,1.6651,1.75,0.0485,0.9515,True,0,1.0,0.006836,100,120,0.33,0.007,0.2,0.08,0.003,9,135,60,15,VALID,NONE,3ff22759de16
EXP-PHASE-V-ERODE-P4-S1006,erode,aa34096deb67,bcd47e69dc54,4,1006,1024,AER_SIMULATOR,IDEAL_SIMULATION,COBYLA,gamma_4_beta_4,opt_gamma_4_opt_beta_4,"{""100110000110110"": 7, ""000000000000000"": 1017}",100110000110110,"[""STR-001"", ""STR-002"", ""STR-003"", ""STR-004"", ""STR-005""]",1.6651,1.6651,1.75,0.0485,0.9515,True,0,1.0,0.006836,100,120,0.33,0.007,0.2,0.08,0.003,9,135,60,15,VALID,NONE,680c32b9608f
EXP-PHASE-V-ERODE-P4-S1007,erode,aa34096deb67,bcd47e69dc54,4,1007,1024,AER_SIMULATOR,IDEAL_SIMULATION,COBYLA,gamma_4_beta_4,opt_gamma_4_opt_beta_4,"{""100110000110110"": 7, ""000000000000000"": 1017}",100110000110110,"[""STR-001"", ""STR-002"", ""STR-003"", ""STR-004"", ""STR-005""]",1.6651,1.6651,1.75,0.0485,0.9515,True,0,1.0,0.006836,100,120,0.33,0.007,0.2,0.08,0.003,9,135,60,15,VALID,NONE,1f1d14ba3ae0
EXP-PHASE-V-ERODE-P4-S1008,erode,aa34096deb67,bcd47e69dc54,4,1008,1024,AER_SIMULATOR,IDEAL_SIMULATION,COBYLA,gamma_4_beta_4,opt_gamma_4_opt_beta_4,"{""100110000110110"": 7, ""000000000000000"": 1017}",100110000110110,"[""STR-001"", ""STR-002"", ""STR-003"", ""STR-004"", ""STR-005""]",1.6651,1.6651,1.75,0.0485,0.9515,True,0,1.0,0.006836,100,120,0.33,0.007,0.2,0.08,0.003,9,135,60,15,VALID,NONE,cffcde72215f
EXP-PHASE-V-ERODE-P4-S1009,erode,aa34096deb67,bcd47e69dc54,4,1009,1024,AER_SIMULATOR,IDEAL_SIMULATION,COBYLA,gamma_4_beta_4,opt_gamma_4_opt_beta_4,"{""100110000110110"": 7, ""000000000000000"": 1017}",100110000110110,"[""STR-001"", ""STR-002"", ""STR-003"", ""STR-004"", ""STR-005""]",1.6651,1.6651,1.75,0.0485,0.9515,True,0,1.0,0.006836,100,120,0.33,0.007,0.2,0.08,0.003,9,135,60,15,VALID,NONE,794a9beb7896
EXP-PHASE-V-ERODE-P5-S1000,erode,aa34096deb67,bcd47e69dc54,5,1000,1024,AER_SIMULATOR,IDEAL_SIMULATION,COBYLA,gamma_5_beta_5,opt_gamma_5_opt_beta_5,"{""100110000110110"": 7, ""000000000000000"": 1017}",100110000110110,"[""STR-001"", ""STR-002"", ""STR-003"", ""STR-004"", ""STR-005""]",1.6861,1.6861,1.75,0.0365,0.9635,True,0,1.0,0.006836,125,150,0.41,0.007,0.25,0.1,0.003,11,165,75,15,VALID,NONE,db8f82531802
EXP-PHASE-V-ERODE-P5-S1001,erode,aa34096deb67,bcd47e69dc54,5,1001,1024,AER_SIMULATOR,IDEAL_SIMULATION,COBYLA,gamma_5_beta_5,opt_gamma_5_opt_beta_5,"{""100110000110110"": 7, ""000000000000000"": 1017}",100110000110110,"[""STR-001"", ""STR-002"", ""STR-003"", ""STR-004"", ""STR-005""]",1.6861,1.6861,1.75,0.0365,0.9635,True,0,1.0,0.006836,125,150,0.41,0.007,0.25,0.1,0.003,11,165,75,15,VALID,NONE,839282c7884a
EXP-PHASE-V-ERODE-P5-S1002,erode,aa34096deb67,bcd47e69dc54,5,1002,1024,AER_SIMULATOR,IDEAL_SIMULATION,COBYLA,gamma_5_beta_5,opt_gamma_5_opt_beta_5,"{""100110000110110"": 7, ""000000000000000"": 1017}",100110000110110,"[""STR-001"", ""STR-002"", ""STR-003"", ""STR-004"", ""STR-005""]",1.6861,1.6861,1.75,0.0365,0.9635,True,0,1.0,0.006836,125,150,0.41,0.007,0.25,0.1,0.003,11,165,75,15,VALID,NONE,e7ade3259ee5
EXP-PHASE-V-ERODE-P5-S1003,erode,aa34096deb67,bcd47e69dc54,5,1003,1024,AER_SIMULATOR,IDEAL_SIMULATION,COBYLA,gamma_5_beta_5,opt_gamma_5_opt_beta_5,"{""100110000110110"": 7, ""000000000000000"": 1017}",100110000110110,"[""STR-001"", ""STR-002"", ""STR-003"", ""STR-004"", ""STR-005""]",1.6861,1.6861,1.75,0.0365,0.9635,True,0,1.0,0.006836,125,150,0.41,0.007,0.25,0.1,0.003,11,165,75,15,VALID,NONE,1acd25fff9dd
EXP-PHASE-V-ERODE-P5-S1004,erode,aa34096deb67,bcd47e69dc54,5,1004,1024,AER_SIMULATOR,IDEAL_SIMULATION,COBYLA,gamma_5_beta_5,opt_gamma_5_opt_beta_5,"{""100110000110110"": 7, ""000000000000000"": 1017}",100110000110110,"[""STR-001"", ""STR-002"", ""STR-003"", ""STR-004"", ""STR-005""]",1.6861,1.6861,1.75,0.0365,0.9635,True,0,1.0,0.006836,125,150,0.41,0.007,0.25,0.1,0.003,11,165,75,15,VALID,NONE,b881c4a5bc61
EXP-PHASE-V-ERODE-P5-S1005,erode,aa34096deb67,bcd47e69dc54,5,1005,1024,AER_SIMULATOR,IDEAL_SIMULATION,COBYLA,gamma_5_beta_5,opt_gamma_5_opt_beta_5,"{""100110000110110"": 7, ""000000000000000"": 1017}",100110000110110,"[""STR-001"", ""STR-002"", ""STR-003"", ""STR-004"", ""STR-005""]",1.6861,1.6861,1.75,0.0365,0.9635,True,0,1.0,0.006836,125,150,0.41,0.007,0.25,0.1,0.003,11,165,75,15,VALID,NONE,97a0d1452869
EXP-PHASE-V-ERODE-P5-S1006,erode,aa34096deb67,bcd47e69dc54,5,1006,1024,AER_SIMULATOR,IDEAL_SIMULATION,COBYLA,gamma_5_beta_5,opt_gamma_5_opt_beta_5,"{""100110000110110"": 7, ""000000000000000"": 1017}",100110000110110,"[""STR-001"", ""STR-002"", ""STR-003"", ""STR-004"", ""STR-005""]",1.6861,1.6861,1.75,0.0365,0.9635,True,0,1.0,0.006836,125,150,0.41,0.007,0.25,0.1,0.003,11,165,75,15,VALID,NONE,ca93bc199ec4
EXP-PHASE-V-ERODE-P5-S1007,erode,aa34096deb67,bcd47e69dc54,5,1007,1024,AER_SIMULATOR,IDEAL_SIMULATION,COBYLA,gamma_5_beta_5,opt_gamma_5_opt_beta_5,"{""100110000110110"": 7, ""000000000000000"": 1017}",100110000110110,"[""STR-001"", ""STR-002"", ""STR-003"", ""STR-004"", ""STR-005""]",1.6861,1.6861,1.75,0.0365,0.9635,True,0,1.0,0.006836,125,150,0.41,0.007,0.25,0.1,0.003,11,165,75,15,VALID,NONE,87cfded5c894
EXP-PHASE-V-ERODE-P5-S1008,erode,aa34096deb67,bcd47e69dc54,5,1008,1024,AER_SIMULATOR,IDEAL_SIMULATION,COBYLA,gamma_5_beta_5,opt_gamma_5_opt_beta_5,"{""100110000110110"": 7, ""000000000000000"": 1017}",100110000110110,"[""STR-001"", ""STR-002"", ""STR-003"", ""STR-004"", ""STR-005""]",1.6861,1.6861,1.75,0.0365,0.9635,True,0,1.0,0.006836,125,150,0.41,0.007,0.25,0.1,0.003,11,165,75,15,VALID,NONE,c44a7bcbbfc3
EXP-PHASE-V-ERODE-P5-S1009,erode,aa34096deb67,bcd47e69dc54,5,1009,1024,AER_SIMULATOR,IDEAL_SIMULATION,COBYLA,gamma_5_beta_5,opt_gamma_5_opt_beta_5,"{""100110000110110"": 7, ""000000000000000"": 1017}",100110000110110,"[""STR-001"", ""STR-002"", ""STR-003"", ""STR-004"", ""STR-005""]",1.6861,1.6861,1.75,0.0365,0.9635,True,0,1.0,0.006836,125,150,0.41,0.007,0.25,0.1,0.003,11,165,75,15,VALID,NONE,caa14508e5b3
EXP-PHASE-V-KALLAKURICHI-P1-S1000,kallakurichi,e6d6d583a967,16655928b8bf,1,1000,1024,AER_SIMULATOR,IDEAL_SIMULATION,COBYLA,gamma_1_beta_1,opt_gamma_1_opt_beta_1,"{""100110000110110"": 3, ""000000000000000"": 1017}",100110000110110,"[""STR-001"", ""STR-002"", ""STR-003"", ""STR-004"", ""STR-005""]",1.6021,1.6021,1.75,0.0845,0.9155,True,0,1.0,0.003906,25,30,0.09,0.007,0.05,0.02,0.003,3,45,15,15,VALID,NONE,26926d0ee916
EXP-PHASE-V-KALLAKURICHI-P1-S1001,kallakurichi,e6d6d583a967,16655928b8bf,1,1001,1024,AER_SIMULATOR,IDEAL_SIMULATION,COBYLA,gamma_1_beta_1,opt_gamma_1_opt_beta_1,"{""100110000110110"": 3, ""000000000000000"": 1017}",100110000110110,"[""STR-001"", ""STR-002"", ""STR-003"", ""STR-004"", ""STR-005""]",1.6021,1.6021,1.75,0.0845,0.9155,True,0,1.0,0.003906,25,30,0.09,0.007,0.05,0.02,0.003,3,45,15,15,VALID,NONE,a79149eb0f4f
EXP-PHASE-V-KALLAKURICHI-P1-S1002,kallakurichi,e6d6d583a967,16655928b8bf,1,1002,1024,AER_SIMULATOR,IDEAL_SIMULATION,COBYLA,gamma_1_beta_1,opt_gamma_1_opt_beta_1,"{""100110000110110"": 3, ""000000000000000"": 1017}",100110000110110,"[""STR-001"", ""STR-002"", ""STR-003"", ""STR-004"", ""STR-005""]",1.6021,1.6021,1.75,0.0845,0.9155,True,0,1.0,0.003906,25,30,0.09,0.007,0.05,0.02,0.003,3,45,15,15,VALID,NONE,9800c1794977
EXP-PHASE-V-KALLAKURICHI-P1-S1003,kallakurichi,e6d6d583a967,16655928b8bf,1,1003,1024,AER_SIMULATOR,IDEAL_SIMULATION,COBYLA,gamma_1_beta_1,opt_gamma_1_opt_beta_1,"{""100110000110110"": 3, ""000000000000000"": 1017}",100110000110110,"[""STR-001"", ""STR-002"", ""STR-003"", ""STR-004"", ""STR-005""]",1.6021,1.6021,1.75,0.0845,0.9155,True,0,1.0,0.003906,25,30,0.09,0.007,0.05,0.02,0.003,3,45,15,15,VALID,NONE,02b68f9a14af
EXP-PHASE-V-KALLAKURICHI-P1-S1004,kallakurichi,e6d6d583a967,16655928b8bf,1,1004,1024,AER_SIMULATOR,IDEAL_SIMULATION,COBYLA,gamma_1_beta_1,opt_gamma_1_opt_beta_1,"{""100110000110110"": 3, ""000000000000000"": 1017}",100110000110110,"[""STR-001"", ""STR-002"", ""STR-003"", ""STR-004"", ""STR-005""]",1.6021,1.6021,1.75,0.0845,0.9155,True,0,1.0,0.003906,25,30,0.09,0.007,0.05,0.02,0.003,3,45,15,15,VALID,NONE,2ebbc304cd50
EXP-PHASE-V-KALLAKURICHI-P1-S1005,kallakurichi,e6d6d583a967,16655928b8bf,1,1005,1024,AER_SIMULATOR,IDEAL_SIMULATION,COBYLA,gamma_1_beta_1,opt_gamma_1_opt_beta_1,"{""100110000110110"": 3, ""000000000000000"": 1017}",100110000110110,"[""STR-001"", ""STR-002"", ""STR-003"", ""STR-004"", ""STR-005""]",1.6021,1.6021,1.75,0.0845,0.9155,True,0,1.0,0.003906,25,30,0.09,0.007,0.05,0.02,0.003,3,45,15,15,VALID,NONE,1c24de1c07e0
EXP-PHASE-V-KALLAKURICHI-P1-S1006,kallakurichi,e6d6d583a967,16655928b8bf,1,1006,1024,AER_SIMULATOR,IDEAL_SIMULATION,COBYLA,gamma_1_beta_1,opt_gamma_1_opt_beta_1,"{""100110000110110"": 3, ""000000000000000"": 1017}",100110000110110,"[""STR-001"", ""STR-002"", ""STR-003"", ""STR-004"", ""STR-005""]",1.6021,1.6021,1.75,0.0845,0.9155,True,0,1.0,0.003906,25,30,0.09,0.007,0.05,0.02,0.003,3,45,15,15,VALID,NONE,4571fa8437b1
EXP-PHASE-V-KALLAKURICHI-P1-S1007,kallakurichi,e6d6d583a967,16655928b8bf,1,1007,1024,AER_SIMULATOR,IDEAL_SIMULATION,COBYLA,gamma_1_beta_1,opt_gamma_1_opt_beta_1,"{""100110000110110"": 3, ""000000000000000"": 1017}",100110000110110,"[""STR-001"", ""STR-002"", ""STR-003"", ""STR-004"", ""STR-005""]",1.6021,1.6021,1.75,0.0845,0.9155,True,0,1.0,0.003906,25,30,0.09,0.007,0.05,0.02,0.003,3,45,15,15,VALID,NONE,726bd10a7e92
EXP-PHASE-V-KALLAKURICHI-P1-S1008,kallakurichi,e6d6d583a967,16655928b8bf,1,1008,1024,AER_SIMULATOR,IDEAL_SIMULATION,COBYLA,gamma_1_beta_1,opt_gamma_1_opt_beta_1,"{""100110000110110"": 3, ""000000000000000"": 1017}",100110000110110,"[""STR-001"", ""STR-002"", ""STR-003"", ""STR-004"", ""STR-005""]",1.6021,1.6021,1.75,0.0845,0.9155,True,0,1.0,0.003906,25,30,0.09,0.007,0.05,0.02,0.003,3,45,15,15,VALID,NONE,e3ffbf757947
EXP-PHASE-V-KALLAKURICHI-P1-S1009,kallakurichi,e6d6d583a967,16655928b8bf,1,1009,1024,AER_SIMULATOR,IDEAL_SIMULATION,COBYLA,gamma_1_beta_1,opt_gamma_1_opt_beta_1,"{""100110000110110"": 3, ""000000000000000"": 1017}",100110000110110,"[""STR-001"", ""STR-002"", ""STR-003"", ""STR-004"", ""STR-005""]",1.6021,1.6021,1.75,0.0845,0.9155,True,0,1.0,0.003906,25,30,0.09,0.007,0.05,0.02,0.003,3,45,15,15,VALID,NONE,38edc52aecf3
EXP-PHASE-V-KALLAKURICHI-P2-S1000,kallakurichi,e6d6d583a967,16655928b8bf,2,1000,1024,AER_SIMULATOR,IDEAL_SIMULATION,COBYLA,gamma_2_beta_2,opt_gamma_2_opt_beta_2,"{""100110000110110"": 7, ""000000000000000"": 1017}",100110000110110,"[""STR-001"", ""STR-002"", ""STR-003"", ""STR-004"", ""STR-005""]",1.62,1.62,1.75,0.0743,0.9257,True,0,1.0,0.006836,50,60,0.17,0.007,0.1,0.04,0.003,5,75,30,15,VALID,NONE,c9ae0ef88bd3
EXP-PHASE-V-KALLAKURICHI-P2-S1001,kallakurichi,e6d6d583a967,16655928b8bf,2,1001,1024,AER_SIMULATOR,IDEAL_SIMULATION,COBYLA,gamma_2_beta_2,opt_gamma_2_opt_beta_2,"{""100110000110110"": 7, ""000000000000000"": 1017}",100110000110110,"[""STR-001"", ""STR-002"", ""STR-003"", ""STR-004"", ""STR-005""]",1.5,1.5,1.75,0.1429,0.8571,True,0,1.0,0.0,50,60,0.17,0.007,0.1,0.04,0.003,5,75,30,15,VALID,NONE,0e4eddfa5227
EXP-PHASE-V-KALLAKURICHI-P2-S1002,kallakurichi,e6d6d583a967,16655928b8bf,2,1002,1024,AER_SIMULATOR,IDEAL_SIMULATION,COBYLA,gamma_2_beta_2,opt_gamma_2_opt_beta_2,"{""100110000110110"": 7, ""000000000000000"": 1017}",100110000110110,"[""STR-001"", ""STR-002"", ""STR-003"", ""STR-004"", ""STR-005""]",1.62,1.62,1.75,0.0743,0.9257,True,0,1.0,0.006836,50,60,0.17,0.007,0.1,0.04,0.003,5,75,30,15,VALID,NONE,26ea91836d29
EXP-PHASE-V-KALLAKURICHI-P2-S1003,kallakurichi,e6d6d583a967,16655928b8bf,2,1003,1024,AER_SIMULATOR,IDEAL_SIMULATION,COBYLA,gamma_2_beta_2,opt_gamma_2_opt_beta_2,"{""100110000110110"": 7, ""000000000000000"": 1017}",100110000110110,"[""STR-001"", ""STR-002"", ""STR-003"", ""STR-004"", ""STR-005""]",1.5,1.5,1.75,0.1429,0.8571,True,0,1.0,0.0,50,60,0.17,0.007,0.1,0.04,0.003,5,75,30,15,VALID,NONE,bc8ef6a3efac
EXP-PHASE-V-KALLAKURICHI-P2-S1004,kallakurichi,e6d6d583a967,16655928b8bf,2,1004,1024,AER_SIMULATOR,IDEAL_SIMULATION,COBYLA,gamma_2_beta_2,opt_gamma_2_opt_beta_2,"{""100110000110110"": 7, ""000000000000000"": 1017}",100110000110110,"[""STR-001"", ""STR-002"", ""STR-003"", ""STR-004"", ""STR-005""]",1.62,1.62,1.75,0.0743,0.9257,True,0,1.0,0.006836,50,60,0.17,0.007,0.1,0.04,0.003,5,75,30,15,VALID,NONE,0622d812852c
EXP-PHASE-V-KALLAKURICHI-P2-S1005,kallakurichi,e6d6d583a967,16655928b8bf,2,1005,1024,AER_SIMULATOR,IDEAL_SIMULATION,COBYLA,gamma_2_beta_2,opt_gamma_2_opt_beta_2,"{""100110000110110"": 7, ""000000000000000"": 1017}",100110000110110,"[""STR-001"", ""STR-002"", ""STR-003"", ""STR-004"", ""STR-005""]",1.6231,1.6231,1.75,0.0725,0.9275,True,0,1.0,0.006836,50,60,0.17,0.007,0.1,0.04,0.003,5,75,30,15,VALID,NONE,7ce95e38e01d
EXP-PHASE-V-KALLAKURICHI-P2-S1006,kallakurichi,e6d6d583a967,16655928b8bf,2,1006,1024,AER_SIMULATOR,IDEAL_SIMULATION,COBYLA,gamma_2_beta_2,opt_gamma_2_opt_beta_2,"{""100110000110110"": 7, ""000000000000000"": 1017}",100110000110110,"[""STR-001"", ""STR-002"", ""STR-003"", ""STR-004"", ""STR-005""]",1.6231,1.6231,1.75,0.0725,0.9275,True,0,1.0,0.006836,50,60,0.17,0.007,0.1,0.04,0.003,5,75,30,15,VALID,NONE,71c133e884fe
EXP-PHASE-V-KALLAKURICHI-P2-S1007,kallakurichi,e6d6d583a967,16655928b8bf,2,1007,1024,AER_SIMULATOR,IDEAL_SIMULATION,COBYLA,gamma_2_beta_2,opt_gamma_2_opt_beta_2,"{""100110000110110"": 7, ""000000000000000"": 1017}",100110000110110,"[""STR-001"", ""STR-002"", ""STR-003"", ""STR-004"", ""STR-005""]",1.6231,1.6231,1.75,0.0725,0.9275,True,0,1.0,0.006836,50,60,0.17,0.007,0.1,0.04,0.003,5,75,30,15,VALID,NONE,6d7fd2019fe1
EXP-PHASE-V-KALLAKURICHI-P2-S1008,kallakurichi,e6d6d583a967,16655928b8bf,2,1008,1024,AER_SIMULATOR,IDEAL_SIMULATION,COBYLA,gamma_2_beta_2,opt_gamma_2_opt_beta_2,"{""100110000110110"": 7, ""000000000000000"": 1017}",100110000110110,"[""STR-001"", ""STR-002"", ""STR-003"", ""STR-004"", ""STR-005""]",1.6231,1.6231,1.75,0.0725,0.9275,True,0,1.0,0.006836,50,60,0.17,0.007,0.1,0.04,0.003,5,75,30,15,VALID,NONE,ffab1cfb2630
EXP-PHASE-V-KALLAKURICHI-P2-S1009,kallakurichi,e6d6d583a967,16655928b8bf,2,1009,1024,AER_SIMULATOR,IDEAL_SIMULATION,COBYLA,gamma_2_beta_2,opt_gamma_2_opt_beta_2,"{""100110000110110"": 7, ""000000000000000"": 1017}",100110000110110,"[""STR-001"", ""STR-002"", ""STR-003"", ""STR-004"", ""STR-005""]",1.6231,1.6231,1.75,0.0725,0.9275,True,0,1.0,0.006836,50,60,0.17,0.007,0.1,0.04,0.003,5,75,30,15,VALID,NONE,11df78ef64fd
EXP-PHASE-V-KALLAKURICHI-P3-S1000,kallakurichi,e6d6d583a967,16655928b8bf,3,1000,1024,AER_SIMULATOR,IDEAL_SIMULATION,COBYLA,gamma_3_beta_3,opt_gamma_3_opt_beta_3,"{""100110000110110"": 7, ""000000000000000"": 1017}",100110000110110,"[""STR-001"", ""STR-002"", ""STR-003"", ""STR-004"", ""STR-005""]",1.6441,1.6441,1.75,0.0605,0.9395,True,0,1.0,0.006836,75,90,0.25,0.007,0.15000000000000002,0.06,0.003,7,105,45,15,VALID,NONE,5e1433ad498b
EXP-PHASE-V-KALLAKURICHI-P3-S1001,kallakurichi,e6d6d583a967,16655928b8bf,3,1001,1024,AER_SIMULATOR,IDEAL_SIMULATION,COBYLA,gamma_3_beta_3,opt_gamma_3_opt_beta_3,"{""100110000110110"": 7, ""000000000000000"": 1017}",100110000110110,"[""STR-001"", ""STR-002"", ""STR-003"", ""STR-004"", ""STR-005""]",1.6441,1.6441,1.75,0.0605,0.9395,True,0,1.0,0.006836,75,90,0.25,0.007,0.15000000000000002,0.06,0.003,7,105,45,15,VALID,NONE,f5b93876acd1
EXP-PHASE-V-KALLAKURICHI-P3-S1002,kallakurichi,e6d6d583a967,16655928b8bf,3,1002,1024,AER_SIMULATOR,IDEAL_SIMULATION,COBYLA,gamma_3_beta_3,opt_gamma_3_opt_beta_3,"{""100110000110110"": 7, ""000000000000000"": 1017}",100110000110110,"[""STR-001"", ""STR-002"", ""STR-003"", ""STR-004"", ""STR-005""]",1.6441,1.6441,1.75,0.0605,0.9395,True,0,1.0,0.006836,75,90,0.25,0.007,0.15000000000000002,0.06,0.003,7,105,45,15,VALID,NONE,eb5206b66de5
EXP-PHASE-V-KALLAKURICHI-P3-S1003,kallakurichi,e6d6d583a967,16655928b8bf,3,1003,1024,AER_SIMULATOR,IDEAL_SIMULATION,COBYLA,gamma_3_beta_3,opt_gamma_3_opt_beta_3,"{""100110000110110"": 7, ""000000000000000"": 1017}",100110000110110,"[""STR-001"", ""STR-002"", ""STR-003"", ""STR-004"", ""STR-005""]",1.6441,1.6441,1.75,0.0605,0.9395,True,0,1.0,0.006836,75,90,0.25,0.007,0.15000000000000002,0.06,0.003,7,105,45,15,VALID,NONE,81246d1975f5
EXP-PHASE-V-KALLAKURICHI-P3-S1004,kallakurichi,e6d6d583a967,16655928b8bf,3,1004,1024,AER_SIMULATOR,IDEAL_SIMULATION,COBYLA,gamma_3_beta_3,opt_gamma_3_opt_beta_3,"{""100110000110110"": 7, ""000000000000000"": 1017}",100110000110110,"[""STR-001"", ""STR-002"", ""STR-003"", ""STR-004"", ""STR-005""]",1.6441,1.6441,1.75,0.0605,0.9395,True,0,1.0,0.006836,75,90,0.25,0.007,0.15000000000000002,0.06,0.003,7,105,45,15,VALID,NONE,b58ad0e6d5d2
EXP-PHASE-V-KALLAKURICHI-P3-S1005,kallakurichi,e6d6d583a967,16655928b8bf,3,1005,1024,AER_SIMULATOR,IDEAL_SIMULATION,COBYLA,gamma_3_beta_3,opt_gamma_3_opt_beta_3,"{""100110000110110"": 7, ""000000000000000"": 1017}",100110000110110,"[""STR-001"", ""STR-002"", ""STR-003"", ""STR-004"", ""STR-005""]",1.6441,1.6441,1.75,0.0605,0.9395,True,0,1.0,0.006836,75,90,0.25,0.007,0.15000000000000002,0.06,0.003,7,105,45,15,VALID,NONE,956f7b54f7b6
EXP-PHASE-V-KALLAKURICHI-P3-S1006,kallakurichi,e6d6d583a967,16655928b8bf,3,1006,1024,AER_SIMULATOR,IDEAL_SIMULATION,COBYLA,gamma_3_beta_3,opt_gamma_3_opt_beta_3,"{""100110000110110"": 7, ""000000000000000"": 1017}",100110000110110,"[""STR-001"", ""STR-002"", ""STR-003"", ""STR-004"", ""STR-005""]",1.6441,1.6441,1.75,0.0605,0.9395,True,0,1.0,0.006836,75,90,0.25,0.007,0.15000000000000002,0.06,0.003,7,105,45,15,VALID,NONE,d857d20cb66a
EXP-PHASE-V-KALLAKURICHI-P3-S1007,kallakurichi,e6d6d583a967,16655928b8bf,3,1007,1024,AER_SIMULATOR,IDEAL_SIMULATION,COBYLA,gamma_3_beta_3,opt_gamma_3_opt_beta_3,"{""100110000110110"": 7, ""000000000000000"": 1017}",100110000110110,"[""STR-001"", ""STR-002"", ""STR-003"", ""STR-004"", ""STR-005""]",1.6441,1.6441,1.75,0.0605,0.9395,True,0,1.0,0.006836,75,90,0.25,0.007,0.15000000000000002,0.06,0.003,7,105,45,15,VALID,NONE,d802f0de0596
EXP-PHASE-V-KALLAKURICHI-P3-S1008,kallakurichi,e6d6d583a967,16655928b8bf,3,1008,1024,AER_SIMULATOR,IDEAL_SIMULATION,COBYLA,gamma_3_beta_3,opt_gamma_3_opt_beta_3,"{""100110000110110"": 7, ""000000000000000"": 1017}",100110000110110,"[""STR-001"", ""STR-002"", ""STR-003"", ""STR-004"", ""STR-005""]",1.6441,1.6441,1.75,0.0605,0.9395,True,0,1.0,0.006836,75,90,0.25,0.007,0.15000000000000002,0.06,0.003,7,105,45,15,VALID,NONE,51d466e95331
EXP-PHASE-V-KALLAKURICHI-P3-S1009,kallakurichi,e6d6d583a967,16655928b8bf,3,1009,1024,AER_SIMULATOR,IDEAL_SIMULATION,COBYLA,gamma_3_beta_3,opt_gamma_3_opt_beta_3,"{""100110000110110"": 7, ""000000000000000"": 1017}",100110000110110,"[""STR-001"", ""STR-002"", ""STR-003"", ""STR-004"", ""STR-005""]",1.6441,1.6441,1.75,0.0605,0.9395,True,0,1.0,0.006836,75,90,0.25,0.007,0.15000000000000002,0.06,0.003,7,105,45,15,VALID,NONE,785f3d053bc6
EXP-PHASE-V-KALLAKURICHI-P4-S1000,kallakurichi,e6d6d583a967,16655928b8bf,4,1000,1024,AER_SIMULATOR,IDEAL_SIMULATION,COBYLA,gamma_4_beta_4,opt_gamma_4_opt_beta_4,"{""100110000110110"": 7, ""000000000000000"": 1017}",100110000110110,"[""STR-001"", ""STR-002"", ""STR-003"", ""STR-004"", ""STR-005""]",1.6651,1.6651,1.75,0.0485,0.9515,True,0,1.0,0.006836,100,120,0.33,0.007,0.2,0.08,0.003,9,135,60,15,VALID,NONE,d337742d696d
EXP-PHASE-V-KALLAKURICHI-P4-S1001,kallakurichi,e6d6d583a967,16655928b8bf,4,1001,1024,AER_SIMULATOR,IDEAL_SIMULATION,COBYLA,gamma_4_beta_4,opt_gamma_4_opt_beta_4,"{""100110000110110"": 7, ""000000000000000"": 1017}",100110000110110,"[""STR-001"", ""STR-002"", ""STR-003"", ""STR-004"", ""STR-005""]",1.6651,1.6651,1.75,0.0485,0.9515,True,0,1.0,0.006836,100,120,0.33,0.007,0.2,0.08,0.003,9,135,60,15,VALID,NONE,c10d0dc0e2ca
EXP-PHASE-V-KALLAKURICHI-P4-S1002,kallakurichi,e6d6d583a967,16655928b8bf,4,1002,1024,AER_SIMULATOR,IDEAL_SIMULATION,COBYLA,gamma_4_beta_4,opt_gamma_4_opt_beta_4,"{""100110000110110"": 7, ""000000000000000"": 1017}",100110000110110,"[""STR-001"", ""STR-002"", ""STR-003"", ""STR-004"", ""STR-005""]",1.6651,1.6651,1.75,0.0485,0.9515,True,0,1.0,0.006836,100,120,0.33,0.007,0.2,0.08,0.003,9,135,60,15,VALID,NONE,885c293a248e
EXP-PHASE-V-KALLAKURICHI-P4-S1003,kallakurichi,e6d6d583a967,16655928b8bf,4,1003,1024,AER_SIMULATOR,IDEAL_SIMULATION,COBYLA,gamma_4_beta_4,opt_gamma_4_opt_beta_4,"{""100110000110110"": 7, ""000000000000000"": 1017}",100110000110110,"[""STR-001"", ""STR-002"", ""STR-003"", ""STR-004"", ""STR-005""]",1.6651,1.6651,1.75,0.0485,0.9515,True,0,1.0,0.006836,100,120,0.33,0.007,0.2,0.08,0.003,9,135,60,15,VALID,NONE,dce47fbed3d4
EXP-PHASE-V-KALLAKURICHI-P4-S1004,kallakurichi,e6d6d583a967,16655928b8bf,4,1004,1024,AER_SIMULATOR,IDEAL_SIMULATION,COBYLA,gamma_4_beta_4,opt_gamma_4_opt_beta_4,"{""100110000110110"": 7, ""000000000000000"": 1017}",100110000110110,"[""STR-001"", ""STR-002"", ""STR-003"", ""STR-004"", ""STR-005""]",1.6651,1.6651,1.75,0.0485,0.9515,True,0,1.0,0.006836,100,120,0.33,0.007,0.2,0.08,0.003,9,135,60,15,VALID,NONE,d760cb14acc9
EXP-PHASE-V-KALLAKURICHI-P4-S1005,kallakurichi,e6d6d583a967,16655928b8bf,4,1005,1024,AER_SIMULATOR,IDEAL_SIMULATION,COBYLA,gamma_4_beta_4,opt_gamma_4_opt_beta_4,"{""100110000110110"": 7, ""000000000000000"": 1017}",100110000110110,"[""STR-001"", ""STR-002"", ""STR-003"", ""STR-004"", ""STR-005""]",1.6651,1.6651,1.75,0.0485,0.9515,True,0,1.0,0.006836,100,120,0.33,0.007,0.2,0.08,0.003,9,135,60,15,VALID,NONE,df9890627770
EXP-PHASE-V-KALLAKURICHI-P4-S1006,kallakurichi,e6d6d583a967,16655928b8bf,4,1006,1024,AER_SIMULATOR,IDEAL_SIMULATION,COBYLA,gamma_4_beta_4,opt_gamma_4_opt_beta_4,"{""100110000110110"": 7, ""000000000000000"": 1017}",100110000110110,"[""STR-001"", ""STR-002"", ""STR-003"", ""STR-004"", ""STR-005""]",1.6651,1.6651,1.75,0.0485,0.9515,True,0,1.0,0.006836,100,120,0.33,0.007,0.2,0.08,0.003,9,135,60,15,VALID,NONE,1af06a84ac22
EXP-PHASE-V-KALLAKURICHI-P4-S1007,kallakurichi,e6d6d583a967,16655928b8bf,4,1007,1024,AER_SIMULATOR,IDEAL_SIMULATION,COBYLA,gamma_4_beta_4,opt_gamma_4_opt_beta_4,"{""100110000110110"": 7, ""000000000000000"": 1017}",100110000110110,"[""STR-001"", ""STR-002"", ""STR-003"", ""STR-004"", ""STR-005""]",1.6651,1.6651,1.75,0.0485,0.9515,True,0,1.0,0.006836,100,120,0.33,0.007,0.2,0.08,0.003,9,135,60,15,VALID,NONE,ab57c8826f4c
EXP-PHASE-V-KALLAKURICHI-P4-S1008,kallakurichi,e6d6d583a967,16655928b8bf,4,1008,1024,AER_SIMULATOR,IDEAL_SIMULATION,COBYLA,gamma_4_beta_4,opt_gamma_4_opt_beta_4,"{""100110000110110"": 7, ""000000000000000"": 1017}",100110000110110,"[""STR-001"", ""STR-002"", ""STR-003"", ""STR-004"", ""STR-005""]",1.6651,1.6651,1.75,0.0485,0.9515,True,0,1.0,0.006836,100,120,0.33,0.007,0.2,0.08,0.003,9,135,60,15,VALID,NONE,3b4e0dc1ca7c
EXP-PHASE-V-KALLAKURICHI-P4-S1009,kallakurichi,e6d6d583a967,16655928b8bf,4,1009,1024,AER_SIMULATOR,IDEAL_SIMULATION,COBYLA,gamma_4_beta_4,opt_gamma_4_opt_beta_4,"{""100110000110110"": 7, ""000000000000000"": 1017}",100110000110110,"[""STR-001"", ""STR-002"", ""STR-003"", ""STR-004"", ""STR-005""]",1.6651,1.6651,1.75,0.0485,0.9515,True,0,1.0,0.006836,100,120,0.33,0.007,0.2,0.08,0.003,9,135,60,15,VALID,NONE,ed30ff17127b
EXP-PHASE-V-KALLAKURICHI-P5-S1000,kallakurichi,e6d6d583a967,16655928b8bf,5,1000,1024,AER_SIMULATOR,IDEAL_SIMULATION,COBYLA,gamma_5_beta_5,opt_gamma_5_opt_beta_5,"{""100110000110110"": 7, ""000000000000000"": 1017}",100110000110110,"[""STR-001"", ""STR-002"", ""STR-003"", ""STR-004"", ""STR-005""]",1.6861,1.6861,1.75,0.0365,0.9635,True,0,1.0,0.006836,125,150,0.41,0.007,0.25,0.1,0.003,11,165,75,15,VALID,NONE,00b755aa9d54
EXP-PHASE-V-KALLAKURICHI-P5-S1001,kallakurichi,e6d6d583a967,16655928b8bf,5,1001,1024,AER_SIMULATOR,IDEAL_SIMULATION,COBYLA,gamma_5_beta_5,opt_gamma_5_opt_beta_5,"{""100110000110110"": 7, ""000000000000000"": 1017}",100110000110110,"[""STR-001"", ""STR-002"", ""STR-003"", ""STR-004"", ""STR-005""]",1.6861,1.6861,1.75,0.0365,0.9635,True,0,1.0,0.006836,125,150,0.41,0.007,0.25,0.1,0.003,11,165,75,15,VALID,NONE,3cd2efd2a3e1
EXP-PHASE-V-KALLAKURICHI-P5-S1002,kallakurichi,e6d6d583a967,16655928b8bf,5,1002,1024,AER_SIMULATOR,IDEAL_SIMULATION,COBYLA,gamma_5_beta_5,opt_gamma_5_opt_beta_5,"{""100110000110110"": 7, ""000000000000000"": 1017}",100110000110110,"[""STR-001"", ""STR-002"", ""STR-003"", ""STR-004"", ""STR-005""]",1.6861,1.6861,1.75,0.0365,0.9635,True,0,1.0,0.006836,125,150,0.41,0.007,0.25,0.1,0.003,11,165,75,15,VALID,NONE,7faee03e4156
EXP-PHASE-V-KALLAKURICHI-P5-S1003,kallakurichi,e6d6d583a967,16655928b8bf,5,1003,1024,AER_SIMULATOR,IDEAL_SIMULATION,COBYLA,gamma_5_beta_5,opt_gamma_5_opt_beta_5,"{""100110000110110"": 7, ""000000000000000"": 1017}",100110000110110,"[""STR-001"", ""STR-002"", ""STR-003"", ""STR-004"", ""STR-005""]",1.6861,1.6861,1.75,0.0365,0.9635,True,0,1.0,0.006836,125,150,0.41,0.007,0.25,0.1,0.003,11,165,75,15,VALID,NONE,6a4bd6a57504
EXP-PHASE-V-KALLAKURICHI-P5-S1004,kallakurichi,e6d6d583a967,16655928b8bf,5,1004,1024,AER_SIMULATOR,IDEAL_SIMULATION,COBYLA,gamma_5_beta_5,opt_gamma_5_opt_beta_5,"{""100110000110110"": 7, ""000000000000000"": 1017}",100110000110110,"[""STR-001"", ""STR-002"", ""STR-003"", ""STR-004"", ""STR-005""]",1.6861,1.6861,1.75,0.0365,0.9635,True,0,1.0,0.006836,125,150,0.41,0.007,0.25,0.1,0.003,11,165,75,15,VALID,NONE,bdca679cb29f
EXP-PHASE-V-KALLAKURICHI-P5-S1005,kallakurichi,e6d6d583a967,16655928b8bf,5,1005,1024,AER_SIMULATOR,IDEAL_SIMULATION,COBYLA,gamma_5_beta_5,opt_gamma_5_opt_beta_5,"{""100110000110110"": 7, ""000000000000000"": 1017}",100110000110110,"[""STR-001"", ""STR-002"", ""STR-003"", ""STR-004"", ""STR-005""]",1.6861,1.6861,1.75,0.0365,0.9635,True,0,1.0,0.006836,125,150,0.41,0.007,0.25,0.1,0.003,11,165,75,15,VALID,NONE,9dfab0efd467
EXP-PHASE-V-KALLAKURICHI-P5-S1006,kallakurichi,e6d6d583a967,16655928b8bf,5,1006,1024,AER_SIMULATOR,IDEAL_SIMULATION,COBYLA,gamma_5_beta_5,opt_gamma_5_opt_beta_5,"{""100110000110110"": 7, ""000000000000000"": 1017}",100110000110110,"[""STR-001"", ""STR-002"", ""STR-003"", ""STR-004"", ""STR-005""]",1.6861,1.6861,1.75,0.0365,0.9635,True,0,1.0,0.006836,125,150,0.41,0.007,0.25,0.1,0.003,11,165,75,15,VALID,NONE,a4b3bfe03df1
EXP-PHASE-V-KALLAKURICHI-P5-S1007,kallakurichi,e6d6d583a967,16655928b8bf,5,1007,1024,AER_SIMULATOR,IDEAL_SIMULATION,COBYLA,gamma_5_beta_5,opt_gamma_5_opt_beta_5,"{""100110000110110"": 7, ""000000000000000"": 1017}",100110000110110,"[""STR-001"", ""STR-002"", ""STR-003"", ""STR-004"", ""STR-005""]",1.6861,1.6861,1.75,0.0365,0.9635,True,0,1.0,0.006836,125,150,0.41,0.007,0.25,0.1,0.003,11,165,75,15,VALID,NONE,030ae5ff73ca
EXP-PHASE-V-KALLAKURICHI-P5-S1008,kallakurichi,e6d6d583a967,16655928b8bf,5,1008,1024,AER_SIMULATOR,IDEAL_SIMULATION,COBYLA,gamma_5_beta_5,opt_gamma_5_opt_beta_5,"{""100110000110110"": 7, ""000000000000000"": 1017}",100110000110110,"[""STR-001"", ""STR-002"", ""STR-003"", ""STR-004"", ""STR-005""]",1.6861,1.6861,1.75,0.0365,0.9635,True,0,1.0,0.006836,125,150,0.41,0.007,0.25,0.1,0.003,11,165,75,15,VALID,NONE,e1c3df2c20f2
EXP-PHASE-V-KALLAKURICHI-P5-S1009,kallakurichi,e6d6d583a967,16655928b8bf,5,1009,1024,AER_SIMULATOR,IDEAL_SIMULATION,COBYLA,gamma_5_beta_5,opt_gamma_5_opt_beta_5,"{""100110000110110"": 7, ""000000000000000"": 1017}",100110000110110,"[""STR-001"", ""STR-002"", ""STR-003"", ""STR-004"", ""STR-005""]",1.6861,1.6861,1.75,0.0365,0.9635,True,0,1.0,0.006836,125,150,0.41,0.007,0.25,0.1,0.003,11,165,75,15,VALID,NONE,dea562df46c1
EXP-PHASE-V-KANCHEEPURAM-P1-S1000,kancheepuram,f15c078e4dcf,27e52c0dc0a9,1,1000,1024,AER_SIMULATOR,IDEAL_SIMULATION,COBYLA,gamma_1_beta_1,opt_gamma_1_opt_beta_1,"{""100110000110110"": 3, ""000000000000000"": 1017}",100110000110110,"[""STR-001"", ""STR-002"", ""STR-003"", ""STR-004"", ""STR-005""]",1.6021,1.6021,1.75,0.0845,0.9155,True,0,1.0,0.003906,25,30,0.09,0.007,0.05,0.02,0.003,3,45,15,15,VALID,NONE,8b18f2dd7d1a
EXP-PHASE-V-KANCHEEPURAM-P1-S1001,kancheepuram,f15c078e4dcf,27e52c0dc0a9,1,1001,1024,AER_SIMULATOR,IDEAL_SIMULATION,COBYLA,gamma_1_beta_1,opt_gamma_1_opt_beta_1,"{""100110000110110"": 3, ""000000000000000"": 1017}",100110000110110,"[""STR-001"", ""STR-002"", ""STR-003"", ""STR-004"", ""STR-005""]",1.6021,1.6021,1.75,0.0845,0.9155,True,0,1.0,0.003906,25,30,0.09,0.007,0.05,0.02,0.003,3,45,15,15,VALID,NONE,f17b0a9a9793
EXP-PHASE-V-KANCHEEPURAM-P1-S1002,kancheepuram,f15c078e4dcf,27e52c0dc0a9,1,1002,1024,AER_SIMULATOR,IDEAL_SIMULATION,COBYLA,gamma_1_beta_1,opt_gamma_1_opt_beta_1,"{""100110000110110"": 3, ""000000000000000"": 1017}",100110000110110,"[""STR-001"", ""STR-002"", ""STR-003"", ""STR-004"", ""STR-005""]",1.6021,1.6021,1.75,0.0845,0.9155,True,0,1.0,0.003906,25,30,0.09,0.007,0.05,0.02,0.003,3,45,15,15,VALID,NONE,ba1223045775
EXP-PHASE-V-KANCHEEPURAM-P1-S1003,kancheepuram,f15c078e4dcf,27e52c0dc0a9,1,1003,1024,AER_SIMULATOR,IDEAL_SIMULATION,COBYLA,gamma_1_beta_1,opt_gamma_1_opt_beta_1,"{""100110000110110"": 3, ""000000000000000"": 1017}",100110000110110,"[""STR-001"", ""STR-002"", ""STR-003"", ""STR-004"", ""STR-005""]",1.6021,1.6021,1.75,0.0845,0.9155,True,0,1.0,0.003906,25,30,0.09,0.007,0.05,0.02,0.003,3,45,15,15,VALID,NONE,094b545c5f13
EXP-PHASE-V-KANCHEEPURAM-P1-S1004,kancheepuram,f15c078e4dcf,27e52c0dc0a9,1,1004,1024,AER_SIMULATOR,IDEAL_SIMULATION,COBYLA,gamma_1_beta_1,opt_gamma_1_opt_beta_1,"{""100110000110110"": 3, ""000000000000000"": 1017}",100110000110110,"[""STR-001"", ""STR-002"", ""STR-003"", ""STR-004"", ""STR-005""]",1.6021,1.6021,1.75,0.0845,0.9155,True,0,1.0,0.003906,25,30,0.09,0.007,0.05,0.02,0.003,3,45,15,15,VALID,NONE,8dc936a28e56
EXP-PHASE-V-KANCHEEPURAM-P1-S1005,kancheepuram,f15c078e4dcf,27e52c0dc0a9,1,1005,1024,AER_SIMULATOR,IDEAL_SIMULATION,COBYLA,gamma_1_beta_1,opt_gamma_1_opt_beta_1,"{""100110000110110"": 3, ""000000000000000"": 1017}",100110000110110,"[""STR-001"", ""STR-002"", ""STR-003"", ""STR-004"", ""STR-005""]",1.6021,1.6021,1.75,0.0845,0.9155,True,0,1.0,0.003906,25,30,0.09,0.007,0.05,0.02,0.003,3,45,15,15,VALID,NONE,3875f29c96fc
EXP-PHASE-V-KANCHEEPURAM-P1-S1006,kancheepuram,f15c078e4dcf,27e52c0dc0a9,1,1006,1024,AER_SIMULATOR,IDEAL_SIMULATION,COBYLA,gamma_1_beta_1,opt_gamma_1_opt_beta_1,"{""100110000110110"": 3, ""000000000000000"": 1017}",100110000110110,"[""STR-001"", ""STR-002"", ""STR-003"", ""STR-004"", ""STR-005""]",1.6021,1.6021,1.75,0.0845,0.9155,True,0,1.0,0.003906,25,30,0.09,0.007,0.05,0.02,0.003,3,45,15,15,VALID,NONE,285590846e6c
EXP-PHASE-V-KANCHEEPURAM-P1-S1007,kancheepuram,f15c078e4dcf,27e52c0dc0a9,1,1007,1024,AER_SIMULATOR,IDEAL_SIMULATION,COBYLA,gamma_1_beta_1,opt_gamma_1_opt_beta_1,"{""100110000110110"": 3, ""000000000000000"": 1017}",100110000110110,"[""STR-001"", ""STR-002"", ""STR-003"", ""STR-004"", ""STR-005""]",1.6021,1.6021,1.75,0.0845,0.9155,True,0,1.0,0.003906,25,30,0.09,0.007,0.05,0.02,0.003,3,45,15,15,VALID,NONE,7277d2e52856
EXP-PHASE-V-KANCHEEPURAM-P1-S1008,kancheepuram,f15c078e4dcf,27e52c0dc0a9,1,1008,1024,AER_SIMULATOR,IDEAL_SIMULATION,COBYLA,gamma_1_beta_1,opt_gamma_1_opt_beta_1,"{""100110000110110"": 3, ""000000000000000"": 1017}",100110000110110,"[""STR-001"", ""STR-002"", ""STR-003"", ""STR-004"", ""STR-005""]",1.6021,1.6021,1.75,0.0845,0.9155,True,0,1.0,0.003906,25,30,0.09,0.007,0.05,0.02,0.003,3,45,15,15,VALID,NONE,264d13767b38
EXP-PHASE-V-KANCHEEPURAM-P1-S1009,kancheepuram,f15c078e4dcf,27e52c0dc0a9,1,1009,1024,AER_SIMULATOR,IDEAL_SIMULATION,COBYLA,gamma_1_beta_1,opt_gamma_1_opt_beta_1,"{""100110000110110"": 3, ""000000000000000"": 1017}",100110000110110,"[""STR-001"", ""STR-002"", ""STR-003"", ""STR-004"", ""STR-005""]",1.6021,1.6021,1.75,0.0845,0.9155,True,0,1.0,0.003906,25,30,0.09,0.007,0.05,0.02,0.003,3,45,15,15,VALID,NONE,92a618a2e349
EXP-PHASE-V-KANCHEEPURAM-P2-S1000,kancheepuram,f15c078e4dcf,27e52c0dc0a9,2,1000,1024,AER_SIMULATOR,IDEAL_SIMULATION,COBYLA,gamma_2_beta_2,opt_gamma_2_opt_beta_2,"{""100110000110110"": 7, ""000000000000000"": 1017}",100110000110110,"[""STR-001"", ""STR-002"", ""STR-003"", ""STR-004"", ""STR-005""]",1.62,1.62,1.75,0.0743,0.9257,True,0,1.0,0.006836,50,60,0.17,0.007,0.1,0.04,0.003,5,75,30,15,VALID,NONE,4e3bf480028d
EXP-PHASE-V-KANCHEEPURAM-P2-S1001,kancheepuram,f15c078e4dcf,27e52c0dc0a9,2,1001,1024,AER_SIMULATOR,IDEAL_SIMULATION,COBYLA,gamma_2_beta_2,opt_gamma_2_opt_beta_2,"{""100110000110110"": 7, ""000000000000000"": 1017}",100110000110110,"[""STR-001"", ""STR-002"", ""STR-003"", ""STR-004"", ""STR-005""]",1.5,1.5,1.75,0.1429,0.8571,True,0,1.0,0.0,50,60,0.17,0.007,0.1,0.04,0.003,5,75,30,15,VALID,NONE,078a51d50f5d
EXP-PHASE-V-KANCHEEPURAM-P2-S1002,kancheepuram,f15c078e4dcf,27e52c0dc0a9,2,1002,1024,AER_SIMULATOR,IDEAL_SIMULATION,COBYLA,gamma_2_beta_2,opt_gamma_2_opt_beta_2,"{""100110000110110"": 7, ""000000000000000"": 1017}",100110000110110,"[""STR-001"", ""STR-002"", ""STR-003"", ""STR-004"", ""STR-005""]",1.62,1.62,1.75,0.0743,0.9257,True,0,1.0,0.006836,50,60,0.17,0.007,0.1,0.04,0.003,5,75,30,15,VALID,NONE,8dd0abc9461a
EXP-PHASE-V-KANCHEEPURAM-P2-S1003,kancheepuram,f15c078e4dcf,27e52c0dc0a9,2,1003,1024,AER_SIMULATOR,IDEAL_SIMULATION,COBYLA,gamma_2_beta_2,opt_gamma_2_opt_beta_2,"{""100110000110110"": 7, ""000000000000000"": 1017}",100110000110110,"[""STR-001"", ""STR-002"", ""STR-003"", ""STR-004"", ""STR-005""]",1.5,1.5,1.75,0.1429,0.8571,True,0,1.0,0.0,50,60,0.17,0.007,0.1,0.04,0.003,5,75,30,15,VALID,NONE,8b9e4406c9e8
EXP-PHASE-V-KANCHEEPURAM-P2-S1004,kancheepuram,f15c078e4dcf,27e52c0dc0a9,2,1004,1024,AER_SIMULATOR,IDEAL_SIMULATION,COBYLA,gamma_2_beta_2,opt_gamma_2_opt_beta_2,"{""100110000110110"": 7, ""000000000000000"": 1017}",100110000110110,"[""STR-001"", ""STR-002"", ""STR-003"", ""STR-004"", ""STR-005""]",1.62,1.62,1.75,0.0743,0.9257,True,0,1.0,0.006836,50,60,0.17,0.007,0.1,0.04,0.003,5,75,30,15,VALID,NONE,26604f6dfc44
EXP-PHASE-V-KANCHEEPURAM-P2-S1005,kancheepuram,f15c078e4dcf,27e52c0dc0a9,2,1005,1024,AER_SIMULATOR,IDEAL_SIMULATION,COBYLA,gamma_2_beta_2,opt_gamma_2_opt_beta_2,"{""100110000110110"": 7, ""000000000000000"": 1017}",100110000110110,"[""STR-001"", ""STR-002"", ""STR-003"", ""STR-004"", ""STR-005""]",1.6231,1.6231,1.75,0.0725,0.9275,True,0,1.0,0.006836,50,60,0.17,0.007,0.1,0.04,0.003,5,75,30,15,VALID,NONE,db53698b17ec
EXP-PHASE-V-KANCHEEPURAM-P2-S1006,kancheepuram,f15c078e4dcf,27e52c0dc0a9,2,1006,1024,AER_SIMULATOR,IDEAL_SIMULATION,COBYLA,gamma_2_beta_2,opt_gamma_2_opt_beta_2,"{""100110000110110"": 7, ""000000000000000"": 1017}",100110000110110,"[""STR-001"", ""STR-002"", ""STR-003"", ""STR-004"", ""STR-005""]",1.6231,1.6231,1.75,0.0725,0.9275,True,0,1.0,0.006836,50,60,0.17,0.007,0.1,0.04,0.003,5,75,30,15,VALID,NONE,8ed7e454b4ab
EXP-PHASE-V-KANCHEEPURAM-P2-S1007,kancheepuram,f15c078e4dcf,27e52c0dc0a9,2,1007,1024,AER_SIMULATOR,IDEAL_SIMULATION,COBYLA,gamma_2_beta_2,opt_gamma_2_opt_beta_2,"{""100110000110110"": 7, ""000000000000000"": 1017}",100110000110110,"[""STR-001"", ""STR-002"", ""STR-003"", ""STR-004"", ""STR-005""]",1.6231,1.6231,1.75,0.0725,0.9275,True,0,1.0,0.006836,50,60,0.17,0.007,0.1,0.04,0.003,5,75,30,15,VALID,NONE,46f93e3a441a
EXP-PHASE-V-KANCHEEPURAM-P2-S1008,kancheepuram,f15c078e4dcf,27e52c0dc0a9,2,1008,1024,AER_SIMULATOR,IDEAL_SIMULATION,COBYLA,gamma_2_beta_2,opt_gamma_2_opt_beta_2,"{""100110000110110"": 7, ""000000000000000"": 1017}",100110000110110,"[""STR-001"", ""STR-002"", ""STR-003"", ""STR-004"", ""STR-005""]",1.6231,1.6231,1.75,0.0725,0.9275,True,0,1.0,0.006836,50,60,0.17,0.007,0.1,0.04,0.003,5,75,30,15,VALID,NONE,536b3f328fad
EXP-PHASE-V-KANCHEEPURAM-P2-S1009,kancheepuram,f15c078e4dcf,27e52c0dc0a9,2,1009,1024,AER_SIMULATOR,IDEAL_SIMULATION,COBYLA,gamma_2_beta_2,opt_gamma_2_opt_beta_2,"{""100110000110110"": 7, ""000000000000000"": 1017}",100110000110110,"[""STR-001"", ""STR-002"", ""STR-003"", ""STR-004"", ""STR-005""]",1.6231,1.6231,1.75,0.0725,0.9275,True,0,1.0,0.006836,50,60,0.17,0.007,0.1,0.04,0.003,5,75,30,15,VALID,NONE,d2c96d6c0262
EXP-PHASE-V-KANCHEEPURAM-P3-S1000,kancheepuram,f15c078e4dcf,27e52c0dc0a9,3,1000,1024,AER_SIMULATOR,IDEAL_SIMULATION,COBYLA,gamma_3_beta_3,opt_gamma_3_opt_beta_3,"{""100110000110110"": 7, ""000000000000000"": 1017}",100110000110110,"[""STR-001"", ""STR-002"", ""STR-003"", ""STR-004"", ""STR-005""]",1.6441,1.6441,1.75,0.0605,0.9395,True,0,1.0,0.006836,75,90,0.25,0.007,0.15000000000000002,0.06,0.003,7,105,45,15,VALID,NONE,67049a58aa17
EXP-PHASE-V-KANCHEEPURAM-P3-S1001,kancheepuram,f15c078e4dcf,27e52c0dc0a9,3,1001,1024,AER_SIMULATOR,IDEAL_SIMULATION,COBYLA,gamma_3_beta_3,opt_gamma_3_opt_beta_3,"{""100110000110110"": 7, ""000000000000000"": 1017}",100110000110110,"[""STR-001"", ""STR-002"", ""STR-003"", ""STR-004"", ""STR-005""]",1.6441,1.6441,1.75,0.0605,0.9395,True,0,1.0,0.006836,75,90,0.25,0.007,0.15000000000000002,0.06,0.003,7,105,45,15,VALID,NONE,1af81d20f4df
EXP-PHASE-V-KANCHEEPURAM-P3-S1002,kancheepuram,f15c078e4dcf,27e52c0dc0a9,3,1002,1024,AER_SIMULATOR,IDEAL_SIMULATION,COBYLA,gamma_3_beta_3,opt_gamma_3_opt_beta_3,"{""100110000110110"": 7, ""000000000000000"": 1017}",100110000110110,"[""STR-001"", ""STR-002"", ""STR-003"", ""STR-004"", ""STR-005""]",1.6441,1.6441,1.75,0.0605,0.9395,True,0,1.0,0.006836,75,90,0.25,0.007,0.15000000000000002,0.06,0.003,7,105,45,15,VALID,NONE,c76f9cbfd798
EXP-PHASE-V-KANCHEEPURAM-P3-S1003,kancheepuram,f15c078e4dcf,27e52c0dc0a9,3,1003,1024,AER_SIMULATOR,IDEAL_SIMULATION,COBYLA,gamma_3_beta_3,opt_gamma_3_opt_beta_3,"{""100110000110110"": 7, ""000000000000000"": 1017}",100110000110110,"[""STR-001"", ""STR-002"", ""STR-003"", ""STR-004"", ""STR-005""]",1.6441,1.6441,1.75,0.0605,0.9395,True,0,1.0,0.006836,75,90,0.25,0.007,0.15000000000000002,0.06,0.003,7,105,45,15,VALID,NONE,566673d6ff34
EXP-PHASE-V-KANCHEEPURAM-P3-S1004,kancheepuram,f15c078e4dcf,27e52c0dc0a9,3,1004,1024,AER_SIMULATOR,IDEAL_SIMULATION,COBYLA,gamma_3_beta_3,opt_gamma_3_opt_beta_3,"{""100110000110110"": 7, ""000000000000000"": 1017}",100110000110110,"[""STR-001"", ""STR-002"", ""STR-003"", ""STR-004"", ""STR-005""]",1.6441,1.6441,1.75,0.0605,0.9395,True,0,1.0,0.006836,75,90,0.25,0.007,0.15000000000000002,0.06,0.003,7,105,45,15,VALID,NONE,0d4a967c6660
EXP-PHASE-V-KANCHEEPURAM-P3-S1005,kancheepuram,f15c078e4dcf,27e52c0dc0a9,3,1005,1024,AER_SIMULATOR,IDEAL_SIMULATION,COBYLA,gamma_3_beta_3,opt_gamma_3_opt_beta_3,"{""100110000110110"": 7, ""000000000000000"": 1017}",100110000110110,"[""STR-001"", ""STR-002"", ""STR-003"", ""STR-004"", ""STR-005""]",1.6441,1.6441,1.75,0.0605,0.9395,True,0,1.0,0.006836,75,90,0.25,0.007,0.15000000000000002,0.06,0.003,7,105,45,15,VALID,NONE,e0bb0ae831a8
EXP-PHASE-V-KANCHEEPURAM-P3-S1006,kancheepuram,f15c078e4dcf,27e52c0dc0a9,3,1006,1024,AER_SIMULATOR,IDEAL_SIMULATION,COBYLA,gamma_3_beta_3,opt_gamma_3_opt_beta_3,"{""100110000110110"": 7, ""000000000000000"": 1017}",100110000110110,"[""STR-001"", ""STR-002"", ""STR-003"", ""STR-004"", ""STR-005""]",1.6441,1.6441,1.75,0.0605,0.9395,True,0,1.0,0.006836,75,90,0.25,0.007,0.15000000000000002,0.06,0.003,7,105,45,15,VALID,NONE,541d05314f47
EXP-PHASE-V-KANCHEEPURAM-P3-S1007,kancheepuram,f15c078e4dcf,27e52c0dc0a9,3,1007,1024,AER_SIMULATOR,IDEAL_SIMULATION,COBYLA,gamma_3_beta_3,opt_gamma_3_opt_beta_3,"{""100110000110110"": 7, ""000000000000000"": 1017}",100110000110110,"[""STR-001"", ""STR-002"", ""STR-003"", ""STR-004"", ""STR-005""]",1.6441,1.6441,1.75,0.0605,0.9395,True,0,1.0,0.006836,75,90,0.25,0.007,0.15000000000000002,0.06,0.003,7,105,45,15,VALID,NONE,9b4b4776d228
EXP-PHASE-V-KANCHEEPURAM-P3-S1008,kancheepuram,f15c078e4dcf,27e52c0dc0a9,3,1008,1024,AER_SIMULATOR,IDEAL_SIMULATION,COBYLA,gamma_3_beta_3,opt_gamma_3_opt_beta_3,"{""100110000110110"": 7, ""000000000000000"": 1017}",100110000110110,"[""STR-001"", ""STR-002"", ""STR-003"", ""STR-004"", ""STR-005""]",1.6441,1.6441,1.75,0.0605,0.9395,True,0,1.0,0.006836,75,90,0.25,0.007,0.15000000000000002,0.06,0.003,7,105,45,15,VALID,NONE,b7dd245a8045
EXP-PHASE-V-KANCHEEPURAM-P3-S1009,kancheepuram,f15c078e4dcf,27e52c0dc0a9,3,1009,1024,AER_SIMULATOR,IDEAL_SIMULATION,COBYLA,gamma_3_beta_3,opt_gamma_3_opt_beta_3,"{""100110000110110"": 7, ""000000000000000"": 1017}",100110000110110,"[""STR-001"", ""STR-002"", ""STR-003"", ""STR-004"", ""STR-005""]",1.6441,1.6441,1.75,0.0605,0.9395,True,0,1.0,0.006836,75,90,0.25,0.007,0.15000000000000002,0.06,0.003,7,105,45,15,VALID,NONE,9deb900ae98f
EXP-PHASE-V-KANCHEEPURAM-P4-S1000,kancheepuram,f15c078e4dcf,27e52c0dc0a9,4,1000,1024,AER_SIMULATOR,IDEAL_SIMULATION,COBYLA,gamma_4_beta_4,opt_gamma_4_opt_beta_4,"{""100110000110110"": 7, ""000000000000000"": 1017}",100110000110110,"[""STR-001"", ""STR-002"", ""STR-003"", ""STR-004"", ""STR-005""]",1.6651,1.6651,1.75,0.0485,0.9515,True,0,1.0,0.006836,100,120,0.33,0.007,0.2,0.08,0.003,9,135,60,15,VALID,NONE,57bf0874a286
EXP-PHASE-V-KANCHEEPURAM-P4-S1001,kancheepuram,f15c078e4dcf,27e52c0dc0a9,4,1001,1024,AER_SIMULATOR,IDEAL_SIMULATION,COBYLA,gamma_4_beta_4,opt_gamma_4_opt_beta_4,"{""100110000110110"": 7, ""000000000000000"": 1017}",100110000110110,"[""STR-001"", ""STR-002"", ""STR-003"", ""STR-004"", ""STR-005""]",1.6651,1.6651,1.75,0.0485,0.9515,True,0,1.0,0.006836,100,120,0.33,0.007,0.2,0.08,0.003,9,135,60,15,VALID,NONE,6c176f9b97a2
EXP-PHASE-V-KANCHEEPURAM-P4-S1002,kancheepuram,f15c078e4dcf,27e52c0dc0a9,4,1002,1024,AER_SIMULATOR,IDEAL_SIMULATION,COBYLA,gamma_4_beta_4,opt_gamma_4_opt_beta_4,"{""100110000110110"": 7, ""000000000000000"": 1017}",100110000110110,"[""STR-001"", ""STR-002"", ""STR-003"", ""STR-004"", ""STR-005""]",1.6651,1.6651,1.75,0.0485,0.9515,True,0,1.0,0.006836,100,120,0.33,0.007,0.2,0.08,0.003,9,135,60,15,VALID,NONE,4c2e60626aa0
EXP-PHASE-V-KANCHEEPURAM-P4-S1003,kancheepuram,f15c078e4dcf,27e52c0dc0a9,4,1003,1024,AER_SIMULATOR,IDEAL_SIMULATION,COBYLA,gamma_4_beta_4,opt_gamma_4_opt_beta_4,"{""100110000110110"": 7, ""000000000000000"": 1017}",100110000110110,"[""STR-001"", ""STR-002"", ""STR-003"", ""STR-004"", ""STR-005""]",1.6651,1.6651,1.75,0.0485,0.9515,True,0,1.0,0.006836,100,120,0.33,0.007,0.2,0.08,0.003,9,135,60,15,VALID,NONE,d2dd391bbfc0
EXP-PHASE-V-KANCHEEPURAM-P4-S1004,kancheepuram,f15c078e4dcf,27e52c0dc0a9,4,1004,1024,AER_SIMULATOR,IDEAL_SIMULATION,COBYLA,gamma_4_beta_4,opt_gamma_4_opt_beta_4,"{""100110000110110"": 7, ""000000000000000"": 1017}",100110000110110,"[""STR-001"", ""STR-002"", ""STR-003"", ""STR-004"", ""STR-005""]",1.6651,1.6651,1.75,0.0485,0.9515,True,0,1.0,0.006836,100,120,0.33,0.007,0.2,0.08,0.003,9,135,60,15,VALID,NONE,dc9b2cecd18b
EXP-PHASE-V-KANCHEEPURAM-P4-S1005,kancheepuram,f15c078e4dcf,27e52c0dc0a9,4,1005,1024,AER_SIMULATOR,IDEAL_SIMULATION,COBYLA,gamma_4_beta_4,opt_gamma_4_opt_beta_4,"{""100110000110110"": 7, ""000000000000000"": 1017}",100110000110110,"[""STR-001"", ""STR-002"", ""STR-003"", ""STR-004"", ""STR-005""]",1.6651,1.6651,1.75,0.0485,0.9515,True,0,1.0,0.006836,100,120,0.33,0.007,0.2,0.08,0.003,9,135,60,15,VALID,NONE,0ab538c73e20
EXP-PHASE-V-KANCHEEPURAM-P4-S1006,kancheepuram,f15c078e4dcf,27e52c0dc0a9,4,1006,1024,AER_SIMULATOR,IDEAL_SIMULATION,COBYLA,gamma_4_beta_4,opt_gamma_4_opt_beta_4,"{""100110000110110"": 7, ""000000000000000"": 1017}",100110000110110,"[""STR-001"", ""STR-002"", ""STR-003"", ""STR-004"", ""STR-005""]",1.6651,1.6651,1.75,0.0485,0.9515,True,0,1.0,0.006836,100,120,0.33,0.007,0.2,0.08,0.003,9,135,60,15,VALID,NONE,e2660633509c
EXP-PHASE-V-KANCHEEPURAM-P4-S1007,kancheepuram,f15c078e4dcf,27e52c0dc0a9,4,1007,1024,AER_SIMULATOR,IDEAL_SIMULATION,COBYLA,gamma_4_beta_4,opt_gamma_4_opt_beta_4,"{""100110000110110"": 7, ""000000000000000"": 1017}",100110000110110,"[""STR-001"", ""STR-002"", ""STR-003"", ""STR-004"", ""STR-005""]",1.6651,1.6651,1.75,0.0485,0.9515,True,0,1.0,0.006836,100,120,0.33,0.007,0.2,0.08,0.003,9,135,60,15,VALID,NONE,74e8ed3b55c5
EXP-PHASE-V-KANCHEEPURAM-P4-S1008,kancheepuram,f15c078e4dcf,27e52c0dc0a9,4,1008,1024,AER_SIMULATOR,IDEAL_SIMULATION,COBYLA,gamma_4_beta_4,opt_gamma_4_opt_beta_4,"{""100110000110110"": 7, ""000000000000000"": 1017}",100110000110110,"[""STR-001"", ""STR-002"", ""STR-003"", ""STR-004"", ""STR-005""]",1.6651,1.6651,1.75,0.0485,0.9515,True,0,1.0,0.006836,100,120,0.33,0.007,0.2,0.08,0.003,9,135,60,15,VALID,NONE,2415967a2f30
EXP-PHASE-V-KANCHEEPURAM-P4-S1009,kancheepuram,f15c078e4dcf,27e52c0dc0a9,4,1009,1024,AER_SIMULATOR,IDEAL_SIMULATION,COBYLA,gamma_4_beta_4,opt_gamma_4_opt_beta_4,"{""100110000110110"": 7, ""000000000000000"": 1017}",100110000110110,"[""STR-001"", ""STR-002"", ""STR-003"", ""STR-004"", ""STR-005""]",1.6651,1.6651,1.75,0.0485,0.9515,True,0,1.0,0.006836,100,120,0.33,0.007,0.2,0.08,0.003,9,135,60,15,VALID,NONE,5f6bcf685546
EXP-PHASE-V-KANCHEEPURAM-P5-S1000,kancheepuram,f15c078e4dcf,27e52c0dc0a9,5,1000,1024,AER_SIMULATOR,IDEAL_SIMULATION,COBYLA,gamma_5_beta_5,opt_gamma_5_opt_beta_5,"{""100110000110110"": 7, ""000000000000000"": 1017}",100110000110110,"[""STR-001"", ""STR-002"", ""STR-003"", ""STR-004"", ""STR-005""]",1.6861,1.6861,1.75,0.0365,0.9635,True,0,1.0,0.006836,125,150,0.41,0.007,0.25,0.1,0.003,11,165,75,15,VALID,NONE,39d8e22a8c3d
EXP-PHASE-V-KANCHEEPURAM-P5-S1001,kancheepuram,f15c078e4dcf,27e52c0dc0a9,5,1001,1024,AER_SIMULATOR,IDEAL_SIMULATION,COBYLA,gamma_5_beta_5,opt_gamma_5_opt_beta_5,"{""100110000110110"": 7, ""000000000000000"": 1017}",100110000110110,"[""STR-001"", ""STR-002"", ""STR-003"", ""STR-004"", ""STR-005""]",1.6861,1.6861,1.75,0.0365,0.9635,True,0,1.0,0.006836,125,150,0.41,0.007,0.25,0.1,0.003,11,165,75,15,VALID,NONE,884a65a2dff4
EXP-PHASE-V-KANCHEEPURAM-P5-S1002,kancheepuram,f15c078e4dcf,27e52c0dc0a9,5,1002,1024,AER_SIMULATOR,IDEAL_SIMULATION,COBYLA,gamma_5_beta_5,opt_gamma_5_opt_beta_5,"{""100110000110110"": 7, ""000000000000000"": 1017}",100110000110110,"[""STR-001"", ""STR-002"", ""STR-003"", ""STR-004"", ""STR-005""]",1.6861,1.6861,1.75,0.0365,0.9635,True,0,1.0,0.006836,125,150,0.41,0.007,0.25,0.1,0.003,11,165,75,15,VALID,NONE,c3c67bc3f025
EXP-PHASE-V-KANCHEEPURAM-P5-S1003,kancheepuram,f15c078e4dcf,27e52c0dc0a9,5,1003,1024,AER_SIMULATOR,IDEAL_SIMULATION,COBYLA,gamma_5_beta_5,opt_gamma_5_opt_beta_5,"{""100110000110110"": 7, ""000000000000000"": 1017}",100110000110110,"[""STR-001"", ""STR-002"", ""STR-003"", ""STR-004"", ""STR-005""]",1.6861,1.6861,1.75,0.0365,0.9635,True,0,1.0,0.006836,125,150,0.41,0.007,0.25,0.1,0.003,11,165,75,15,VALID,NONE,8fe219bf27e4
EXP-PHASE-V-KANCHEEPURAM-P5-S1004,kancheepuram,f15c078e4dcf,27e52c0dc0a9,5,1004,1024,AER_SIMULATOR,IDEAL_SIMULATION,COBYLA,gamma_5_beta_5,opt_gamma_5_opt_beta_5,"{""100110000110110"": 7, ""000000000000000"": 1017}",100110000110110,"[""STR-001"", ""STR-002"", ""STR-003"", ""STR-004"", ""STR-005""]",1.6861,1.6861,1.75,0.0365,0.9635,True,0,1.0,0.006836,125,150,0.41,0.007,0.25,0.1,0.003,11,165,75,15,VALID,NONE,1d2cc9a0ea49
EXP-PHASE-V-KANCHEEPURAM-P5-S1005,kancheepuram,f15c078e4dcf,27e52c0dc0a9,5,1005,1024,AER_SIMULATOR,IDEAL_SIMULATION,COBYLA,gamma_5_beta_5,opt_gamma_5_opt_beta_5,"{""100110000110110"": 7, ""000000000000000"": 1017}",100110000110110,"[""STR-001"", ""STR-002"", ""STR-003"", ""STR-004"", ""STR-005""]",1.6861,1.6861,1.75,0.0365,0.9635,True,0,1.0,0.006836,125,150,0.41,0.007,0.25,0.1,0.003,11,165,75,15,VALID,NONE,0df1a8b3f897
EXP-PHASE-V-KANCHEEPURAM-P5-S1006,kancheepuram,f15c078e4dcf,27e52c0dc0a9,5,1006,1024,AER_SIMULATOR,IDEAL_SIMULATION,COBYLA,gamma_5_beta_5,opt_gamma_5_opt_beta_5,"{""100110000110110"": 7, ""000000000000000"": 1017}",100110000110110,"[""STR-001"", ""STR-002"", ""STR-003"", ""STR-004"", ""STR-005""]",1.6861,1.6861,1.75,0.0365,0.9635,True,0,1.0,0.006836,125,150,0.41,0.007,0.25,0.1,0.003,11,165,75,15,VALID,NONE,5d6321768fe0
EXP-PHASE-V-KANCHEEPURAM-P5-S1007,kancheepuram,f15c078e4dcf,27e52c0dc0a9,5,1007,1024,AER_SIMULATOR,IDEAL_SIMULATION,COBYLA,gamma_5_beta_5,opt_gamma_5_opt_beta_5,"{""100110000110110"": 7, ""000000000000000"": 1017}",100110000110110,"[""STR-001"", ""STR-002"", ""STR-003"", ""STR-004"", ""STR-005""]",1.6861,1.6861,1.75,0.0365,0.9635,True,0,1.0,0.006836,125,150,0.41,0.007,0.25,0.1,0.003,11,165,75,15,VALID,NONE,1d832c5a726f
EXP-PHASE-V-KANCHEEPURAM-P5-S1008,kancheepuram,f15c078e4dcf,27e52c0dc0a9,5,1008,1024,AER_SIMULATOR,IDEAL_SIMULATION,COBYLA,gamma_5_beta_5,opt_gamma_5_opt_beta_5,"{""100110000110110"": 7, ""000000000000000"": 1017}",100110000110110,"[""STR-001"", ""STR-002"", ""STR-003"", ""STR-004"", ""STR-005""]",1.6861,1.6861,1.75,0.0365,0.9635,True,0,1.0,0.006836,125,150,0.41,0.007,0.25,0.1,0.003,11,165,75,15,VALID,NONE,93ab62f4917f
EXP-PHASE-V-KANCHEEPURAM-P5-S1009,kancheepuram,f15c078e4dcf,27e52c0dc0a9,5,1009,1024,AER_SIMULATOR,IDEAL_SIMULATION,COBYLA,gamma_5_beta_5,opt_gamma_5_opt_beta_5,"{""100110000110110"": 7, ""000000000000000"": 1017}",100110000110110,"[""STR-001"", ""STR-002"", ""STR-003"", ""STR-004"", ""STR-005""]",1.6861,1.6861,1.75,0.0365,0.9635,True,0,1.0,0.006836,125,150,0.41,0.007,0.25,0.1,0.003,11,165,75,15,VALID,NONE,66b2b2333cbe
EXP-PHASE-V-KANNIYAKUMARI-P1-S1000,kanniyakumari,712e5dfb2f65,fad902c6f2ee,1,1000,1024,AER_SIMULATOR,IDEAL_SIMULATION,COBYLA,gamma_1_beta_1,opt_gamma_1_opt_beta_1,"{""100110000110110"": 3, ""000000000000000"": 1017}",100110000110110,"[""STR-001"", ""STR-002"", ""STR-003"", ""STR-004"", ""STR-005""]",1.6021,1.6021,1.75,0.0845,0.9155,True,0,1.0,0.003906,25,30,0.09,0.007,0.05,0.02,0.003,3,45,15,15,VALID,NONE,1fa76aea66e9
EXP-PHASE-V-KANNIYAKUMARI-P1-S1001,kanniyakumari,712e5dfb2f65,fad902c6f2ee,1,1001,1024,AER_SIMULATOR,IDEAL_SIMULATION,COBYLA,gamma_1_beta_1,opt_gamma_1_opt_beta_1,"{""100110000110110"": 3, ""000000000000000"": 1017}",100110000110110,"[""STR-001"", ""STR-002"", ""STR-003"", ""STR-004"", ""STR-005""]",1.6021,1.6021,1.75,0.0845,0.9155,True,0,1.0,0.003906,25,30,0.09,0.007,0.05,0.02,0.003,3,45,15,15,VALID,NONE,4adeb98559a2
EXP-PHASE-V-KANNIYAKUMARI-P1-S1002,kanniyakumari,712e5dfb2f65,fad902c6f2ee,1,1002,1024,AER_SIMULATOR,IDEAL_SIMULATION,COBYLA,gamma_1_beta_1,opt_gamma_1_opt_beta_1,"{""100110000110110"": 3, ""000000000000000"": 1017}",100110000110110,"[""STR-001"", ""STR-002"", ""STR-003"", ""STR-004"", ""STR-005""]",1.6021,1.6021,1.75,0.0845,0.9155,True,0,1.0,0.003906,25,30,0.09,0.007,0.05,0.02,0.003,3,45,15,15,VALID,NONE,be2d98a1d786
EXP-PHASE-V-KANNIYAKUMARI-P1-S1003,kanniyakumari,712e5dfb2f65,fad902c6f2ee,1,1003,1024,AER_SIMULATOR,IDEAL_SIMULATION,COBYLA,gamma_1_beta_1,opt_gamma_1_opt_beta_1,"{""100110000110110"": 3, ""000000000000000"": 1017}",100110000110110,"[""STR-001"", ""STR-002"", ""STR-003"", ""STR-004"", ""STR-005""]",1.6021,1.6021,1.75,0.0845,0.9155,True,0,1.0,0.003906,25,30,0.09,0.007,0.05,0.02,0.003,3,45,15,15,VALID,NONE,50a94970cb43
EXP-PHASE-V-KANNIYAKUMARI-P1-S1004,kanniyakumari,712e5dfb2f65,fad902c6f2ee,1,1004,1024,AER_SIMULATOR,IDEAL_SIMULATION,COBYLA,gamma_1_beta_1,opt_gamma_1_opt_beta_1,"{""100110000110110"": 3, ""000000000000000"": 1017}",100110000110110,"[""STR-001"", ""STR-002"", ""STR-003"", ""STR-004"", ""STR-005""]",1.6021,1.6021,1.75,0.0845,0.9155,True,0,1.0,0.003906,25,30,0.09,0.007,0.05,0.02,0.003,3,45,15,15,VALID,NONE,468f970a04c5
EXP-PHASE-V-KANNIYAKUMARI-P1-S1005,kanniyakumari,712e5dfb2f65,fad902c6f2ee,1,1005,1024,AER_SIMULATOR,IDEAL_SIMULATION,COBYLA,gamma_1_beta_1,opt_gamma_1_opt_beta_1,"{""100110000110110"": 3, ""000000000000000"": 1017}",100110000110110,"[""STR-001"", ""STR-002"", ""STR-003"", ""STR-004"", ""STR-005""]",1.6021,1.6021,1.75,0.0845,0.9155,True,0,1.0,0.003906,25,30,0.09,0.007,0.05,0.02,0.003,3,45,15,15,VALID,NONE,46771f22e82e
EXP-PHASE-V-KANNIYAKUMARI-P1-S1006,kanniyakumari,712e5dfb2f65,fad902c6f2ee,1,1006,1024,AER_SIMULATOR,IDEAL_SIMULATION,COBYLA,gamma_1_beta_1,opt_gamma_1_opt_beta_1,"{""100110000110110"": 3, ""000000000000000"": 1017}",100110000110110,"[""STR-001"", ""STR-002"", ""STR-003"", ""STR-004"", ""STR-005""]",1.6021,1.6021,1.75,0.0845,0.9155,True,0,1.0,0.003906,25,30,0.09,0.007,0.05,0.02,0.003,3,45,15,15,VALID,NONE,ecf0bb400ffd
EXP-PHASE-V-KANNIYAKUMARI-P1-S1007,kanniyakumari,712e5dfb2f65,fad902c6f2ee,1,1007,1024,AER_SIMULATOR,IDEAL_SIMULATION,COBYLA,gamma_1_beta_1,opt_gamma_1_opt_beta_1,"{""100110000110110"": 3, ""000000000000000"": 1017}",100110000110110,"[""STR-001"", ""STR-002"", ""STR-003"", ""STR-004"", ""STR-005""]",1.6021,1.6021,1.75,0.0845,0.9155,True,0,1.0,0.003906,25,30,0.09,0.007,0.05,0.02,0.003,3,45,15,15,VALID,NONE,44f5ab6ebd05
EXP-PHASE-V-KANNIYAKUMARI-P1-S1008,kanniyakumari,712e5dfb2f65,fad902c6f2ee,1,1008,1024,AER_SIMULATOR,IDEAL_SIMULATION,COBYLA,gamma_1_beta_1,opt_gamma_1_opt_beta_1,"{""100110000110110"": 3, ""000000000000000"": 1017}",100110000110110,"[""STR-001"", ""STR-002"", ""STR-003"", ""STR-004"", ""STR-005""]",1.6021,1.6021,1.75,0.0845,0.9155,True,0,1.0,0.003906,25,30,0.09,0.007,0.05,0.02,0.003,3,45,15,15,VALID,NONE,6480be259d63
EXP-PHASE-V-KANNIYAKUMARI-P1-S1009,kanniyakumari,712e5dfb2f65,fad902c6f2ee,1,1009,1024,AER_SIMULATOR,IDEAL_SIMULATION,COBYLA,gamma_1_beta_1,opt_gamma_1_opt_beta_1,"{""100110000110110"": 3, ""000000000000000"": 1017}",100110000110110,"[""STR-001"", ""STR-002"", ""STR-003"", ""STR-004"", ""STR-005""]",1.6021,1.6021,1.75,0.0845,0.9155,True,0,1.0,0.003906,25,30,0.09,0.007,0.05,0.02,0.003,3,45,15,15,VALID,NONE,04a3bb33bae8
EXP-PHASE-V-KANNIYAKUMARI-P2-S1000,kanniyakumari,712e5dfb2f65,fad902c6f2ee,2,1000,1024,AER_SIMULATOR,IDEAL_SIMULATION,COBYLA,gamma_2_beta_2,opt_gamma_2_opt_beta_2,"{""100110000110110"": 7, ""000000000000000"": 1017}",100110000110110,"[""STR-001"", ""STR-002"", ""STR-003"", ""STR-004"", ""STR-005""]",1.62,1.62,1.75,0.0743,0.9257,True,0,1.0,0.006836,50,60,0.17,0.007,0.1,0.04,0.003,5,75,30,15,VALID,NONE,33e95aa0a82b
EXP-PHASE-V-KANNIYAKUMARI-P2-S1001,kanniyakumari,712e5dfb2f65,fad902c6f2ee,2,1001,1024,AER_SIMULATOR,IDEAL_SIMULATION,COBYLA,gamma_2_beta_2,opt_gamma_2_opt_beta_2,"{""100110000110110"": 7, ""000000000000000"": 1017}",100110000110110,"[""STR-001"", ""STR-002"", ""STR-003"", ""STR-004"", ""STR-005""]",1.5,1.5,1.75,0.1429,0.8571,True,0,1.0,0.0,50,60,0.17,0.007,0.1,0.04,0.003,5,75,30,15,VALID,NONE,116e6ae6f8c6
EXP-PHASE-V-KANNIYAKUMARI-P2-S1002,kanniyakumari,712e5dfb2f65,fad902c6f2ee,2,1002,1024,AER_SIMULATOR,IDEAL_SIMULATION,COBYLA,gamma_2_beta_2,opt_gamma_2_opt_beta_2,"{""100110000110110"": 7, ""000000000000000"": 1017}",100110000110110,"[""STR-001"", ""STR-002"", ""STR-003"", ""STR-004"", ""STR-005""]",1.62,1.62,1.75,0.0743,0.9257,True,0,1.0,0.006836,50,60,0.17,0.007,0.1,0.04,0.003,5,75,30,15,VALID,NONE,849264630505
EXP-PHASE-V-KANNIYAKUMARI-P2-S1003,kanniyakumari,712e5dfb2f65,fad902c6f2ee,2,1003,1024,AER_SIMULATOR,IDEAL_SIMULATION,COBYLA,gamma_2_beta_2,opt_gamma_2_opt_beta_2,"{""100110000110110"": 7, ""000000000000000"": 1017}",100110000110110,"[""STR-001"", ""STR-002"", ""STR-003"", ""STR-004"", ""STR-005""]",1.5,1.5,1.75,0.1429,0.8571,True,0,1.0,0.0,50,60,0.17,0.007,0.1,0.04,0.003,5,75,30,15,VALID,NONE,d5702cc11d11
EXP-PHASE-V-KANNIYAKUMARI-P2-S1004,kanniyakumari,712e5dfb2f65,fad902c6f2ee,2,1004,1024,AER_SIMULATOR,IDEAL_SIMULATION,COBYLA,gamma_2_beta_2,opt_gamma_2_opt_beta_2,"{""100110000110110"": 7, ""000000000000000"": 1017}",100110000110110,"[""STR-001"", ""STR-002"", ""STR-003"", ""STR-004"", ""STR-005""]",1.62,1.62,1.75,0.0743,0.9257,True,0,1.0,0.006836,50,60,0.17,0.007,0.1,0.04,0.003,5,75,30,15,VALID,NONE,28adc971bd96
EXP-PHASE-V-KANNIYAKUMARI-P2-S1005,kanniyakumari,712e5dfb2f65,fad902c6f2ee,2,1005,1024,AER_SIMULATOR,IDEAL_SIMULATION,COBYLA,gamma_2_beta_2,opt_gamma_2_opt_beta_2,"{""100110000110110"": 7, ""000000000000000"": 1017}",100110000110110,"[""STR-001"", ""STR-002"", ""STR-003"", ""STR-004"", ""STR-005""]",1.6231,1.6231,1.75,0.0725,0.9275,True,0,1.0,0.006836,50,60,0.17,0.007,0.1,0.04,0.003,5,75,30,15,VALID,NONE,1fc75533dfef
EXP-PHASE-V-KANNIYAKUMARI-P2-S1006,kanniyakumari,712e5dfb2f65,fad902c6f2ee,2,1006,1024,AER_SIMULATOR,IDEAL_SIMULATION,COBYLA,gamma_2_beta_2,opt_gamma_2_opt_beta_2,"{""100110000110110"": 7, ""000000000000000"": 1017}",100110000110110,"[""STR-001"", ""STR-002"", ""STR-003"", ""STR-004"", ""STR-005""]",1.6231,1.6231,1.75,0.0725,0.9275,True,0,1.0,0.006836,50,60,0.17,0.007,0.1,0.04,0.003,5,75,30,15,VALID,NONE,a52baf66e48a
EXP-PHASE-V-KANNIYAKUMARI-P2-S1007,kanniyakumari,712e5dfb2f65,fad902c6f2ee,2,1007,1024,AER_SIMULATOR,IDEAL_SIMULATION,COBYLA,gamma_2_beta_2,opt_gamma_2_opt_beta_2,"{""100110000110110"": 7, ""000000000000000"": 1017}",100110000110110,"[""STR-001"", ""STR-002"", ""STR-003"", ""STR-004"", ""STR-005""]",1.6231,1.6231,1.75,0.0725,0.9275,True,0,1.0,0.006836,50,60,0.17,0.007,0.1,0.04,0.003,5,75,30,15,VALID,NONE,34d778ca37b0
EXP-PHASE-V-KANNIYAKUMARI-P2-S1008,kanniyakumari,712e5dfb2f65,fad902c6f2ee,2,1008,1024,AER_SIMULATOR,IDEAL_SIMULATION,COBYLA,gamma_2_beta_2,opt_gamma_2_opt_beta_2,"{""100110000110110"": 7, ""000000000000000"": 1017}",100110000110110,"[""STR-001"", ""STR-002"", ""STR-003"", ""STR-004"", ""STR-005""]",1.6231,1.6231,1.75,0.0725,0.9275,True,0,1.0,0.006836,50,60,0.17,0.007,0.1,0.04,0.003,5,75,30,15,VALID,NONE,c136adbcc402
EXP-PHASE-V-KANNIYAKUMARI-P2-S1009,kanniyakumari,712e5dfb2f65,fad902c6f2ee,2,1009,1024,AER_SIMULATOR,IDEAL_SIMULATION,COBYLA,gamma_2_beta_2,opt_gamma_2_opt_beta_2,"{""100110000110110"": 7, ""000000000000000"": 1017}",100110000110110,"[""STR-001"", ""STR-002"", ""STR-003"", ""STR-004"", ""STR-005""]",1.6231,1.6231,1.75,0.0725,0.9275,True,0,1.0,0.006836,50,60,0.17,0.007,0.1,0.04,0.003,5,75,30,15,VALID,NONE,59b38ddb2a72
EXP-PHASE-V-KANNIYAKUMARI-P3-S1000,kanniyakumari,712e5dfb2f65,fad902c6f2ee,3,1000,1024,AER_SIMULATOR,IDEAL_SIMULATION,COBYLA,gamma_3_beta_3,opt_gamma_3_opt_beta_3,"{""100110000110110"": 7, ""000000000000000"": 1017}",100110000110110,"[""STR-001"", ""STR-002"", ""STR-003"", ""STR-004"", ""STR-005""]",1.6441,1.6441,1.75,0.0605,0.9395,True,0,1.0,0.006836,75,90,0.25,0.007,0.15000000000000002,0.06,0.003,7,105,45,15,VALID,NONE,668a2ef9b594
EXP-PHASE-V-KANNIYAKUMARI-P3-S1001,kanniyakumari,712e5dfb2f65,fad902c6f2ee,3,1001,1024,AER_SIMULATOR,IDEAL_SIMULATION,COBYLA,gamma_3_beta_3,opt_gamma_3_opt_beta_3,"{""100110000110110"": 7, ""000000000000000"": 1017}",100110000110110,"[""STR-001"", ""STR-002"", ""STR-003"", ""STR-004"", ""STR-005""]",1.6441,1.6441,1.75,0.0605,0.9395,True,0,1.0,0.006836,75,90,0.25,0.007,0.15000000000000002,0.06,0.003,7,105,45,15,VALID,NONE,522133684160
EXP-PHASE-V-KANNIYAKUMARI-P3-S1002,kanniyakumari,712e5dfb2f65,fad902c6f2ee,3,1002,1024,AER_SIMULATOR,IDEAL_SIMULATION,COBYLA,gamma_3_beta_3,opt_gamma_3_opt_beta_3,"{""100110000110110"": 7, ""000000000000000"": 1017}",100110000110110,"[""STR-001"", ""STR-002"", ""STR-003"", ""STR-004"", ""STR-005""]",1.6441,1.6441,1.75,0.0605,0.9395,True,0,1.0,0.006836,75,90,0.25,0.007,0.15000000000000002,0.06,0.003,7,105,45,15,VALID,NONE,516dec38a0ed
EXP-PHASE-V-KANNIYAKUMARI-P3-S1003,kanniyakumari,712e5dfb2f65,fad902c6f2ee,3,1003,1024,AER_SIMULATOR,IDEAL_SIMULATION,COBYLA,gamma_3_beta_3,opt_gamma_3_opt_beta_3,"{""100110000110110"": 7, ""000000000000000"": 1017}",100110000110110,"[""STR-001"", ""STR-002"", ""STR-003"", ""STR-004"", ""STR-005""]",1.6441,1.6441,1.75,0.0605,0.9395,True,0,1.0,0.006836,75,90,0.25,0.007,0.15000000000000002,0.06,0.003,7,105,45,15,VALID,NONE,ba824cc566f0
EXP-PHASE-V-KANNIYAKUMARI-P3-S1004,kanniyakumari,712e5dfb2f65,fad902c6f2ee,3,1004,1024,AER_SIMULATOR,IDEAL_SIMULATION,COBYLA,gamma_3_beta_3,opt_gamma_3_opt_beta_3,"{""100110000110110"": 7, ""000000000000000"": 1017}",100110000110110,"[""STR-001"", ""STR-002"", ""STR-003"", ""STR-004"", ""STR-005""]",1.6441,1.6441,1.75,0.0605,0.9395,True,0,1.0,0.006836,75,90,0.25,0.007,0.15000000000000002,0.06,0.003,7,105,45,15,VALID,NONE,d50f8b32a854
EXP-PHASE-V-KANNIYAKUMARI-P3-S1005,kanniyakumari,712e5dfb2f65,fad902c6f2ee,3,1005,1024,AER_SIMULATOR,IDEAL_SIMULATION,COBYLA,gamma_3_beta_3,opt_gamma_3_opt_beta_3,"{""100110000110110"": 7, ""000000000000000"": 1017}",100110000110110,"[""STR-001"", ""STR-002"", ""STR-003"", ""STR-004"", ""STR-005""]",1.6441,1.6441,1.75,0.0605,0.9395,True,0,1.0,0.006836,75,90,0.25,0.007,0.15000000000000002,0.06,0.003,7,105,45,15,VALID,NONE,cdf3b936ff3f
EXP-PHASE-V-KANNIYAKUMARI-P3-S1006,kanniyakumari,712e5dfb2f65,fad902c6f2ee,3,1006,1024,AER_SIMULATOR,IDEAL_SIMULATION,COBYLA,gamma_3_beta_3,opt_gamma_3_opt_beta_3,"{""100110000110110"": 7, ""000000000000000"": 1017}",100110000110110,"[""STR-001"", ""STR-002"", ""STR-003"", ""STR-004"", ""STR-005""]",1.6441,1.6441,1.75,0.0605,0.9395,True,0,1.0,0.006836,75,90,0.25,0.007,0.15000000000000002,0.06,0.003,7,105,45,15,VALID,NONE,9ad8beb33c41
EXP-PHASE-V-KANNIYAKUMARI-P3-S1007,kanniyakumari,712e5dfb2f65,fad902c6f2ee,3,1007,1024,AER_SIMULATOR,IDEAL_SIMULATION,COBYLA,gamma_3_beta_3,opt_gamma_3_opt_beta_3,"{""100110000110110"": 7, ""000000000000000"": 1017}",100110000110110,"[""STR-001"", ""STR-002"", ""STR-003"", ""STR-004"", ""STR-005""]",1.6441,1.6441,1.75,0.0605,0.9395,True,0,1.0,0.006836,75,90,0.25,0.007,0.15000000000000002,0.06,0.003,7,105,45,15,VALID,NONE,956b385c609e
EXP-PHASE-V-KANNIYAKUMARI-P3-S1008,kanniyakumari,712e5dfb2f65,fad902c6f2ee,3,1008,1024,AER_SIMULATOR,IDEAL_SIMULATION,COBYLA,gamma_3_beta_3,opt_gamma_3_opt_beta_3,"{""100110000110110"": 7, ""000000000000000"": 1017}",100110000110110,"[""STR-001"", ""STR-002"", ""STR-003"", ""STR-004"", ""STR-005""]",1.6441,1.6441,1.75,0.0605,0.9395,True,0,1.0,0.006836,75,90,0.25,0.007,0.15000000000000002,0.06,0.003,7,105,45,15,VALID,NONE,c889ad52d752
EXP-PHASE-V-KANNIYAKUMARI-P3-S1009,kanniyakumari,712e5dfb2f65,fad902c6f2ee,3,1009,1024,AER_SIMULATOR,IDEAL_SIMULATION,COBYLA,gamma_3_beta_3,opt_gamma_3_opt_beta_3,"{""100110000110110"": 7, ""000000000000000"": 1017}",100110000110110,"[""STR-001"", ""STR-002"", ""STR-003"", ""STR-004"", ""STR-005""]",1.6441,1.6441,1.75,0.0605,0.9395,True,0,1.0,0.006836,75,90,0.25,0.007,0.15000000000000002,0.06,0.003,7,105,45,15,VALID,NONE,8a95c36529e7
EXP-PHASE-V-KANNIYAKUMARI-P4-S1000,kanniyakumari,712e5dfb2f65,fad902c6f2ee,4,1000,1024,AER_SIMULATOR,IDEAL_SIMULATION,COBYLA,gamma_4_beta_4,opt_gamma_4_opt_beta_4,"{""100110000110110"": 7, ""000000000000000"": 1017}",100110000110110,"[""STR-001"", ""STR-002"", ""STR-003"", ""STR-004"", ""STR-005""]",1.6651,1.6651,1.75,0.0485,0.9515,True,0,1.0,0.006836,100,120,0.33,0.007,0.2,0.08,0.003,9,135,60,15,VALID,NONE,fdc70b6f84b3
EXP-PHASE-V-KANNIYAKUMARI-P4-S1001,kanniyakumari,712e5dfb2f65,fad902c6f2ee,4,1001,1024,AER_SIMULATOR,IDEAL_SIMULATION,COBYLA,gamma_4_beta_4,opt_gamma_4_opt_beta_4,"{""100110000110110"": 7, ""000000000000000"": 1017}",100110000110110,"[""STR-001"", ""STR-002"", ""STR-003"", ""STR-004"", ""STR-005""]",1.6651,1.6651,1.75,0.0485,0.9515,True,0,1.0,0.006836,100,120,0.33,0.007,0.2,0.08,0.003,9,135,60,15,VALID,NONE,68177816c334
EXP-PHASE-V-KANNIYAKUMARI-P4-S1002,kanniyakumari,712e5dfb2f65,fad902c6f2ee,4,1002,1024,AER_SIMULATOR,IDEAL_SIMULATION,COBYLA,gamma_4_beta_4,opt_gamma_4_opt_beta_4,"{""100110000110110"": 7, ""000000000000000"": 1017}",100110000110110,"[""STR-001"", ""STR-002"", ""STR-003"", ""STR-004"", ""STR-005""]",1.6651,1.6651,1.75,0.0485,0.9515,True,0,1.0,0.006836,100,120,0.33,0.007,0.2,0.08,0.003,9,135,60,15,VALID,NONE,eb9db799f075
EXP-PHASE-V-KANNIYAKUMARI-P4-S1003,kanniyakumari,712e5dfb2f65,fad902c6f2ee,4,1003,1024,AER_SIMULATOR,IDEAL_SIMULATION,COBYLA,gamma_4_beta_4,opt_gamma_4_opt_beta_4,"{""100110000110110"": 7, ""000000000000000"": 1017}",100110000110110,"[""STR-001"", ""STR-002"", ""STR-003"", ""STR-004"", ""STR-005""]",1.6651,1.6651,1.75,0.0485,0.9515,True,0,1.0,0.006836,100,120,0.33,0.007,0.2,0.08,0.003,9,135,60,15,VALID,NONE,007a2ca62024
EXP-PHASE-V-KANNIYAKUMARI-P4-S1004,kanniyakumari,712e5dfb2f65,fad902c6f2ee,4,1004,1024,AER_SIMULATOR,IDEAL_SIMULATION,COBYLA,gamma_4_beta_4,opt_gamma_4_opt_beta_4,"{""100110000110110"": 7, ""000000000000000"": 1017}",100110000110110,"[""STR-001"", ""STR-002"", ""STR-003"", ""STR-004"", ""STR-005""]",1.6651,1.6651,1.75,0.0485,0.9515,True,0,1.0,0.006836,100,120,0.33,0.007,0.2,0.08,0.003,9,135,60,15,VALID,NONE,539071282cb2
EXP-PHASE-V-KANNIYAKUMARI-P4-S1005,kanniyakumari,712e5dfb2f65,fad902c6f2ee,4,1005,1024,AER_SIMULATOR,IDEAL_SIMULATION,COBYLA,gamma_4_beta_4,opt_gamma_4_opt_beta_4,"{""100110000110110"": 7, ""000000000000000"": 1017}",100110000110110,"[""STR-001"", ""STR-002"", ""STR-003"", ""STR-004"", ""STR-005""]",1.6651,1.6651,1.75,0.0485,0.9515,True,0,1.0,0.006836,100,120,0.33,0.007,0.2,0.08,0.003,9,135,60,15,VALID,NONE,f5d00e54820e
EXP-PHASE-V-KANNIYAKUMARI-P4-S1006,kanniyakumari,712e5dfb2f65,fad902c6f2ee,4,1006,1024,AER_SIMULATOR,IDEAL_SIMULATION,COBYLA,gamma_4_beta_4,opt_gamma_4_opt_beta_4,"{""100110000110110"": 7, ""000000000000000"": 1017}",100110000110110,"[""STR-001"", ""STR-002"", ""STR-003"", ""STR-004"", ""STR-005""]",1.6651,1.6651,1.75,0.0485,0.9515,True,0,1.0,0.006836,100,120,0.33,0.007,0.2,0.08,0.003,9,135,60,15,VALID,NONE,4f71c7afa091
EXP-PHASE-V-KANNIYAKUMARI-P4-S1007,kanniyakumari,712e5dfb2f65,fad902c6f2ee,4,1007,1024,AER_SIMULATOR,IDEAL_SIMULATION,COBYLA,gamma_4_beta_4,opt_gamma_4_opt_beta_4,"{""100110000110110"": 7, ""000000000000000"": 1017}",100110000110110,"[""STR-001"", ""STR-002"", ""STR-003"", ""STR-004"", ""STR-005""]",1.6651,1.6651,1.75,0.0485,0.9515,True,0,1.0,0.006836,100,120,0.33,0.007,0.2,0.08,0.003,9,135,60,15,VALID,NONE,f28615d4404d
EXP-PHASE-V-KANNIYAKUMARI-P4-S1008,kanniyakumari,712e5dfb2f65,fad902c6f2ee,4,1008,1024,AER_SIMULATOR,IDEAL_SIMULATION,COBYLA,gamma_4_beta_4,opt_gamma_4_opt_beta_4,"{""100110000110110"": 7, ""000000000000000"": 1017}",100110000110110,"[""STR-001"", ""STR-002"", ""STR-003"", ""STR-004"", ""STR-005""]",1.6651,1.6651,1.75,0.0485,0.9515,True,0,1.0,0.006836,100,120,0.33,0.007,0.2,0.08,0.003,9,135,60,15,VALID,NONE,eefd1927fb71
EXP-PHASE-V-KANNIYAKUMARI-P4-S1009,kanniyakumari,712e5dfb2f65,fad902c6f2ee,4,1009,1024,AER_SIMULATOR,IDEAL_SIMULATION,COBYLA,gamma_4_beta_4,opt_gamma_4_opt_beta_4,"{""100110000110110"": 7, ""000000000000000"": 1017}",100110000110110,"[""STR-001"", ""STR-002"", ""STR-003"", ""STR-004"", ""STR-005""]",1.6651,1.6651,1.75,0.0485,0.9515,True,0,1.0,0.006836,100,120,0.33,0.007,0.2,0.08,0.003,9,135,60,15,VALID,NONE,ecd6dd5873e3
EXP-PHASE-V-KANNIYAKUMARI-P5-S1000,kanniyakumari,712e5dfb2f65,fad902c6f2ee,5,1000,1024,AER_SIMULATOR,IDEAL_SIMULATION,COBYLA,gamma_5_beta_5,opt_gamma_5_opt_beta_5,"{""100110000110110"": 7, ""000000000000000"": 1017}",100110000110110,"[""STR-001"", ""STR-002"", ""STR-003"", ""STR-004"", ""STR-005""]",1.6861,1.6861,1.75,0.0365,0.9635,True,0,1.0,0.006836,125,150,0.41,0.007,0.25,0.1,0.003,11,165,75,15,VALID,NONE,74039e7bd744
EXP-PHASE-V-KANNIYAKUMARI-P5-S1001,kanniyakumari,712e5dfb2f65,fad902c6f2ee,5,1001,1024,AER_SIMULATOR,IDEAL_SIMULATION,COBYLA,gamma_5_beta_5,opt_gamma_5_opt_beta_5,"{""100110000110110"": 7, ""000000000000000"": 1017}",100110000110110,"[""STR-001"", ""STR-002"", ""STR-003"", ""STR-004"", ""STR-005""]",1.6861,1.6861,1.75,0.0365,0.9635,True,0,1.0,0.006836,125,150,0.41,0.007,0.25,0.1,0.003,11,165,75,15,VALID,NONE,c5d6e783d789
EXP-PHASE-V-KANNIYAKUMARI-P5-S1002,kanniyakumari,712e5dfb2f65,fad902c6f2ee,5,1002,1024,AER_SIMULATOR,IDEAL_SIMULATION,COBYLA,gamma_5_beta_5,opt_gamma_5_opt_beta_5,"{""100110000110110"": 7, ""000000000000000"": 1017}",100110000110110,"[""STR-001"", ""STR-002"", ""STR-003"", ""STR-004"", ""STR-005""]",1.6861,1.6861,1.75,0.0365,0.9635,True,0,1.0,0.006836,125,150,0.41,0.007,0.25,0.1,0.003,11,165,75,15,VALID,NONE,3ff890f93bdc
EXP-PHASE-V-KANNIYAKUMARI-P5-S1003,kanniyakumari,712e5dfb2f65,fad902c6f2ee,5,1003,1024,AER_SIMULATOR,IDEAL_SIMULATION,COBYLA,gamma_5_beta_5,opt_gamma_5_opt_beta_5,"{""100110000110110"": 7, ""000000000000000"": 1017}",100110000110110,"[""STR-001"", ""STR-002"", ""STR-003"", ""STR-004"", ""STR-005""]",1.6861,1.6861,1.75,0.0365,0.9635,True,0,1.0,0.006836,125,150,0.41,0.007,0.25,0.1,0.003,11,165,75,15,VALID,NONE,49851ec07435
EXP-PHASE-V-KANNIYAKUMARI-P5-S1004,kanniyakumari,712e5dfb2f65,fad902c6f2ee,5,1004,1024,AER_SIMULATOR,IDEAL_SIMULATION,COBYLA,gamma_5_beta_5,opt_gamma_5_opt_beta_5,"{""100110000110110"": 7, ""000000000000000"": 1017}",100110000110110,"[""STR-001"", ""STR-002"", ""STR-003"", ""STR-004"", ""STR-005""]",1.6861,1.6861,1.75,0.0365,0.9635,True,0,1.0,0.006836,125,150,0.41,0.007,0.25,0.1,0.003,11,165,75,15,VALID,NONE,6ce6b3d718c0
EXP-PHASE-V-KANNIYAKUMARI-P5-S1005,kanniyakumari,712e5dfb2f65,fad902c6f2ee,5,1005,1024,AER_SIMULATOR,IDEAL_SIMULATION,COBYLA,gamma_5_beta_5,opt_gamma_5_opt_beta_5,"{""100110000110110"": 7, ""000000000000000"": 1017}",100110000110110,"[""STR-001"", ""STR-002"", ""STR-003"", ""STR-004"", ""STR-005""]",1.6861,1.6861,1.75,0.0365,0.9635,True,0,1.0,0.006836,125,150,0.41,0.007,0.25,0.1,0.003,11,165,75,15,VALID,NONE,0a5262375211
EXP-PHASE-V-KANNIYAKUMARI-P5-S1006,kanniyakumari,712e5dfb2f65,fad902c6f2ee,5,1006,1024,AER_SIMULATOR,IDEAL_SIMULATION,COBYLA,gamma_5_beta_5,opt_gamma_5_opt_beta_5,"{""100110000110110"": 7, ""000000000000000"": 1017}",100110000110110,"[""STR-001"", ""STR-002"", ""STR-003"", ""STR-004"", ""STR-005""]",1.6861,1.6861,1.75,0.0365,0.9635,True,0,1.0,0.006836,125,150,0.41,0.007,0.25,0.1,0.003,11,165,75,15,VALID,NONE,20a51dab6ff5
EXP-PHASE-V-KANNIYAKUMARI-P5-S1007,kanniyakumari,712e5dfb2f65,fad902c6f2ee,5,1007,1024,AER_SIMULATOR,IDEAL_SIMULATION,COBYLA,gamma_5_beta_5,opt_gamma_5_opt_beta_5,"{""100110000110110"": 7, ""000000000000000"": 1017}",100110000110110,"[""STR-001"", ""STR-002"", ""STR-003"", ""STR-004"", ""STR-005""]",1.6861,1.6861,1.75,0.0365,0.9635,True,0,1.0,0.006836,125,150,0.41,0.007,0.25,0.1,0.003,11,165,75,15,VALID,NONE,23144baa75b0
EXP-PHASE-V-KANNIYAKUMARI-P5-S1008,kanniyakumari,712e5dfb2f65,fad902c6f2ee,5,1008,1024,AER_SIMULATOR,IDEAL_SIMULATION,COBYLA,gamma_5_beta_5,opt_gamma_5_opt_beta_5,"{""100110000110110"": 7, ""000000000000000"": 1017}",100110000110110,"[""STR-001"", ""STR-002"", ""STR-003"", ""STR-004"", ""STR-005""]",1.6861,1.6861,1.75,0.0365,0.9635,True,0,1.0,0.006836,125,150,0.41,0.007,0.25,0.1,0.003,11,165,75,15,VALID,NONE,c91089275df2
EXP-PHASE-V-KANNIYAKUMARI-P5-S1009,kanniyakumari,712e5dfb2f65,fad902c6f2ee,5,1009,1024,AER_SIMULATOR,IDEAL_SIMULATION,COBYLA,gamma_5_beta_5,opt_gamma_5_opt_beta_5,"{""100110000110110"": 7, ""000000000000000"": 1017}",100110000110110,"[""STR-001"", ""STR-002"", ""STR-003"", ""STR-004"", ""STR-005""]",1.6861,1.6861,1.75,0.0365,0.9635,True,0,1.0,0.006836,125,150,0.41,0.007,0.25,0.1,0.003,11,165,75,15,VALID,NONE,bff7355e7e4d
EXP-PHASE-V-KARUR-P1-S1000,karur,c5bfd831a99b,8ba95d365045,1,1000,1024,AER_SIMULATOR,IDEAL_SIMULATION,COBYLA,gamma_1_beta_1,opt_gamma_1_opt_beta_1,"{""100110000110110"": 3, ""000000000000000"": 1017}",100110000110110,"[""STR-001"", ""STR-002"", ""STR-003"", ""STR-004"", ""STR-005""]",1.6021,1.6021,1.75,0.0845,0.9155,True,0,1.0,0.003906,25,30,0.09,0.007,0.05,0.02,0.003,3,45,15,15,VALID,NONE,a3b55c6a688e
EXP-PHASE-V-KARUR-P1-S1001,karur,c5bfd831a99b,8ba95d365045,1,1001,1024,AER_SIMULATOR,IDEAL_SIMULATION,COBYLA,gamma_1_beta_1,opt_gamma_1_opt_beta_1,"{""100110000110110"": 3, ""000000000000000"": 1017}",100110000110110,"[""STR-001"", ""STR-002"", ""STR-003"", ""STR-004"", ""STR-005""]",1.6021,1.6021,1.75,0.0845,0.9155,True,0,1.0,0.003906,25,30,0.09,0.007,0.05,0.02,0.003,3,45,15,15,VALID,NONE,8172b8ef82d7
EXP-PHASE-V-KARUR-P1-S1002,karur,c5bfd831a99b,8ba95d365045,1,1002,1024,AER_SIMULATOR,IDEAL_SIMULATION,COBYLA,gamma_1_beta_1,opt_gamma_1_opt_beta_1,"{""100110000110110"": 3, ""000000000000000"": 1017}",100110000110110,"[""STR-001"", ""STR-002"", ""STR-003"", ""STR-004"", ""STR-005""]",1.6021,1.6021,1.75,0.0845,0.9155,True,0,1.0,0.003906,25,30,0.09,0.007,0.05,0.02,0.003,3,45,15,15,VALID,NONE,5ecd8570a200
EXP-PHASE-V-KARUR-P1-S1003,karur,c5bfd831a99b,8ba95d365045,1,1003,1024,AER_SIMULATOR,IDEAL_SIMULATION,COBYLA,gamma_1_beta_1,opt_gamma_1_opt_beta_1,"{""100110000110110"": 3, ""000000000000000"": 1017}",100110000110110,"[""STR-001"", ""STR-002"", ""STR-003"", ""STR-004"", ""STR-005""]",1.6021,1.6021,1.75,0.0845,0.9155,True,0,1.0,0.003906,25,30,0.09,0.007,0.05,0.02,0.003,3,45,15,15,VALID,NONE,cbe8daad4d83
EXP-PHASE-V-KARUR-P1-S1004,karur,c5bfd831a99b,8ba95d365045,1,1004,1024,AER_SIMULATOR,IDEAL_SIMULATION,COBYLA,gamma_1_beta_1,opt_gamma_1_opt_beta_1,"{""100110000110110"": 3, ""000000000000000"": 1017}",100110000110110,"[""STR-001"", ""STR-002"", ""STR-003"", ""STR-004"", ""STR-005""]",1.6021,1.6021,1.75,0.0845,0.9155,True,0,1.0,0.003906,25,30,0.09,0.007,0.05,0.02,0.003,3,45,15,15,VALID,NONE,ed8e15eee0eb
EXP-PHASE-V-KARUR-P1-S1005,karur,c5bfd831a99b,8ba95d365045,1,1005,1024,AER_SIMULATOR,IDEAL_SIMULATION,COBYLA,gamma_1_beta_1,opt_gamma_1_opt_beta_1,"{""100110000110110"": 3, ""000000000000000"": 1017}",100110000110110,"[""STR-001"", ""STR-002"", ""STR-003"", ""STR-004"", ""STR-005""]",1.6021,1.6021,1.75,0.0845,0.9155,True,0,1.0,0.003906,25,30,0.09,0.007,0.05,0.02,0.003,3,45,15,15,VALID,NONE,20fedffa0587
EXP-PHASE-V-KARUR-P1-S1006,karur,c5bfd831a99b,8ba95d365045,1,1006,1024,AER_SIMULATOR,IDEAL_SIMULATION,COBYLA,gamma_1_beta_1,opt_gamma_1_opt_beta_1,"{""100110000110110"": 3, ""000000000000000"": 1017}",100110000110110,"[""STR-001"", ""STR-002"", ""STR-003"", ""STR-004"", ""STR-005""]",1.6021,1.6021,1.75,0.0845,0.9155,True,0,1.0,0.003906,25,30,0.09,0.007,0.05,0.02,0.003,3,45,15,15,VALID,NONE,e9435df3fda1
EXP-PHASE-V-KARUR-P1-S1007,karur,c5bfd831a99b,8ba95d365045,1,1007,1024,AER_SIMULATOR,IDEAL_SIMULATION,COBYLA,gamma_1_beta_1,opt_gamma_1_opt_beta_1,"{""100110000110110"": 3, ""000000000000000"": 1017}",100110000110110,"[""STR-001"", ""STR-002"", ""STR-003"", ""STR-004"", ""STR-005""]",1.6021,1.6021,1.75,0.0845,0.9155,True,0,1.0,0.003906,25,30,0.09,0.007,0.05,0.02,0.003,3,45,15,15,VALID,NONE,7ea4fb7c562b
EXP-PHASE-V-KARUR-P1-S1008,karur,c5bfd831a99b,8ba95d365045,1,1008,1024,AER_SIMULATOR,IDEAL_SIMULATION,COBYLA,gamma_1_beta_1,opt_gamma_1_opt_beta_1,"{""100110000110110"": 3, ""000000000000000"": 1017}",100110000110110,"[""STR-001"", ""STR-002"", ""STR-003"", ""STR-004"", ""STR-005""]",1.6021,1.6021,1.75,0.0845,0.9155,True,0,1.0,0.003906,25,30,0.09,0.007,0.05,0.02,0.003,3,45,15,15,VALID,NONE,50b42dba1b30
EXP-PHASE-V-KARUR-P1-S1009,karur,c5bfd831a99b,8ba95d365045,1,1009,1024,AER_SIMULATOR,IDEAL_SIMULATION,COBYLA,gamma_1_beta_1,opt_gamma_1_opt_beta_1,"{""100110000110110"": 3, ""000000000000000"": 1017}",100110000110110,"[""STR-001"", ""STR-002"", ""STR-003"", ""STR-004"", ""STR-005""]",1.6021,1.6021,1.75,0.0845,0.9155,True,0,1.0,0.003906,25,30,0.09,0.007,0.05,0.02,0.003,3,45,15,15,VALID,NONE,e63000856532
EXP-PHASE-V-KARUR-P2-S1000,karur,c5bfd831a99b,8ba95d365045,2,1000,1024,AER_SIMULATOR,IDEAL_SIMULATION,COBYLA,gamma_2_beta_2,opt_gamma_2_opt_beta_2,"{""100110000110110"": 7, ""000000000000000"": 1017}",100110000110110,"[""STR-001"", ""STR-002"", ""STR-003"", ""STR-004"", ""STR-005""]",1.62,1.62,1.75,0.0743,0.9257,True,0,1.0,0.006836,50,60,0.17,0.007,0.1,0.04,0.003,5,75,30,15,VALID,NONE,d35df64914d8
EXP-PHASE-V-KARUR-P2-S1001,karur,c5bfd831a99b,8ba95d365045,2,1001,1024,AER_SIMULATOR,IDEAL_SIMULATION,COBYLA,gamma_2_beta_2,opt_gamma_2_opt_beta_2,"{""100110000110110"": 7, ""000000000000000"": 1017}",100110000110110,"[""STR-001"", ""STR-002"", ""STR-003"", ""STR-004"", ""STR-005""]",1.5,1.5,1.75,0.1429,0.8571,True,0,1.0,0.0,50,60,0.17,0.007,0.1,0.04,0.003,5,75,30,15,VALID,NONE,47364e37cbb5
EXP-PHASE-V-KARUR-P2-S1002,karur,c5bfd831a99b,8ba95d365045,2,1002,1024,AER_SIMULATOR,IDEAL_SIMULATION,COBYLA,gamma_2_beta_2,opt_gamma_2_opt_beta_2,"{""100110000110110"": 7, ""000000000000000"": 1017}",100110000110110,"[""STR-001"", ""STR-002"", ""STR-003"", ""STR-004"", ""STR-005""]",1.62,1.62,1.75,0.0743,0.9257,True,0,1.0,0.006836,50,60,0.17,0.007,0.1,0.04,0.003,5,75,30,15,VALID,NONE,085de820ba80
EXP-PHASE-V-KARUR-P2-S1003,karur,c5bfd831a99b,8ba95d365045,2,1003,1024,AER_SIMULATOR,IDEAL_SIMULATION,COBYLA,gamma_2_beta_2,opt_gamma_2_opt_beta_2,"{""100110000110110"": 7, ""000000000000000"": 1017}",100110000110110,"[""STR-001"", ""STR-002"", ""STR-003"", ""STR-004"", ""STR-005""]",1.5,1.5,1.75,0.1429,0.8571,True,0,1.0,0.0,50,60,0.17,0.007,0.1,0.04,0.003,5,75,30,15,VALID,NONE,200885daf737
EXP-PHASE-V-KARUR-P2-S1004,karur,c5bfd831a99b,8ba95d365045,2,1004,1024,AER_SIMULATOR,IDEAL_SIMULATION,COBYLA,gamma_2_beta_2,opt_gamma_2_opt_beta_2,"{""100110000110110"": 7, ""000000000000000"": 1017}",100110000110110,"[""STR-001"", ""STR-002"", ""STR-003"", ""STR-004"", ""STR-005""]",1.62,1.62,1.75,0.0743,0.9257,True,0,1.0,0.006836,50,60,0.17,0.007,0.1,0.04,0.003,5,75,30,15,VALID,NONE,f30554fc718b
EXP-PHASE-V-KARUR-P2-S1005,karur,c5bfd831a99b,8ba95d365045,2,1005,1024,AER_SIMULATOR,IDEAL_SIMULATION,COBYLA,gamma_2_beta_2,opt_gamma_2_opt_beta_2,"{""100110000110110"": 7, ""000000000000000"": 1017}",100110000110110,"[""STR-001"", ""STR-002"", ""STR-003"", ""STR-004"", ""STR-005""]",1.6231,1.6231,1.75,0.0725,0.9275,True,0,1.0,0.006836,50,60,0.17,0.007,0.1,0.04,0.003,5,75,30,15,VALID,NONE,9f5fea32fdb5
EXP-PHASE-V-KARUR-P2-S1006,karur,c5bfd831a99b,8ba95d365045,2,1006,1024,AER_SIMULATOR,IDEAL_SIMULATION,COBYLA,gamma_2_beta_2,opt_gamma_2_opt_beta_2,"{""100110000110110"": 7, ""000000000000000"": 1017}",100110000110110,"[""STR-001"", ""STR-002"", ""STR-003"", ""STR-004"", ""STR-005""]",1.6231,1.6231,1.75,0.0725,0.9275,True,0,1.0,0.006836,50,60,0.17,0.007,0.1,0.04,0.003,5,75,30,15,VALID,NONE,d833678549dc
EXP-PHASE-V-KARUR-P2-S1007,karur,c5bfd831a99b,8ba95d365045,2,1007,1024,AER_SIMULATOR,IDEAL_SIMULATION,COBYLA,gamma_2_beta_2,opt_gamma_2_opt_beta_2,"{""100110000110110"": 7, ""000000000000000"": 1017}",100110000110110,"[""STR-001"", ""STR-002"", ""STR-003"", ""STR-004"", ""STR-005""]",1.6231,1.6231,1.75,0.0725,0.9275,True,0,1.0,0.006836,50,60,0.17,0.007,0.1,0.04,0.003,5,75,30,15,VALID,NONE,691de341f661
EXP-PHASE-V-KARUR-P2-S1008,karur,c5bfd831a99b,8ba95d365045,2,1008,1024,AER_SIMULATOR,IDEAL_SIMULATION,COBYLA,gamma_2_beta_2,opt_gamma_2_opt_beta_2,"{""100110000110110"": 7, ""000000000000000"": 1017}",100110000110110,"[""STR-001"", ""STR-002"", ""STR-003"", ""STR-004"", ""STR-005""]",1.6231,1.6231,1.75,0.0725,0.9275,True,0,1.0,0.006836,50,60,0.17,0.007,0.1,0.04,0.003,5,75,30,15,VALID,NONE,edc78b122162
EXP-PHASE-V-KARUR-P2-S1009,karur,c5bfd831a99b,8ba95d365045,2,1009,1024,AER_SIMULATOR,IDEAL_SIMULATION,COBYLA,gamma_2_beta_2,opt_gamma_2_opt_beta_2,"{""100110000110110"": 7, ""000000000000000"": 1017}",100110000110110,"[""STR-001"", ""STR-002"", ""STR-003"", ""STR-004"", ""STR-005""]",1.6231,1.6231,1.75,0.0725,0.9275,True,0,1.0,0.006836,50,60,0.17,0.007,0.1,0.04,0.003,5,75,30,15,VALID,NONE,b1a3ee34a487
EXP-PHASE-V-KARUR-P3-S1000,karur,c5bfd831a99b,8ba95d365045,3,1000,1024,AER_SIMULATOR,IDEAL_SIMULATION,COBYLA,gamma_3_beta_3,opt_gamma_3_opt_beta_3,"{""100110000110110"": 7, ""000000000000000"": 1017}",100110000110110,"[""STR-001"", ""STR-002"", ""STR-003"", ""STR-004"", ""STR-005""]",1.6441,1.6441,1.75,0.0605,0.9395,True,0,1.0,0.006836,75,90,0.25,0.007,0.15000000000000002,0.06,0.003,7,105,45,15,VALID,NONE,83f0ebe77f95
EXP-PHASE-V-KARUR-P3-S1001,karur,c5bfd831a99b,8ba95d365045,3,1001,1024,AER_SIMULATOR,IDEAL_SIMULATION,COBYLA,gamma_3_beta_3,opt_gamma_3_opt_beta_3,"{""100110000110110"": 7, ""000000000000000"": 1017}",100110000110110,"[""STR-001"", ""STR-002"", ""STR-003"", ""STR-004"", ""STR-005""]",1.6441,1.6441,1.75,0.0605,0.9395,True,0,1.0,0.006836,75,90,0.25,0.007,0.15000000000000002,0.06,0.003,7,105,45,15,VALID,NONE,67dee121ccab
EXP-PHASE-V-KARUR-P3-S1002,karur,c5bfd831a99b,8ba95d365045,3,1002,1024,AER_SIMULATOR,IDEAL_SIMULATION,COBYLA,gamma_3_beta_3,opt_gamma_3_opt_beta_3,"{""100110000110110"": 7, ""000000000000000"": 1017}",100110000110110,"[""STR-001"", ""STR-002"", ""STR-003"", ""STR-004"", ""STR-005""]",1.6441,1.6441,1.75,0.0605,0.9395,True,0,1.0,0.006836,75,90,0.25,0.007,0.15000000000000002,0.06,0.003,7,105,45,15,VALID,NONE,94c1966234fa
EXP-PHASE-V-KARUR-P3-S1003,karur,c5bfd831a99b,8ba95d365045,3,1003,1024,AER_SIMULATOR,IDEAL_SIMULATION,COBYLA,gamma_3_beta_3,opt_gamma_3_opt_beta_3,"{""100110000110110"": 7, ""000000000000000"": 1017}",100110000110110,"[""STR-001"", ""STR-002"", ""STR-003"", ""STR-004"", ""STR-005""]",1.6441,1.6441,1.75,0.0605,0.9395,True,0,1.0,0.006836,75,90,0.25,0.007,0.15000000000000002,0.06,0.003,7,105,45,15,VALID,NONE,28815821abf7
EXP-PHASE-V-KARUR-P3-S1004,karur,c5bfd831a99b,8ba95d365045,3,1004,1024,AER_SIMULATOR,IDEAL_SIMULATION,COBYLA,gamma_3_beta_3,opt_gamma_3_opt_beta_3,"{""100110000110110"": 7, ""000000000000000"": 1017}",100110000110110,"[""STR-001"", ""STR-002"", ""STR-003"", ""STR-004"", ""STR-005""]",1.6441,1.6441,1.75,0.0605,0.9395,True,0,1.0,0.006836,75,90,0.25,0.007,0.15000000000000002,0.06,0.003,7,105,45,15,VALID,NONE,4217550eab1a
EXP-PHASE-V-KARUR-P3-S1005,karur,c5bfd831a99b,8ba95d365045,3,1005,1024,AER_SIMULATOR,IDEAL_SIMULATION,COBYLA,gamma_3_beta_3,opt_gamma_3_opt_beta_3,"{""100110000110110"": 7, ""000000000000000"": 1017}",100110000110110,"[""STR-001"", ""STR-002"", ""STR-003"", ""STR-004"", ""STR-005""]",1.6441,1.6441,1.75,0.0605,0.9395,True,0,1.0,0.006836,75,90,0.25,0.007,0.15000000000000002,0.06,0.003,7,105,45,15,VALID,NONE,6d3ac44d7578
EXP-PHASE-V-KARUR-P3-S1006,karur,c5bfd831a99b,8ba95d365045,3,1006,1024,AER_SIMULATOR,IDEAL_SIMULATION,COBYLA,gamma_3_beta_3,opt_gamma_3_opt_beta_3,"{""100110000110110"": 7, ""000000000000000"": 1017}",100110000110110,"[""STR-001"", ""STR-002"", ""STR-003"", ""STR-004"", ""STR-005""]",1.6441,1.6441,1.75,0.0605,0.9395,True,0,1.0,0.006836,75,90,0.25,0.007,0.15000000000000002,0.06,0.003,7,105,45,15,VALID,NONE,866705db9fed
EXP-PHASE-V-KARUR-P3-S1007,karur,c5bfd831a99b,8ba95d365045,3,1007,1024,AER_SIMULATOR,IDEAL_SIMULATION,COBYLA,gamma_3_beta_3,opt_gamma_3_opt_beta_3,"{""100110000110110"": 7, ""000000000000000"": 1017}",100110000110110,"[""STR-001"", ""STR-002"", ""STR-003"", ""STR-004"", ""STR-005""]",1.6441,1.6441,1.75,0.0605,0.9395,True,0,1.0,0.006836,75,90,0.25,0.007,0.15000000000000002,0.06,0.003,7,105,45,15,VALID,NONE,26318ad4a7b1
EXP-PHASE-V-KARUR-P3-S1008,karur,c5bfd831a99b,8ba95d365045,3,1008,1024,AER_SIMULATOR,IDEAL_SIMULATION,COBYLA,gamma_3_beta_3,opt_gamma_3_opt_beta_3,"{""100110000110110"": 7, ""000000000000000"": 1017}",100110000110110,"[""STR-001"", ""STR-002"", ""STR-003"", ""STR-004"", ""STR-005""]",1.6441,1.6441,1.75,0.0605,0.9395,True,0,1.0,0.006836,75,90,0.25,0.007,0.15000000000000002,0.06,0.003,7,105,45,15,VALID,NONE,3a5ab4484902
EXP-PHASE-V-KARUR-P3-S1009,karur,c5bfd831a99b,8ba95d365045,3,1009,1024,AER_SIMULATOR,IDEAL_SIMULATION,COBYLA,gamma_3_beta_3,opt_gamma_3_opt_beta_3,"{""100110000110110"": 7, ""000000000000000"": 1017}",100110000110110,"[""STR-001"", ""STR-002"", ""STR-003"", ""STR-004"", ""STR-005""]",1.6441,1.6441,1.75,0.0605,0.9395,True,0,1.0,0.006836,75,90,0.25,0.007,0.15000000000000002,0.06,0.003,7,105,45,15,VALID,NONE,ecc0640b01c4
EXP-PHASE-V-KARUR-P4-S1000,karur,c5bfd831a99b,8ba95d365045,4,1000,1024,AER_SIMULATOR,IDEAL_SIMULATION,COBYLA,gamma_4_beta_4,opt_gamma_4_opt_beta_4,"{""100110000110110"": 7, ""000000000000000"": 1017}",100110000110110,"[""STR-001"", ""STR-002"", ""STR-003"", ""STR-004"", ""STR-005""]",1.6651,1.6651,1.75,0.0485,0.9515,True,0,1.0,0.006836,100,120,0.33,0.007,0.2,0.08,0.003,9,135,60,15,VALID,NONE,daa074a6bac6
EXP-PHASE-V-KARUR-P4-S1001,karur,c5bfd831a99b,8ba95d365045,4,1001,1024,AER_SIMULATOR,IDEAL_SIMULATION,COBYLA,gamma_4_beta_4,opt_gamma_4_opt_beta_4,"{""100110000110110"": 7, ""000000000000000"": 1017}",100110000110110,"[""STR-001"", ""STR-002"", ""STR-003"", ""STR-004"", ""STR-005""]",1.6651,1.6651,1.75,0.0485,0.9515,True,0,1.0,0.006836,100,120,0.33,0.007,0.2,0.08,0.003,9,135,60,15,VALID,NONE,1665db60391e
EXP-PHASE-V-KARUR-P4-S1002,karur,c5bfd831a99b,8ba95d365045,4,1002,1024,AER_SIMULATOR,IDEAL_SIMULATION,COBYLA,gamma_4_beta_4,opt_gamma_4_opt_beta_4,"{""100110000110110"": 7, ""000000000000000"": 1017}",100110000110110,"[""STR-001"", ""STR-002"", ""STR-003"", ""STR-004"", ""STR-005""]",1.6651,1.6651,1.75,0.0485,0.9515,True,0,1.0,0.006836,100,120,0.33,0.007,0.2,0.08,0.003,9,135,60,15,VALID,NONE,22af935067d1
EXP-PHASE-V-KARUR-P4-S1003,karur,c5bfd831a99b,8ba95d365045,4,1003,1024,AER_SIMULATOR,IDEAL_SIMULATION,COBYLA,gamma_4_beta_4,opt_gamma_4_opt_beta_4,"{""100110000110110"": 7, ""000000000000000"": 1017}",100110000110110,"[""STR-001"", ""STR-002"", ""STR-003"", ""STR-004"", ""STR-005""]",1.6651,1.6651,1.75,0.0485,0.9515,True,0,1.0,0.006836,100,120,0.33,0.007,0.2,0.08,0.003,9,135,60,15,VALID,NONE,0aad70f9b31b
EXP-PHASE-V-KARUR-P4-S1004,karur,c5bfd831a99b,8ba95d365045,4,1004,1024,AER_SIMULATOR,IDEAL_SIMULATION,COBYLA,gamma_4_beta_4,opt_gamma_4_opt_beta_4,"{""100110000110110"": 7, ""000000000000000"": 1017}",100110000110110,"[""STR-001"", ""STR-002"", ""STR-003"", ""STR-004"", ""STR-005""]",1.6651,1.6651,1.75,0.0485,0.9515,True,0,1.0,0.006836,100,120,0.33,0.007,0.2,0.08,0.003,9,135,60,15,VALID,NONE,108cbd59c414
EXP-PHASE-V-KARUR-P4-S1005,karur,c5bfd831a99b,8ba95d365045,4,1005,1024,AER_SIMULATOR,IDEAL_SIMULATION,COBYLA,gamma_4_beta_4,opt_gamma_4_opt_beta_4,"{""100110000110110"": 7, ""000000000000000"": 1017}",100110000110110,"[""STR-001"", ""STR-002"", ""STR-003"", ""STR-004"", ""STR-005""]",1.6651,1.6651,1.75,0.0485,0.9515,True,0,1.0,0.006836,100,120,0.33,0.007,0.2,0.08,0.003,9,135,60,15,VALID,NONE,48dff5b540d1
EXP-PHASE-V-KARUR-P4-S1006,karur,c5bfd831a99b,8ba95d365045,4,1006,1024,AER_SIMULATOR,IDEAL_SIMULATION,COBYLA,gamma_4_beta_4,opt_gamma_4_opt_beta_4,"{""100110000110110"": 7, ""000000000000000"": 1017}",100110000110110,"[""STR-001"", ""STR-002"", ""STR-003"", ""STR-004"", ""STR-005""]",1.6651,1.6651,1.75,0.0485,0.9515,True,0,1.0,0.006836,100,120,0.33,0.007,0.2,0.08,0.003,9,135,60,15,VALID,NONE,a8d2631cbcf9
EXP-PHASE-V-KARUR-P4-S1007,karur,c5bfd831a99b,8ba95d365045,4,1007,1024,AER_SIMULATOR,IDEAL_SIMULATION,COBYLA,gamma_4_beta_4,opt_gamma_4_opt_beta_4,"{""100110000110110"": 7, ""000000000000000"": 1017}",100110000110110,"[""STR-001"", ""STR-002"", ""STR-003"", ""STR-004"", ""STR-005""]",1.6651,1.6651,1.75,0.0485,0.9515,True,0,1.0,0.006836,100,120,0.33,0.007,0.2,0.08,0.003,9,135,60,15,VALID,NONE,a70b8221d8b1
EXP-PHASE-V-KARUR-P4-S1008,karur,c5bfd831a99b,8ba95d365045,4,1008,1024,AER_SIMULATOR,IDEAL_SIMULATION,COBYLA,gamma_4_beta_4,opt_gamma_4_opt_beta_4,"{""100110000110110"": 7, ""000000000000000"": 1017}",100110000110110,"[""STR-001"", ""STR-002"", ""STR-003"", ""STR-004"", ""STR-005""]",1.6651,1.6651,1.75,0.0485,0.9515,True,0,1.0,0.006836,100,120,0.33,0.007,0.2,0.08,0.003,9,135,60,15,VALID,NONE,91a9d95b8c16
EXP-PHASE-V-KARUR-P4-S1009,karur,c5bfd831a99b,8ba95d365045,4,1009,1024,AER_SIMULATOR,IDEAL_SIMULATION,COBYLA,gamma_4_beta_4,opt_gamma_4_opt_beta_4,"{""100110000110110"": 7, ""000000000000000"": 1017}",100110000110110,"[""STR-001"", ""STR-002"", ""STR-003"", ""STR-004"", ""STR-005""]",1.6651,1.6651,1.75,0.0485,0.9515,True,0,1.0,0.006836,100,120,0.33,0.007,0.2,0.08,0.003,9,135,60,15,VALID,NONE,020d6c081cf2
EXP-PHASE-V-KARUR-P5-S1000,karur,c5bfd831a99b,8ba95d365045,5,1000,1024,AER_SIMULATOR,IDEAL_SIMULATION,COBYLA,gamma_5_beta_5,opt_gamma_5_opt_beta_5,"{""100110000110110"": 7, ""000000000000000"": 1017}",100110000110110,"[""STR-001"", ""STR-002"", ""STR-003"", ""STR-004"", ""STR-005""]",1.6861,1.6861,1.75,0.0365,0.9635,True,0,1.0,0.006836,125,150,0.41,0.007,0.25,0.1,0.003,11,165,75,15,VALID,NONE,bc1cd9545039
EXP-PHASE-V-KARUR-P5-S1001,karur,c5bfd831a99b,8ba95d365045,5,1001,1024,AER_SIMULATOR,IDEAL_SIMULATION,COBYLA,gamma_5_beta_5,opt_gamma_5_opt_beta_5,"{""100110000110110"": 7, ""000000000000000"": 1017}",100110000110110,"[""STR-001"", ""STR-002"", ""STR-003"", ""STR-004"", ""STR-005""]",1.6861,1.6861,1.75,0.0365,0.9635,True,0,1.0,0.006836,125,150,0.41,0.007,0.25,0.1,0.003,11,165,75,15,VALID,NONE,1bd5de980416
EXP-PHASE-V-KARUR-P5-S1002,karur,c5bfd831a99b,8ba95d365045,5,1002,1024,AER_SIMULATOR,IDEAL_SIMULATION,COBYLA,gamma_5_beta_5,opt_gamma_5_opt_beta_5,"{""100110000110110"": 7, ""000000000000000"": 1017}",100110000110110,"[""STR-001"", ""STR-002"", ""STR-003"", ""STR-004"", ""STR-005""]",1.6861,1.6861,1.75,0.0365,0.9635,True,0,1.0,0.006836,125,150,0.41,0.007,0.25,0.1,0.003,11,165,75,15,VALID,NONE,95509047cbd7
EXP-PHASE-V-KARUR-P5-S1003,karur,c5bfd831a99b,8ba95d365045,5,1003,1024,AER_SIMULATOR,IDEAL_SIMULATION,COBYLA,gamma_5_beta_5,opt_gamma_5_opt_beta_5,"{""100110000110110"": 7, ""000000000000000"": 1017}",100110000110110,"[""STR-001"", ""STR-002"", ""STR-003"", ""STR-004"", ""STR-005""]",1.6861,1.6861,1.75,0.0365,0.9635,True,0,1.0,0.006836,125,150,0.41,0.007,0.25,0.1,0.003,11,165,75,15,VALID,NONE,c58fa62767ef
EXP-PHASE-V-KARUR-P5-S1004,karur,c5bfd831a99b,8ba95d365045,5,1004,1024,AER_SIMULATOR,IDEAL_SIMULATION,COBYLA,gamma_5_beta_5,opt_gamma_5_opt_beta_5,"{""100110000110110"": 7, ""000000000000000"": 1017}",100110000110110,"[""STR-001"", ""STR-002"", ""STR-003"", ""STR-004"", ""STR-005""]",1.6861,1.6861,1.75,0.0365,0.9635,True,0,1.0,0.006836,125,150,0.41,0.007,0.25,0.1,0.003,11,165,75,15,VALID,NONE,93fe724e6ed3
EXP-PHASE-V-KARUR-P5-S1005,karur,c5bfd831a99b,8ba95d365045,5,1005,1024,AER_SIMULATOR,IDEAL_SIMULATION,COBYLA,gamma_5_beta_5,opt_gamma_5_opt_beta_5,"{""100110000110110"": 7, ""000000000000000"": 1017}",100110000110110,"[""STR-001"", ""STR-002"", ""STR-003"", ""STR-004"", ""STR-005""]",1.6861,1.6861,1.75,0.0365,0.9635,True,0,1.0,0.006836,125,150,0.41,0.007,0.25,0.1,0.003,11,165,75,15,VALID,NONE,4b3a58827d3c
EXP-PHASE-V-KARUR-P5-S1006,karur,c5bfd831a99b,8ba95d365045,5,1006,1024,AER_SIMULATOR,IDEAL_SIMULATION,COBYLA,gamma_5_beta_5,opt_gamma_5_opt_beta_5,"{""100110000110110"": 7, ""000000000000000"": 1017}",100110000110110,"[""STR-001"", ""STR-002"", ""STR-003"", ""STR-004"", ""STR-005""]",1.6861,1.6861,1.75,0.0365,0.9635,True,0,1.0,0.006836,125,150,0.41,0.007,0.25,0.1,0.003,11,165,75,15,VALID,NONE,466a21e5bb3c
EXP-PHASE-V-KARUR-P5-S1007,karur,c5bfd831a99b,8ba95d365045,5,1007,1024,AER_SIMULATOR,IDEAL_SIMULATION,COBYLA,gamma_5_beta_5,opt_gamma_5_opt_beta_5,"{""100110000110110"": 7, ""000000000000000"": 1017}",100110000110110,"[""STR-001"", ""STR-002"", ""STR-003"", ""STR-004"", ""STR-005""]",1.6861,1.6861,1.75,0.0365,0.9635,True,0,1.0,0.006836,125,150,0.41,0.007,0.25,0.1,0.003,11,165,75,15,VALID,NONE,c998938eff99
EXP-PHASE-V-KARUR-P5-S1008,karur,c5bfd831a99b,8ba95d365045,5,1008,1024,AER_SIMULATOR,IDEAL_SIMULATION,COBYLA,gamma_5_beta_5,opt_gamma_5_opt_beta_5,"{""100110000110110"": 7, ""000000000000000"": 1017}",100110000110110,"[""STR-001"", ""STR-002"", ""STR-003"", ""STR-004"", ""STR-005""]",1.6861,1.6861,1.75,0.0365,0.9635,True,0,1.0,0.006836,125,150,0.41,0.007,0.25,0.1,0.003,11,165,75,15,VALID,NONE,f1a4384c6a1f
EXP-PHASE-V-KARUR-P5-S1009,karur,c5bfd831a99b,8ba95d365045,5,1009,1024,AER_SIMULATOR,IDEAL_SIMULATION,COBYLA,gamma_5_beta_5,opt_gamma_5_opt_beta_5,"{""100110000110110"": 7, ""000000000000000"": 1017}",100110000110110,"[""STR-001"", ""STR-002"", ""STR-003"", ""STR-004"", ""STR-005""]",1.6861,1.6861,1.75,0.0365,0.9635,True,0,1.0,0.006836,125,150,0.41,0.007,0.25,0.1,0.003,11,165,75,15,VALID,NONE,48639793bb13
EXP-PHASE-V-KRISHNAGIRI-P1-S1000,krishnagiri,a26b5e6351ac,d788bc0d4195,1,1000,1024,AER_SIMULATOR,IDEAL_SIMULATION,COBYLA,gamma_1_beta_1,opt_gamma_1_opt_beta_1,"{""100110000110110"": 3, ""000000000000000"": 1017}",100110000110110,"[""STR-001"", ""STR-002"", ""STR-003"", ""STR-004"", ""STR-005""]",1.6021,1.6021,1.75,0.0845,0.9155,True,0,1.0,0.003906,25,30,0.09,0.007,0.05,0.02,0.003,3,45,15,15,VALID,NONE,9721307d0c28
EXP-PHASE-V-KRISHNAGIRI-P1-S1001,krishnagiri,a26b5e6351ac,d788bc0d4195,1,1001,1024,AER_SIMULATOR,IDEAL_SIMULATION,COBYLA,gamma_1_beta_1,opt_gamma_1_opt_beta_1,"{""100110000110110"": 3, ""000000000000000"": 1017}",100110000110110,"[""STR-001"", ""STR-002"", ""STR-003"", ""STR-004"", ""STR-005""]",1.6021,1.6021,1.75,0.0845,0.9155,True,0,1.0,0.003906,25,30,0.09,0.007,0.05,0.02,0.003,3,45,15,15,VALID,NONE,4e3d88587854
EXP-PHASE-V-KRISHNAGIRI-P1-S1002,krishnagiri,a26b5e6351ac,d788bc0d4195,1,1002,1024,AER_SIMULATOR,IDEAL_SIMULATION,COBYLA,gamma_1_beta_1,opt_gamma_1_opt_beta_1,"{""100110000110110"": 3, ""000000000000000"": 1017}",100110000110110,"[""STR-001"", ""STR-002"", ""STR-003"", ""STR-004"", ""STR-005""]",1.6021,1.6021,1.75,0.0845,0.9155,True,0,1.0,0.003906,25,30,0.09,0.007,0.05,0.02,0.003,3,45,15,15,VALID,NONE,d2e47ad13905
EXP-PHASE-V-KRISHNAGIRI-P1-S1003,krishnagiri,a26b5e6351ac,d788bc0d4195,1,1003,1024,AER_SIMULATOR,IDEAL_SIMULATION,COBYLA,gamma_1_beta_1,opt_gamma_1_opt_beta_1,"{""100110000110110"": 3, ""000000000000000"": 1017}",100110000110110,"[""STR-001"", ""STR-002"", ""STR-003"", ""STR-004"", ""STR-005""]",1.6021,1.6021,1.75,0.0845,0.9155,True,0,1.0,0.003906,25,30,0.09,0.007,0.05,0.02,0.003,3,45,15,15,VALID,NONE,3c2a1c5a5f11
EXP-PHASE-V-KRISHNAGIRI-P1-S1004,krishnagiri,a26b5e6351ac,d788bc0d4195,1,1004,1024,AER_SIMULATOR,IDEAL_SIMULATION,COBYLA,gamma_1_beta_1,opt_gamma_1_opt_beta_1,"{""100110000110110"": 3, ""000000000000000"": 1017}",100110000110110,"[""STR-001"", ""STR-002"", ""STR-003"", ""STR-004"", ""STR-005""]",1.6021,1.6021,1.75,0.0845,0.9155,True,0,1.0,0.003906,25,30,0.09,0.007,0.05,0.02,0.003,3,45,15,15,VALID,NONE,ef0f3759f9b3
EXP-PHASE-V-KRISHNAGIRI-P1-S1005,krishnagiri,a26b5e6351ac,d788bc0d4195,1,1005,1024,AER_SIMULATOR,IDEAL_SIMULATION,COBYLA,gamma_1_beta_1,opt_gamma_1_opt_beta_1,"{""100110000110110"": 3, ""000000000000000"": 1017}",100110000110110,"[""STR-001"", ""STR-002"", ""STR-003"", ""STR-004"", ""STR-005""]",1.6021,1.6021,1.75,0.0845,0.9155,True,0,1.0,0.003906,25,30,0.09,0.007,0.05,0.02,0.003,3,45,15,15,VALID,NONE,9461067ab6d5
EXP-PHASE-V-KRISHNAGIRI-P1-S1006,krishnagiri,a26b5e6351ac,d788bc0d4195,1,1006,1024,AER_SIMULATOR,IDEAL_SIMULATION,COBYLA,gamma_1_beta_1,opt_gamma_1_opt_beta_1,"{""100110000110110"": 3, ""000000000000000"": 1017}",100110000110110,"[""STR-001"", ""STR-002"", ""STR-003"", ""STR-004"", ""STR-005""]",1.6021,1.6021,1.75,0.0845,0.9155,True,0,1.0,0.003906,25,30,0.09,0.007,0.05,0.02,0.003,3,45,15,15,VALID,NONE,4634671c3500
EXP-PHASE-V-KRISHNAGIRI-P1-S1007,krishnagiri,a26b5e6351ac,d788bc0d4195,1,1007,1024,AER_SIMULATOR,IDEAL_SIMULATION,COBYLA,gamma_1_beta_1,opt_gamma_1_opt_beta_1,"{""100110000110110"": 3, ""000000000000000"": 1017}",100110000110110,"[""STR-001"", ""STR-002"", ""STR-003"", ""STR-004"", ""STR-005""]",1.6021,1.6021,1.75,0.0845,0.9155,True,0,1.0,0.003906,25,30,0.09,0.007,0.05,0.02,0.003,3,45,15,15,VALID,NONE,86971b908b2f
EXP-PHASE-V-KRISHNAGIRI-P1-S1008,krishnagiri,a26b5e6351ac,d788bc0d4195,1,1008,1024,AER_SIMULATOR,IDEAL_SIMULATION,COBYLA,gamma_1_beta_1,opt_gamma_1_opt_beta_1,"{""100110000110110"": 3, ""000000000000000"": 1017}",100110000110110,"[""STR-001"", ""STR-002"", ""STR-003"", ""STR-004"", ""STR-005""]",1.6021,1.6021,1.75,0.0845,0.9155,True,0,1.0,0.003906,25,30,0.09,0.007,0.05,0.02,0.003,3,45,15,15,VALID,NONE,7232ef82280a
EXP-PHASE-V-KRISHNAGIRI-P1-S1009,krishnagiri,a26b5e6351ac,d788bc0d4195,1,1009,1024,AER_SIMULATOR,IDEAL_SIMULATION,COBYLA,gamma_1_beta_1,opt_gamma_1_opt_beta_1,"{""100110000110110"": 3, ""000000000000000"": 1017}",100110000110110,"[""STR-001"", ""STR-002"", ""STR-003"", ""STR-004"", ""STR-005""]",1.6021,1.6021,1.75,0.0845,0.9155,True,0,1.0,0.003906,25,30,0.09,0.007,0.05,0.02,0.003,3,45,15,15,VALID,NONE,ff3e34b7e3cb
EXP-PHASE-V-KRISHNAGIRI-P2-S1000,krishnagiri,a26b5e6351ac,d788bc0d4195,2,1000,1024,AER_SIMULATOR,IDEAL_SIMULATION,COBYLA,gamma_2_beta_2,opt_gamma_2_opt_beta_2,"{""100110000110110"": 7, ""000000000000000"": 1017}",100110000110110,"[""STR-001"", ""STR-002"", ""STR-003"", ""STR-004"", ""STR-005""]",1.62,1.62,1.75,0.0743,0.9257,True,0,1.0,0.006836,50,60,0.17,0.007,0.1,0.04,0.003,5,75,30,15,VALID,NONE,e8db632fa611
EXP-PHASE-V-KRISHNAGIRI-P2-S1001,krishnagiri,a26b5e6351ac,d788bc0d4195,2,1001,1024,AER_SIMULATOR,IDEAL_SIMULATION,COBYLA,gamma_2_beta_2,opt_gamma_2_opt_beta_2,"{""100110000110110"": 7, ""000000000000000"": 1017}",100110000110110,"[""STR-001"", ""STR-002"", ""STR-003"", ""STR-004"", ""STR-005""]",1.5,1.5,1.75,0.1429,0.8571,True,0,1.0,0.0,50,60,0.17,0.007,0.1,0.04,0.003,5,75,30,15,VALID,NONE,6d7d9bfaa843
EXP-PHASE-V-KRISHNAGIRI-P2-S1002,krishnagiri,a26b5e6351ac,d788bc0d4195,2,1002,1024,AER_SIMULATOR,IDEAL_SIMULATION,COBYLA,gamma_2_beta_2,opt_gamma_2_opt_beta_2,"{""100110000110110"": 7, ""000000000000000"": 1017}",100110000110110,"[""STR-001"", ""STR-002"", ""STR-003"", ""STR-004"", ""STR-005""]",1.62,1.62,1.75,0.0743,0.9257,True,0,1.0,0.006836,50,60,0.17,0.007,0.1,0.04,0.003,5,75,30,15,VALID,NONE,78f5c8ba35c4
EXP-PHASE-V-KRISHNAGIRI-P2-S1003,krishnagiri,a26b5e6351ac,d788bc0d4195,2,1003,1024,AER_SIMULATOR,IDEAL_SIMULATION,COBYLA,gamma_2_beta_2,opt_gamma_2_opt_beta_2,"{""100110000110110"": 7, ""000000000000000"": 1017}",100110000110110,"[""STR-001"", ""STR-002"", ""STR-003"", ""STR-004"", ""STR-005""]",1.5,1.5,1.75,0.1429,0.8571,True,0,1.0,0.0,50,60,0.17,0.007,0.1,0.04,0.003,5,75,30,15,VALID,NONE,8e3496cab74c
EXP-PHASE-V-KRISHNAGIRI-P2-S1004,krishnagiri,a26b5e6351ac,d788bc0d4195,2,1004,1024,AER_SIMULATOR,IDEAL_SIMULATION,COBYLA,gamma_2_beta_2,opt_gamma_2_opt_beta_2,"{""100110000110110"": 7, ""000000000000000"": 1017}",100110000110110,"[""STR-001"", ""STR-002"", ""STR-003"", ""STR-004"", ""STR-005""]",1.62,1.62,1.75,0.0743,0.9257,True,0,1.0,0.006836,50,60,0.17,0.007,0.1,0.04,0.003,5,75,30,15,VALID,NONE,2e4f284b7664
EXP-PHASE-V-KRISHNAGIRI-P2-S1005,krishnagiri,a26b5e6351ac,d788bc0d4195,2,1005,1024,AER_SIMULATOR,IDEAL_SIMULATION,COBYLA,gamma_2_beta_2,opt_gamma_2_opt_beta_2,"{""100110000110110"": 7, ""000000000000000"": 1017}",100110000110110,"[""STR-001"", ""STR-002"", ""STR-003"", ""STR-004"", ""STR-005""]",1.6231,1.6231,1.75,0.0725,0.9275,True,0,1.0,0.006836,50,60,0.17,0.007,0.1,0.04,0.003,5,75,30,15,VALID,NONE,b475211ea7df
EXP-PHASE-V-KRISHNAGIRI-P2-S1006,krishnagiri,a26b5e6351ac,d788bc0d4195,2,1006,1024,AER_SIMULATOR,IDEAL_SIMULATION,COBYLA,gamma_2_beta_2,opt_gamma_2_opt_beta_2,"{""100110000110110"": 7, ""000000000000000"": 1017}",100110000110110,"[""STR-001"", ""STR-002"", ""STR-003"", ""STR-004"", ""STR-005""]",1.6231,1.6231,1.75,0.0725,0.9275,True,0,1.0,0.006836,50,60,0.17,0.007,0.1,0.04,0.003,5,75,30,15,VALID,NONE,a0643efa1ae4
EXP-PHASE-V-KRISHNAGIRI-P2-S1007,krishnagiri,a26b5e6351ac,d788bc0d4195,2,1007,1024,AER_SIMULATOR,IDEAL_SIMULATION,COBYLA,gamma_2_beta_2,opt_gamma_2_opt_beta_2,"{""100110000110110"": 7, ""000000000000000"": 1017}",100110000110110,"[""STR-001"", ""STR-002"", ""STR-003"", ""STR-004"", ""STR-005""]",1.6231,1.6231,1.75,0.0725,0.9275,True,0,1.0,0.006836,50,60,0.17,0.007,0.1,0.04,0.003,5,75,30,15,VALID,NONE,034ba67b3a02
EXP-PHASE-V-KRISHNAGIRI-P2-S1008,krishnagiri,a26b5e6351ac,d788bc0d4195,2,1008,1024,AER_SIMULATOR,IDEAL_SIMULATION,COBYLA,gamma_2_beta_2,opt_gamma_2_opt_beta_2,"{""100110000110110"": 7, ""000000000000000"": 1017}",100110000110110,"[""STR-001"", ""STR-002"", ""STR-003"", ""STR-004"", ""STR-005""]",1.6231,1.6231,1.75,0.0725,0.9275,True,0,1.0,0.006836,50,60,0.17,0.007,0.1,0.04,0.003,5,75,30,15,VALID,NONE,7f2c24d552e3
EXP-PHASE-V-KRISHNAGIRI-P2-S1009,krishnagiri,a26b5e6351ac,d788bc0d4195,2,1009,1024,AER_SIMULATOR,IDEAL_SIMULATION,COBYLA,gamma_2_beta_2,opt_gamma_2_opt_beta_2,"{""100110000110110"": 7, ""000000000000000"": 1017}",100110000110110,"[""STR-001"", ""STR-002"", ""STR-003"", ""STR-004"", ""STR-005""]",1.6231,1.6231,1.75,0.0725,0.9275,True,0,1.0,0.006836,50,60,0.17,0.007,0.1,0.04,0.003,5,75,30,15,VALID,NONE,3b6d2aa57b94
EXP-PHASE-V-KRISHNAGIRI-P3-S1000,krishnagiri,a26b5e6351ac,d788bc0d4195,3,1000,1024,AER_SIMULATOR,IDEAL_SIMULATION,COBYLA,gamma_3_beta_3,opt_gamma_3_opt_beta_3,"{""100110000110110"": 7, ""000000000000000"": 1017}",100110000110110,"[""STR-001"", ""STR-002"", ""STR-003"", ""STR-004"", ""STR-005""]",1.6441,1.6441,1.75,0.0605,0.9395,True,0,1.0,0.006836,75,90,0.25,0.007,0.15000000000000002,0.06,0.003,7,105,45,15,VALID,NONE,4a5db06339d7
EXP-PHASE-V-KRISHNAGIRI-P3-S1001,krishnagiri,a26b5e6351ac,d788bc0d4195,3,1001,1024,AER_SIMULATOR,IDEAL_SIMULATION,COBYLA,gamma_3_beta_3,opt_gamma_3_opt_beta_3,"{""100110000110110"": 7, ""000000000000000"": 1017}",100110000110110,"[""STR-001"", ""STR-002"", ""STR-003"", ""STR-004"", ""STR-005""]",1.6441,1.6441,1.75,0.0605,0.9395,True,0,1.0,0.006836,75,90,0.25,0.007,0.15000000000000002,0.06,0.003,7,105,45,15,VALID,NONE,978704ef0522
EXP-PHASE-V-KRISHNAGIRI-P3-S1002,krishnagiri,a26b5e6351ac,d788bc0d4195,3,1002,1024,AER_SIMULATOR,IDEAL_SIMULATION,COBYLA,gamma_3_beta_3,opt_gamma_3_opt_beta_3,"{""100110000110110"": 7, ""000000000000000"": 1017}",100110000110110,"[""STR-001"", ""STR-002"", ""STR-003"", ""STR-004"", ""STR-005""]",1.6441,1.6441,1.75,0.0605,0.9395,True,0,1.0,0.006836,75,90,0.25,0.007,0.15000000000000002,0.06,0.003,7,105,45,15,VALID,NONE,035cd491b3a8
EXP-PHASE-V-KRISHNAGIRI-P3-S1003,krishnagiri,a26b5e6351ac,d788bc0d4195,3,1003,1024,AER_SIMULATOR,IDEAL_SIMULATION,COBYLA,gamma_3_beta_3,opt_gamma_3_opt_beta_3,"{""100110000110110"": 7, ""000000000000000"": 1017}",100110000110110,"[""STR-001"", ""STR-002"", ""STR-003"", ""STR-004"", ""STR-005""]",1.6441,1.6441,1.75,0.0605,0.9395,True,0,1.0,0.006836,75,90,0.25,0.007,0.15000000000000002,0.06,0.003,7,105,45,15,VALID,NONE,b5acd0332c49
EXP-PHASE-V-KRISHNAGIRI-P3-S1004,krishnagiri,a26b5e6351ac,d788bc0d4195,3,1004,1024,AER_SIMULATOR,IDEAL_SIMULATION,COBYLA,gamma_3_beta_3,opt_gamma_3_opt_beta_3,"{""100110000110110"": 7, ""000000000000000"": 1017}",100110000110110,"[""STR-001"", ""STR-002"", ""STR-003"", ""STR-004"", ""STR-005""]",1.6441,1.6441,1.75,0.0605,0.9395,True,0,1.0,0.006836,75,90,0.25,0.007,0.15000000000000002,0.06,0.003,7,105,45,15,VALID,NONE,ff7560391d5e
EXP-PHASE-V-KRISHNAGIRI-P3-S1005,krishnagiri,a26b5e6351ac,d788bc0d4195,3,1005,1024,AER_SIMULATOR,IDEAL_SIMULATION,COBYLA,gamma_3_beta_3,opt_gamma_3_opt_beta_3,"{""100110000110110"": 7, ""000000000000000"": 1017}",100110000110110,"[""STR-001"", ""STR-002"", ""STR-003"", ""STR-004"", ""STR-005""]",1.6441,1.6441,1.75,0.0605,0.9395,True,0,1.0,0.006836,75,90,0.25,0.007,0.15000000000000002,0.06,0.003,7,105,45,15,VALID,NONE,73d3914d4041
EXP-PHASE-V-KRISHNAGIRI-P3-S1006,krishnagiri,a26b5e6351ac,d788bc0d4195,3,1006,1024,AER_SIMULATOR,IDEAL_SIMULATION,COBYLA,gamma_3_beta_3,opt_gamma_3_opt_beta_3,"{""100110000110110"": 7, ""000000000000000"": 1017}",100110000110110,"[""STR-001"", ""STR-002"", ""STR-003"", ""STR-004"", ""STR-005""]",1.6441,1.6441,1.75,0.0605,0.9395,True,0,1.0,0.006836,75,90,0.25,0.007,0.15000000000000002,0.06,0.003,7,105,45,15,VALID,NONE,e99a27125028
EXP-PHASE-V-KRISHNAGIRI-P3-S1007,krishnagiri,a26b5e6351ac,d788bc0d4195,3,1007,1024,AER_SIMULATOR,IDEAL_SIMULATION,COBYLA,gamma_3_beta_3,opt_gamma_3_opt_beta_3,"{""100110000110110"": 7, ""000000000000000"": 1017}",100110000110110,"[""STR-001"", ""STR-002"", ""STR-003"", ""STR-004"", ""STR-005""]",1.6441,1.6441,1.75,0.0605,0.9395,True,0,1.0,0.006836,75,90,0.25,0.007,0.15000000000000002,0.06,0.003,7,105,45,15,VALID,NONE,e24e782616b6
EXP-PHASE-V-KRISHNAGIRI-P3-S1008,krishnagiri,a26b5e6351ac,d788bc0d4195,3,1008,1024,AER_SIMULATOR,IDEAL_SIMULATION,COBYLA,gamma_3_beta_3,opt_gamma_3_opt_beta_3,"{""100110000110110"": 7, ""000000000000000"": 1017}",100110000110110,"[""STR-001"", ""STR-002"", ""STR-003"", ""STR-004"", ""STR-005""]",1.6441,1.6441,1.75,0.0605,0.9395,True,0,1.0,0.006836,75,90,0.25,0.007,0.15000000000000002,0.06,0.003,7,105,45,15,VALID,NONE,7282084b50a3
EXP-PHASE-V-KRISHNAGIRI-P3-S1009,krishnagiri,a26b5e6351ac,d788bc0d4195,3,1009,1024,AER_SIMULATOR,IDEAL_SIMULATION,COBYLA,gamma_3_beta_3,opt_gamma_3_opt_beta_3,"{""100110000110110"": 7, ""000000000000000"": 1017}",100110000110110,"[""STR-001"", ""STR-002"", ""STR-003"", ""STR-004"", ""STR-005""]",1.6441,1.6441,1.75,0.0605,0.9395,True,0,1.0,0.006836,75,90,0.25,0.007,0.15000000000000002,0.06,0.003,7,105,45,15,VALID,NONE,ef92ebf92f47
EXP-PHASE-V-KRISHNAGIRI-P4-S1000,krishnagiri,a26b5e6351ac,d788bc0d4195,4,1000,1024,AER_SIMULATOR,IDEAL_SIMULATION,COBYLA,gamma_4_beta_4,opt_gamma_4_opt_beta_4,"{""100110000110110"": 7, ""000000000000000"": 1017}",100110000110110,"[""STR-001"", ""STR-002"", ""STR-003"", ""STR-004"", ""STR-005""]",1.6651,1.6651,1.75,0.0485,0.9515,True,0,1.0,0.006836,100,120,0.33,0.007,0.2,0.08,0.003,9,135,60,15,VALID,NONE,088fe2671513
EXP-PHASE-V-KRISHNAGIRI-P4-S1001,krishnagiri,a26b5e6351ac,d788bc0d4195,4,1001,1024,AER_SIMULATOR,IDEAL_SIMULATION,COBYLA,gamma_4_beta_4,opt_gamma_4_opt_beta_4,"{""100110000110110"": 7, ""000000000000000"": 1017}",100110000110110,"[""STR-001"", ""STR-002"", ""STR-003"", ""STR-004"", ""STR-005""]",1.6651,1.6651,1.75,0.0485,0.9515,True,0,1.0,0.006836,100,120,0.33,0.007,0.2,0.08,0.003,9,135,60,15,VALID,NONE,7031582231cd
EXP-PHASE-V-KRISHNAGIRI-P4-S1002,krishnagiri,a26b5e6351ac,d788bc0d4195,4,1002,1024,AER_SIMULATOR,IDEAL_SIMULATION,COBYLA,gamma_4_beta_4,opt_gamma_4_opt_beta_4,"{""100110000110110"": 7, ""000000000000000"": 1017}",100110000110110,"[""STR-001"", ""STR-002"", ""STR-003"", ""STR-004"", ""STR-005""]",1.6651,1.6651,1.75,0.0485,0.9515,True,0,1.0,0.006836,100,120,0.33,0.007,0.2,0.08,0.003,9,135,60,15,VALID,NONE,2ec17ece30fa
EXP-PHASE-V-KRISHNAGIRI-P4-S1003,krishnagiri,a26b5e6351ac,d788bc0d4195,4,1003,1024,AER_SIMULATOR,IDEAL_SIMULATION,COBYLA,gamma_4_beta_4,opt_gamma_4_opt_beta_4,"{""100110000110110"": 7, ""000000000000000"": 1017}",100110000110110,"[""STR-001"", ""STR-002"", ""STR-003"", ""STR-004"", ""STR-005""]",1.6651,1.6651,1.75,0.0485,0.9515,True,0,1.0,0.006836,100,120,0.33,0.007,0.2,0.08,0.003,9,135,60,15,VALID,NONE,63cf05a700b4
EXP-PHASE-V-KRISHNAGIRI-P4-S1004,krishnagiri,a26b5e6351ac,d788bc0d4195,4,1004,1024,AER_SIMULATOR,IDEAL_SIMULATION,COBYLA,gamma_4_beta_4,opt_gamma_4_opt_beta_4,"{""100110000110110"": 7, ""000000000000000"": 1017}",100110000110110,"[""STR-001"", ""STR-002"", ""STR-003"", ""STR-004"", ""STR-005""]",1.6651,1.6651,1.75,0.0485,0.9515,True,0,1.0,0.006836,100,120,0.33,0.007,0.2,0.08,0.003,9,135,60,15,VALID,NONE,adffb2968b54
EXP-PHASE-V-KRISHNAGIRI-P4-S1005,krishnagiri,a26b5e6351ac,d788bc0d4195,4,1005,1024,AER_SIMULATOR,IDEAL_SIMULATION,COBYLA,gamma_4_beta_4,opt_gamma_4_opt_beta_4,"{""100110000110110"": 7, ""000000000000000"": 1017}",100110000110110,"[""STR-001"", ""STR-002"", ""STR-003"", ""STR-004"", ""STR-005""]",1.6651,1.6651,1.75,0.0485,0.9515,True,0,1.0,0.006836,100,120,0.33,0.007,0.2,0.08,0.003,9,135,60,15,VALID,NONE,455ee6daf7e4
EXP-PHASE-V-KRISHNAGIRI-P4-S1006,krishnagiri,a26b5e6351ac,d788bc0d4195,4,1006,1024,AER_SIMULATOR,IDEAL_SIMULATION,COBYLA,gamma_4_beta_4,opt_gamma_4_opt_beta_4,"{""100110000110110"": 7, ""000000000000000"": 1017}",100110000110110,"[""STR-001"", ""STR-002"", ""STR-003"", ""STR-004"", ""STR-005""]",1.6651,1.6651,1.75,0.0485,0.9515,True,0,1.0,0.006836,100,120,0.33,0.007,0.2,0.08,0.003,9,135,60,15,VALID,NONE,202eb57eb08b
EXP-PHASE-V-KRISHNAGIRI-P4-S1007,krishnagiri,a26b5e6351ac,d788bc0d4195,4,1007,1024,AER_SIMULATOR,IDEAL_SIMULATION,COBYLA,gamma_4_beta_4,opt_gamma_4_opt_beta_4,"{""100110000110110"": 7, ""000000000000000"": 1017}",100110000110110,"[""STR-001"", ""STR-002"", ""STR-003"", ""STR-004"", ""STR-005""]",1.6651,1.6651,1.75,0.0485,0.9515,True,0,1.0,0.006836,100,120,0.33,0.007,0.2,0.08,0.003,9,135,60,15,VALID,NONE,ffab21fd1194
EXP-PHASE-V-KRISHNAGIRI-P4-S1008,krishnagiri,a26b5e6351ac,d788bc0d4195,4,1008,1024,AER_SIMULATOR,IDEAL_SIMULATION,COBYLA,gamma_4_beta_4,opt_gamma_4_opt_beta_4,"{""100110000110110"": 7, ""000000000000000"": 1017}",100110000110110,"[""STR-001"", ""STR-002"", ""STR-003"", ""STR-004"", ""STR-005""]",1.6651,1.6651,1.75,0.0485,0.9515,True,0,1.0,0.006836,100,120,0.33,0.007,0.2,0.08,0.003,9,135,60,15,VALID,NONE,0a092cce42e6
EXP-PHASE-V-KRISHNAGIRI-P4-S1009,krishnagiri,a26b5e6351ac,d788bc0d4195,4,1009,1024,AER_SIMULATOR,IDEAL_SIMULATION,COBYLA,gamma_4_beta_4,opt_gamma_4_opt_beta_4,"{""100110000110110"": 7, ""000000000000000"": 1017}",100110000110110,"[""STR-001"", ""STR-002"", ""STR-003"", ""STR-004"", ""STR-005""]",1.6651,1.6651,1.75,0.0485,0.9515,True,0,1.0,0.006836,100,120,0.33,0.007,0.2,0.08,0.003,9,135,60,15,VALID,NONE,fdc0f3405474
EXP-PHASE-V-KRISHNAGIRI-P5-S1000,krishnagiri,a26b5e6351ac,d788bc0d4195,5,1000,1024,AER_SIMULATOR,IDEAL_SIMULATION,COBYLA,gamma_5_beta_5,opt_gamma_5_opt_beta_5,"{""100110000110110"": 7, ""000000000000000"": 1017}",100110000110110,"[""STR-001"", ""STR-002"", ""STR-003"", ""STR-004"", ""STR-005""]",1.6861,1.6861,1.75,0.0365,0.9635,True,0,1.0,0.006836,125,150,0.41,0.007,0.25,0.1,0.003,11,165,75,15,VALID,NONE,09779511b1f2
EXP-PHASE-V-KRISHNAGIRI-P5-S1001,krishnagiri,a26b5e6351ac,d788bc0d4195,5,1001,1024,AER_SIMULATOR,IDEAL_SIMULATION,COBYLA,gamma_5_beta_5,opt_gamma_5_opt_beta_5,"{""100110000110110"": 7, ""000000000000000"": 1017}",100110000110110,"[""STR-001"", ""STR-002"", ""STR-003"", ""STR-004"", ""STR-005""]",1.6861,1.6861,1.75,0.0365,0.9635,True,0,1.0,0.006836,125,150,0.41,0.007,0.25,0.1,0.003,11,165,75,15,VALID,NONE,af3b4e3ab7f8
EXP-PHASE-V-KRISHNAGIRI-P5-S1002,krishnagiri,a26b5e6351ac,d788bc0d4195,5,1002,1024,AER_SIMULATOR,IDEAL_SIMULATION,COBYLA,gamma_5_beta_5,opt_gamma_5_opt_beta_5,"{""100110000110110"": 7, ""000000000000000"": 1017}",100110000110110,"[""STR-001"", ""STR-002"", ""STR-003"", ""STR-004"", ""STR-005""]",1.6861,1.6861,1.75,0.0365,0.9635,True,0,1.0,0.006836,125,150,0.41,0.007,0.25,0.1,0.003,11,165,75,15,VALID,NONE,41198ef7db1a
EXP-PHASE-V-KRISHNAGIRI-P5-S1003,krishnagiri,a26b5e6351ac,d788bc0d4195,5,1003,1024,AER_SIMULATOR,IDEAL_SIMULATION,COBYLA,gamma_5_beta_5,opt_gamma_5_opt_beta_5,"{""100110000110110"": 7, ""000000000000000"": 1017}",100110000110110,"[""STR-001"", ""STR-002"", ""STR-003"", ""STR-004"", ""STR-005""]",1.6861,1.6861,1.75,0.0365,0.9635,True,0,1.0,0.006836,125,150,0.41,0.007,0.25,0.1,0.003,11,165,75,15,VALID,NONE,1d5cc1025edb
EXP-PHASE-V-KRISHNAGIRI-P5-S1004,krishnagiri,a26b5e6351ac,d788bc0d4195,5,1004,1024,AER_SIMULATOR,IDEAL_SIMULATION,COBYLA,gamma_5_beta_5,opt_gamma_5_opt_beta_5,"{""100110000110110"": 7, ""000000000000000"": 1017}",100110000110110,"[""STR-001"", ""STR-002"", ""STR-003"", ""STR-004"", ""STR-005""]",1.6861,1.6861,1.75,0.0365,0.9635,True,0,1.0,0.006836,125,150,0.41,0.007,0.25,0.1,0.003,11,165,75,15,VALID,NONE,4638520992ca
EXP-PHASE-V-KRISHNAGIRI-P5-S1005,krishnagiri,a26b5e6351ac,d788bc0d4195,5,1005,1024,AER_SIMULATOR,IDEAL_SIMULATION,COBYLA,gamma_5_beta_5,opt_gamma_5_opt_beta_5,"{""100110000110110"": 7, ""000000000000000"": 1017}",100110000110110,"[""STR-001"", ""STR-002"", ""STR-003"", ""STR-004"", ""STR-005""]",1.6861,1.6861,1.75,0.0365,0.9635,True,0,1.0,0.006836,125,150,0.41,0.007,0.25,0.1,0.003,11,165,75,15,VALID,NONE,945b0ddd0eef
EXP-PHASE-V-KRISHNAGIRI-P5-S1006,krishnagiri,a26b5e6351ac,d788bc0d4195,5,1006,1024,AER_SIMULATOR,IDEAL_SIMULATION,COBYLA,gamma_5_beta_5,opt_gamma_5_opt_beta_5,"{""100110000110110"": 7, ""000000000000000"": 1017}",100110000110110,"[""STR-001"", ""STR-002"", ""STR-003"", ""STR-004"", ""STR-005""]",1.6861,1.6861,1.75,0.0365,0.9635,True,0,1.0,0.006836,125,150,0.41,0.007,0.25,0.1,0.003,11,165,75,15,VALID,NONE,fc72c877b408
EXP-PHASE-V-KRISHNAGIRI-P5-S1007,krishnagiri,a26b5e6351ac,d788bc0d4195,5,1007,1024,AER_SIMULATOR,IDEAL_SIMULATION,COBYLA,gamma_5_beta_5,opt_gamma_5_opt_beta_5,"{""100110000110110"": 7, ""000000000000000"": 1017}",100110000110110,"[""STR-001"", ""STR-002"", ""STR-003"", ""STR-004"", ""STR-005""]",1.6861,1.6861,1.75,0.0365,0.9635,True,0,1.0,0.006836,125,150,0.41,0.007,0.25,0.1,0.003,11,165,75,15,VALID,NONE,077bb0a467d5
EXP-PHASE-V-KRISHNAGIRI-P5-S1008,krishnagiri,a26b5e6351ac,d788bc0d4195,5,1008,1024,AER_SIMULATOR,IDEAL_SIMULATION,COBYLA,gamma_5_beta_5,opt_gamma_5_opt_beta_5,"{""100110000110110"": 7, ""000000000000000"": 1017}",100110000110110,"[""STR-001"", ""STR-002"", ""STR-003"", ""STR-004"", ""STR-005""]",1.6861,1.6861,1.75,0.0365,0.9635,True,0,1.0,0.006836,125,150,0.41,0.007,0.25,0.1,0.003,11,165,75,15,VALID,NONE,39b41b7ce043
EXP-PHASE-V-KRISHNAGIRI-P5-S1009,krishnagiri,a26b5e6351ac,d788bc0d4195,5,1009,1024,AER_SIMULATOR,IDEAL_SIMULATION,COBYLA,gamma_5_beta_5,opt_gamma_5_opt_beta_5,"{""100110000110110"": 7, ""000000000000000"": 1017}",100110000110110,"[""STR-001"", ""STR-002"", ""STR-003"", ""STR-004"", ""STR-005""]",1.6861,1.6861,1.75,0.0365,0.9635,True,0,1.0,0.006836,125,150,0.41,0.007,0.25,0.1,0.003,11,165,75,15,VALID,NONE,676cb3740eb0
EXP-PHASE-V-MADURAI-P1-S1000,madurai,b78124ed91f6,f36169f35eb7,1,1000,1024,AER_SIMULATOR,IDEAL_SIMULATION,COBYLA,gamma_1_beta_1,opt_gamma_1_opt_beta_1,"{""100110000110110"": 3, ""000000000000000"": 1017}",100110000110110,"[""STR-001"", ""STR-002"", ""STR-003"", ""STR-004"", ""STR-005""]",1.6021,1.6021,1.75,0.0845,0.9155,True,0,1.0,0.003906,25,30,0.09,0.007,0.05,0.02,0.003,3,45,15,15,VALID,NONE,c1a0c5f4eca5
EXP-PHASE-V-MADURAI-P1-S1001,madurai,b78124ed91f6,f36169f35eb7,1,1001,1024,AER_SIMULATOR,IDEAL_SIMULATION,COBYLA,gamma_1_beta_1,opt_gamma_1_opt_beta_1,"{""100110000110110"": 3, ""000000000000000"": 1017}",100110000110110,"[""STR-001"", ""STR-002"", ""STR-003"", ""STR-004"", ""STR-005""]",1.6021,1.6021,1.75,0.0845,0.9155,True,0,1.0,0.003906,25,30,0.09,0.007,0.05,0.02,0.003,3,45,15,15,VALID,NONE,db692a2441bf
EXP-PHASE-V-MADURAI-P1-S1002,madurai,b78124ed91f6,f36169f35eb7,1,1002,1024,AER_SIMULATOR,IDEAL_SIMULATION,COBYLA,gamma_1_beta_1,opt_gamma_1_opt_beta_1,"{""100110000110110"": 3, ""000000000000000"": 1017}",100110000110110,"[""STR-001"", ""STR-002"", ""STR-003"", ""STR-004"", ""STR-005""]",1.6021,1.6021,1.75,0.0845,0.9155,True,0,1.0,0.003906,25,30,0.09,0.007,0.05,0.02,0.003,3,45,15,15,VALID,NONE,81c48e144d56
EXP-PHASE-V-MADURAI-P1-S1003,madurai,b78124ed91f6,f36169f35eb7,1,1003,1024,AER_SIMULATOR,IDEAL_SIMULATION,COBYLA,gamma_1_beta_1,opt_gamma_1_opt_beta_1,"{""100110000110110"": 3, ""000000000000000"": 1017}",100110000110110,"[""STR-001"", ""STR-002"", ""STR-003"", ""STR-004"", ""STR-005""]",1.6021,1.6021,1.75,0.0845,0.9155,True,0,1.0,0.003906,25,30,0.09,0.007,0.05,0.02,0.003,3,45,15,15,VALID,NONE,681050d9ca45
EXP-PHASE-V-MADURAI-P1-S1004,madurai,b78124ed91f6,f36169f35eb7,1,1004,1024,AER_SIMULATOR,IDEAL_SIMULATION,COBYLA,gamma_1_beta_1,opt_gamma_1_opt_beta_1,"{""100110000110110"": 3, ""000000000000000"": 1017}",100110000110110,"[""STR-001"", ""STR-002"", ""STR-003"", ""STR-004"", ""STR-005""]",1.6021,1.6021,1.75,0.0845,0.9155,True,0,1.0,0.003906,25,30,0.09,0.007,0.05,0.02,0.003,3,45,15,15,VALID,NONE,410c17af2fac
EXP-PHASE-V-MADURAI-P1-S1005,madurai,b78124ed91f6,f36169f35eb7,1,1005,1024,AER_SIMULATOR,IDEAL_SIMULATION,COBYLA,gamma_1_beta_1,opt_gamma_1_opt_beta_1,"{""100110000110110"": 3, ""000000000000000"": 1017}",100110000110110,"[""STR-001"", ""STR-002"", ""STR-003"", ""STR-004"", ""STR-005""]",1.6021,1.6021,1.75,0.0845,0.9155,True,0,1.0,0.003906,25,30,0.09,0.007,0.05,0.02,0.003,3,45,15,15,VALID,NONE,c1e68cc96f6a
EXP-PHASE-V-MADURAI-P1-S1006,madurai,b78124ed91f6,f36169f35eb7,1,1006,1024,AER_SIMULATOR,IDEAL_SIMULATION,COBYLA,gamma_1_beta_1,opt_gamma_1_opt_beta_1,"{""100110000110110"": 3, ""000000000000000"": 1017}",100110000110110,"[""STR-001"", ""STR-002"", ""STR-003"", ""STR-004"", ""STR-005""]",1.6021,1.6021,1.75,0.0845,0.9155,True,0,1.0,0.003906,25,30,0.09,0.007,0.05,0.02,0.003,3,45,15,15,VALID,NONE,db0260438379
EXP-PHASE-V-MADURAI-P1-S1007,madurai,b78124ed91f6,f36169f35eb7,1,1007,1024,AER_SIMULATOR,IDEAL_SIMULATION,COBYLA,gamma_1_beta_1,opt_gamma_1_opt_beta_1,"{""100110000110110"": 3, ""000000000000000"": 1017}",100110000110110,"[""STR-001"", ""STR-002"", ""STR-003"", ""STR-004"", ""STR-005""]",1.6021,1.6021,1.75,0.0845,0.9155,True,0,1.0,0.003906,25,30,0.09,0.007,0.05,0.02,0.003,3,45,15,15,VALID,NONE,3a3fea20e711
EXP-PHASE-V-MADURAI-P1-S1008,madurai,b78124ed91f6,f36169f35eb7,1,1008,1024,AER_SIMULATOR,IDEAL_SIMULATION,COBYLA,gamma_1_beta_1,opt_gamma_1_opt_beta_1,"{""100110000110110"": 3, ""000000000000000"": 1017}",100110000110110,"[""STR-001"", ""STR-002"", ""STR-003"", ""STR-004"", ""STR-005""]",1.6021,1.6021,1.75,0.0845,0.9155,True,0,1.0,0.003906,25,30,0.09,0.007,0.05,0.02,0.003,3,45,15,15,VALID,NONE,691a5419365b
EXP-PHASE-V-MADURAI-P1-S1009,madurai,b78124ed91f6,f36169f35eb7,1,1009,1024,AER_SIMULATOR,IDEAL_SIMULATION,COBYLA,gamma_1_beta_1,opt_gamma_1_opt_beta_1,"{""100110000110110"": 3, ""000000000000000"": 1017}",100110000110110,"[""STR-001"", ""STR-002"", ""STR-003"", ""STR-004"", ""STR-005""]",1.6021,1.6021,1.75,0.0845,0.9155,True,0,1.0,0.003906,25,30,0.09,0.007,0.05,0.02,0.003,3,45,15,15,VALID,NONE,8f647fc915fd
EXP-PHASE-V-MADURAI-P2-S1000,madurai,b78124ed91f6,f36169f35eb7,2,1000,1024,AER_SIMULATOR,IDEAL_SIMULATION,COBYLA,gamma_2_beta_2,opt_gamma_2_opt_beta_2,"{""100110000110110"": 7, ""000000000000000"": 1017}",100110000110110,"[""STR-001"", ""STR-002"", ""STR-003"", ""STR-004"", ""STR-005""]",1.62,1.62,1.75,0.0743,0.9257,True,0,1.0,0.006836,50,60,0.17,0.007,0.1,0.04,0.003,5,75,30,15,VALID,NONE,6cbcf60a9739
EXP-PHASE-V-MADURAI-P2-S1001,madurai,b78124ed91f6,f36169f35eb7,2,1001,1024,AER_SIMULATOR,IDEAL_SIMULATION,COBYLA,gamma_2_beta_2,opt_gamma_2_opt_beta_2,"{""100110000110110"": 7, ""000000000000000"": 1017}",100110000110110,"[""STR-001"", ""STR-002"", ""STR-003"", ""STR-004"", ""STR-005""]",1.5,1.5,1.75,0.1429,0.8571,True,0,1.0,0.0,50,60,0.17,0.007,0.1,0.04,0.003,5,75,30,15,VALID,NONE,d93d7222363d
EXP-PHASE-V-MADURAI-P2-S1002,madurai,b78124ed91f6,f36169f35eb7,2,1002,1024,AER_SIMULATOR,IDEAL_SIMULATION,COBYLA,gamma_2_beta_2,opt_gamma_2_opt_beta_2,"{""100110000110110"": 7, ""000000000000000"": 1017}",100110000110110,"[""STR-001"", ""STR-002"", ""STR-003"", ""STR-004"", ""STR-005""]",1.62,1.62,1.75,0.0743,0.9257,True,0,1.0,0.006836,50,60,0.17,0.007,0.1,0.04,0.003,5,75,30,15,VALID,NONE,37ba6a1be493
EXP-PHASE-V-MADURAI-P2-S1003,madurai,b78124ed91f6,f36169f35eb7,2,1003,1024,AER_SIMULATOR,IDEAL_SIMULATION,COBYLA,gamma_2_beta_2,opt_gamma_2_opt_beta_2,"{""100110000110110"": 7, ""000000000000000"": 1017}",100110000110110,"[""STR-001"", ""STR-002"", ""STR-003"", ""STR-004"", ""STR-005""]",1.5,1.5,1.75,0.1429,0.8571,True,0,1.0,0.0,50,60,0.17,0.007,0.1,0.04,0.003,5,75,30,15,VALID,NONE,5f524a36b9f7
EXP-PHASE-V-MADURAI-P2-S1004,madurai,b78124ed91f6,f36169f35eb7,2,1004,1024,AER_SIMULATOR,IDEAL_SIMULATION,COBYLA,gamma_2_beta_2,opt_gamma_2_opt_beta_2,"{""100110000110110"": 7, ""000000000000000"": 1017}",100110000110110,"[""STR-001"", ""STR-002"", ""STR-003"", ""STR-004"", ""STR-005""]",1.62,1.62,1.75,0.0743,0.9257,True,0,1.0,0.006836,50,60,0.17,0.007,0.1,0.04,0.003,5,75,30,15,VALID,NONE,65a8f0c4b0a1
EXP-PHASE-V-MADURAI-P2-S1005,madurai,b78124ed91f6,f36169f35eb7,2,1005,1024,AER_SIMULATOR,IDEAL_SIMULATION,COBYLA,gamma_2_beta_2,opt_gamma_2_opt_beta_2,"{""100110000110110"": 7, ""000000000000000"": 1017}",100110000110110,"[""STR-001"", ""STR-002"", ""STR-003"", ""STR-004"", ""STR-005""]",1.6231,1.6231,1.75,0.0725,0.9275,True,0,1.0,0.006836,50,60,0.17,0.007,0.1,0.04,0.003,5,75,30,15,VALID,NONE,048be09444d8
EXP-PHASE-V-MADURAI-P2-S1006,madurai,b78124ed91f6,f36169f35eb7,2,1006,1024,AER_SIMULATOR,IDEAL_SIMULATION,COBYLA,gamma_2_beta_2,opt_gamma_2_opt_beta_2,"{""100110000110110"": 7, ""000000000000000"": 1017}",100110000110110,"[""STR-001"", ""STR-002"", ""STR-003"", ""STR-004"", ""STR-005""]",1.6231,1.6231,1.75,0.0725,0.9275,True,0,1.0,0.006836,50,60,0.17,0.007,0.1,0.04,0.003,5,75,30,15,VALID,NONE,1d6b528660e3
EXP-PHASE-V-MADURAI-P2-S1007,madurai,b78124ed91f6,f36169f35eb7,2,1007,1024,AER_SIMULATOR,IDEAL_SIMULATION,COBYLA,gamma_2_beta_2,opt_gamma_2_opt_beta_2,"{""100110000110110"": 7, ""000000000000000"": 1017}",100110000110110,"[""STR-001"", ""STR-002"", ""STR-003"", ""STR-004"", ""STR-005""]",1.6231,1.6231,1.75,0.0725,0.9275,True,0,1.0,0.006836,50,60,0.17,0.007,0.1,0.04,0.003,5,75,30,15,VALID,NONE,8880db257137
EXP-PHASE-V-MADURAI-P2-S1008,madurai,b78124ed91f6,f36169f35eb7,2,1008,1024,AER_SIMULATOR,IDEAL_SIMULATION,COBYLA,gamma_2_beta_2,opt_gamma_2_opt_beta_2,"{""100110000110110"": 7, ""000000000000000"": 1017}",100110000110110,"[""STR-001"", ""STR-002"", ""STR-003"", ""STR-004"", ""STR-005""]",1.6231,1.6231,1.75,0.0725,0.9275,True,0,1.0,0.006836,50,60,0.17,0.007,0.1,0.04,0.003,5,75,30,15,VALID,NONE,d821e23aba21
EXP-PHASE-V-MADURAI-P2-S1009,madurai,b78124ed91f6,f36169f35eb7,2,1009,1024,AER_SIMULATOR,IDEAL_SIMULATION,COBYLA,gamma_2_beta_2,opt_gamma_2_opt_beta_2,"{""100110000110110"": 7, ""000000000000000"": 1017}",100110000110110,"[""STR-001"", ""STR-002"", ""STR-003"", ""STR-004"", ""STR-005""]",1.6231,1.6231,1.75,0.0725,0.9275,True,0,1.0,0.006836,50,60,0.17,0.007,0.1,0.04,0.003,5,75,30,15,VALID,NONE,2df24fa76629
EXP-PHASE-V-MADURAI-P3-S1000,madurai,b78124ed91f6,f36169f35eb7,3,1000,1024,AER_SIMULATOR,IDEAL_SIMULATION,COBYLA,gamma_3_beta_3,opt_gamma_3_opt_beta_3,"{""100110000110110"": 7, ""000000000000000"": 1017}",100110000110110,"[""STR-001"", ""STR-002"", ""STR-003"", ""STR-004"", ""STR-005""]",1.6441,1.6441,1.75,0.0605,0.9395,True,0,1.0,0.006836,75,90,0.25,0.007,0.15000000000000002,0.06,0.003,7,105,45,15,VALID,NONE,367ad6bead79
EXP-PHASE-V-MADURAI-P3-S1001,madurai,b78124ed91f6,f36169f35eb7,3,1001,1024,AER_SIMULATOR,IDEAL_SIMULATION,COBYLA,gamma_3_beta_3,opt_gamma_3_opt_beta_3,"{""100110000110110"": 7, ""000000000000000"": 1017}",100110000110110,"[""STR-001"", ""STR-002"", ""STR-003"", ""STR-004"", ""STR-005""]",1.6441,1.6441,1.75,0.0605,0.9395,True,0,1.0,0.006836,75,90,0.25,0.007,0.15000000000000002,0.06,0.003,7,105,45,15,VALID,NONE,711aefcd82d1
EXP-PHASE-V-MADURAI-P3-S1002,madurai,b78124ed91f6,f36169f35eb7,3,1002,1024,AER_SIMULATOR,IDEAL_SIMULATION,COBYLA,gamma_3_beta_3,opt_gamma_3_opt_beta_3,"{""100110000110110"": 7, ""000000000000000"": 1017}",100110000110110,"[""STR-001"", ""STR-002"", ""STR-003"", ""STR-004"", ""STR-005""]",1.6441,1.6441,1.75,0.0605,0.9395,True,0,1.0,0.006836,75,90,0.25,0.007,0.15000000000000002,0.06,0.003,7,105,45,15,VALID,NONE,58b8e1825625
EXP-PHASE-V-MADURAI-P3-S1003,madurai,b78124ed91f6,f36169f35eb7,3,1003,1024,AER_SIMULATOR,IDEAL_SIMULATION,COBYLA,gamma_3_beta_3,opt_gamma_3_opt_beta_3,"{""100110000110110"": 7, ""000000000000000"": 1017}",100110000110110,"[""STR-001"", ""STR-002"", ""STR-003"", ""STR-004"", ""STR-005""]",1.6441,1.6441,1.75,0.0605,0.9395,True,0,1.0,0.006836,75,90,0.25,0.007,0.15000000000000002,0.06,0.003,7,105,45,15,VALID,NONE,e2c57e66cacf
EXP-PHASE-V-MADURAI-P3-S1004,madurai,b78124ed91f6,f36169f35eb7,3,1004,1024,AER_SIMULATOR,IDEAL_SIMULATION,COBYLA,gamma_3_beta_3,opt_gamma_3_opt_beta_3,"{""100110000110110"": 7, ""000000000000000"": 1017}",100110000110110,"[""STR-001"", ""STR-002"", ""STR-003"", ""STR-004"", ""STR-005""]",1.6441,1.6441,1.75,0.0605,0.9395,True,0,1.0,0.006836,75,90,0.25,0.007,0.15000000000000002,0.06,0.003,7,105,45,15,VALID,NONE,225fe5eb9b61
EXP-PHASE-V-MADURAI-P3-S1005,madurai,b78124ed91f6,f36169f35eb7,3,1005,1024,AER_SIMULATOR,IDEAL_SIMULATION,COBYLA,gamma_3_beta_3,opt_gamma_3_opt_beta_3,"{""100110000110110"": 7, ""000000000000000"": 1017}",100110000110110,"[""STR-001"", ""STR-002"", ""STR-003"", ""STR-004"", ""STR-005""]",1.6441,1.6441,1.75,0.0605,0.9395,True,0,1.0,0.006836,75,90,0.25,0.007,0.15000000000000002,0.06,0.003,7,105,45,15,VALID,NONE,a2c3cb56fda6
EXP-PHASE-V-MADURAI-P3-S1006,madurai,b78124ed91f6,f36169f35eb7,3,1006,1024,AER_SIMULATOR,IDEAL_SIMULATION,COBYLA,gamma_3_beta_3,opt_gamma_3_opt_beta_3,"{""100110000110110"": 7, ""000000000000000"": 1017}",100110000110110,"[""STR-001"", ""STR-002"", ""STR-003"", ""STR-004"", ""STR-005""]",1.6441,1.6441,1.75,0.0605,0.9395,True,0,1.0,0.006836,75,90,0.25,0.007,0.15000000000000002,0.06,0.003,7,105,45,15,VALID,NONE,a394f710c136
EXP-PHASE-V-MADURAI-P3-S1007,madurai,b78124ed91f6,f36169f35eb7,3,1007,1024,AER_SIMULATOR,IDEAL_SIMULATION,COBYLA,gamma_3_beta_3,opt_gamma_3_opt_beta_3,"{""100110000110110"": 7, ""000000000000000"": 1017}",100110000110110,"[""STR-001"", ""STR-002"", ""STR-003"", ""STR-004"", ""STR-005""]",1.6441,1.6441,1.75,0.0605,0.9395,True,0,1.0,0.006836,75,90,0.25,0.007,0.15000000000000002,0.06,0.003,7,105,45,15,VALID,NONE,13e98ace2a5b
EXP-PHASE-V-MADURAI-P3-S1008,madurai,b78124ed91f6,f36169f35eb7,3,1008,1024,AER_SIMULATOR,IDEAL_SIMULATION,COBYLA,gamma_3_beta_3,opt_gamma_3_opt_beta_3,"{""100110000110110"": 7, ""000000000000000"": 1017}",100110000110110,"[""STR-001"", ""STR-002"", ""STR-003"", ""STR-004"", ""STR-005""]",1.6441,1.6441,1.75,0.0605,0.9395,True,0,1.0,0.006836,75,90,0.25,0.007,0.15000000000000002,0.06,0.003,7,105,45,15,VALID,NONE,52cd81347538
EXP-PHASE-V-MADURAI-P3-S1009,madurai,b78124ed91f6,f36169f35eb7,3,1009,1024,AER_SIMULATOR,IDEAL_SIMULATION,COBYLA,gamma_3_beta_3,opt_gamma_3_opt_beta_3,"{""100110000110110"": 7, ""000000000000000"": 1017}",100110000110110,"[""STR-001"", ""STR-002"", ""STR-003"", ""STR-004"", ""STR-005""]",1.6441,1.6441,1.75,0.0605,0.9395,True,0,1.0,0.006836,75,90,0.25,0.007,0.15000000000000002,0.06,0.003,7,105,45,15,VALID,NONE,ef707b6c8632
EXP-PHASE-V-MADURAI-P4-S1000,madurai,b78124ed91f6,f36169f35eb7,4,1000,1024,AER_SIMULATOR,IDEAL_SIMULATION,COBYLA,gamma_4_beta_4,opt_gamma_4_opt_beta_4,"{""100110000110110"": 7, ""000000000000000"": 1017}",100110000110110,"[""STR-001"", ""STR-002"", ""STR-003"", ""STR-004"", ""STR-005""]",1.6651,1.6651,1.75,0.0485,0.9515,True,0,1.0,0.006836,100,120,0.33,0.007,0.2,0.08,0.003,9,135,60,15,VALID,NONE,fa43ac5eeb5d
EXP-PHASE-V-MADURAI-P4-S1001,madurai,b78124ed91f6,f36169f35eb7,4,1001,1024,AER_SIMULATOR,IDEAL_SIMULATION,COBYLA,gamma_4_beta_4,opt_gamma_4_opt_beta_4,"{""100110000110110"": 7, ""000000000000000"": 1017}",100110000110110,"[""STR-001"", ""STR-002"", ""STR-003"", ""STR-004"", ""STR-005""]",1.6651,1.6651,1.75,0.0485,0.9515,True,0,1.0,0.006836,100,120,0.33,0.007,0.2,0.08,0.003,9,135,60,15,VALID,NONE,b70adfe872b3
EXP-PHASE-V-MADURAI-P4-S1002,madurai,b78124ed91f6,f36169f35eb7,4,1002,1024,AER_SIMULATOR,IDEAL_SIMULATION,COBYLA,gamma_4_beta_4,opt_gamma_4_opt_beta_4,"{""100110000110110"": 7, ""000000000000000"": 1017}",100110000110110,"[""STR-001"", ""STR-002"", ""STR-003"", ""STR-004"", ""STR-005""]",1.6651,1.6651,1.75,0.0485,0.9515,True,0,1.0,0.006836,100,120,0.33,0.007,0.2,0.08,0.003,9,135,60,15,VALID,NONE,d12e13faf0cd
EXP-PHASE-V-MADURAI-P4-S1003,madurai,b78124ed91f6,f36169f35eb7,4,1003,1024,AER_SIMULATOR,IDEAL_SIMULATION,COBYLA,gamma_4_beta_4,opt_gamma_4_opt_beta_4,"{""100110000110110"": 7, ""000000000000000"": 1017}",100110000110110,"[""STR-001"", ""STR-002"", ""STR-003"", ""STR-004"", ""STR-005""]",1.6651,1.6651,1.75,0.0485,0.9515,True,0,1.0,0.006836,100,120,0.33,0.007,0.2,0.08,0.003,9,135,60,15,VALID,NONE,50ffb62bc2de
EXP-PHASE-V-MADURAI-P4-S1004,madurai,b78124ed91f6,f36169f35eb7,4,1004,1024,AER_SIMULATOR,IDEAL_SIMULATION,COBYLA,gamma_4_beta_4,opt_gamma_4_opt_beta_4,"{""100110000110110"": 7, ""000000000000000"": 1017}",100110000110110,"[""STR-001"", ""STR-002"", ""STR-003"", ""STR-004"", ""STR-005""]",1.6651,1.6651,1.75,0.0485,0.9515,True,0,1.0,0.006836,100,120,0.33,0.007,0.2,0.08,0.003,9,135,60,15,VALID,NONE,ba094556280a
EXP-PHASE-V-MADURAI-P4-S1005,madurai,b78124ed91f6,f36169f35eb7,4,1005,1024,AER_SIMULATOR,IDEAL_SIMULATION,COBYLA,gamma_4_beta_4,opt_gamma_4_opt_beta_4,"{""100110000110110"": 7, ""000000000000000"": 1017}",100110000110110,"[""STR-001"", ""STR-002"", ""STR-003"", ""STR-004"", ""STR-005""]",1.6651,1.6651,1.75,0.0485,0.9515,True,0,1.0,0.006836,100,120,0.33,0.007,0.2,0.08,0.003,9,135,60,15,VALID,NONE,c478f4cd13f4
EXP-PHASE-V-MADURAI-P4-S1006,madurai,b78124ed91f6,f36169f35eb7,4,1006,1024,AER_SIMULATOR,IDEAL_SIMULATION,COBYLA,gamma_4_beta_4,opt_gamma_4_opt_beta_4,"{""100110000110110"": 7, ""000000000000000"": 1017}",100110000110110,"[""STR-001"", ""STR-002"", ""STR-003"", ""STR-004"", ""STR-005""]",1.6651,1.6651,1.75,0.0485,0.9515,True,0,1.0,0.006836,100,120,0.33,0.007,0.2,0.08,0.003,9,135,60,15,VALID,NONE,e113aaaa2489
EXP-PHASE-V-MADURAI-P4-S1007,madurai,b78124ed91f6,f36169f35eb7,4,1007,1024,AER_SIMULATOR,IDEAL_SIMULATION,COBYLA,gamma_4_beta_4,opt_gamma_4_opt_beta_4,"{""100110000110110"": 7, ""000000000000000"": 1017}",100110000110110,"[""STR-001"", ""STR-002"", ""STR-003"", ""STR-004"", ""STR-005""]",1.6651,1.6651,1.75,0.0485,0.9515,True,0,1.0,0.006836,100,120,0.33,0.007,0.2,0.08,0.003,9,135,60,15,VALID,NONE,77f580c3dd22
EXP-PHASE-V-MADURAI-P4-S1008,madurai,b78124ed91f6,f36169f35eb7,4,1008,1024,AER_SIMULATOR,IDEAL_SIMULATION,COBYLA,gamma_4_beta_4,opt_gamma_4_opt_beta_4,"{""100110000110110"": 7, ""000000000000000"": 1017}",100110000110110,"[""STR-001"", ""STR-002"", ""STR-003"", ""STR-004"", ""STR-005""]",1.6651,1.6651,1.75,0.0485,0.9515,True,0,1.0,0.006836,100,120,0.33,0.007,0.2,0.08,0.003,9,135,60,15,VALID,NONE,41fe355de030
EXP-PHASE-V-MADURAI-P4-S1009,madurai,b78124ed91f6,f36169f35eb7,4,1009,1024,AER_SIMULATOR,IDEAL_SIMULATION,COBYLA,gamma_4_beta_4,opt_gamma_4_opt_beta_4,"{""100110000110110"": 7, ""000000000000000"": 1017}",100110000110110,"[""STR-001"", ""STR-002"", ""STR-003"", ""STR-004"", ""STR-005""]",1.6651,1.6651,1.75,0.0485,0.9515,True,0,1.0,0.006836,100,120,0.33,0.007,0.2,0.08,0.003,9,135,60,15,VALID,NONE,dcc01caccb02
EXP-PHASE-V-MADURAI-P5-S1000,madurai,b78124ed91f6,f36169f35eb7,5,1000,1024,AER_SIMULATOR,IDEAL_SIMULATION,COBYLA,gamma_5_beta_5,opt_gamma_5_opt_beta_5,"{""100110000110110"": 7, ""000000000000000"": 1017}",100110000110110,"[""STR-001"", ""STR-002"", ""STR-003"", ""STR-004"", ""STR-005""]",1.6861,1.6861,1.75,0.0365,0.9635,True,0,1.0,0.006836,125,150,0.41,0.007,0.25,0.1,0.003,11,165,75,15,VALID,NONE,87aa6a68fae6
EXP-PHASE-V-MADURAI-P5-S1001,madurai,b78124ed91f6,f36169f35eb7,5,1001,1024,AER_SIMULATOR,IDEAL_SIMULATION,COBYLA,gamma_5_beta_5,opt_gamma_5_opt_beta_5,"{""100110000110110"": 7, ""000000000000000"": 1017}",100110000110110,"[""STR-001"", ""STR-002"", ""STR-003"", ""STR-004"", ""STR-005""]",1.6861,1.6861,1.75,0.0365,0.9635,True,0,1.0,0.006836,125,150,0.41,0.007,0.25,0.1,0.003,11,165,75,15,VALID,NONE,990e17e50535
EXP-PHASE-V-MADURAI-P5-S1002,madurai,b78124ed91f6,f36169f35eb7,5,1002,1024,AER_SIMULATOR,IDEAL_SIMULATION,COBYLA,gamma_5_beta_5,opt_gamma_5_opt_beta_5,"{""100110000110110"": 7, ""000000000000000"": 1017}",100110000110110,"[""STR-001"", ""STR-002"", ""STR-003"", ""STR-004"", ""STR-005""]",1.6861,1.6861,1.75,0.0365,0.9635,True,0,1.0,0.006836,125,150,0.41,0.007,0.25,0.1,0.003,11,165,75,15,VALID,NONE,bdf1e24cb4ac
EXP-PHASE-V-MADURAI-P5-S1003,madurai,b78124ed91f6,f36169f35eb7,5,1003,1024,AER_SIMULATOR,IDEAL_SIMULATION,COBYLA,gamma_5_beta_5,opt_gamma_5_opt_beta_5,"{""100110000110110"": 7, ""000000000000000"": 1017}",100110000110110,"[""STR-001"", ""STR-002"", ""STR-003"", ""STR-004"", ""STR-005""]",1.6861,1.6861,1.75,0.0365,0.9635,True,0,1.0,0.006836,125,150,0.41,0.007,0.25,0.1,0.003,11,165,75,15,VALID,NONE,a6b40c8723ca
EXP-PHASE-V-MADURAI-P5-S1004,madurai,b78124ed91f6,f36169f35eb7,5,1004,1024,AER_SIMULATOR,IDEAL_SIMULATION,COBYLA,gamma_5_beta_5,opt_gamma_5_opt_beta_5,"{""100110000110110"": 7, ""000000000000000"": 1017}",100110000110110,"[""STR-001"", ""STR-002"", ""STR-003"", ""STR-004"", ""STR-005""]",1.6861,1.6861,1.75,0.0365,0.9635,True,0,1.0,0.006836,125,150,0.41,0.007,0.25,0.1,0.003,11,165,75,15,VALID,NONE,b880886a6d15
EXP-PHASE-V-MADURAI-P5-S1005,madurai,b78124ed91f6,f36169f35eb7,5,1005,1024,AER_SIMULATOR,IDEAL_SIMULATION,COBYLA,gamma_5_beta_5,opt_gamma_5_opt_beta_5,"{""100110000110110"": 7, ""000000000000000"": 1017}",100110000110110,"[""STR-001"", ""STR-002"", ""STR-003"", ""STR-004"", ""STR-005""]",1.6861,1.6861,1.75,0.0365,0.9635,True,0,1.0,0.006836,125,150,0.41,0.007,0.25,0.1,0.003,11,165,75,15,VALID,NONE,03d449534507
EXP-PHASE-V-MADURAI-P5-S1006,madurai,b78124ed91f6,f36169f35eb7,5,1006,1024,AER_SIMULATOR,IDEAL_SIMULATION,COBYLA,gamma_5_beta_5,opt_gamma_5_opt_beta_5,"{""100110000110110"": 7, ""000000000000000"": 1017}",100110000110110,"[""STR-001"", ""STR-002"", ""STR-003"", ""STR-004"", ""STR-005""]",1.6861,1.6861,1.75,0.0365,0.9635,True,0,1.0,0.006836,125,150,0.41,0.007,0.25,0.1,0.003,11,165,75,15,VALID,NONE,a1f47b79156e
EXP-PHASE-V-MADURAI-P5-S1007,madurai,b78124ed91f6,f36169f35eb7,5,1007,1024,AER_SIMULATOR,IDEAL_SIMULATION,COBYLA,gamma_5_beta_5,opt_gamma_5_opt_beta_5,"{""100110000110110"": 7, ""000000000000000"": 1017}",100110000110110,"[""STR-001"", ""STR-002"", ""STR-003"", ""STR-004"", ""STR-005""]",1.6861,1.6861,1.75,0.0365,0.9635,True,0,1.0,0.006836,125,150,0.41,0.007,0.25,0.1,0.003,11,165,75,15,VALID,NONE,0570449895c6
EXP-PHASE-V-MADURAI-P5-S1008,madurai,b78124ed91f6,f36169f35eb7,5,1008,1024,AER_SIMULATOR,IDEAL_SIMULATION,COBYLA,gamma_5_beta_5,opt_gamma_5_opt_beta_5,"{""100110000110110"": 7, ""000000000000000"": 1017}",100110000110110,"[""STR-001"", ""STR-002"", ""STR-003"", ""STR-004"", ""STR-005""]",1.6861,1.6861,1.75,0.0365,0.9635,True,0,1.0,0.006836,125,150,0.41,0.007,0.25,0.1,0.003,11,165,75,15,VALID,NONE,a532f0bd474a
EXP-PHASE-V-MADURAI-P5-S1009,madurai,b78124ed91f6,f36169f35eb7,5,1009,1024,AER_SIMULATOR,IDEAL_SIMULATION,COBYLA,gamma_5_beta_5,opt_gamma_5_opt_beta_5,"{""100110000110110"": 7, ""000000000000000"": 1017}",100110000110110,"[""STR-001"", ""STR-002"", ""STR-003"", ""STR-004"", ""STR-005""]",1.6861,1.6861,1.75,0.0365,0.9635,True,0,1.0,0.006836,125,150,0.41,0.007,0.25,0.1,0.003,11,165,75,15,VALID,NONE,dc48dbc85e76
EXP-PHASE-V-MAYILADUTHURAI-P1-S1000,mayiladuthurai,be454e8bdf5d,9a7fbff3c8ab,1,1000,1024,AER_SIMULATOR,IDEAL_SIMULATION,COBYLA,gamma_1_beta_1,opt_gamma_1_opt_beta_1,"{""100110000110110"": 3, ""000000000000000"": 1017}",100110000110110,"[""STR-001"", ""STR-002"", ""STR-003"", ""STR-004"", ""STR-005""]",1.6021,1.6021,1.75,0.0845,0.9155,True,0,1.0,0.003906,25,30,0.09,0.007,0.05,0.02,0.003,3,45,15,15,VALID,NONE,906679ba88c9
EXP-PHASE-V-MAYILADUTHURAI-P1-S1001,mayiladuthurai,be454e8bdf5d,9a7fbff3c8ab,1,1001,1024,AER_SIMULATOR,IDEAL_SIMULATION,COBYLA,gamma_1_beta_1,opt_gamma_1_opt_beta_1,"{""100110000110110"": 3, ""000000000000000"": 1017}",100110000110110,"[""STR-001"", ""STR-002"", ""STR-003"", ""STR-004"", ""STR-005""]",1.6021,1.6021,1.75,0.0845,0.9155,True,0,1.0,0.003906,25,30,0.09,0.007,0.05,0.02,0.003,3,45,15,15,VALID,NONE,ce05c2748dd5
EXP-PHASE-V-MAYILADUTHURAI-P1-S1002,mayiladuthurai,be454e8bdf5d,9a7fbff3c8ab,1,1002,1024,AER_SIMULATOR,IDEAL_SIMULATION,COBYLA,gamma_1_beta_1,opt_gamma_1_opt_beta_1,"{""100110000110110"": 3, ""000000000000000"": 1017}",100110000110110,"[""STR-001"", ""STR-002"", ""STR-003"", ""STR-004"", ""STR-005""]",1.6021,1.6021,1.75,0.0845,0.9155,True,0,1.0,0.003906,25,30,0.09,0.007,0.05,0.02,0.003,3,45,15,15,VALID,NONE,77d07deb60bb
EXP-PHASE-V-MAYILADUTHURAI-P1-S1003,mayiladuthurai,be454e8bdf5d,9a7fbff3c8ab,1,1003,1024,AER_SIMULATOR,IDEAL_SIMULATION,COBYLA,gamma_1_beta_1,opt_gamma_1_opt_beta_1,"{""100110000110110"": 3, ""000000000000000"": 1017}",100110000110110,"[""STR-001"", ""STR-002"", ""STR-003"", ""STR-004"", ""STR-005""]",1.6021,1.6021,1.75,0.0845,0.9155,True,0,1.0,0.003906,25,30,0.09,0.007,0.05,0.02,0.003,3,45,15,15,VALID,NONE,f6ee7f81937a
EXP-PHASE-V-MAYILADUTHURAI-P1-S1004,mayiladuthurai,be454e8bdf5d,9a7fbff3c8ab,1,1004,1024,AER_SIMULATOR,IDEAL_SIMULATION,COBYLA,gamma_1_beta_1,opt_gamma_1_opt_beta_1,"{""100110000110110"": 3, ""000000000000000"": 1017}",100110000110110,"[""STR-001"", ""STR-002"", ""STR-003"", ""STR-004"", ""STR-005""]",1.6021,1.6021,1.75,0.0845,0.9155,True,0,1.0,0.003906,25,30,0.09,0.007,0.05,0.02,0.003,3,45,15,15,VALID,NONE,95d3d28ee4f2
EXP-PHASE-V-MAYILADUTHURAI-P1-S1005,mayiladuthurai,be454e8bdf5d,9a7fbff3c8ab,1,1005,1024,AER_SIMULATOR,IDEAL_SIMULATION,COBYLA,gamma_1_beta_1,opt_gamma_1_opt_beta_1,"{""100110000110110"": 3, ""000000000000000"": 1017}",100110000110110,"[""STR-001"", ""STR-002"", ""STR-003"", ""STR-004"", ""STR-005""]",1.6021,1.6021,1.75,0.0845,0.9155,True,0,1.0,0.003906,25,30,0.09,0.007,0.05,0.02,0.003,3,45,15,15,VALID,NONE,359c4693a3cc
EXP-PHASE-V-MAYILADUTHURAI-P1-S1006,mayiladuthurai,be454e8bdf5d,9a7fbff3c8ab,1,1006,1024,AER_SIMULATOR,IDEAL_SIMULATION,COBYLA,gamma_1_beta_1,opt_gamma_1_opt_beta_1,"{""100110000110110"": 3, ""000000000000000"": 1017}",100110000110110,"[""STR-001"", ""STR-002"", ""STR-003"", ""STR-004"", ""STR-005""]",1.6021,1.6021,1.75,0.0845,0.9155,True,0,1.0,0.003906,25,30,0.09,0.007,0.05,0.02,0.003,3,45,15,15,VALID,NONE,e2fbe24f3b57
EXP-PHASE-V-MAYILADUTHURAI-P1-S1007,mayiladuthurai,be454e8bdf5d,9a7fbff3c8ab,1,1007,1024,AER_SIMULATOR,IDEAL_SIMULATION,COBYLA,gamma_1_beta_1,opt_gamma_1_opt_beta_1,"{""100110000110110"": 3, ""000000000000000"": 1017}",100110000110110,"[""STR-001"", ""STR-002"", ""STR-003"", ""STR-004"", ""STR-005""]",1.6021,1.6021,1.75,0.0845,0.9155,True,0,1.0,0.003906,25,30,0.09,0.007,0.05,0.02,0.003,3,45,15,15,VALID,NONE,bff083ff0a05
EXP-PHASE-V-MAYILADUTHURAI-P1-S1008,mayiladuthurai,be454e8bdf5d,9a7fbff3c8ab,1,1008,1024,AER_SIMULATOR,IDEAL_SIMULATION,COBYLA,gamma_1_beta_1,opt_gamma_1_opt_beta_1,"{""100110000110110"": 3, ""000000000000000"": 1017}",100110000110110,"[""STR-001"", ""STR-002"", ""STR-003"", ""STR-004"", ""STR-005""]",1.6021,1.6021,1.75,0.0845,0.9155,True,0,1.0,0.003906,25,30,0.09,0.007,0.05,0.02,0.003,3,45,15,15,VALID,NONE,552ba88b3a23
EXP-PHASE-V-MAYILADUTHURAI-P1-S1009,mayiladuthurai,be454e8bdf5d,9a7fbff3c8ab,1,1009,1024,AER_SIMULATOR,IDEAL_SIMULATION,COBYLA,gamma_1_beta_1,opt_gamma_1_opt_beta_1,"{""100110000110110"": 3, ""000000000000000"": 1017}",100110000110110,"[""STR-001"", ""STR-002"", ""STR-003"", ""STR-004"", ""STR-005""]",1.6021,1.6021,1.75,0.0845,0.9155,True,0,1.0,0.003906,25,30,0.09,0.007,0.05,0.02,0.003,3,45,15,15,VALID,NONE,0db4e43c9f05
EXP-PHASE-V-MAYILADUTHURAI-P2-S1000,mayiladuthurai,be454e8bdf5d,9a7fbff3c8ab,2,1000,1024,AER_SIMULATOR,IDEAL_SIMULATION,COBYLA,gamma_2_beta_2,opt_gamma_2_opt_beta_2,"{""100110000110110"": 7, ""000000000000000"": 1017}",100110000110110,"[""STR-001"", ""STR-002"", ""STR-003"", ""STR-004"", ""STR-005""]",1.62,1.62,1.75,0.0743,0.9257,True,0,1.0,0.006836,50,60,0.17,0.007,0.1,0.04,0.003,5,75,30,15,VALID,NONE,ae6d61fab7e1
EXP-PHASE-V-MAYILADUTHURAI-P2-S1001,mayiladuthurai,be454e8bdf5d,9a7fbff3c8ab,2,1001,1024,AER_SIMULATOR,IDEAL_SIMULATION,COBYLA,gamma_2_beta_2,opt_gamma_2_opt_beta_2,"{""100110000110110"": 7, ""000000000000000"": 1017}",100110000110110,"[""STR-001"", ""STR-002"", ""STR-003"", ""STR-004"", ""STR-005""]",1.5,1.5,1.75,0.1429,0.8571,True,0,1.0,0.0,50,60,0.17,0.007,0.1,0.04,0.003,5,75,30,15,VALID,NONE,227b8b3c1aed
EXP-PHASE-V-MAYILADUTHURAI-P2-S1002,mayiladuthurai,be454e8bdf5d,9a7fbff3c8ab,2,1002,1024,AER_SIMULATOR,IDEAL_SIMULATION,COBYLA,gamma_2_beta_2,opt_gamma_2_opt_beta_2,"{""100110000110110"": 7, ""000000000000000"": 1017}",100110000110110,"[""STR-001"", ""STR-002"", ""STR-003"", ""STR-004"", ""STR-005""]",1.62,1.62,1.75,0.0743,0.9257,True,0,1.0,0.006836,50,60,0.17,0.007,0.1,0.04,0.003,5,75,30,15,VALID,NONE,bb0e20c4da0f
EXP-PHASE-V-MAYILADUTHURAI-P2-S1003,mayiladuthurai,be454e8bdf5d,9a7fbff3c8ab,2,1003,1024,AER_SIMULATOR,IDEAL_SIMULATION,COBYLA,gamma_2_beta_2,opt_gamma_2_opt_beta_2,"{""100110000110110"": 7, ""000000000000000"": 1017}",100110000110110,"[""STR-001"", ""STR-002"", ""STR-003"", ""STR-004"", ""STR-005""]",1.5,1.5,1.75,0.1429,0.8571,True,0,1.0,0.0,50,60,0.17,0.007,0.1,0.04,0.003,5,75,30,15,VALID,NONE,d4737f140e72
EXP-PHASE-V-MAYILADUTHURAI-P2-S1004,mayiladuthurai,be454e8bdf5d,9a7fbff3c8ab,2,1004,1024,AER_SIMULATOR,IDEAL_SIMULATION,COBYLA,gamma_2_beta_2,opt_gamma_2_opt_beta_2,"{""100110000110110"": 7, ""000000000000000"": 1017}",100110000110110,"[""STR-001"", ""STR-002"", ""STR-003"", ""STR-004"", ""STR-005""]",1.62,1.62,1.75,0.0743,0.9257,True,0,1.0,0.006836,50,60,0.17,0.007,0.1,0.04,0.003,5,75,30,15,VALID,NONE,7bab8cbf9a4a
EXP-PHASE-V-MAYILADUTHURAI-P2-S1005,mayiladuthurai,be454e8bdf5d,9a7fbff3c8ab,2,1005,1024,AER_SIMULATOR,IDEAL_SIMULATION,COBYLA,gamma_2_beta_2,opt_gamma_2_opt_beta_2,"{""100110000110110"": 7, ""000000000000000"": 1017}",100110000110110,"[""STR-001"", ""STR-002"", ""STR-003"", ""STR-004"", ""STR-005""]",1.6231,1.6231,1.75,0.0725,0.9275,True,0,1.0,0.006836,50,60,0.17,0.007,0.1,0.04,0.003,5,75,30,15,VALID,NONE,303356854ed9
EXP-PHASE-V-MAYILADUTHURAI-P2-S1006,mayiladuthurai,be454e8bdf5d,9a7fbff3c8ab,2,1006,1024,AER_SIMULATOR,IDEAL_SIMULATION,COBYLA,gamma_2_beta_2,opt_gamma_2_opt_beta_2,"{""100110000110110"": 7, ""000000000000000"": 1017}",100110000110110,"[""STR-001"", ""STR-002"", ""STR-003"", ""STR-004"", ""STR-005""]",1.6231,1.6231,1.75,0.0725,0.9275,True,0,1.0,0.006836,50,60,0.17,0.007,0.1,0.04,0.003,5,75,30,15,VALID,NONE,f0b424c28f07
EXP-PHASE-V-MAYILADUTHURAI-P2-S1007,mayiladuthurai,be454e8bdf5d,9a7fbff3c8ab,2,1007,1024,AER_SIMULATOR,IDEAL_SIMULATION,COBYLA,gamma_2_beta_2,opt_gamma_2_opt_beta_2,"{""100110000110110"": 7, ""000000000000000"": 1017}",100110000110110,"[""STR-001"", ""STR-002"", ""STR-003"", ""STR-004"", ""STR-005""]",1.6231,1.6231,1.75,0.0725,0.9275,True,0,1.0,0.006836,50,60,0.17,0.007,0.1,0.04,0.003,5,75,30,15,VALID,NONE,3e18b4b184af
EXP-PHASE-V-MAYILADUTHURAI-P2-S1008,mayiladuthurai,be454e8bdf5d,9a7fbff3c8ab,2,1008,1024,AER_SIMULATOR,IDEAL_SIMULATION,COBYLA,gamma_2_beta_2,opt_gamma_2_opt_beta_2,"{""100110000110110"": 7, ""000000000000000"": 1017}",100110000110110,"[""STR-001"", ""STR-002"", ""STR-003"", ""STR-004"", ""STR-005""]",1.6231,1.6231,1.75,0.0725,0.9275,True,0,1.0,0.006836,50,60,0.17,0.007,0.1,0.04,0.003,5,75,30,15,VALID,NONE,b1f687c33c22
EXP-PHASE-V-MAYILADUTHURAI-P2-S1009,mayiladuthurai,be454e8bdf5d,9a7fbff3c8ab,2,1009,1024,AER_SIMULATOR,IDEAL_SIMULATION,COBYLA,gamma_2_beta_2,opt_gamma_2_opt_beta_2,"{""100110000110110"": 7, ""000000000000000"": 1017}",100110000110110,"[""STR-001"", ""STR-002"", ""STR-003"", ""STR-004"", ""STR-005""]",1.6231,1.6231,1.75,0.0725,0.9275,True,0,1.0,0.006836,50,60,0.17,0.007,0.1,0.04,0.003,5,75,30,15,VALID,NONE,c77527eee45a
EXP-PHASE-V-MAYILADUTHURAI-P3-S1000,mayiladuthurai,be454e8bdf5d,9a7fbff3c8ab,3,1000,1024,AER_SIMULATOR,IDEAL_SIMULATION,COBYLA,gamma_3_beta_3,opt_gamma_3_opt_beta_3,"{""100110000110110"": 7, ""000000000000000"": 1017}",100110000110110,"[""STR-001"", ""STR-002"", ""STR-003"", ""STR-004"", ""STR-005""]",1.6441,1.6441,1.75,0.0605,0.9395,True,0,1.0,0.006836,75,90,0.25,0.007,0.15000000000000002,0.06,0.003,7,105,45,15,VALID,NONE,076647536493
EXP-PHASE-V-MAYILADUTHURAI-P3-S1001,mayiladuthurai,be454e8bdf5d,9a7fbff3c8ab,3,1001,1024,AER_SIMULATOR,IDEAL_SIMULATION,COBYLA,gamma_3_beta_3,opt_gamma_3_opt_beta_3,"{""100110000110110"": 7, ""000000000000000"": 1017}",100110000110110,"[""STR-001"", ""STR-002"", ""STR-003"", ""STR-004"", ""STR-005""]",1.6441,1.6441,1.75,0.0605,0.9395,True,0,1.0,0.006836,75,90,0.25,0.007,0.15000000000000002,0.06,0.003,7,105,45,15,VALID,NONE,9acdf2d52319
EXP-PHASE-V-MAYILADUTHURAI-P3-S1002,mayiladuthurai,be454e8bdf5d,9a7fbff3c8ab,3,1002,1024,AER_SIMULATOR,IDEAL_SIMULATION,COBYLA,gamma_3_beta_3,opt_gamma_3_opt_beta_3,"{""100110000110110"": 7, ""000000000000000"": 1017}",100110000110110,"[""STR-001"", ""STR-002"", ""STR-003"", ""STR-004"", ""STR-005""]",1.6441,1.6441,1.75,0.0605,0.9395,True,0,1.0,0.006836,75,90,0.25,0.007,0.15000000000000002,0.06,0.003,7,105,45,15,VALID,NONE,46c3e460e761
EXP-PHASE-V-MAYILADUTHURAI-P3-S1003,mayiladuthurai,be454e8bdf5d,9a7fbff3c8ab,3,1003,1024,AER_SIMULATOR,IDEAL_SIMULATION,COBYLA,gamma_3_beta_3,opt_gamma_3_opt_beta_3,"{""100110000110110"": 7, ""000000000000000"": 1017}",100110000110110,"[""STR-001"", ""STR-002"", ""STR-003"", ""STR-004"", ""STR-005""]",1.6441,1.6441,1.75,0.0605,0.9395,True,0,1.0,0.006836,75,90,0.25,0.007,0.15000000000000002,0.06,0.003,7,105,45,15,VALID,NONE,3282c33077e1
EXP-PHASE-V-MAYILADUTHURAI-P3-S1004,mayiladuthurai,be454e8bdf5d,9a7fbff3c8ab,3,1004,1024,AER_SIMULATOR,IDEAL_SIMULATION,COBYLA,gamma_3_beta_3,opt_gamma_3_opt_beta_3,"{""100110000110110"": 7, ""000000000000000"": 1017}",100110000110110,"[""STR-001"", ""STR-002"", ""STR-003"", ""STR-004"", ""STR-005""]",1.6441,1.6441,1.75,0.0605,0.9395,True,0,1.0,0.006836,75,90,0.25,0.007,0.15000000000000002,0.06,0.003,7,105,45,15,VALID,NONE,4dbfedde5181
EXP-PHASE-V-MAYILADUTHURAI-P3-S1005,mayiladuthurai,be454e8bdf5d,9a7fbff3c8ab,3,1005,1024,AER_SIMULATOR,IDEAL_SIMULATION,COBYLA,gamma_3_beta_3,opt_gamma_3_opt_beta_3,"{""100110000110110"": 7, ""000000000000000"": 1017}",100110000110110,"[""STR-001"", ""STR-002"", ""STR-003"", ""STR-004"", ""STR-005""]",1.6441,1.6441,1.75,0.0605,0.9395,True,0,1.0,0.006836,75,90,0.25,0.007,0.15000000000000002,0.06,0.003,7,105,45,15,VALID,NONE,c0adc2a5cbb1
EXP-PHASE-V-MAYILADUTHURAI-P3-S1006,mayiladuthurai,be454e8bdf5d,9a7fbff3c8ab,3,1006,1024,AER_SIMULATOR,IDEAL_SIMULATION,COBYLA,gamma_3_beta_3,opt_gamma_3_opt_beta_3,"{""100110000110110"": 7, ""000000000000000"": 1017}",100110000110110,"[""STR-001"", ""STR-002"", ""STR-003"", ""STR-004"", ""STR-005""]",1.6441,1.6441,1.75,0.0605,0.9395,True,0,1.0,0.006836,75,90,0.25,0.007,0.15000000000000002,0.06,0.003,7,105,45,15,VALID,NONE,cbd82acd24c2
EXP-PHASE-V-MAYILADUTHURAI-P3-S1007,mayiladuthurai,be454e8bdf5d,9a7fbff3c8ab,3,1007,1024,AER_SIMULATOR,IDEAL_SIMULATION,COBYLA,gamma_3_beta_3,opt_gamma_3_opt_beta_3,"{""100110000110110"": 7, ""000000000000000"": 1017}",100110000110110,"[""STR-001"", ""STR-002"", ""STR-003"", ""STR-004"", ""STR-005""]",1.6441,1.6441,1.75,0.0605,0.9395,True,0,1.0,0.006836,75,90,0.25,0.007,0.15000000000000002,0.06,0.003,7,105,45,15,VALID,NONE,eca19c338623
EXP-PHASE-V-MAYILADUTHURAI-P3-S1008,mayiladuthurai,be454e8bdf5d,9a7fbff3c8ab,3,1008,1024,AER_SIMULATOR,IDEAL_SIMULATION,COBYLA,gamma_3_beta_3,opt_gamma_3_opt_beta_3,"{""100110000110110"": 7, ""000000000000000"": 1017}",100110000110110,"[""STR-001"", ""STR-002"", ""STR-003"", ""STR-004"", ""STR-005""]",1.6441,1.6441,1.75,0.0605,0.9395,True,0,1.0,0.006836,75,90,0.25,0.007,0.15000000000000002,0.06,0.003,7,105,45,15,VALID,NONE,f49e4924ad5c
EXP-PHASE-V-MAYILADUTHURAI-P3-S1009,mayiladuthurai,be454e8bdf5d,9a7fbff3c8ab,3,1009,1024,AER_SIMULATOR,IDEAL_SIMULATION,COBYLA,gamma_3_beta_3,opt_gamma_3_opt_beta_3,"{""100110000110110"": 7, ""000000000000000"": 1017}",100110000110110,"[""STR-001"", ""STR-002"", ""STR-003"", ""STR-004"", ""STR-005""]",1.6441,1.6441,1.75,0.0605,0.9395,True,0,1.0,0.006836,75,90,0.25,0.007,0.15000000000000002,0.06,0.003,7,105,45,15,VALID,NONE,828303058771
EXP-PHASE-V-MAYILADUTHURAI-P4-S1000,mayiladuthurai,be454e8bdf5d,9a7fbff3c8ab,4,1000,1024,AER_SIMULATOR,IDEAL_SIMULATION,COBYLA,gamma_4_beta_4,opt_gamma_4_opt_beta_4,"{""100110000110110"": 7, ""000000000000000"": 1017}",100110000110110,"[""STR-001"", ""STR-002"", ""STR-003"", ""STR-004"", ""STR-005""]",1.6651,1.6651,1.75,0.0485,0.9515,True,0,1.0,0.006836,100,120,0.33,0.007,0.2,0.08,0.003,9,135,60,15,VALID,NONE,2daca2c35956
EXP-PHASE-V-MAYILADUTHURAI-P4-S1001,mayiladuthurai,be454e8bdf5d,9a7fbff3c8ab,4,1001,1024,AER_SIMULATOR,IDEAL_SIMULATION,COBYLA,gamma_4_beta_4,opt_gamma_4_opt_beta_4,"{""100110000110110"": 7, ""000000000000000"": 1017}",100110000110110,"[""STR-001"", ""STR-002"", ""STR-003"", ""STR-004"", ""STR-005""]",1.6651,1.6651,1.75,0.0485,0.9515,True,0,1.0,0.006836,100,120,0.33,0.007,0.2,0.08,0.003,9,135,60,15,VALID,NONE,869dd20adb99
EXP-PHASE-V-MAYILADUTHURAI-P4-S1002,mayiladuthurai,be454e8bdf5d,9a7fbff3c8ab,4,1002,1024,AER_SIMULATOR,IDEAL_SIMULATION,COBYLA,gamma_4_beta_4,opt_gamma_4_opt_beta_4,"{""100110000110110"": 7, ""000000000000000"": 1017}",100110000110110,"[""STR-001"", ""STR-002"", ""STR-003"", ""STR-004"", ""STR-005""]",1.6651,1.6651,1.75,0.0485,0.9515,True,0,1.0,0.006836,100,120,0.33,0.007,0.2,0.08,0.003,9,135,60,15,VALID,NONE,f35435ea4734
EXP-PHASE-V-MAYILADUTHURAI-P4-S1003,mayiladuthurai,be454e8bdf5d,9a7fbff3c8ab,4,1003,1024,AER_SIMULATOR,IDEAL_SIMULATION,COBYLA,gamma_4_beta_4,opt_gamma_4_opt_beta_4,"{""100110000110110"": 7, ""000000000000000"": 1017}",100110000110110,"[""STR-001"", ""STR-002"", ""STR-003"", ""STR-004"", ""STR-005""]",1.6651,1.6651,1.75,0.0485,0.9515,True,0,1.0,0.006836,100,120,0.33,0.007,0.2,0.08,0.003,9,135,60,15,VALID,NONE,26ac8cb92780
EXP-PHASE-V-MAYILADUTHURAI-P4-S1004,mayiladuthurai,be454e8bdf5d,9a7fbff3c8ab,4,1004,1024,AER_SIMULATOR,IDEAL_SIMULATION,COBYLA,gamma_4_beta_4,opt_gamma_4_opt_beta_4,"{""100110000110110"": 7, ""000000000000000"": 1017}",100110000110110,"[""STR-001"", ""STR-002"", ""STR-003"", ""STR-004"", ""STR-005""]",1.6651,1.6651,1.75,0.0485,0.9515,True,0,1.0,0.006836,100,120,0.33,0.007,0.2,0.08,0.003,9,135,60,15,VALID,NONE,fd727e6b34b6
EXP-PHASE-V-MAYILADUTHURAI-P4-S1005,mayiladuthurai,be454e8bdf5d,9a7fbff3c8ab,4,1005,1024,AER_SIMULATOR,IDEAL_SIMULATION,COBYLA,gamma_4_beta_4,opt_gamma_4_opt_beta_4,"{""100110000110110"": 7, ""000000000000000"": 1017}",100110000110110,"[""STR-001"", ""STR-002"", ""STR-003"", ""STR-004"", ""STR-005""]",1.6651,1.6651,1.75,0.0485,0.9515,True,0,1.0,0.006836,100,120,0.33,0.007,0.2,0.08,0.003,9,135,60,15,VALID,NONE,f369e2a12ef0
EXP-PHASE-V-MAYILADUTHURAI-P4-S1006,mayiladuthurai,be454e8bdf5d,9a7fbff3c8ab,4,1006,1024,AER_SIMULATOR,IDEAL_SIMULATION,COBYLA,gamma_4_beta_4,opt_gamma_4_opt_beta_4,"{""100110000110110"": 7, ""000000000000000"": 1017}",100110000110110,"[""STR-001"", ""STR-002"", ""STR-003"", ""STR-004"", ""STR-005""]",1.6651,1.6651,1.75,0.0485,0.9515,True,0,1.0,0.006836,100,120,0.33,0.007,0.2,0.08,0.003,9,135,60,15,VALID,NONE,bea430106cfd
EXP-PHASE-V-MAYILADUTHURAI-P4-S1007,mayiladuthurai,be454e8bdf5d,9a7fbff3c8ab,4,1007,1024,AER_SIMULATOR,IDEAL_SIMULATION,COBYLA,gamma_4_beta_4,opt_gamma_4_opt_beta_4,"{""100110000110110"": 7, ""000000000000000"": 1017}",100110000110110,"[""STR-001"", ""STR-002"", ""STR-003"", ""STR-004"", ""STR-005""]",1.6651,1.6651,1.75,0.0485,0.9515,True,0,1.0,0.006836,100,120,0.33,0.007,0.2,0.08,0.003,9,135,60,15,VALID,NONE,115e195bf7d7
EXP-PHASE-V-MAYILADUTHURAI-P4-S1008,mayiladuthurai,be454e8bdf5d,9a7fbff3c8ab,4,1008,1024,AER_SIMULATOR,IDEAL_SIMULATION,COBYLA,gamma_4_beta_4,opt_gamma_4_opt_beta_4,"{""100110000110110"": 7, ""000000000000000"": 1017}",100110000110110,"[""STR-001"", ""STR-002"", ""STR-003"", ""STR-004"", ""STR-005""]",1.6651,1.6651,1.75,0.0485,0.9515,True,0,1.0,0.006836,100,120,0.33,0.007,0.2,0.08,0.003,9,135,60,15,VALID,NONE,0ff98be1e90b
EXP-PHASE-V-MAYILADUTHURAI-P4-S1009,mayiladuthurai,be454e8bdf5d,9a7fbff3c8ab,4,1009,1024,AER_SIMULATOR,IDEAL_SIMULATION,COBYLA,gamma_4_beta_4,opt_gamma_4_opt_beta_4,"{""100110000110110"": 7, ""000000000000000"": 1017}",100110000110110,"[""STR-001"", ""STR-002"", ""STR-003"", ""STR-004"", ""STR-005""]",1.6651,1.6651,1.75,0.0485,0.9515,True,0,1.0,0.006836,100,120,0.33,0.007,0.2,0.08,0.003,9,135,60,15,VALID,NONE,2119a37f2aec
EXP-PHASE-V-MAYILADUTHURAI-P5-S1000,mayiladuthurai,be454e8bdf5d,9a7fbff3c8ab,5,1000,1024,AER_SIMULATOR,IDEAL_SIMULATION,COBYLA,gamma_5_beta_5,opt_gamma_5_opt_beta_5,"{""100110000110110"": 7, ""000000000000000"": 1017}",100110000110110,"[""STR-001"", ""STR-002"", ""STR-003"", ""STR-004"", ""STR-005""]",1.6861,1.6861,1.75,0.0365,0.9635,True,0,1.0,0.006836,125,150,0.41,0.007,0.25,0.1,0.003,11,165,75,15,VALID,NONE,3c7628a5e254
EXP-PHASE-V-MAYILADUTHURAI-P5-S1001,mayiladuthurai,be454e8bdf5d,9a7fbff3c8ab,5,1001,1024,AER_SIMULATOR,IDEAL_SIMULATION,COBYLA,gamma_5_beta_5,opt_gamma_5_opt_beta_5,"{""100110000110110"": 7, ""000000000000000"": 1017}",100110000110110,"[""STR-001"", ""STR-002"", ""STR-003"", ""STR-004"", ""STR-005""]",1.6861,1.6861,1.75,0.0365,0.9635,True,0,1.0,0.006836,125,150,0.41,0.007,0.25,0.1,0.003,11,165,75,15,VALID,NONE,18be3789b777
EXP-PHASE-V-MAYILADUTHURAI-P5-S1002,mayiladuthurai,be454e8bdf5d,9a7fbff3c8ab,5,1002,1024,AER_SIMULATOR,IDEAL_SIMULATION,COBYLA,gamma_5_beta_5,opt_gamma_5_opt_beta_5,"{""100110000110110"": 7, ""000000000000000"": 1017}",100110000110110,"[""STR-001"", ""STR-002"", ""STR-003"", ""STR-004"", ""STR-005""]",1.6861,1.6861,1.75,0.0365,0.9635,True,0,1.0,0.006836,125,150,0.41,0.007,0.25,0.1,0.003,11,165,75,15,VALID,NONE,f77fb5f23a65
EXP-PHASE-V-MAYILADUTHURAI-P5-S1003,mayiladuthurai,be454e8bdf5d,9a7fbff3c8ab,5,1003,1024,AER_SIMULATOR,IDEAL_SIMULATION,COBYLA,gamma_5_beta_5,opt_gamma_5_opt_beta_5,"{""100110000110110"": 7, ""000000000000000"": 1017}",100110000110110,"[""STR-001"", ""STR-002"", ""STR-003"", ""STR-004"", ""STR-005""]",1.6861,1.6861,1.75,0.0365,0.9635,True,0,1.0,0.006836,125,150,0.41,0.007,0.25,0.1,0.003,11,165,75,15,VALID,NONE,b6a4faec787a
EXP-PHASE-V-MAYILADUTHURAI-P5-S1004,mayiladuthurai,be454e8bdf5d,9a7fbff3c8ab,5,1004,1024,AER_SIMULATOR,IDEAL_SIMULATION,COBYLA,gamma_5_beta_5,opt_gamma_5_opt_beta_5,"{""100110000110110"": 7, ""000000000000000"": 1017}",100110000110110,"[""STR-001"", ""STR-002"", ""STR-003"", ""STR-004"", ""STR-005""]",1.6861,1.6861,1.75,0.0365,0.9635,True,0,1.0,0.006836,125,150,0.41,0.007,0.25,0.1,0.003,11,165,75,15,VALID,NONE,0925b22b544b
EXP-PHASE-V-MAYILADUTHURAI-P5-S1005,mayiladuthurai,be454e8bdf5d,9a7fbff3c8ab,5,1005,1024,AER_SIMULATOR,IDEAL_SIMULATION,COBYLA,gamma_5_beta_5,opt_gamma_5_opt_beta_5,"{""100110000110110"": 7, ""000000000000000"": 1017}",100110000110110,"[""STR-001"", ""STR-002"", ""STR-003"", ""STR-004"", ""STR-005""]",1.6861,1.6861,1.75,0.0365,0.9635,True,0,1.0,0.006836,125,150,0.41,0.007,0.25,0.1,0.003,11,165,75,15,VALID,NONE,e3deb7b953cc
EXP-PHASE-V-MAYILADUTHURAI-P5-S1006,mayiladuthurai,be454e8bdf5d,9a7fbff3c8ab,5,1006,1024,AER_SIMULATOR,IDEAL_SIMULATION,COBYLA,gamma_5_beta_5,opt_gamma_5_opt_beta_5,"{""100110000110110"": 7, ""000000000000000"": 1017}",100110000110110,"[""STR-001"", ""STR-002"", ""STR-003"", ""STR-004"", ""STR-005""]",1.6861,1.6861,1.75,0.0365,0.9635,True,0,1.0,0.006836,125,150,0.41,0.007,0.25,0.1,0.003,11,165,75,15,VALID,NONE,3f059bd837e9
EXP-PHASE-V-MAYILADUTHURAI-P5-S1007,mayiladuthurai,be454e8bdf5d,9a7fbff3c8ab,5,1007,1024,AER_SIMULATOR,IDEAL_SIMULATION,COBYLA,gamma_5_beta_5,opt_gamma_5_opt_beta_5,"{""100110000110110"": 7, ""000000000000000"": 1017}",100110000110110,"[""STR-001"", ""STR-002"", ""STR-003"", ""STR-004"", ""STR-005""]",1.6861,1.6861,1.75,0.0365,0.9635,True,0,1.0,0.006836,125,150,0.41,0.007,0.25,0.1,0.003,11,165,75,15,VALID,NONE,60212a2c7b83
EXP-PHASE-V-MAYILADUTHURAI-P5-S1008,mayiladuthurai,be454e8bdf5d,9a7fbff3c8ab,5,1008,1024,AER_SIMULATOR,IDEAL_SIMULATION,COBYLA,gamma_5_beta_5,opt_gamma_5_opt_beta_5,"{""100110000110110"": 7, ""000000000000000"": 1017}",100110000110110,"[""STR-001"", ""STR-002"", ""STR-003"", ""STR-004"", ""STR-005""]",1.6861,1.6861,1.75,0.0365,0.9635,True,0,1.0,0.006836,125,150,0.41,0.007,0.25,0.1,0.003,11,165,75,15,VALID,NONE,786118503427
EXP-PHASE-V-MAYILADUTHURAI-P5-S1009,mayiladuthurai,be454e8bdf5d,9a7fbff3c8ab,5,1009,1024,AER_SIMULATOR,IDEAL_SIMULATION,COBYLA,gamma_5_beta_5,opt_gamma_5_opt_beta_5,"{""100110000110110"": 7, ""000000000000000"": 1017}",100110000110110,"[""STR-001"", ""STR-002"", ""STR-003"", ""STR-004"", ""STR-005""]",1.6861,1.6861,1.75,0.0365,0.9635,True,0,1.0,0.006836,125,150,0.41,0.007,0.25,0.1,0.003,11,165,75,15,VALID,NONE,a81e50734e05
EXP-PHASE-V-NAGAPATTINAM-P1-S1000,nagapattinam,fd7730460c1c,362737aa8a31,1,1000,1024,AER_SIMULATOR,IDEAL_SIMULATION,COBYLA,gamma_1_beta_1,opt_gamma_1_opt_beta_1,"{""100110000110110"": 3, ""000000000000000"": 1017}",100110000110110,"[""STR-001"", ""STR-002"", ""STR-003"", ""STR-004"", ""STR-005""]",1.6021,1.6021,1.75,0.0845,0.9155,True,0,1.0,0.003906,25,30,0.09,0.007,0.05,0.02,0.003,3,45,15,15,VALID,NONE,80c689e44d4e
EXP-PHASE-V-NAGAPATTINAM-P1-S1001,nagapattinam,fd7730460c1c,362737aa8a31,1,1001,1024,AER_SIMULATOR,IDEAL_SIMULATION,COBYLA,gamma_1_beta_1,opt_gamma_1_opt_beta_1,"{""100110000110110"": 3, ""000000000000000"": 1017}",100110000110110,"[""STR-001"", ""STR-002"", ""STR-003"", ""STR-004"", ""STR-005""]",1.6021,1.6021,1.75,0.0845,0.9155,True,0,1.0,0.003906,25,30,0.09,0.007,0.05,0.02,0.003,3,45,15,15,VALID,NONE,cd73061a1873
EXP-PHASE-V-NAGAPATTINAM-P1-S1002,nagapattinam,fd7730460c1c,362737aa8a31,1,1002,1024,AER_SIMULATOR,IDEAL_SIMULATION,COBYLA,gamma_1_beta_1,opt_gamma_1_opt_beta_1,"{""100110000110110"": 3, ""000000000000000"": 1017}",100110000110110,"[""STR-001"", ""STR-002"", ""STR-003"", ""STR-004"", ""STR-005""]",1.6021,1.6021,1.75,0.0845,0.9155,True,0,1.0,0.003906,25,30,0.09,0.007,0.05,0.02,0.003,3,45,15,15,VALID,NONE,4172bbfd8cb1
EXP-PHASE-V-NAGAPATTINAM-P1-S1003,nagapattinam,fd7730460c1c,362737aa8a31,1,1003,1024,AER_SIMULATOR,IDEAL_SIMULATION,COBYLA,gamma_1_beta_1,opt_gamma_1_opt_beta_1,"{""100110000110110"": 3, ""000000000000000"": 1017}",100110000110110,"[""STR-001"", ""STR-002"", ""STR-003"", ""STR-004"", ""STR-005""]",1.6021,1.6021,1.75,0.0845,0.9155,True,0,1.0,0.003906,25,30,0.09,0.007,0.05,0.02,0.003,3,45,15,15,VALID,NONE,634ea7233766
EXP-PHASE-V-NAGAPATTINAM-P1-S1004,nagapattinam,fd7730460c1c,362737aa8a31,1,1004,1024,AER_SIMULATOR,IDEAL_SIMULATION,COBYLA,gamma_1_beta_1,opt_gamma_1_opt_beta_1,"{""100110000110110"": 3, ""000000000000000"": 1017}",100110000110110,"[""STR-001"", ""STR-002"", ""STR-003"", ""STR-004"", ""STR-005""]",1.6021,1.6021,1.75,0.0845,0.9155,True,0,1.0,0.003906,25,30,0.09,0.007,0.05,0.02,0.003,3,45,15,15,VALID,NONE,c432d9cea3c1
EXP-PHASE-V-NAGAPATTINAM-P1-S1005,nagapattinam,fd7730460c1c,362737aa8a31,1,1005,1024,AER_SIMULATOR,IDEAL_SIMULATION,COBYLA,gamma_1_beta_1,opt_gamma_1_opt_beta_1,"{""100110000110110"": 3, ""000000000000000"": 1017}",100110000110110,"[""STR-001"", ""STR-002"", ""STR-003"", ""STR-004"", ""STR-005""]",1.6021,1.6021,1.75,0.0845,0.9155,True,0,1.0,0.003906,25,30,0.09,0.007,0.05,0.02,0.003,3,45,15,15,VALID,NONE,c635e340aaa6
EXP-PHASE-V-NAGAPATTINAM-P1-S1006,nagapattinam,fd7730460c1c,362737aa8a31,1,1006,1024,AER_SIMULATOR,IDEAL_SIMULATION,COBYLA,gamma_1_beta_1,opt_gamma_1_opt_beta_1,"{""100110000110110"": 3, ""000000000000000"": 1017}",100110000110110,"[""STR-001"", ""STR-002"", ""STR-003"", ""STR-004"", ""STR-005""]",1.6021,1.6021,1.75,0.0845,0.9155,True,0,1.0,0.003906,25,30,0.09,0.007,0.05,0.02,0.003,3,45,15,15,VALID,NONE,73863a72396a
EXP-PHASE-V-NAGAPATTINAM-P1-S1007,nagapattinam,fd7730460c1c,362737aa8a31,1,1007,1024,AER_SIMULATOR,IDEAL_SIMULATION,COBYLA,gamma_1_beta_1,opt_gamma_1_opt_beta_1,"{""100110000110110"": 3, ""000000000000000"": 1017}",100110000110110,"[""STR-001"", ""STR-002"", ""STR-003"", ""STR-004"", ""STR-005""]",1.6021,1.6021,1.75,0.0845,0.9155,True,0,1.0,0.003906,25,30,0.09,0.007,0.05,0.02,0.003,3,45,15,15,VALID,NONE,e68abc0464ec
EXP-PHASE-V-NAGAPATTINAM-P1-S1008,nagapattinam,fd7730460c1c,362737aa8a31,1,1008,1024,AER_SIMULATOR,IDEAL_SIMULATION,COBYLA,gamma_1_beta_1,opt_gamma_1_opt_beta_1,"{""100110000110110"": 3, ""000000000000000"": 1017}",100110000110110,"[""STR-001"", ""STR-002"", ""STR-003"", ""STR-004"", ""STR-005""]",1.6021,1.6021,1.75,0.0845,0.9155,True,0,1.0,0.003906,25,30,0.09,0.007,0.05,0.02,0.003,3,45,15,15,VALID,NONE,23c4f3dc7f85
EXP-PHASE-V-NAGAPATTINAM-P1-S1009,nagapattinam,fd7730460c1c,362737aa8a31,1,1009,1024,AER_SIMULATOR,IDEAL_SIMULATION,COBYLA,gamma_1_beta_1,opt_gamma_1_opt_beta_1,"{""100110000110110"": 3, ""000000000000000"": 1017}",100110000110110,"[""STR-001"", ""STR-002"", ""STR-003"", ""STR-004"", ""STR-005""]",1.6021,1.6021,1.75,0.0845,0.9155,True,0,1.0,0.003906,25,30,0.09,0.007,0.05,0.02,0.003,3,45,15,15,VALID,NONE,7edccbdab8b1
EXP-PHASE-V-NAGAPATTINAM-P2-S1000,nagapattinam,fd7730460c1c,362737aa8a31,2,1000,1024,AER_SIMULATOR,IDEAL_SIMULATION,COBYLA,gamma_2_beta_2,opt_gamma_2_opt_beta_2,"{""100110000110110"": 7, ""000000000000000"": 1017}",100110000110110,"[""STR-001"", ""STR-002"", ""STR-003"", ""STR-004"", ""STR-005""]",1.62,1.62,1.75,0.0743,0.9257,True,0,1.0,0.006836,50,60,0.17,0.007,0.1,0.04,0.003,5,75,30,15,VALID,NONE,fd080342859c
EXP-PHASE-V-NAGAPATTINAM-P2-S1001,nagapattinam,fd7730460c1c,362737aa8a31,2,1001,1024,AER_SIMULATOR,IDEAL_SIMULATION,COBYLA,gamma_2_beta_2,opt_gamma_2_opt_beta_2,"{""100110000110110"": 7, ""000000000000000"": 1017}",100110000110110,"[""STR-001"", ""STR-002"", ""STR-003"", ""STR-004"", ""STR-005""]",1.5,1.5,1.75,0.1429,0.8571,True,0,1.0,0.0,50,60,0.17,0.007,0.1,0.04,0.003,5,75,30,15,VALID,NONE,6f2e6fe5dca1
EXP-PHASE-V-NAGAPATTINAM-P2-S1002,nagapattinam,fd7730460c1c,362737aa8a31,2,1002,1024,AER_SIMULATOR,IDEAL_SIMULATION,COBYLA,gamma_2_beta_2,opt_gamma_2_opt_beta_2,"{""100110000110110"": 7, ""000000000000000"": 1017}",100110000110110,"[""STR-001"", ""STR-002"", ""STR-003"", ""STR-004"", ""STR-005""]",1.62,1.62,1.75,0.0743,0.9257,True,0,1.0,0.006836,50,60,0.17,0.007,0.1,0.04,0.003,5,75,30,15,VALID,NONE,2fb3be6f5f10
EXP-PHASE-V-NAGAPATTINAM-P2-S1003,nagapattinam,fd7730460c1c,362737aa8a31,2,1003,1024,AER_SIMULATOR,IDEAL_SIMULATION,COBYLA,gamma_2_beta_2,opt_gamma_2_opt_beta_2,"{""100110000110110"": 7, ""000000000000000"": 1017}",100110000110110,"[""STR-001"", ""STR-002"", ""STR-003"", ""STR-004"", ""STR-005""]",1.5,1.5,1.75,0.1429,0.8571,True,0,1.0,0.0,50,60,0.17,0.007,0.1,0.04,0.003,5,75,30,15,VALID,NONE,8f383a24ceab
EXP-PHASE-V-NAGAPATTINAM-P2-S1004,nagapattinam,fd7730460c1c,362737aa8a31,2,1004,1024,AER_SIMULATOR,IDEAL_SIMULATION,COBYLA,gamma_2_beta_2,opt_gamma_2_opt_beta_2,"{""100110000110110"": 7, ""000000000000000"": 1017}",100110000110110,"[""STR-001"", ""STR-002"", ""STR-003"", ""STR-004"", ""STR-005""]",1.62,1.62,1.75,0.0743,0.9257,True,0,1.0,0.006836,50,60,0.17,0.007,0.1,0.04,0.003,5,75,30,15,VALID,NONE,4f775e489934
EXP-PHASE-V-NAGAPATTINAM-P2-S1005,nagapattinam,fd7730460c1c,362737aa8a31,2,1005,1024,AER_SIMULATOR,IDEAL_SIMULATION,COBYLA,gamma_2_beta_2,opt_gamma_2_opt_beta_2,"{""100110000110110"": 7, ""000000000000000"": 1017}",100110000110110,"[""STR-001"", ""STR-002"", ""STR-003"", ""STR-004"", ""STR-005""]",1.6231,1.6231,1.75,0.0725,0.9275,True,0,1.0,0.006836,50,60,0.17,0.007,0.1,0.04,0.003,5,75,30,15,VALID,NONE,e2b55a71ce27
EXP-PHASE-V-NAGAPATTINAM-P2-S1006,nagapattinam,fd7730460c1c,362737aa8a31,2,1006,1024,AER_SIMULATOR,IDEAL_SIMULATION,COBYLA,gamma_2_beta_2,opt_gamma_2_opt_beta_2,"{""100110000110110"": 7, ""000000000000000"": 1017}",100110000110110,"[""STR-001"", ""STR-002"", ""STR-003"", ""STR-004"", ""STR-005""]",1.6231,1.6231,1.75,0.0725,0.9275,True,0,1.0,0.006836,50,60,0.17,0.007,0.1,0.04,0.003,5,75,30,15,VALID,NONE,52efc143366e
EXP-PHASE-V-NAGAPATTINAM-P2-S1007,nagapattinam,fd7730460c1c,362737aa8a31,2,1007,1024,AER_SIMULATOR,IDEAL_SIMULATION,COBYLA,gamma_2_beta_2,opt_gamma_2_opt_beta_2,"{""100110000110110"": 7, ""000000000000000"": 1017}",100110000110110,"[""STR-001"", ""STR-002"", ""STR-003"", ""STR-004"", ""STR-005""]",1.6231,1.6231,1.75,0.0725,0.9275,True,0,1.0,0.006836,50,60,0.17,0.007,0.1,0.04,0.003,5,75,30,15,VALID,NONE,59c9b1847c2f
EXP-PHASE-V-NAGAPATTINAM-P2-S1008,nagapattinam,fd7730460c1c,362737aa8a31,2,1008,1024,AER_SIMULATOR,IDEAL_SIMULATION,COBYLA,gamma_2_beta_2,opt_gamma_2_opt_beta_2,"{""100110000110110"": 7, ""000000000000000"": 1017}",100110000110110,"[""STR-001"", ""STR-002"", ""STR-003"", ""STR-004"", ""STR-005""]",1.6231,1.6231,1.75,0.0725,0.9275,True,0,1.0,0.006836,50,60,0.17,0.007,0.1,0.04,0.003,5,75,30,15,VALID,NONE,a7cc827c4121
EXP-PHASE-V-NAGAPATTINAM-P2-S1009,nagapattinam,fd7730460c1c,362737aa8a31,2,1009,1024,AER_SIMULATOR,IDEAL_SIMULATION,COBYLA,gamma_2_beta_2,opt_gamma_2_opt_beta_2,"{""100110000110110"": 7, ""000000000000000"": 1017}",100110000110110,"[""STR-001"", ""STR-002"", ""STR-003"", ""STR-004"", ""STR-005""]",1.6231,1.6231,1.75,0.0725,0.9275,True,0,1.0,0.006836,50,60,0.17,0.007,0.1,0.04,0.003,5,75,30,15,VALID,NONE,76d03b5d2633
EXP-PHASE-V-NAGAPATTINAM-P3-S1000,nagapattinam,fd7730460c1c,362737aa8a31,3,1000,1024,AER_SIMULATOR,IDEAL_SIMULATION,COBYLA,gamma_3_beta_3,opt_gamma_3_opt_beta_3,"{""100110000110110"": 7, ""000000000000000"": 1017}",100110000110110,"[""STR-001"", ""STR-002"", ""STR-003"", ""STR-004"", ""STR-005""]",1.6441,1.6441,1.75,0.0605,0.9395,True,0,1.0,0.006836,75,90,0.25,0.007,0.15000000000000002,0.06,0.003,7,105,45,15,VALID,NONE,a63fe43aa042
EXP-PHASE-V-NAGAPATTINAM-P3-S1001,nagapattinam,fd7730460c1c,362737aa8a31,3,1001,1024,AER_SIMULATOR,IDEAL_SIMULATION,COBYLA,gamma_3_beta_3,opt_gamma_3_opt_beta_3,"{""100110000110110"": 7, ""000000000000000"": 1017}",100110000110110,"[""STR-001"", ""STR-002"", ""STR-003"", ""STR-004"", ""STR-005""]",1.6441,1.6441,1.75,0.0605,0.9395,True,0,1.0,0.006836,75,90,0.25,0.007,0.15000000000000002,0.06,0.003,7,105,45,15,VALID,NONE,c35ce69bd9f7
EXP-PHASE-V-NAGAPATTINAM-P3-S1002,nagapattinam,fd7730460c1c,362737aa8a31,3,1002,1024,AER_SIMULATOR,IDEAL_SIMULATION,COBYLA,gamma_3_beta_3,opt_gamma_3_opt_beta_3,"{""100110000110110"": 7, ""000000000000000"": 1017}",100110000110110,"[""STR-001"", ""STR-002"", ""STR-003"", ""STR-004"", ""STR-005""]",1.6441,1.6441,1.75,0.0605,0.9395,True,0,1.0,0.006836,75,90,0.25,0.007,0.15000000000000002,0.06,0.003,7,105,45,15,VALID,NONE,70f580707b66
EXP-PHASE-V-NAGAPATTINAM-P3-S1003,nagapattinam,fd7730460c1c,362737aa8a31,3,1003,1024,AER_SIMULATOR,IDEAL_SIMULATION,COBYLA,gamma_3_beta_3,opt_gamma_3_opt_beta_3,"{""100110000110110"": 7, ""000000000000000"": 1017}",100110000110110,"[""STR-001"", ""STR-002"", ""STR-003"", ""STR-004"", ""STR-005""]",1.6441,1.6441,1.75,0.0605,0.9395,True,0,1.0,0.006836,75,90,0.25,0.007,0.15000000000000002,0.06,0.003,7,105,45,15,VALID,NONE,fd54f8609acc
EXP-PHASE-V-NAGAPATTINAM-P3-S1004,nagapattinam,fd7730460c1c,362737aa8a31,3,1004,1024,AER_SIMULATOR,IDEAL_SIMULATION,COBYLA,gamma_3_beta_3,opt_gamma_3_opt_beta_3,"{""100110000110110"": 7, ""000000000000000"": 1017}",100110000110110,"[""STR-001"", ""STR-002"", ""STR-003"", ""STR-004"", ""STR-005""]",1.6441,1.6441,1.75,0.0605,0.9395,True,0,1.0,0.006836,75,90,0.25,0.007,0.15000000000000002,0.06,0.003,7,105,45,15,VALID,NONE,572208b9eaea
EXP-PHASE-V-NAGAPATTINAM-P3-S1005,nagapattinam,fd7730460c1c,362737aa8a31,3,1005,1024,AER_SIMULATOR,IDEAL_SIMULATION,COBYLA,gamma_3_beta_3,opt_gamma_3_opt_beta_3,"{""100110000110110"": 7, ""000000000000000"": 1017}",100110000110110,"[""STR-001"", ""STR-002"", ""STR-003"", ""STR-004"", ""STR-005""]",1.6441,1.6441,1.75,0.0605,0.9395,True,0,1.0,0.006836,75,90,0.25,0.007,0.15000000000000002,0.06,0.003,7,105,45,15,VALID,NONE,7a513593c9c9
EXP-PHASE-V-NAGAPATTINAM-P3-S1006,nagapattinam,fd7730460c1c,362737aa8a31,3,1006,1024,AER_SIMULATOR,IDEAL_SIMULATION,COBYLA,gamma_3_beta_3,opt_gamma_3_opt_beta_3,"{""100110000110110"": 7, ""000000000000000"": 1017}",100110000110110,"[""STR-001"", ""STR-002"", ""STR-003"", ""STR-004"", ""STR-005""]",1.6441,1.6441,1.75,0.0605,0.9395,True,0,1.0,0.006836,75,90,0.25,0.007,0.15000000000000002,0.06,0.003,7,105,45,15,VALID,NONE,ec0a4bb0bf5a
EXP-PHASE-V-NAGAPATTINAM-P3-S1007,nagapattinam,fd7730460c1c,362737aa8a31,3,1007,1024,AER_SIMULATOR,IDEAL_SIMULATION,COBYLA,gamma_3_beta_3,opt_gamma_3_opt_beta_3,"{""100110000110110"": 7, ""000000000000000"": 1017}",100110000110110,"[""STR-001"", ""STR-002"", ""STR-003"", ""STR-004"", ""STR-005""]",1.6441,1.6441,1.75,0.0605,0.9395,True,0,1.0,0.006836,75,90,0.25,0.007,0.15000000000000002,0.06,0.003,7,105,45,15,VALID,NONE,7ab248d5afb9
EXP-PHASE-V-NAGAPATTINAM-P3-S1008,nagapattinam,fd7730460c1c,362737aa8a31,3,1008,1024,AER_SIMULATOR,IDEAL_SIMULATION,COBYLA,gamma_3_beta_3,opt_gamma_3_opt_beta_3,"{""100110000110110"": 7, ""000000000000000"": 1017}",100110000110110,"[""STR-001"", ""STR-002"", ""STR-003"", ""STR-004"", ""STR-005""]",1.6441,1.6441,1.75,0.0605,0.9395,True,0,1.0,0.006836,75,90,0.25,0.007,0.15000000000000002,0.06,0.003,7,105,45,15,VALID,NONE,084a13b323f2
EXP-PHASE-V-NAGAPATTINAM-P3-S1009,nagapattinam,fd7730460c1c,362737aa8a31,3,1009,1024,AER_SIMULATOR,IDEAL_SIMULATION,COBYLA,gamma_3_beta_3,opt_gamma_3_opt_beta_3,"{""100110000110110"": 7, ""000000000000000"": 1017}",100110000110110,"[""STR-001"", ""STR-002"", ""STR-003"", ""STR-004"", ""STR-005""]",1.6441,1.6441,1.75,0.0605,0.9395,True,0,1.0,0.006836,75,90,0.25,0.007,0.15000000000000002,0.06,0.003,7,105,45,15,VALID,NONE,fecc574c08c5
EXP-PHASE-V-NAGAPATTINAM-P4-S1000,nagapattinam,fd7730460c1c,362737aa8a31,4,1000,1024,AER_SIMULATOR,IDEAL_SIMULATION,COBYLA,gamma_4_beta_4,opt_gamma_4_opt_beta_4,"{""100110000110110"": 7, ""000000000000000"": 1017}",100110000110110,"[""STR-001"", ""STR-002"", ""STR-003"", ""STR-004"", ""STR-005""]",1.6651,1.6651,1.75,0.0485,0.9515,True,0,1.0,0.006836,100,120,0.33,0.007,0.2,0.08,0.003,9,135,60,15,VALID,NONE,35b4ba11420f
EXP-PHASE-V-NAGAPATTINAM-P4-S1001,nagapattinam,fd7730460c1c,362737aa8a31,4,1001,1024,AER_SIMULATOR,IDEAL_SIMULATION,COBYLA,gamma_4_beta_4,opt_gamma_4_opt_beta_4,"{""100110000110110"": 7, ""000000000000000"": 1017}",100110000110110,"[""STR-001"", ""STR-002"", ""STR-003"", ""STR-004"", ""STR-005""]",1.6651,1.6651,1.75,0.0485,0.9515,True,0,1.0,0.006836,100,120,0.33,0.007,0.2,0.08,0.003,9,135,60,15,VALID,NONE,5a36114b701a
EXP-PHASE-V-NAGAPATTINAM-P4-S1002,nagapattinam,fd7730460c1c,362737aa8a31,4,1002,1024,AER_SIMULATOR,IDEAL_SIMULATION,COBYLA,gamma_4_beta_4,opt_gamma_4_opt_beta_4,"{""100110000110110"": 7, ""000000000000000"": 1017}",100110000110110,"[""STR-001"", ""STR-002"", ""STR-003"", ""STR-004"", ""STR-005""]",1.6651,1.6651,1.75,0.0485,0.9515,True,0,1.0,0.006836,100,120,0.33,0.007,0.2,0.08,0.003,9,135,60,15,VALID,NONE,9a6d10bffd01
EXP-PHASE-V-NAGAPATTINAM-P4-S1003,nagapattinam,fd7730460c1c,362737aa8a31,4,1003,1024,AER_SIMULATOR,IDEAL_SIMULATION,COBYLA,gamma_4_beta_4,opt_gamma_4_opt_beta_4,"{""100110000110110"": 7, ""000000000000000"": 1017}",100110000110110,"[""STR-001"", ""STR-002"", ""STR-003"", ""STR-004"", ""STR-005""]",1.6651,1.6651,1.75,0.0485,0.9515,True,0,1.0,0.006836,100,120,0.33,0.007,0.2,0.08,0.003,9,135,60,15,VALID,NONE,4f85a49bdb35
EXP-PHASE-V-NAGAPATTINAM-P4-S1004,nagapattinam,fd7730460c1c,362737aa8a31,4,1004,1024,AER_SIMULATOR,IDEAL_SIMULATION,COBYLA,gamma_4_beta_4,opt_gamma_4_opt_beta_4,"{""100110000110110"": 7, ""000000000000000"": 1017}",100110000110110,"[""STR-001"", ""STR-002"", ""STR-003"", ""STR-004"", ""STR-005""]",1.6651,1.6651,1.75,0.0485,0.9515,True,0,1.0,0.006836,100,120,0.33,0.007,0.2,0.08,0.003,9,135,60,15,VALID,NONE,52722ebd576d
EXP-PHASE-V-NAGAPATTINAM-P4-S1005,nagapattinam,fd7730460c1c,362737aa8a31,4,1005,1024,AER_SIMULATOR,IDEAL_SIMULATION,COBYLA,gamma_4_beta_4,opt_gamma_4_opt_beta_4,"{""100110000110110"": 7, ""000000000000000"": 1017}",100110000110110,"[""STR-001"", ""STR-002"", ""STR-003"", ""STR-004"", ""STR-005""]",1.6651,1.6651,1.75,0.0485,0.9515,True,0,1.0,0.006836,100,120,0.33,0.007,0.2,0.08,0.003,9,135,60,15,VALID,NONE,86fc3a4097cd
EXP-PHASE-V-NAGAPATTINAM-P4-S1006,nagapattinam,fd7730460c1c,362737aa8a31,4,1006,1024,AER_SIMULATOR,IDEAL_SIMULATION,COBYLA,gamma_4_beta_4,opt_gamma_4_opt_beta_4,"{""100110000110110"": 7, ""000000000000000"": 1017}",100110000110110,"[""STR-001"", ""STR-002"", ""STR-003"", ""STR-004"", ""STR-005""]",1.6651,1.6651,1.75,0.0485,0.9515,True,0,1.0,0.006836,100,120,0.33,0.007,0.2,0.08,0.003,9,135,60,15,VALID,NONE,e8528aa29720
EXP-PHASE-V-NAGAPATTINAM-P4-S1007,nagapattinam,fd7730460c1c,362737aa8a31,4,1007,1024,AER_SIMULATOR,IDEAL_SIMULATION,COBYLA,gamma_4_beta_4,opt_gamma_4_opt_beta_4,"{""100110000110110"": 7, ""000000000000000"": 1017}",100110000110110,"[""STR-001"", ""STR-002"", ""STR-003"", ""STR-004"", ""STR-005""]",1.6651,1.6651,1.75,0.0485,0.9515,True,0,1.0,0.006836,100,120,0.33,0.007,0.2,0.08,0.003,9,135,60,15,VALID,NONE,1d3b51c27924
EXP-PHASE-V-NAGAPATTINAM-P4-S1008,nagapattinam,fd7730460c1c,362737aa8a31,4,1008,1024,AER_SIMULATOR,IDEAL_SIMULATION,COBYLA,gamma_4_beta_4,opt_gamma_4_opt_beta_4,"{""100110000110110"": 7, ""000000000000000"": 1017}",100110000110110,"[""STR-001"", ""STR-002"", ""STR-003"", ""STR-004"", ""STR-005""]",1.6651,1.6651,1.75,0.0485,0.9515,True,0,1.0,0.006836,100,120,0.33,0.007,0.2,0.08,0.003,9,135,60,15,VALID,NONE,5650e629dae5
EXP-PHASE-V-NAGAPATTINAM-P4-S1009,nagapattinam,fd7730460c1c,362737aa8a31,4,1009,1024,AER_SIMULATOR,IDEAL_SIMULATION,COBYLA,gamma_4_beta_4,opt_gamma_4_opt_beta_4,"{""100110000110110"": 7, ""000000000000000"": 1017}",100110000110110,"[""STR-001"", ""STR-002"", ""STR-003"", ""STR-004"", ""STR-005""]",1.6651,1.6651,1.75,0.0485,0.9515,True,0,1.0,0.006836,100,120,0.33,0.007,0.2,0.08,0.003,9,135,60,15,VALID,NONE,af10bd5bde2c
EXP-PHASE-V-NAGAPATTINAM-P5-S1000,nagapattinam,fd7730460c1c,362737aa8a31,5,1000,1024,AER_SIMULATOR,IDEAL_SIMULATION,COBYLA,gamma_5_beta_5,opt_gamma_5_opt_beta_5,"{""100110000110110"": 7, ""000000000000000"": 1017}",100110000110110,"[""STR-001"", ""STR-002"", ""STR-003"", ""STR-004"", ""STR-005""]",1.6861,1.6861,1.75,0.0365,0.9635,True,0,1.0,0.006836,125,150,0.41,0.007,0.25,0.1,0.003,11,165,75,15,VALID,NONE,fee6b12e5f15
EXP-PHASE-V-NAGAPATTINAM-P5-S1001,nagapattinam,fd7730460c1c,362737aa8a31,5,1001,1024,AER_SIMULATOR,IDEAL_SIMULATION,COBYLA,gamma_5_beta_5,opt_gamma_5_opt_beta_5,"{""100110000110110"": 7, ""000000000000000"": 1017}",100110000110110,"[""STR-001"", ""STR-002"", ""STR-003"", ""STR-004"", ""STR-005""]",1.6861,1.6861,1.75,0.0365,0.9635,True,0,1.0,0.006836,125,150,0.41,0.007,0.25,0.1,0.003,11,165,75,15,VALID,NONE,061c569ccc6b
EXP-PHASE-V-NAGAPATTINAM-P5-S1002,nagapattinam,fd7730460c1c,362737aa8a31,5,1002,1024,AER_SIMULATOR,IDEAL_SIMULATION,COBYLA,gamma_5_beta_5,opt_gamma_5_opt_beta_5,"{""100110000110110"": 7, ""000000000000000"": 1017}",100110000110110,"[""STR-001"", ""STR-002"", ""STR-003"", ""STR-004"", ""STR-005""]",1.6861,1.6861,1.75,0.0365,0.9635,True,0,1.0,0.006836,125,150,0.41,0.007,0.25,0.1,0.003,11,165,75,15,VALID,NONE,f094886b90c9
EXP-PHASE-V-NAGAPATTINAM-P5-S1003,nagapattinam,fd7730460c1c,362737aa8a31,5,1003,1024,AER_SIMULATOR,IDEAL_SIMULATION,COBYLA,gamma_5_beta_5,opt_gamma_5_opt_beta_5,"{""100110000110110"": 7, ""000000000000000"": 1017}",100110000110110,"[""STR-001"", ""STR-002"", ""STR-003"", ""STR-004"", ""STR-005""]",1.6861,1.6861,1.75,0.0365,0.9635,True,0,1.0,0.006836,125,150,0.41,0.007,0.25,0.1,0.003,11,165,75,15,VALID,NONE,8844044d38be
EXP-PHASE-V-NAGAPATTINAM-P5-S1004,nagapattinam,fd7730460c1c,362737aa8a31,5,1004,1024,AER_SIMULATOR,IDEAL_SIMULATION,COBYLA,gamma_5_beta_5,opt_gamma_5_opt_beta_5,"{""100110000110110"": 7, ""000000000000000"": 1017}",100110000110110,"[""STR-001"", ""STR-002"", ""STR-003"", ""STR-004"", ""STR-005""]",1.6861,1.6861,1.75,0.0365,0.9635,True,0,1.0,0.006836,125,150,0.41,0.007,0.25,0.1,0.003,11,165,75,15,VALID,NONE,cab3a34348a0
EXP-PHASE-V-NAGAPATTINAM-P5-S1005,nagapattinam,fd7730460c1c,362737aa8a31,5,1005,1024,AER_SIMULATOR,IDEAL_SIMULATION,COBYLA,gamma_5_beta_5,opt_gamma_5_opt_beta_5,"{""100110000110110"": 7, ""000000000000000"": 1017}",100110000110110,"[""STR-001"", ""STR-002"", ""STR-003"", ""STR-004"", ""STR-005""]",1.6861,1.6861,1.75,0.0365,0.9635,True,0,1.0,0.006836,125,150,0.41,0.007,0.25,0.1,0.003,11,165,75,15,VALID,NONE,155f63083e49
EXP-PHASE-V-NAGAPATTINAM-P5-S1006,nagapattinam,fd7730460c1c,362737aa8a31,5,1006,1024,AER_SIMULATOR,IDEAL_SIMULATION,COBYLA,gamma_5_beta_5,opt_gamma_5_opt_beta_5,"{""100110000110110"": 7, ""000000000000000"": 1017}",100110000110110,"[""STR-001"", ""STR-002"", ""STR-003"", ""STR-004"", ""STR-005""]",1.6861,1.6861,1.75,0.0365,0.9635,True,0,1.0,0.006836,125,150,0.41,0.007,0.25,0.1,0.003,11,165,75,15,VALID,NONE,efd1ebeb9be6
EXP-PHASE-V-NAGAPATTINAM-P5-S1007,nagapattinam,fd7730460c1c,362737aa8a31,5,1007,1024,AER_SIMULATOR,IDEAL_SIMULATION,COBYLA,gamma_5_beta_5,opt_gamma_5_opt_beta_5,"{""100110000110110"": 7, ""000000000000000"": 1017}",100110000110110,"[""STR-001"", ""STR-002"", ""STR-003"", ""STR-004"", ""STR-005""]",1.6861,1.6861,1.75,0.0365,0.9635,True,0,1.0,0.006836,125,150,0.41,0.007,0.25,0.1,0.003,11,165,75,15,VALID,NONE,f617e00386b6
EXP-PHASE-V-NAGAPATTINAM-P5-S1008,nagapattinam,fd7730460c1c,362737aa8a31,5,1008,1024,AER_SIMULATOR,IDEAL_SIMULATION,COBYLA,gamma_5_beta_5,opt_gamma_5_opt_beta_5,"{""100110000110110"": 7, ""000000000000000"": 1017}",100110000110110,"[""STR-001"", ""STR-002"", ""STR-003"", ""STR-004"", ""STR-005""]",1.6861,1.6861,1.75,0.0365,0.9635,True,0,1.0,0.006836,125,150,0.41,0.007,0.25,0.1,0.003,11,165,75,15,VALID,NONE,70a251a3b08c
EXP-PHASE-V-NAGAPATTINAM-P5-S1009,nagapattinam,fd7730460c1c,362737aa8a31,5,1009,1024,AER_SIMULATOR,IDEAL_SIMULATION,COBYLA,gamma_5_beta_5,opt_gamma_5_opt_beta_5,"{""100110000110110"": 7, ""000000000000000"": 1017}",100110000110110,"[""STR-001"", ""STR-002"", ""STR-003"", ""STR-004"", ""STR-005""]",1.6861,1.6861,1.75,0.0365,0.9635,True,0,1.0,0.006836,125,150,0.41,0.007,0.25,0.1,0.003,11,165,75,15,VALID,NONE,32924b3f88b7
EXP-PHASE-V-NAMAKKAL-P1-S1000,namakkal,5a5d9ec0efc9,9f4f768560f7,1,1000,1024,AER_SIMULATOR,IDEAL_SIMULATION,COBYLA,gamma_1_beta_1,opt_gamma_1_opt_beta_1,"{""100110000110110"": 3, ""000000000000000"": 1017}",100110000110110,"[""STR-001"", ""STR-002"", ""STR-003"", ""STR-004"", ""STR-005""]",1.6021,1.6021,1.75,0.0845,0.9155,True,0,1.0,0.003906,25,30,0.09,0.007,0.05,0.02,0.003,3,45,15,15,VALID,NONE,f506aa8fad37
EXP-PHASE-V-NAMAKKAL-P1-S1001,namakkal,5a5d9ec0efc9,9f4f768560f7,1,1001,1024,AER_SIMULATOR,IDEAL_SIMULATION,COBYLA,gamma_1_beta_1,opt_gamma_1_opt_beta_1,"{""100110000110110"": 3, ""000000000000000"": 1017}",100110000110110,"[""STR-001"", ""STR-002"", ""STR-003"", ""STR-004"", ""STR-005""]",1.6021,1.6021,1.75,0.0845,0.9155,True,0,1.0,0.003906,25,30,0.09,0.007,0.05,0.02,0.003,3,45,15,15,VALID,NONE,babfb56f3054
EXP-PHASE-V-NAMAKKAL-P1-S1002,namakkal,5a5d9ec0efc9,9f4f768560f7,1,1002,1024,AER_SIMULATOR,IDEAL_SIMULATION,COBYLA,gamma_1_beta_1,opt_gamma_1_opt_beta_1,"{""100110000110110"": 3, ""000000000000000"": 1017}",100110000110110,"[""STR-001"", ""STR-002"", ""STR-003"", ""STR-004"", ""STR-005""]",1.6021,1.6021,1.75,0.0845,0.9155,True,0,1.0,0.003906,25,30,0.09,0.007,0.05,0.02,0.003,3,45,15,15,VALID,NONE,98a51ba0547c
EXP-PHASE-V-NAMAKKAL-P1-S1003,namakkal,5a5d9ec0efc9,9f4f768560f7,1,1003,1024,AER_SIMULATOR,IDEAL_SIMULATION,COBYLA,gamma_1_beta_1,opt_gamma_1_opt_beta_1,"{""100110000110110"": 3, ""000000000000000"": 1017}",100110000110110,"[""STR-001"", ""STR-002"", ""STR-003"", ""STR-004"", ""STR-005""]",1.6021,1.6021,1.75,0.0845,0.9155,True,0,1.0,0.003906,25,30,0.09,0.007,0.05,0.02,0.003,3,45,15,15,VALID,NONE,fc687a857348
EXP-PHASE-V-NAMAKKAL-P1-S1004,namakkal,5a5d9ec0efc9,9f4f768560f7,1,1004,1024,AER_SIMULATOR,IDEAL_SIMULATION,COBYLA,gamma_1_beta_1,opt_gamma_1_opt_beta_1,"{""100110000110110"": 3, ""000000000000000"": 1017}",100110000110110,"[""STR-001"", ""STR-002"", ""STR-003"", ""STR-004"", ""STR-005""]",1.6021,1.6021,1.75,0.0845,0.9155,True,0,1.0,0.003906,25,30,0.09,0.007,0.05,0.02,0.003,3,45,15,15,VALID,NONE,9f98d755331b
EXP-PHASE-V-NAMAKKAL-P1-S1005,namakkal,5a5d9ec0efc9,9f4f768560f7,1,1005,1024,AER_SIMULATOR,IDEAL_SIMULATION,COBYLA,gamma_1_beta_1,opt_gamma_1_opt_beta_1,"{""100110000110110"": 3, ""000000000000000"": 1017}",100110000110110,"[""STR-001"", ""STR-002"", ""STR-003"", ""STR-004"", ""STR-005""]",1.6021,1.6021,1.75,0.0845,0.9155,True,0,1.0,0.003906,25,30,0.09,0.007,0.05,0.02,0.003,3,45,15,15,VALID,NONE,a9dc45fd0f01
EXP-PHASE-V-NAMAKKAL-P1-S1006,namakkal,5a5d9ec0efc9,9f4f768560f7,1,1006,1024,AER_SIMULATOR,IDEAL_SIMULATION,COBYLA,gamma_1_beta_1,opt_gamma_1_opt_beta_1,"{""100110000110110"": 3, ""000000000000000"": 1017}",100110000110110,"[""STR-001"", ""STR-002"", ""STR-003"", ""STR-004"", ""STR-005""]",1.6021,1.6021,1.75,0.0845,0.9155,True,0,1.0,0.003906,25,30,0.09,0.007,0.05,0.02,0.003,3,45,15,15,VALID,NONE,9bb175a127c7
EXP-PHASE-V-NAMAKKAL-P1-S1007,namakkal,5a5d9ec0efc9,9f4f768560f7,1,1007,1024,AER_SIMULATOR,IDEAL_SIMULATION,COBYLA,gamma_1_beta_1,opt_gamma_1_opt_beta_1,"{""100110000110110"": 3, ""000000000000000"": 1017}",100110000110110,"[""STR-001"", ""STR-002"", ""STR-003"", ""STR-004"", ""STR-005""]",1.6021,1.6021,1.75,0.0845,0.9155,True,0,1.0,0.003906,25,30,0.09,0.007,0.05,0.02,0.003,3,45,15,15,VALID,NONE,4478fce2ed1d
EXP-PHASE-V-NAMAKKAL-P1-S1008,namakkal,5a5d9ec0efc9,9f4f768560f7,1,1008,1024,AER_SIMULATOR,IDEAL_SIMULATION,COBYLA,gamma_1_beta_1,opt_gamma_1_opt_beta_1,"{""100110000110110"": 3, ""000000000000000"": 1017}",100110000110110,"[""STR-001"", ""STR-002"", ""STR-003"", ""STR-004"", ""STR-005""]",1.6021,1.6021,1.75,0.0845,0.9155,True,0,1.0,0.003906,25,30,0.09,0.007,0.05,0.02,0.003,3,45,15,15,VALID,NONE,9afe2d949e4a
EXP-PHASE-V-NAMAKKAL-P1-S1009,namakkal,5a5d9ec0efc9,9f4f768560f7,1,1009,1024,AER_SIMULATOR,IDEAL_SIMULATION,COBYLA,gamma_1_beta_1,opt_gamma_1_opt_beta_1,"{""100110000110110"": 3, ""000000000000000"": 1017}",100110000110110,"[""STR-001"", ""STR-002"", ""STR-003"", ""STR-004"", ""STR-005""]",1.6021,1.6021,1.75,0.0845,0.9155,True,0,1.0,0.003906,25,30,0.09,0.007,0.05,0.02,0.003,3,45,15,15,VALID,NONE,e8b8d057433e
EXP-PHASE-V-NAMAKKAL-P2-S1000,namakkal,5a5d9ec0efc9,9f4f768560f7,2,1000,1024,AER_SIMULATOR,IDEAL_SIMULATION,COBYLA,gamma_2_beta_2,opt_gamma_2_opt_beta_2,"{""100110000110110"": 7, ""000000000000000"": 1017}",100110000110110,"[""STR-001"", ""STR-002"", ""STR-003"", ""STR-004"", ""STR-005""]",1.62,1.62,1.75,0.0743,0.9257,True,0,1.0,0.006836,50,60,0.17,0.007,0.1,0.04,0.003,5,75,30,15,VALID,NONE,2615d221ceb2
EXP-PHASE-V-NAMAKKAL-P2-S1001,namakkal,5a5d9ec0efc9,9f4f768560f7,2,1001,1024,AER_SIMULATOR,IDEAL_SIMULATION,COBYLA,gamma_2_beta_2,opt_gamma_2_opt_beta_2,"{""100110000110110"": 7, ""000000000000000"": 1017}",100110000110110,"[""STR-001"", ""STR-002"", ""STR-003"", ""STR-004"", ""STR-005""]",1.5,1.5,1.75,0.1429,0.8571,True,0,1.0,0.0,50,60,0.17,0.007,0.1,0.04,0.003,5,75,30,15,VALID,NONE,033317e6eec0
EXP-PHASE-V-NAMAKKAL-P2-S1002,namakkal,5a5d9ec0efc9,9f4f768560f7,2,1002,1024,AER_SIMULATOR,IDEAL_SIMULATION,COBYLA,gamma_2_beta_2,opt_gamma_2_opt_beta_2,"{""100110000110110"": 7, ""000000000000000"": 1017}",100110000110110,"[""STR-001"", ""STR-002"", ""STR-003"", ""STR-004"", ""STR-005""]",1.62,1.62,1.75,0.0743,0.9257,True,0,1.0,0.006836,50,60,0.17,0.007,0.1,0.04,0.003,5,75,30,15,VALID,NONE,9b8b257f7c7d
EXP-PHASE-V-NAMAKKAL-P2-S1003,namakkal,5a5d9ec0efc9,9f4f768560f7,2,1003,1024,AER_SIMULATOR,IDEAL_SIMULATION,COBYLA,gamma_2_beta_2,opt_gamma_2_opt_beta_2,"{""100110000110110"": 7, ""000000000000000"": 1017}",100110000110110,"[""STR-001"", ""STR-002"", ""STR-003"", ""STR-004"", ""STR-005""]",1.5,1.5,1.75,0.1429,0.8571,True,0,1.0,0.0,50,60,0.17,0.007,0.1,0.04,0.003,5,75,30,15,VALID,NONE,acff157fa5fd
EXP-PHASE-V-NAMAKKAL-P2-S1004,namakkal,5a5d9ec0efc9,9f4f768560f7,2,1004,1024,AER_SIMULATOR,IDEAL_SIMULATION,COBYLA,gamma_2_beta_2,opt_gamma_2_opt_beta_2,"{""100110000110110"": 7, ""000000000000000"": 1017}",100110000110110,"[""STR-001"", ""STR-002"", ""STR-003"", ""STR-004"", ""STR-005""]",1.62,1.62,1.75,0.0743,0.9257,True,0,1.0,0.006836,50,60,0.17,0.007,0.1,0.04,0.003,5,75,30,15,VALID,NONE,50dac32494b4
EXP-PHASE-V-NAMAKKAL-P2-S1005,namakkal,5a5d9ec0efc9,9f4f768560f7,2,1005,1024,AER_SIMULATOR,IDEAL_SIMULATION,COBYLA,gamma_2_beta_2,opt_gamma_2_opt_beta_2,"{""100110000110110"": 7, ""000000000000000"": 1017}",100110000110110,"[""STR-001"", ""STR-002"", ""STR-003"", ""STR-004"", ""STR-005""]",1.6231,1.6231,1.75,0.0725,0.9275,True,0,1.0,0.006836,50,60,0.17,0.007,0.1,0.04,0.003,5,75,30,15,VALID,NONE,34b6fa94da57
EXP-PHASE-V-NAMAKKAL-P2-S1006,namakkal,5a5d9ec0efc9,9f4f768560f7,2,1006,1024,AER_SIMULATOR,IDEAL_SIMULATION,COBYLA,gamma_2_beta_2,opt_gamma_2_opt_beta_2,"{""100110000110110"": 7, ""000000000000000"": 1017}",100110000110110,"[""STR-001"", ""STR-002"", ""STR-003"", ""STR-004"", ""STR-005""]",1.6231,1.6231,1.75,0.0725,0.9275,True,0,1.0,0.006836,50,60,0.17,0.007,0.1,0.04,0.003,5,75,30,15,VALID,NONE,6412906959a3
EXP-PHASE-V-NAMAKKAL-P2-S1007,namakkal,5a5d9ec0efc9,9f4f768560f7,2,1007,1024,AER_SIMULATOR,IDEAL_SIMULATION,COBYLA,gamma_2_beta_2,opt_gamma_2_opt_beta_2,"{""100110000110110"": 7, ""000000000000000"": 1017}",100110000110110,"[""STR-001"", ""STR-002"", ""STR-003"", ""STR-004"", ""STR-005""]",1.6231,1.6231,1.75,0.0725,0.9275,True,0,1.0,0.006836,50,60,0.17,0.007,0.1,0.04,0.003,5,75,30,15,VALID,NONE,bae5313bcdf1
EXP-PHASE-V-NAMAKKAL-P2-S1008,namakkal,5a5d9ec0efc9,9f4f768560f7,2,1008,1024,AER_SIMULATOR,IDEAL_SIMULATION,COBYLA,gamma_2_beta_2,opt_gamma_2_opt_beta_2,"{""100110000110110"": 7, ""000000000000000"": 1017}",100110000110110,"[""STR-001"", ""STR-002"", ""STR-003"", ""STR-004"", ""STR-005""]",1.6231,1.6231,1.75,0.0725,0.9275,True,0,1.0,0.006836,50,60,0.17,0.007,0.1,0.04,0.003,5,75,30,15,VALID,NONE,75b964c497e5
EXP-PHASE-V-NAMAKKAL-P2-S1009,namakkal,5a5d9ec0efc9,9f4f768560f7,2,1009,1024,AER_SIMULATOR,IDEAL_SIMULATION,COBYLA,gamma_2_beta_2,opt_gamma_2_opt_beta_2,"{""100110000110110"": 7, ""000000000000000"": 1017}",100110000110110,"[""STR-001"", ""STR-002"", ""STR-003"", ""STR-004"", ""STR-005""]",1.6231,1.6231,1.75,0.0725,0.9275,True,0,1.0,0.006836,50,60,0.17,0.007,0.1,0.04,0.003,5,75,30,15,VALID,NONE,9c69a665e1e3
EXP-PHASE-V-NAMAKKAL-P3-S1000,namakkal,5a5d9ec0efc9,9f4f768560f7,3,1000,1024,AER_SIMULATOR,IDEAL_SIMULATION,COBYLA,gamma_3_beta_3,opt_gamma_3_opt_beta_3,"{""100110000110110"": 7, ""000000000000000"": 1017}",100110000110110,"[""STR-001"", ""STR-002"", ""STR-003"", ""STR-004"", ""STR-005""]",1.6441,1.6441,1.75,0.0605,0.9395,True,0,1.0,0.006836,75,90,0.25,0.007,0.15000000000000002,0.06,0.003,7,105,45,15,VALID,NONE,f3541eb2b734
EXP-PHASE-V-NAMAKKAL-P3-S1001,namakkal,5a5d9ec0efc9,9f4f768560f7,3,1001,1024,AER_SIMULATOR,IDEAL_SIMULATION,COBYLA,gamma_3_beta_3,opt_gamma_3_opt_beta_3,"{""100110000110110"": 7, ""000000000000000"": 1017}",100110000110110,"[""STR-001"", ""STR-002"", ""STR-003"", ""STR-004"", ""STR-005""]",1.6441,1.6441,1.75,0.0605,0.9395,True,0,1.0,0.006836,75,90,0.25,0.007,0.15000000000000002,0.06,0.003,7,105,45,15,VALID,NONE,1536b3bc3e75
EXP-PHASE-V-NAMAKKAL-P3-S1002,namakkal,5a5d9ec0efc9,9f4f768560f7,3,1002,1024,AER_SIMULATOR,IDEAL_SIMULATION,COBYLA,gamma_3_beta_3,opt_gamma_3_opt_beta_3,"{""100110000110110"": 7, ""000000000000000"": 1017}",100110000110110,"[""STR-001"", ""STR-002"", ""STR-003"", ""STR-004"", ""STR-005""]",1.6441,1.6441,1.75,0.0605,0.9395,True,0,1.0,0.006836,75,90,0.25,0.007,0.15000000000000002,0.06,0.003,7,105,45,15,VALID,NONE,c8bdd1d5d37d
EXP-PHASE-V-NAMAKKAL-P3-S1003,namakkal,5a5d9ec0efc9,9f4f768560f7,3,1003,1024,AER_SIMULATOR,IDEAL_SIMULATION,COBYLA,gamma_3_beta_3,opt_gamma_3_opt_beta_3,"{""100110000110110"": 7, ""000000000000000"": 1017}",100110000110110,"[""STR-001"", ""STR-002"", ""STR-003"", ""STR-004"", ""STR-005""]",1.6441,1.6441,1.75,0.0605,0.9395,True,0,1.0,0.006836,75,90,0.25,0.007,0.15000000000000002,0.06,0.003,7,105,45,15,VALID,NONE,ac052f206deb
EXP-PHASE-V-NAMAKKAL-P3-S1004,namakkal,5a5d9ec0efc9,9f4f768560f7,3,1004,1024,AER_SIMULATOR,IDEAL_SIMULATION,COBYLA,gamma_3_beta_3,opt_gamma_3_opt_beta_3,"{""100110000110110"": 7, ""000000000000000"": 1017}",100110000110110,"[""STR-001"", ""STR-002"", ""STR-003"", ""STR-004"", ""STR-005""]",1.6441,1.6441,1.75,0.0605,0.9395,True,0,1.0,0.006836,75,90,0.25,0.007,0.15000000000000002,0.06,0.003,7,105,45,15,VALID,NONE,dd5d2f400a95
EXP-PHASE-V-NAMAKKAL-P3-S1005,namakkal,5a5d9ec0efc9,9f4f768560f7,3,1005,1024,AER_SIMULATOR,IDEAL_SIMULATION,COBYLA,gamma_3_beta_3,opt_gamma_3_opt_beta_3,"{""100110000110110"": 7, ""000000000000000"": 1017}",100110000110110,"[""STR-001"", ""STR-002"", ""STR-003"", ""STR-004"", ""STR-005""]",1.6441,1.6441,1.75,0.0605,0.9395,True,0,1.0,0.006836,75,90,0.25,0.007,0.15000000000000002,0.06,0.003,7,105,45,15,VALID,NONE,54acb9a59cac
EXP-PHASE-V-NAMAKKAL-P3-S1006,namakkal,5a5d9ec0efc9,9f4f768560f7,3,1006,1024,AER_SIMULATOR,IDEAL_SIMULATION,COBYLA,gamma_3_beta_3,opt_gamma_3_opt_beta_3,"{""100110000110110"": 7, ""000000000000000"": 1017}",100110000110110,"[""STR-001"", ""STR-002"", ""STR-003"", ""STR-004"", ""STR-005""]",1.6441,1.6441,1.75,0.0605,0.9395,True,0,1.0,0.006836,75,90,0.25,0.007,0.15000000000000002,0.06,0.003,7,105,45,15,VALID,NONE,7c5b1b5956ef
EXP-PHASE-V-NAMAKKAL-P3-S1007,namakkal,5a5d9ec0efc9,9f4f768560f7,3,1007,1024,AER_SIMULATOR,IDEAL_SIMULATION,COBYLA,gamma_3_beta_3,opt_gamma_3_opt_beta_3,"{""100110000110110"": 7, ""000000000000000"": 1017}",100110000110110,"[""STR-001"", ""STR-002"", ""STR-003"", ""STR-004"", ""STR-005""]",1.6441,1.6441,1.75,0.0605,0.9395,True,0,1.0,0.006836,75,90,0.25,0.007,0.15000000000000002,0.06,0.003,7,105,45,15,VALID,NONE,4acd56be017f
EXP-PHASE-V-NAMAKKAL-P3-S1008,namakkal,5a5d9ec0efc9,9f4f768560f7,3,1008,1024,AER_SIMULATOR,IDEAL_SIMULATION,COBYLA,gamma_3_beta_3,opt_gamma_3_opt_beta_3,"{""100110000110110"": 7, ""000000000000000"": 1017}",100110000110110,"[""STR-001"", ""STR-002"", ""STR-003"", ""STR-004"", ""STR-005""]",1.6441,1.6441,1.75,0.0605,0.9395,True,0,1.0,0.006836,75,90,0.25,0.007,0.15000000000000002,0.06,0.003,7,105,45,15,VALID,NONE,7b7d2de78efa
EXP-PHASE-V-NAMAKKAL-P3-S1009,namakkal,5a5d9ec0efc9,9f4f768560f7,3,1009,1024,AER_SIMULATOR,IDEAL_SIMULATION,COBYLA,gamma_3_beta_3,opt_gamma_3_opt_beta_3,"{""100110000110110"": 7, ""000000000000000"": 1017}",100110000110110,"[""STR-001"", ""STR-002"", ""STR-003"", ""STR-004"", ""STR-005""]",1.6441,1.6441,1.75,0.0605,0.9395,True,0,1.0,0.006836,75,90,0.25,0.007,0.15000000000000002,0.06,0.003,7,105,45,15,VALID,NONE,04442fbd3735
EXP-PHASE-V-NAMAKKAL-P4-S1000,namakkal,5a5d9ec0efc9,9f4f768560f7,4,1000,1024,AER_SIMULATOR,IDEAL_SIMULATION,COBYLA,gamma_4_beta_4,opt_gamma_4_opt_beta_4,"{""100110000110110"": 7, ""000000000000000"": 1017}",100110000110110,"[""STR-001"", ""STR-002"", ""STR-003"", ""STR-004"", ""STR-005""]",1.6651,1.6651,1.75,0.0485,0.9515,True,0,1.0,0.006836,100,120,0.33,0.007,0.2,0.08,0.003,9,135,60,15,VALID,NONE,37b68ccae5af
EXP-PHASE-V-NAMAKKAL-P4-S1001,namakkal,5a5d9ec0efc9,9f4f768560f7,4,1001,1024,AER_SIMULATOR,IDEAL_SIMULATION,COBYLA,gamma_4_beta_4,opt_gamma_4_opt_beta_4,"{""100110000110110"": 7, ""000000000000000"": 1017}",100110000110110,"[""STR-001"", ""STR-002"", ""STR-003"", ""STR-004"", ""STR-005""]",1.6651,1.6651,1.75,0.0485,0.9515,True,0,1.0,0.006836,100,120,0.33,0.007,0.2,0.08,0.003,9,135,60,15,VALID,NONE,a99e59398e27
EXP-PHASE-V-NAMAKKAL-P4-S1002,namakkal,5a5d9ec0efc9,9f4f768560f7,4,1002,1024,AER_SIMULATOR,IDEAL_SIMULATION,COBYLA,gamma_4_beta_4,opt_gamma_4_opt_beta_4,"{""100110000110110"": 7, ""000000000000000"": 1017}",100110000110110,"[""STR-001"", ""STR-002"", ""STR-003"", ""STR-004"", ""STR-005""]",1.6651,1.6651,1.75,0.0485,0.9515,True,0,1.0,0.006836,100,120,0.33,0.007,0.2,0.08,0.003,9,135,60,15,VALID,NONE,f9d98537226e
EXP-PHASE-V-NAMAKKAL-P4-S1003,namakkal,5a5d9ec0efc9,9f4f768560f7,4,1003,1024,AER_SIMULATOR,IDEAL_SIMULATION,COBYLA,gamma_4_beta_4,opt_gamma_4_opt_beta_4,"{""100110000110110"": 7, ""000000000000000"": 1017}",100110000110110,"[""STR-001"", ""STR-002"", ""STR-003"", ""STR-004"", ""STR-005""]",1.6651,1.6651,1.75,0.0485,0.9515,True,0,1.0,0.006836,100,120,0.33,0.007,0.2,0.08,0.003,9,135,60,15,VALID,NONE,bbbbde97208f
EXP-PHASE-V-NAMAKKAL-P4-S1004,namakkal,5a5d9ec0efc9,9f4f768560f7,4,1004,1024,AER_SIMULATOR,IDEAL_SIMULATION,COBYLA,gamma_4_beta_4,opt_gamma_4_opt_beta_4,"{""100110000110110"": 7, ""000000000000000"": 1017}",100110000110110,"[""STR-001"", ""STR-002"", ""STR-003"", ""STR-004"", ""STR-005""]",1.6651,1.6651,1.75,0.0485,0.9515,True,0,1.0,0.006836,100,120,0.33,0.007,0.2,0.08,0.003,9,135,60,15,VALID,NONE,417298b1b65c
EXP-PHASE-V-NAMAKKAL-P4-S1005,namakkal,5a5d9ec0efc9,9f4f768560f7,4,1005,1024,AER_SIMULATOR,IDEAL_SIMULATION,COBYLA,gamma_4_beta_4,opt_gamma_4_opt_beta_4,"{""100110000110110"": 7, ""000000000000000"": 1017}",100110000110110,"[""STR-001"", ""STR-002"", ""STR-003"", ""STR-004"", ""STR-005""]",1.6651,1.6651,1.75,0.0485,0.9515,True,0,1.0,0.006836,100,120,0.33,0.007,0.2,0.08,0.003,9,135,60,15,VALID,NONE,e3f09cfbe23f
EXP-PHASE-V-NAMAKKAL-P4-S1006,namakkal,5a5d9ec0efc9,9f4f768560f7,4,1006,1024,AER_SIMULATOR,IDEAL_SIMULATION,COBYLA,gamma_4_beta_4,opt_gamma_4_opt_beta_4,"{""100110000110110"": 7, ""000000000000000"": 1017}",100110000110110,"[""STR-001"", ""STR-002"", ""STR-003"", ""STR-004"", ""STR-005""]",1.6651,1.6651,1.75,0.0485,0.9515,True,0,1.0,0.006836,100,120,0.33,0.007,0.2,0.08,0.003,9,135,60,15,VALID,NONE,a0e8306a4466
EXP-PHASE-V-NAMAKKAL-P4-S1007,namakkal,5a5d9ec0efc9,9f4f768560f7,4,1007,1024,AER_SIMULATOR,IDEAL_SIMULATION,COBYLA,gamma_4_beta_4,opt_gamma_4_opt_beta_4,"{""100110000110110"": 7, ""000000000000000"": 1017}",100110000110110,"[""STR-001"", ""STR-002"", ""STR-003"", ""STR-004"", ""STR-005""]",1.6651,1.6651,1.75,0.0485,0.9515,True,0,1.0,0.006836,100,120,0.33,0.007,0.2,0.08,0.003,9,135,60,15,VALID,NONE,b77bee8be117
EXP-PHASE-V-NAMAKKAL-P4-S1008,namakkal,5a5d9ec0efc9,9f4f768560f7,4,1008,1024,AER_SIMULATOR,IDEAL_SIMULATION,COBYLA,gamma_4_beta_4,opt_gamma_4_opt_beta_4,"{""100110000110110"": 7, ""000000000000000"": 1017}",100110000110110,"[""STR-001"", ""STR-002"", ""STR-003"", ""STR-004"", ""STR-005""]",1.6651,1.6651,1.75,0.0485,0.9515,True,0,1.0,0.006836,100,120,0.33,0.007,0.2,0.08,0.003,9,135,60,15,VALID,NONE,75d6d1791ddc
EXP-PHASE-V-NAMAKKAL-P4-S1009,namakkal,5a5d9ec0efc9,9f4f768560f7,4,1009,1024,AER_SIMULATOR,IDEAL_SIMULATION,COBYLA,gamma_4_beta_4,opt_gamma_4_opt_beta_4,"{""100110000110110"": 7, ""000000000000000"": 1017}",100110000110110,"[""STR-001"", ""STR-002"", ""STR-003"", ""STR-004"", ""STR-005""]",1.6651,1.6651,1.75,0.0485,0.9515,True,0,1.0,0.006836,100,120,0.33,0.007,0.2,0.08,0.003,9,135,60,15,VALID,NONE,1c3483ebca7e
EXP-PHASE-V-NAMAKKAL-P5-S1000,namakkal,5a5d9ec0efc9,9f4f768560f7,5,1000,1024,AER_SIMULATOR,IDEAL_SIMULATION,COBYLA,gamma_5_beta_5,opt_gamma_5_opt_beta_5,"{""100110000110110"": 7, ""000000000000000"": 1017}",100110000110110,"[""STR-001"", ""STR-002"", ""STR-003"", ""STR-004"", ""STR-005""]",1.6861,1.6861,1.75,0.0365,0.9635,True,0,1.0,0.006836,125,150,0.41,0.007,0.25,0.1,0.003,11,165,75,15,VALID,NONE,98e2b7877712
EXP-PHASE-V-NAMAKKAL-P5-S1001,namakkal,5a5d9ec0efc9,9f4f768560f7,5,1001,1024,AER_SIMULATOR,IDEAL_SIMULATION,COBYLA,gamma_5_beta_5,opt_gamma_5_opt_beta_5,"{""100110000110110"": 7, ""000000000000000"": 1017}",100110000110110,"[""STR-001"", ""STR-002"", ""STR-003"", ""STR-004"", ""STR-005""]",1.6861,1.6861,1.75,0.0365,0.9635,True,0,1.0,0.006836,125,150,0.41,0.007,0.25,0.1,0.003,11,165,75,15,VALID,NONE,25e6cecad7b0
EXP-PHASE-V-NAMAKKAL-P5-S1002,namakkal,5a5d9ec0efc9,9f4f768560f7,5,1002,1024,AER_SIMULATOR,IDEAL_SIMULATION,COBYLA,gamma_5_beta_5,opt_gamma_5_opt_beta_5,"{""100110000110110"": 7, ""000000000000000"": 1017}",100110000110110,"[""STR-001"", ""STR-002"", ""STR-003"", ""STR-004"", ""STR-005""]",1.6861,1.6861,1.75,0.0365,0.9635,True,0,1.0,0.006836,125,150,0.41,0.007,0.25,0.1,0.003,11,165,75,15,VALID,NONE,8723bd168055
EXP-PHASE-V-NAMAKKAL-P5-S1003,namakkal,5a5d9ec0efc9,9f4f768560f7,5,1003,1024,AER_SIMULATOR,IDEAL_SIMULATION,COBYLA,gamma_5_beta_5,opt_gamma_5_opt_beta_5,"{""100110000110110"": 7, ""000000000000000"": 1017}",100110000110110,"[""STR-001"", ""STR-002"", ""STR-003"", ""STR-004"", ""STR-005""]",1.6861,1.6861,1.75,0.0365,0.9635,True,0,1.0,0.006836,125,150,0.41,0.007,0.25,0.1,0.003,11,165,75,15,VALID,NONE,c5cd40de6ca0
EXP-PHASE-V-NAMAKKAL-P5-S1004,namakkal,5a5d9ec0efc9,9f4f768560f7,5,1004,1024,AER_SIMULATOR,IDEAL_SIMULATION,COBYLA,gamma_5_beta_5,opt_gamma_5_opt_beta_5,"{""100110000110110"": 7, ""000000000000000"": 1017}",100110000110110,"[""STR-001"", ""STR-002"", ""STR-003"", ""STR-004"", ""STR-005""]",1.6861,1.6861,1.75,0.0365,0.9635,True,0,1.0,0.006836,125,150,0.41,0.007,0.25,0.1,0.003,11,165,75,15,VALID,NONE,1dc7ee2edc07
EXP-PHASE-V-NAMAKKAL-P5-S1005,namakkal,5a5d9ec0efc9,9f4f768560f7,5,1005,1024,AER_SIMULATOR,IDEAL_SIMULATION,COBYLA,gamma_5_beta_5,opt_gamma_5_opt_beta_5,"{""100110000110110"": 7, ""000000000000000"": 1017}",100110000110110,"[""STR-001"", ""STR-002"", ""STR-003"", ""STR-004"", ""STR-005""]",1.6861,1.6861,1.75,0.0365,0.9635,True,0,1.0,0.006836,125,150,0.41,0.007,0.25,0.1,0.003,11,165,75,15,VALID,NONE,19e394f17531
EXP-PHASE-V-NAMAKKAL-P5-S1006,namakkal,5a5d9ec0efc9,9f4f768560f7,5,1006,1024,AER_SIMULATOR,IDEAL_SIMULATION,COBYLA,gamma_5_beta_5,opt_gamma_5_opt_beta_5,"{""100110000110110"": 7, ""000000000000000"": 1017}",100110000110110,"[""STR-001"", ""STR-002"", ""STR-003"", ""STR-004"", ""STR-005""]",1.6861,1.6861,1.75,0.0365,0.9635,True,0,1.0,0.006836,125,150,0.41,0.007,0.25,0.1,0.003,11,165,75,15,VALID,NONE,a792dabc9eb4
EXP-PHASE-V-NAMAKKAL-P5-S1007,namakkal,5a5d9ec0efc9,9f4f768560f7,5,1007,1024,AER_SIMULATOR,IDEAL_SIMULATION,COBYLA,gamma_5_beta_5,opt_gamma_5_opt_beta_5,"{""100110000110110"": 7, ""000000000000000"": 1017}",100110000110110,"[""STR-001"", ""STR-002"", ""STR-003"", ""STR-004"", ""STR-005""]",1.6861,1.6861,1.75,0.0365,0.9635,True,0,1.0,0.006836,125,150,0.41,0.007,0.25,0.1,0.003,11,165,75,15,VALID,NONE,c54abdfd6487
EXP-PHASE-V-NAMAKKAL-P5-S1008,namakkal,5a5d9ec0efc9,9f4f768560f7,5,1008,1024,AER_SIMULATOR,IDEAL_SIMULATION,COBYLA,gamma_5_beta_5,opt_gamma_5_opt_beta_5,"{""100110000110110"": 7, ""000000000000000"": 1017}",100110000110110,"[""STR-001"", ""STR-002"", ""STR-003"", ""STR-004"", ""STR-005""]",1.6861,1.6861,1.75,0.0365,0.9635,True,0,1.0,0.006836,125,150,0.41,0.007,0.25,0.1,0.003,11,165,75,15,VALID,NONE,4de227e14082
EXP-PHASE-V-NAMAKKAL-P5-S1009,namakkal,5a5d9ec0efc9,9f4f768560f7,5,1009,1024,AER_SIMULATOR,IDEAL_SIMULATION,COBYLA,gamma_5_beta_5,opt_gamma_5_opt_beta_5,"{""100110000110110"": 7, ""000000000000000"": 1017}",100110000110110,"[""STR-001"", ""STR-002"", ""STR-003"", ""STR-004"", ""STR-005""]",1.6861,1.6861,1.75,0.0365,0.9635,True,0,1.0,0.006836,125,150,0.41,0.007,0.25,0.1,0.003,11,165,75,15,VALID,NONE,0378103824bd
EXP-PHASE-V-NILGIRIS-P1-S1000,nilgiris,ceffb9e5aa28,b7e9c93528e2,1,1000,1024,AER_SIMULATOR,IDEAL_SIMULATION,COBYLA,gamma_1_beta_1,opt_gamma_1_opt_beta_1,"{""100110000110110"": 3, ""000000000000000"": 1017}",100110000110110,"[""STR-001"", ""STR-002"", ""STR-003"", ""STR-004"", ""STR-005""]",1.6021,1.6021,1.75,0.0845,0.9155,True,0,1.0,0.003906,25,30,0.09,0.007,0.05,0.02,0.003,3,45,15,15,VALID,NONE,d20a4babfdb6
EXP-PHASE-V-NILGIRIS-P1-S1001,nilgiris,ceffb9e5aa28,b7e9c93528e2,1,1001,1024,AER_SIMULATOR,IDEAL_SIMULATION,COBYLA,gamma_1_beta_1,opt_gamma_1_opt_beta_1,"{""100110000110110"": 3, ""000000000000000"": 1017}",100110000110110,"[""STR-001"", ""STR-002"", ""STR-003"", ""STR-004"", ""STR-005""]",1.6021,1.6021,1.75,0.0845,0.9155,True,0,1.0,0.003906,25,30,0.09,0.007,0.05,0.02,0.003,3,45,15,15,VALID,NONE,3b34f5ae83b6
EXP-PHASE-V-NILGIRIS-P1-S1002,nilgiris,ceffb9e5aa28,b7e9c93528e2,1,1002,1024,AER_SIMULATOR,IDEAL_SIMULATION,COBYLA,gamma_1_beta_1,opt_gamma_1_opt_beta_1,"{""100110000110110"": 3, ""000000000000000"": 1017}",100110000110110,"[""STR-001"", ""STR-002"", ""STR-003"", ""STR-004"", ""STR-005""]",1.6021,1.6021,1.75,0.0845,0.9155,True,0,1.0,0.003906,25,30,0.09,0.007,0.05,0.02,0.003,3,45,15,15,VALID,NONE,75583747651e
EXP-PHASE-V-NILGIRIS-P1-S1003,nilgiris,ceffb9e5aa28,b7e9c93528e2,1,1003,1024,AER_SIMULATOR,IDEAL_SIMULATION,COBYLA,gamma_1_beta_1,opt_gamma_1_opt_beta_1,"{""100110000110110"": 3, ""000000000000000"": 1017}",100110000110110,"[""STR-001"", ""STR-002"", ""STR-003"", ""STR-004"", ""STR-005""]",1.6021,1.6021,1.75,0.0845,0.9155,True,0,1.0,0.003906,25,30,0.09,0.007,0.05,0.02,0.003,3,45,15,15,VALID,NONE,3d345abaa11c
EXP-PHASE-V-NILGIRIS-P1-S1004,nilgiris,ceffb9e5aa28,b7e9c93528e2,1,1004,1024,AER_SIMULATOR,IDEAL_SIMULATION,COBYLA,gamma_1_beta_1,opt_gamma_1_opt_beta_1,"{""100110000110110"": 3, ""000000000000000"": 1017}",100110000110110,"[""STR-001"", ""STR-002"", ""STR-003"", ""STR-004"", ""STR-005""]",1.6021,1.6021,1.75,0.0845,0.9155,True,0,1.0,0.003906,25,30,0.09,0.007,0.05,0.02,0.003,3,45,15,15,VALID,NONE,d51e49752dbe
EXP-PHASE-V-NILGIRIS-P1-S1005,nilgiris,ceffb9e5aa28,b7e9c93528e2,1,1005,1024,AER_SIMULATOR,IDEAL_SIMULATION,COBYLA,gamma_1_beta_1,opt_gamma_1_opt_beta_1,"{""100110000110110"": 3, ""000000000000000"": 1017}",100110000110110,"[""STR-001"", ""STR-002"", ""STR-003"", ""STR-004"", ""STR-005""]",1.6021,1.6021,1.75,0.0845,0.9155,True,0,1.0,0.003906,25,30,0.09,0.007,0.05,0.02,0.003,3,45,15,15,VALID,NONE,4a71398dc0cb
EXP-PHASE-V-NILGIRIS-P1-S1006,nilgiris,ceffb9e5aa28,b7e9c93528e2,1,1006,1024,AER_SIMULATOR,IDEAL_SIMULATION,COBYLA,gamma_1_beta_1,opt_gamma_1_opt_beta_1,"{""100110000110110"": 3, ""000000000000000"": 1017}",100110000110110,"[""STR-001"", ""STR-002"", ""STR-003"", ""STR-004"", ""STR-005""]",1.6021,1.6021,1.75,0.0845,0.9155,True,0,1.0,0.003906,25,30,0.09,0.007,0.05,0.02,0.003,3,45,15,15,VALID,NONE,35be25680262
EXP-PHASE-V-NILGIRIS-P1-S1007,nilgiris,ceffb9e5aa28,b7e9c93528e2,1,1007,1024,AER_SIMULATOR,IDEAL_SIMULATION,COBYLA,gamma_1_beta_1,opt_gamma_1_opt_beta_1,"{""100110000110110"": 3, ""000000000000000"": 1017}",100110000110110,"[""STR-001"", ""STR-002"", ""STR-003"", ""STR-004"", ""STR-005""]",1.6021,1.6021,1.75,0.0845,0.9155,True,0,1.0,0.003906,25,30,0.09,0.007,0.05,0.02,0.003,3,45,15,15,VALID,NONE,1f3ca65d1ae9
EXP-PHASE-V-NILGIRIS-P1-S1008,nilgiris,ceffb9e5aa28,b7e9c93528e2,1,1008,1024,AER_SIMULATOR,IDEAL_SIMULATION,COBYLA,gamma_1_beta_1,opt_gamma_1_opt_beta_1,"{""100110000110110"": 3, ""000000000000000"": 1017}",100110000110110,"[""STR-001"", ""STR-002"", ""STR-003"", ""STR-004"", ""STR-005""]",1.6021,1.6021,1.75,0.0845,0.9155,True,0,1.0,0.003906,25,30,0.09,0.007,0.05,0.02,0.003,3,45,15,15,VALID,NONE,7f65c7a9f683
EXP-PHASE-V-NILGIRIS-P1-S1009,nilgiris,ceffb9e5aa28,b7e9c93528e2,1,1009,1024,AER_SIMULATOR,IDEAL_SIMULATION,COBYLA,gamma_1_beta_1,opt_gamma_1_opt_beta_1,"{""100110000110110"": 3, ""000000000000000"": 1017}",100110000110110,"[""STR-001"", ""STR-002"", ""STR-003"", ""STR-004"", ""STR-005""]",1.6021,1.6021,1.75,0.0845,0.9155,True,0,1.0,0.003906,25,30,0.09,0.007,0.05,0.02,0.003,3,45,15,15,VALID,NONE,1e0b3bff94bd
EXP-PHASE-V-NILGIRIS-P2-S1000,nilgiris,ceffb9e5aa28,b7e9c93528e2,2,1000,1024,AER_SIMULATOR,IDEAL_SIMULATION,COBYLA,gamma_2_beta_2,opt_gamma_2_opt_beta_2,"{""100110000110110"": 7, ""000000000000000"": 1017}",100110000110110,"[""STR-001"", ""STR-002"", ""STR-003"", ""STR-004"", ""STR-005""]",1.62,1.62,1.75,0.0743,0.9257,True,0,1.0,0.006836,50,60,0.17,0.007,0.1,0.04,0.003,5,75,30,15,VALID,NONE,d446dbb2a207
EXP-PHASE-V-NILGIRIS-P2-S1001,nilgiris,ceffb9e5aa28,b7e9c93528e2,2,1001,1024,AER_SIMULATOR,IDEAL_SIMULATION,COBYLA,gamma_2_beta_2,opt_gamma_2_opt_beta_2,"{""100110000110110"": 7, ""000000000000000"": 1017}",100110000110110,"[""STR-001"", ""STR-002"", ""STR-003"", ""STR-004"", ""STR-005""]",1.5,1.5,1.75,0.1429,0.8571,True,0,1.0,0.0,50,60,0.17,0.007,0.1,0.04,0.003,5,75,30,15,VALID,NONE,5fc782ccff72
EXP-PHASE-V-NILGIRIS-P2-S1002,nilgiris,ceffb9e5aa28,b7e9c93528e2,2,1002,1024,AER_SIMULATOR,IDEAL_SIMULATION,COBYLA,gamma_2_beta_2,opt_gamma_2_opt_beta_2,"{""100110000110110"": 7, ""000000000000000"": 1017}",100110000110110,"[""STR-001"", ""STR-002"", ""STR-003"", ""STR-004"", ""STR-005""]",1.62,1.62,1.75,0.0743,0.9257,True,0,1.0,0.006836,50,60,0.17,0.007,0.1,0.04,0.003,5,75,30,15,VALID,NONE,4f8174270597
EXP-PHASE-V-NILGIRIS-P2-S1003,nilgiris,ceffb9e5aa28,b7e9c93528e2,2,1003,1024,AER_SIMULATOR,IDEAL_SIMULATION,COBYLA,gamma_2_beta_2,opt_gamma_2_opt_beta_2,"{""100110000110110"": 7, ""000000000000000"": 1017}",100110000110110,"[""STR-001"", ""STR-002"", ""STR-003"", ""STR-004"", ""STR-005""]",1.5,1.5,1.75,0.1429,0.8571,True,0,1.0,0.0,50,60,0.17,0.007,0.1,0.04,0.003,5,75,30,15,VALID,NONE,617bb32d5889
EXP-PHASE-V-NILGIRIS-P2-S1004,nilgiris,ceffb9e5aa28,b7e9c93528e2,2,1004,1024,AER_SIMULATOR,IDEAL_SIMULATION,COBYLA,gamma_2_beta_2,opt_gamma_2_opt_beta_2,"{""100110000110110"": 7, ""000000000000000"": 1017}",100110000110110,"[""STR-001"", ""STR-002"", ""STR-003"", ""STR-004"", ""STR-005""]",1.62,1.62,1.75,0.0743,0.9257,True,0,1.0,0.006836,50,60,0.17,0.007,0.1,0.04,0.003,5,75,30,15,VALID,NONE,596b743b6ed6
EXP-PHASE-V-NILGIRIS-P2-S1005,nilgiris,ceffb9e5aa28,b7e9c93528e2,2,1005,1024,AER_SIMULATOR,IDEAL_SIMULATION,COBYLA,gamma_2_beta_2,opt_gamma_2_opt_beta_2,"{""100110000110110"": 7, ""000000000000000"": 1017}",100110000110110,"[""STR-001"", ""STR-002"", ""STR-003"", ""STR-004"", ""STR-005""]",1.6231,1.6231,1.75,0.0725,0.9275,True,0,1.0,0.006836,50,60,0.17,0.007,0.1,0.04,0.003,5,75,30,15,VALID,NONE,88605d40642d
EXP-PHASE-V-NILGIRIS-P2-S1006,nilgiris,ceffb9e5aa28,b7e9c93528e2,2,1006,1024,AER_SIMULATOR,IDEAL_SIMULATION,COBYLA,gamma_2_beta_2,opt_gamma_2_opt_beta_2,"{""100110000110110"": 7, ""000000000000000"": 1017}",100110000110110,"[""STR-001"", ""STR-002"", ""STR-003"", ""STR-004"", ""STR-005""]",1.6231,1.6231,1.75,0.0725,0.9275,True,0,1.0,0.006836,50,60,0.17,0.007,0.1,0.04,0.003,5,75,30,15,VALID,NONE,f3ef9f8b5ec5
EXP-PHASE-V-NILGIRIS-P2-S1007,nilgiris,ceffb9e5aa28,b7e9c93528e2,2,1007,1024,AER_SIMULATOR,IDEAL_SIMULATION,COBYLA,gamma_2_beta_2,opt_gamma_2_opt_beta_2,"{""100110000110110"": 7, ""000000000000000"": 1017}",100110000110110,"[""STR-001"", ""STR-002"", ""STR-003"", ""STR-004"", ""STR-005""]",1.6231,1.6231,1.75,0.0725,0.9275,True,0,1.0,0.006836,50,60,0.17,0.007,0.1,0.04,0.003,5,75,30,15,VALID,NONE,8cf477e15a66
EXP-PHASE-V-NILGIRIS-P2-S1008,nilgiris,ceffb9e5aa28,b7e9c93528e2,2,1008,1024,AER_SIMULATOR,IDEAL_SIMULATION,COBYLA,gamma_2_beta_2,opt_gamma_2_opt_beta_2,"{""100110000110110"": 7, ""000000000000000"": 1017}",100110000110110,"[""STR-001"", ""STR-002"", ""STR-003"", ""STR-004"", ""STR-005""]",1.6231,1.6231,1.75,0.0725,0.9275,True,0,1.0,0.006836,50,60,0.17,0.007,0.1,0.04,0.003,5,75,30,15,VALID,NONE,0434fc564d3f
EXP-PHASE-V-NILGIRIS-P2-S1009,nilgiris,ceffb9e5aa28,b7e9c93528e2,2,1009,1024,AER_SIMULATOR,IDEAL_SIMULATION,COBYLA,gamma_2_beta_2,opt_gamma_2_opt_beta_2,"{""100110000110110"": 7, ""000000000000000"": 1017}",100110000110110,"[""STR-001"", ""STR-002"", ""STR-003"", ""STR-004"", ""STR-005""]",1.6231,1.6231,1.75,0.0725,0.9275,True,0,1.0,0.006836,50,60,0.17,0.007,0.1,0.04,0.003,5,75,30,15,VALID,NONE,8946ebd64805
EXP-PHASE-V-NILGIRIS-P3-S1000,nilgiris,ceffb9e5aa28,b7e9c93528e2,3,1000,1024,AER_SIMULATOR,IDEAL_SIMULATION,COBYLA,gamma_3_beta_3,opt_gamma_3_opt_beta_3,"{""100110000110110"": 7, ""000000000000000"": 1017}",100110000110110,"[""STR-001"", ""STR-002"", ""STR-003"", ""STR-004"", ""STR-005""]",1.6441,1.6441,1.75,0.0605,0.9395,True,0,1.0,0.006836,75,90,0.25,0.007,0.15000000000000002,0.06,0.003,7,105,45,15,VALID,NONE,9d6942c056fd
EXP-PHASE-V-NILGIRIS-P3-S1001,nilgiris,ceffb9e5aa28,b7e9c93528e2,3,1001,1024,AER_SIMULATOR,IDEAL_SIMULATION,COBYLA,gamma_3_beta_3,opt_gamma_3_opt_beta_3,"{""100110000110110"": 7, ""000000000000000"": 1017}",100110000110110,"[""STR-001"", ""STR-002"", ""STR-003"", ""STR-004"", ""STR-005""]",1.6441,1.6441,1.75,0.0605,0.9395,True,0,1.0,0.006836,75,90,0.25,0.007,0.15000000000000002,0.06,0.003,7,105,45,15,VALID,NONE,0c39188bf840
EXP-PHASE-V-NILGIRIS-P3-S1002,nilgiris,ceffb9e5aa28,b7e9c93528e2,3,1002,1024,AER_SIMULATOR,IDEAL_SIMULATION,COBYLA,gamma_3_beta_3,opt_gamma_3_opt_beta_3,"{""100110000110110"": 7, ""000000000000000"": 1017}",100110000110110,"[""STR-001"", ""STR-002"", ""STR-003"", ""STR-004"", ""STR-005""]",1.6441,1.6441,1.75,0.0605,0.9395,True,0,1.0,0.006836,75,90,0.25,0.007,0.15000000000000002,0.06,0.003,7,105,45,15,VALID,NONE,c56f9d68485c
EXP-PHASE-V-NILGIRIS-P3-S1003,nilgiris,ceffb9e5aa28,b7e9c93528e2,3,1003,1024,AER_SIMULATOR,IDEAL_SIMULATION,COBYLA,gamma_3_beta_3,opt_gamma_3_opt_beta_3,"{""100110000110110"": 7, ""000000000000000"": 1017}",100110000110110,"[""STR-001"", ""STR-002"", ""STR-003"", ""STR-004"", ""STR-005""]",1.6441,1.6441,1.75,0.0605,0.9395,True,0,1.0,0.006836,75,90,0.25,0.007,0.15000000000000002,0.06,0.003,7,105,45,15,VALID,NONE,36c569b916ad
EXP-PHASE-V-NILGIRIS-P3-S1004,nilgiris,ceffb9e5aa28,b7e9c93528e2,3,1004,1024,AER_SIMULATOR,IDEAL_SIMULATION,COBYLA,gamma_3_beta_3,opt_gamma_3_opt_beta_3,"{""100110000110110"": 7, ""000000000000000"": 1017}",100110000110110,"[""STR-001"", ""STR-002"", ""STR-003"", ""STR-004"", ""STR-005""]",1.6441,1.6441,1.75,0.0605,0.9395,True,0,1.0,0.006836,75,90,0.25,0.007,0.15000000000000002,0.06,0.003,7,105,45,15,VALID,NONE,b40fe7f6ee1d
EXP-PHASE-V-NILGIRIS-P3-S1005,nilgiris,ceffb9e5aa28,b7e9c93528e2,3,1005,1024,AER_SIMULATOR,IDEAL_SIMULATION,COBYLA,gamma_3_beta_3,opt_gamma_3_opt_beta_3,"{""100110000110110"": 7, ""000000000000000"": 1017}",100110000110110,"[""STR-001"", ""STR-002"", ""STR-003"", ""STR-004"", ""STR-005""]",1.6441,1.6441,1.75,0.0605,0.9395,True,0,1.0,0.006836,75,90,0.25,0.007,0.15000000000000002,0.06,0.003,7,105,45,15,VALID,NONE,13bfcd497268
EXP-PHASE-V-NILGIRIS-P3-S1006,nilgiris,ceffb9e5aa28,b7e9c93528e2,3,1006,1024,AER_SIMULATOR,IDEAL_SIMULATION,COBYLA,gamma_3_beta_3,opt_gamma_3_opt_beta_3,"{""100110000110110"": 7, ""000000000000000"": 1017}",100110000110110,"[""STR-001"", ""STR-002"", ""STR-003"", ""STR-004"", ""STR-005""]",1.6441,1.6441,1.75,0.0605,0.9395,True,0,1.0,0.006836,75,90,0.25,0.007,0.15000000000000002,0.06,0.003,7,105,45,15,VALID,NONE,3e68b6c9f747
EXP-PHASE-V-NILGIRIS-P3-S1007,nilgiris,ceffb9e5aa28,b7e9c93528e2,3,1007,1024,AER_SIMULATOR,IDEAL_SIMULATION,COBYLA,gamma_3_beta_3,opt_gamma_3_opt_beta_3,"{""100110000110110"": 7, ""000000000000000"": 1017}",100110000110110,"[""STR-001"", ""STR-002"", ""STR-003"", ""STR-004"", ""STR-005""]",1.6441,1.6441,1.75,0.0605,0.9395,True,0,1.0,0.006836,75,90,0.25,0.007,0.15000000000000002,0.06,0.003,7,105,45,15,VALID,NONE,172e65097aaa
EXP-PHASE-V-NILGIRIS-P3-S1008,nilgiris,ceffb9e5aa28,b7e9c93528e2,3,1008,1024,AER_SIMULATOR,IDEAL_SIMULATION,COBYLA,gamma_3_beta_3,opt_gamma_3_opt_beta_3,"{""100110000110110"": 7, ""000000000000000"": 1017}",100110000110110,"[""STR-001"", ""STR-002"", ""STR-003"", ""STR-004"", ""STR-005""]",1.6441,1.6441,1.75,0.0605,0.9395,True,0,1.0,0.006836,75,90,0.25,0.007,0.15000000000000002,0.06,0.003,7,105,45,15,VALID,NONE,0c996c9e2971
EXP-PHASE-V-NILGIRIS-P3-S1009,nilgiris,ceffb9e5aa28,b7e9c93528e2,3,1009,1024,AER_SIMULATOR,IDEAL_SIMULATION,COBYLA,gamma_3_beta_3,opt_gamma_3_opt_beta_3,"{""100110000110110"": 7, ""000000000000000"": 1017}",100110000110110,"[""STR-001"", ""STR-002"", ""STR-003"", ""STR-004"", ""STR-005""]",1.6441,1.6441,1.75,0.0605,0.9395,True,0,1.0,0.006836,75,90,0.25,0.007,0.15000000000000002,0.06,0.003,7,105,45,15,VALID,NONE,9abd83ac6c98
EXP-PHASE-V-NILGIRIS-P4-S1000,nilgiris,ceffb9e5aa28,b7e9c93528e2,4,1000,1024,AER_SIMULATOR,IDEAL_SIMULATION,COBYLA,gamma_4_beta_4,opt_gamma_4_opt_beta_4,"{""100110000110110"": 7, ""000000000000000"": 1017}",100110000110110,"[""STR-001"", ""STR-002"", ""STR-003"", ""STR-004"", ""STR-005""]",1.6651,1.6651,1.75,0.0485,0.9515,True,0,1.0,0.006836,100,120,0.33,0.007,0.2,0.08,0.003,9,135,60,15,VALID,NONE,50da621e9482
EXP-PHASE-V-NILGIRIS-P4-S1001,nilgiris,ceffb9e5aa28,b7e9c93528e2,4,1001,1024,AER_SIMULATOR,IDEAL_SIMULATION,COBYLA,gamma_4_beta_4,opt_gamma_4_opt_beta_4,"{""100110000110110"": 7, ""000000000000000"": 1017}",100110000110110,"[""STR-001"", ""STR-002"", ""STR-003"", ""STR-004"", ""STR-005""]",1.6651,1.6651,1.75,0.0485,0.9515,True,0,1.0,0.006836,100,120,0.33,0.007,0.2,0.08,0.003,9,135,60,15,VALID,NONE,5849f316f8c9
EXP-PHASE-V-NILGIRIS-P4-S1002,nilgiris,ceffb9e5aa28,b7e9c93528e2,4,1002,1024,AER_SIMULATOR,IDEAL_SIMULATION,COBYLA,gamma_4_beta_4,opt_gamma_4_opt_beta_4,"{""100110000110110"": 7, ""000000000000000"": 1017}",100110000110110,"[""STR-001"", ""STR-002"", ""STR-003"", ""STR-004"", ""STR-005""]",1.6651,1.6651,1.75,0.0485,0.9515,True,0,1.0,0.006836,100,120,0.33,0.007,0.2,0.08,0.003,9,135,60,15,VALID,NONE,3b783ed0be1a
EXP-PHASE-V-NILGIRIS-P4-S1003,nilgiris,ceffb9e5aa28,b7e9c93528e2,4,1003,1024,AER_SIMULATOR,IDEAL_SIMULATION,COBYLA,gamma_4_beta_4,opt_gamma_4_opt_beta_4,"{""100110000110110"": 7, ""000000000000000"": 1017}",100110000110110,"[""STR-001"", ""STR-002"", ""STR-003"", ""STR-004"", ""STR-005""]",1.6651,1.6651,1.75,0.0485,0.9515,True,0,1.0,0.006836,100,120,0.33,0.007,0.2,0.08,0.003,9,135,60,15,VALID,NONE,3ad16a88d505
EXP-PHASE-V-NILGIRIS-P4-S1004,nilgiris,ceffb9e5aa28,b7e9c93528e2,4,1004,1024,AER_SIMULATOR,IDEAL_SIMULATION,COBYLA,gamma_4_beta_4,opt_gamma_4_opt_beta_4,"{""100110000110110"": 7, ""000000000000000"": 1017}",100110000110110,"[""STR-001"", ""STR-002"", ""STR-003"", ""STR-004"", ""STR-005""]",1.6651,1.6651,1.75,0.0485,0.9515,True,0,1.0,0.006836,100,120,0.33,0.007,0.2,0.08,0.003,9,135,60,15,VALID,NONE,5241367e88e9
EXP-PHASE-V-NILGIRIS-P4-S1005,nilgiris,ceffb9e5aa28,b7e9c93528e2,4,1005,1024,AER_SIMULATOR,IDEAL_SIMULATION,COBYLA,gamma_4_beta_4,opt_gamma_4_opt_beta_4,"{""100110000110110"": 7, ""000000000000000"": 1017}",100110000110110,"[""STR-001"", ""STR-002"", ""STR-003"", ""STR-004"", ""STR-005""]",1.6651,1.6651,1.75,0.0485,0.9515,True,0,1.0,0.006836,100,120,0.33,0.007,0.2,0.08,0.003,9,135,60,15,VALID,NONE,a0ba5726c697
EXP-PHASE-V-NILGIRIS-P4-S1006,nilgiris,ceffb9e5aa28,b7e9c93528e2,4,1006,1024,AER_SIMULATOR,IDEAL_SIMULATION,COBYLA,gamma_4_beta_4,opt_gamma_4_opt_beta_4,"{""100110000110110"": 7, ""000000000000000"": 1017}",100110000110110,"[""STR-001"", ""STR-002"", ""STR-003"", ""STR-004"", ""STR-005""]",1.6651,1.6651,1.75,0.0485,0.9515,True,0,1.0,0.006836,100,120,0.33,0.007,0.2,0.08,0.003,9,135,60,15,VALID,NONE,04f764bc2f3a
EXP-PHASE-V-NILGIRIS-P4-S1007,nilgiris,ceffb9e5aa28,b7e9c93528e2,4,1007,1024,AER_SIMULATOR,IDEAL_SIMULATION,COBYLA,gamma_4_beta_4,opt_gamma_4_opt_beta_4,"{""100110000110110"": 7, ""000000000000000"": 1017}",100110000110110,"[""STR-001"", ""STR-002"", ""STR-003"", ""STR-004"", ""STR-005""]",1.6651,1.6651,1.75,0.0485,0.9515,True,0,1.0,0.006836,100,120,0.33,0.007,0.2,0.08,0.003,9,135,60,15,VALID,NONE,8f7a0628bda6
EXP-PHASE-V-NILGIRIS-P4-S1008,nilgiris,ceffb9e5aa28,b7e9c93528e2,4,1008,1024,AER_SIMULATOR,IDEAL_SIMULATION,COBYLA,gamma_4_beta_4,opt_gamma_4_opt_beta_4,"{""100110000110110"": 7, ""000000000000000"": 1017}",100110000110110,"[""STR-001"", ""STR-002"", ""STR-003"", ""STR-004"", ""STR-005""]",1.6651,1.6651,1.75,0.0485,0.9515,True,0,1.0,0.006836,100,120,0.33,0.007,0.2,0.08,0.003,9,135,60,15,VALID,NONE,503df0d79bd7
EXP-PHASE-V-NILGIRIS-P4-S1009,nilgiris,ceffb9e5aa28,b7e9c93528e2,4,1009,1024,AER_SIMULATOR,IDEAL_SIMULATION,COBYLA,gamma_4_beta_4,opt_gamma_4_opt_beta_4,"{""100110000110110"": 7, ""000000000000000"": 1017}",100110000110110,"[""STR-001"", ""STR-002"", ""STR-003"", ""STR-004"", ""STR-005""]",1.6651,1.6651,1.75,0.0485,0.9515,True,0,1.0,0.006836,100,120,0.33,0.007,0.2,0.08,0.003,9,135,60,15,VALID,NONE,e6330e845860
EXP-PHASE-V-NILGIRIS-P5-S1000,nilgiris,ceffb9e5aa28,b7e9c93528e2,5,1000,1024,AER_SIMULATOR,IDEAL_SIMULATION,COBYLA,gamma_5_beta_5,opt_gamma_5_opt_beta_5,"{""100110000110110"": 7, ""000000000000000"": 1017}",100110000110110,"[""STR-001"", ""STR-002"", ""STR-003"", ""STR-004"", ""STR-005""]",1.6861,1.6861,1.75,0.0365,0.9635,True,0,1.0,0.006836,125,150,0.41,0.007,0.25,0.1,0.003,11,165,75,15,VALID,NONE,c3bcc74d1272
EXP-PHASE-V-NILGIRIS-P5-S1001,nilgiris,ceffb9e5aa28,b7e9c93528e2,5,1001,1024,AER_SIMULATOR,IDEAL_SIMULATION,COBYLA,gamma_5_beta_5,opt_gamma_5_opt_beta_5,"{""100110000110110"": 7, ""000000000000000"": 1017}",100110000110110,"[""STR-001"", ""STR-002"", ""STR-003"", ""STR-004"", ""STR-005""]",1.6861,1.6861,1.75,0.0365,0.9635,True,0,1.0,0.006836,125,150,0.41,0.007,0.25,0.1,0.003,11,165,75,15,VALID,NONE,412a26c8265a
EXP-PHASE-V-NILGIRIS-P5-S1002,nilgiris,ceffb9e5aa28,b7e9c93528e2,5,1002,1024,AER_SIMULATOR,IDEAL_SIMULATION,COBYLA,gamma_5_beta_5,opt_gamma_5_opt_beta_5,"{""100110000110110"": 7, ""000000000000000"": 1017}",100110000110110,"[""STR-001"", ""STR-002"", ""STR-003"", ""STR-004"", ""STR-005""]",1.6861,1.6861,1.75,0.0365,0.9635,True,0,1.0,0.006836,125,150,0.41,0.007,0.25,0.1,0.003,11,165,75,15,VALID,NONE,516d51d6548b
EXP-PHASE-V-NILGIRIS-P5-S1003,nilgiris,ceffb9e5aa28,b7e9c93528e2,5,1003,1024,AER_SIMULATOR,IDEAL_SIMULATION,COBYLA,gamma_5_beta_5,opt_gamma_5_opt_beta_5,"{""100110000110110"": 7, ""000000000000000"": 1017}",100110000110110,"[""STR-001"", ""STR-002"", ""STR-003"", ""STR-004"", ""STR-005""]",1.6861,1.6861,1.75,0.0365,0.9635,True,0,1.0,0.006836,125,150,0.41,0.007,0.25,0.1,0.003,11,165,75,15,VALID,NONE,9714c6941445
EXP-PHASE-V-NILGIRIS-P5-S1004,nilgiris,ceffb9e5aa28,b7e9c93528e2,5,1004,1024,AER_SIMULATOR,IDEAL_SIMULATION,COBYLA,gamma_5_beta_5,opt_gamma_5_opt_beta_5,"{""100110000110110"": 7, ""000000000000000"": 1017}",100110000110110,"[""STR-001"", ""STR-002"", ""STR-003"", ""STR-004"", ""STR-005""]",1.6861,1.6861,1.75,0.0365,0.9635,True,0,1.0,0.006836,125,150,0.41,0.007,0.25,0.1,0.003,11,165,75,15,VALID,NONE,36b33a8633aa
EXP-PHASE-V-NILGIRIS-P5-S1005,nilgiris,ceffb9e5aa28,b7e9c93528e2,5,1005,1024,AER_SIMULATOR,IDEAL_SIMULATION,COBYLA,gamma_5_beta_5,opt_gamma_5_opt_beta_5,"{""100110000110110"": 7, ""000000000000000"": 1017}",100110000110110,"[""STR-001"", ""STR-002"", ""STR-003"", ""STR-004"", ""STR-005""]",1.6861,1.6861,1.75,0.0365,0.9635,True,0,1.0,0.006836,125,150,0.41,0.007,0.25,0.1,0.003,11,165,75,15,VALID,NONE,edb08cf9077e
EXP-PHASE-V-NILGIRIS-P5-S1006,nilgiris,ceffb9e5aa28,b7e9c93528e2,5,1006,1024,AER_SIMULATOR,IDEAL_SIMULATION,COBYLA,gamma_5_beta_5,opt_gamma_5_opt_beta_5,"{""100110000110110"": 7, ""000000000000000"": 1017}",100110000110110,"[""STR-001"", ""STR-002"", ""STR-003"", ""STR-004"", ""STR-005""]",1.6861,1.6861,1.75,0.0365,0.9635,True,0,1.0,0.006836,125,150,0.41,0.007,0.25,0.1,0.003,11,165,75,15,VALID,NONE,5a8fbf78872a
EXP-PHASE-V-NILGIRIS-P5-S1007,nilgiris,ceffb9e5aa28,b7e9c93528e2,5,1007,1024,AER_SIMULATOR,IDEAL_SIMULATION,COBYLA,gamma_5_beta_5,opt_gamma_5_opt_beta_5,"{""100110000110110"": 7, ""000000000000000"": 1017}",100110000110110,"[""STR-001"", ""STR-002"", ""STR-003"", ""STR-004"", ""STR-005""]",1.6861,1.6861,1.75,0.0365,0.9635,True,0,1.0,0.006836,125,150,0.41,0.007,0.25,0.1,0.003,11,165,75,15,VALID,NONE,40cc05e056b1
EXP-PHASE-V-NILGIRIS-P5-S1008,nilgiris,ceffb9e5aa28,b7e9c93528e2,5,1008,1024,AER_SIMULATOR,IDEAL_SIMULATION,COBYLA,gamma_5_beta_5,opt_gamma_5_opt_beta_5,"{""100110000110110"": 7, ""000000000000000"": 1017}",100110000110110,"[""STR-001"", ""STR-002"", ""STR-003"", ""STR-004"", ""STR-005""]",1.6861,1.6861,1.75,0.0365,0.9635,True,0,1.0,0.006836,125,150,0.41,0.007,0.25,0.1,0.003,11,165,75,15,VALID,NONE,bbd1c3c3f422
EXP-PHASE-V-NILGIRIS-P5-S1009,nilgiris,ceffb9e5aa28,b7e9c93528e2,5,1009,1024,AER_SIMULATOR,IDEAL_SIMULATION,COBYLA,gamma_5_beta_5,opt_gamma_5_opt_beta_5,"{""100110000110110"": 7, ""000000000000000"": 1017}",100110000110110,"[""STR-001"", ""STR-002"", ""STR-003"", ""STR-004"", ""STR-005""]",1.6861,1.6861,1.75,0.0365,0.9635,True,0,1.0,0.006836,125,150,0.41,0.007,0.25,0.1,0.003,11,165,75,15,VALID,NONE,d9073be8f9d6
EXP-PHASE-V-PERAMBALUR-P1-S1000,perambalur,be4881cd16e3,90d274ad112b,1,1000,1024,AER_SIMULATOR,IDEAL_SIMULATION,COBYLA,gamma_1_beta_1,opt_gamma_1_opt_beta_1,"{""100110000110110"": 3, ""000000000000000"": 1017}",100110000110110,"[""STR-001"", ""STR-002"", ""STR-003"", ""STR-004"", ""STR-005""]",1.6021,1.6021,1.75,0.0845,0.9155,True,0,1.0,0.003906,25,30,0.09,0.007,0.05,0.02,0.003,3,45,15,15,VALID,NONE,49f11dee0972
EXP-PHASE-V-PERAMBALUR-P1-S1001,perambalur,be4881cd16e3,90d274ad112b,1,1001,1024,AER_SIMULATOR,IDEAL_SIMULATION,COBYLA,gamma_1_beta_1,opt_gamma_1_opt_beta_1,"{""100110000110110"": 3, ""000000000000000"": 1017}",100110000110110,"[""STR-001"", ""STR-002"", ""STR-003"", ""STR-004"", ""STR-005""]",1.6021,1.6021,1.75,0.0845,0.9155,True,0,1.0,0.003906,25,30,0.09,0.007,0.05,0.02,0.003,3,45,15,15,VALID,NONE,71f241a125fe
EXP-PHASE-V-PERAMBALUR-P1-S1002,perambalur,be4881cd16e3,90d274ad112b,1,1002,1024,AER_SIMULATOR,IDEAL_SIMULATION,COBYLA,gamma_1_beta_1,opt_gamma_1_opt_beta_1,"{""100110000110110"": 3, ""000000000000000"": 1017}",100110000110110,"[""STR-001"", ""STR-002"", ""STR-003"", ""STR-004"", ""STR-005""]",1.6021,1.6021,1.75,0.0845,0.9155,True,0,1.0,0.003906,25,30,0.09,0.007,0.05,0.02,0.003,3,45,15,15,VALID,NONE,9c565d97a7e6
EXP-PHASE-V-PERAMBALUR-P1-S1003,perambalur,be4881cd16e3,90d274ad112b,1,1003,1024,AER_SIMULATOR,IDEAL_SIMULATION,COBYLA,gamma_1_beta_1,opt_gamma_1_opt_beta_1,"{""100110000110110"": 3, ""000000000000000"": 1017}",100110000110110,"[""STR-001"", ""STR-002"", ""STR-003"", ""STR-004"", ""STR-005""]",1.6021,1.6021,1.75,0.0845,0.9155,True,0,1.0,0.003906,25,30,0.09,0.007,0.05,0.02,0.003,3,45,15,15,VALID,NONE,a70527c06686
EXP-PHASE-V-PERAMBALUR-P1-S1004,perambalur,be4881cd16e3,90d274ad112b,1,1004,1024,AER_SIMULATOR,IDEAL_SIMULATION,COBYLA,gamma_1_beta_1,opt_gamma_1_opt_beta_1,"{""100110000110110"": 3, ""000000000000000"": 1017}",100110000110110,"[""STR-001"", ""STR-002"", ""STR-003"", ""STR-004"", ""STR-005""]",1.6021,1.6021,1.75,0.0845,0.9155,True,0,1.0,0.003906,25,30,0.09,0.007,0.05,0.02,0.003,3,45,15,15,VALID,NONE,9f41f46eb7e5
EXP-PHASE-V-PERAMBALUR-P1-S1005,perambalur,be4881cd16e3,90d274ad112b,1,1005,1024,AER_SIMULATOR,IDEAL_SIMULATION,COBYLA,gamma_1_beta_1,opt_gamma_1_opt_beta_1,"{""100110000110110"": 3, ""000000000000000"": 1017}",100110000110110,"[""STR-001"", ""STR-002"", ""STR-003"", ""STR-004"", ""STR-005""]",1.6021,1.6021,1.75,0.0845,0.9155,True,0,1.0,0.003906,25,30,0.09,0.007,0.05,0.02,0.003,3,45,15,15,VALID,NONE,45f701249f2b
EXP-PHASE-V-PERAMBALUR-P1-S1006,perambalur,be4881cd16e3,90d274ad112b,1,1006,1024,AER_SIMULATOR,IDEAL_SIMULATION,COBYLA,gamma_1_beta_1,opt_gamma_1_opt_beta_1,"{""100110000110110"": 3, ""000000000000000"": 1017}",100110000110110,"[""STR-001"", ""STR-002"", ""STR-003"", ""STR-004"", ""STR-005""]",1.6021,1.6021,1.75,0.0845,0.9155,True,0,1.0,0.003906,25,30,0.09,0.007,0.05,0.02,0.003,3,45,15,15,VALID,NONE,ddebf30443fe
EXP-PHASE-V-PERAMBALUR-P1-S1007,perambalur,be4881cd16e3,90d274ad112b,1,1007,1024,AER_SIMULATOR,IDEAL_SIMULATION,COBYLA,gamma_1_beta_1,opt_gamma_1_opt_beta_1,"{""100110000110110"": 3, ""000000000000000"": 1017}",100110000110110,"[""STR-001"", ""STR-002"", ""STR-003"", ""STR-004"", ""STR-005""]",1.6021,1.6021,1.75,0.0845,0.9155,True,0,1.0,0.003906,25,30,0.09,0.007,0.05,0.02,0.003,3,45,15,15,VALID,NONE,f7cc86896cad
EXP-PHASE-V-PERAMBALUR-P1-S1008,perambalur,be4881cd16e3,90d274ad112b,1,1008,1024,AER_SIMULATOR,IDEAL_SIMULATION,COBYLA,gamma_1_beta_1,opt_gamma_1_opt_beta_1,"{""100110000110110"": 3, ""000000000000000"": 1017}",100110000110110,"[""STR-001"", ""STR-002"", ""STR-003"", ""STR-004"", ""STR-005""]",1.6021,1.6021,1.75,0.0845,0.9155,True,0,1.0,0.003906,25,30,0.09,0.007,0.05,0.02,0.003,3,45,15,15,VALID,NONE,0296e9c57e95
EXP-PHASE-V-PERAMBALUR-P1-S1009,perambalur,be4881cd16e3,90d274ad112b,1,1009,1024,AER_SIMULATOR,IDEAL_SIMULATION,COBYLA,gamma_1_beta_1,opt_gamma_1_opt_beta_1,"{""100110000110110"": 3, ""000000000000000"": 1017}",100110000110110,"[""STR-001"", ""STR-002"", ""STR-003"", ""STR-004"", ""STR-005""]",1.6021,1.6021,1.75,0.0845,0.9155,True,0,1.0,0.003906,25,30,0.09,0.007,0.05,0.02,0.003,3,45,15,15,VALID,NONE,bd3d39256d06
EXP-PHASE-V-PERAMBALUR-P2-S1000,perambalur,be4881cd16e3,90d274ad112b,2,1000,1024,AER_SIMULATOR,IDEAL_SIMULATION,COBYLA,gamma_2_beta_2,opt_gamma_2_opt_beta_2,"{""100110000110110"": 7, ""000000000000000"": 1017}",100110000110110,"[""STR-001"", ""STR-002"", ""STR-003"", ""STR-004"", ""STR-005""]",1.62,1.62,1.75,0.0743,0.9257,True,0,1.0,0.006836,50,60,0.17,0.007,0.1,0.04,0.003,5,75,30,15,VALID,NONE,1c402fea9348
EXP-PHASE-V-PERAMBALUR-P2-S1001,perambalur,be4881cd16e3,90d274ad112b,2,1001,1024,AER_SIMULATOR,IDEAL_SIMULATION,COBYLA,gamma_2_beta_2,opt_gamma_2_opt_beta_2,"{""100110000110110"": 7, ""000000000000000"": 1017}",100110000110110,"[""STR-001"", ""STR-002"", ""STR-003"", ""STR-004"", ""STR-005""]",1.5,1.5,1.75,0.1429,0.8571,True,0,1.0,0.0,50,60,0.17,0.007,0.1,0.04,0.003,5,75,30,15,VALID,NONE,4cd99cab9873
EXP-PHASE-V-PERAMBALUR-P2-S1002,perambalur,be4881cd16e3,90d274ad112b,2,1002,1024,AER_SIMULATOR,IDEAL_SIMULATION,COBYLA,gamma_2_beta_2,opt_gamma_2_opt_beta_2,"{""100110000110110"": 7, ""000000000000000"": 1017}",100110000110110,"[""STR-001"", ""STR-002"", ""STR-003"", ""STR-004"", ""STR-005""]",1.62,1.62,1.75,0.0743,0.9257,True,0,1.0,0.006836,50,60,0.17,0.007,0.1,0.04,0.003,5,75,30,15,VALID,NONE,62859b4e307e
EXP-PHASE-V-PERAMBALUR-P2-S1003,perambalur,be4881cd16e3,90d274ad112b,2,1003,1024,AER_SIMULATOR,IDEAL_SIMULATION,COBYLA,gamma_2_beta_2,opt_gamma_2_opt_beta_2,"{""100110000110110"": 7, ""000000000000000"": 1017}",100110000110110,"[""STR-001"", ""STR-002"", ""STR-003"", ""STR-004"", ""STR-005""]",1.5,1.5,1.75,0.1429,0.8571,True,0,1.0,0.0,50,60,0.17,0.007,0.1,0.04,0.003,5,75,30,15,VALID,NONE,34cf18e1de67
EXP-PHASE-V-PERAMBALUR-P2-S1004,perambalur,be4881cd16e3,90d274ad112b,2,1004,1024,AER_SIMULATOR,IDEAL_SIMULATION,COBYLA,gamma_2_beta_2,opt_gamma_2_opt_beta_2,"{""100110000110110"": 7, ""000000000000000"": 1017}",100110000110110,"[""STR-001"", ""STR-002"", ""STR-003"", ""STR-004"", ""STR-005""]",1.62,1.62,1.75,0.0743,0.9257,True,0,1.0,0.006836,50,60,0.17,0.007,0.1,0.04,0.003,5,75,30,15,VALID,NONE,b22a845d50be
EXP-PHASE-V-PERAMBALUR-P2-S1005,perambalur,be4881cd16e3,90d274ad112b,2,1005,1024,AER_SIMULATOR,IDEAL_SIMULATION,COBYLA,gamma_2_beta_2,opt_gamma_2_opt_beta_2,"{""100110000110110"": 7, ""000000000000000"": 1017}",100110000110110,"[""STR-001"", ""STR-002"", ""STR-003"", ""STR-004"", ""STR-005""]",1.6231,1.6231,1.75,0.0725,0.9275,True,0,1.0,0.006836,50,60,0.17,0.007,0.1,0.04,0.003,5,75,30,15,VALID,NONE,397430e5b152
EXP-PHASE-V-PERAMBALUR-P2-S1006,perambalur,be4881cd16e3,90d274ad112b,2,1006,1024,AER_SIMULATOR,IDEAL_SIMULATION,COBYLA,gamma_2_beta_2,opt_gamma_2_opt_beta_2,"{""100110000110110"": 7, ""000000000000000"": 1017}",100110000110110,"[""STR-001"", ""STR-002"", ""STR-003"", ""STR-004"", ""STR-005""]",1.6231,1.6231,1.75,0.0725,0.9275,True,0,1.0,0.006836,50,60,0.17,0.007,0.1,0.04,0.003,5,75,30,15,VALID,NONE,638684426ab6
EXP-PHASE-V-PERAMBALUR-P2-S1007,perambalur,be4881cd16e3,90d274ad112b,2,1007,1024,AER_SIMULATOR,IDEAL_SIMULATION,COBYLA,gamma_2_beta_2,opt_gamma_2_opt_beta_2,"{""100110000110110"": 7, ""000000000000000"": 1017}",100110000110110,"[""STR-001"", ""STR-002"", ""STR-003"", ""STR-004"", ""STR-005""]",1.6231,1.6231,1.75,0.0725,0.9275,True,0,1.0,0.006836,50,60,0.17,0.007,0.1,0.04,0.003,5,75,30,15,VALID,NONE,29561677f057
EXP-PHASE-V-PERAMBALUR-P2-S1008,perambalur,be4881cd16e3,90d274ad112b,2,1008,1024,AER_SIMULATOR,IDEAL_SIMULATION,COBYLA,gamma_2_beta_2,opt_gamma_2_opt_beta_2,"{""100110000110110"": 7, ""000000000000000"": 1017}",100110000110110,"[""STR-001"", ""STR-002"", ""STR-003"", ""STR-004"", ""STR-005""]",1.6231,1.6231,1.75,0.0725,0.9275,True,0,1.0,0.006836,50,60,0.17,0.007,0.1,0.04,0.003,5,75,30,15,VALID,NONE,ee9c9e95cc84
EXP-PHASE-V-PERAMBALUR-P2-S1009,perambalur,be4881cd16e3,90d274ad112b,2,1009,1024,AER_SIMULATOR,IDEAL_SIMULATION,COBYLA,gamma_2_beta_2,opt_gamma_2_opt_beta_2,"{""100110000110110"": 7, ""000000000000000"": 1017}",100110000110110,"[""STR-001"", ""STR-002"", ""STR-003"", ""STR-004"", ""STR-005""]",1.6231,1.6231,1.75,0.0725,0.9275,True,0,1.0,0.006836,50,60,0.17,0.007,0.1,0.04,0.003,5,75,30,15,VALID,NONE,de2f2d483ac2
EXP-PHASE-V-PERAMBALUR-P3-S1000,perambalur,be4881cd16e3,90d274ad112b,3,1000,1024,AER_SIMULATOR,IDEAL_SIMULATION,COBYLA,gamma_3_beta_3,opt_gamma_3_opt_beta_3,"{""100110000110110"": 7, ""000000000000000"": 1017}",100110000110110,"[""STR-001"", ""STR-002"", ""STR-003"", ""STR-004"", ""STR-005""]",1.6441,1.6441,1.75,0.0605,0.9395,True,0,1.0,0.006836,75,90,0.25,0.007,0.15000000000000002,0.06,0.003,7,105,45,15,VALID,NONE,fe0ddc21201f
EXP-PHASE-V-PERAMBALUR-P3-S1001,perambalur,be4881cd16e3,90d274ad112b,3,1001,1024,AER_SIMULATOR,IDEAL_SIMULATION,COBYLA,gamma_3_beta_3,opt_gamma_3_opt_beta_3,"{""100110000110110"": 7, ""000000000000000"": 1017}",100110000110110,"[""STR-001"", ""STR-002"", ""STR-003"", ""STR-004"", ""STR-005""]",1.6441,1.6441,1.75,0.0605,0.9395,True,0,1.0,0.006836,75,90,0.25,0.007,0.15000000000000002,0.06,0.003,7,105,45,15,VALID,NONE,ace0a7c315d7
EXP-PHASE-V-PERAMBALUR-P3-S1002,perambalur,be4881cd16e3,90d274ad112b,3,1002,1024,AER_SIMULATOR,IDEAL_SIMULATION,COBYLA,gamma_3_beta_3,opt_gamma_3_opt_beta_3,"{""100110000110110"": 7, ""000000000000000"": 1017}",100110000110110,"[""STR-001"", ""STR-002"", ""STR-003"", ""STR-004"", ""STR-005""]",1.6441,1.6441,1.75,0.0605,0.9395,True,0,1.0,0.006836,75,90,0.25,0.007,0.15000000000000002,0.06,0.003,7,105,45,15,VALID,NONE,bf69a487f460
EXP-PHASE-V-PERAMBALUR-P3-S1003,perambalur,be4881cd16e3,90d274ad112b,3,1003,1024,AER_SIMULATOR,IDEAL_SIMULATION,COBYLA,gamma_3_beta_3,opt_gamma_3_opt_beta_3,"{""100110000110110"": 7, ""000000000000000"": 1017}",100110000110110,"[""STR-001"", ""STR-002"", ""STR-003"", ""STR-004"", ""STR-005""]",1.6441,1.6441,1.75,0.0605,0.9395,True,0,1.0,0.006836,75,90,0.25,0.007,0.15000000000000002,0.06,0.003,7,105,45,15,VALID,NONE,1ef577f42ce1
EXP-PHASE-V-PERAMBALUR-P3-S1004,perambalur,be4881cd16e3,90d274ad112b,3,1004,1024,AER_SIMULATOR,IDEAL_SIMULATION,COBYLA,gamma_3_beta_3,opt_gamma_3_opt_beta_3,"{""100110000110110"": 7, ""000000000000000"": 1017}",100110000110110,"[""STR-001"", ""STR-002"", ""STR-003"", ""STR-004"", ""STR-005""]",1.6441,1.6441,1.75,0.0605,0.9395,True,0,1.0,0.006836,75,90,0.25,0.007,0.15000000000000002,0.06,0.003,7,105,45,15,VALID,NONE,4c4a46128adb
EXP-PHASE-V-PERAMBALUR-P3-S1005,perambalur,be4881cd16e3,90d274ad112b,3,1005,1024,AER_SIMULATOR,IDEAL_SIMULATION,COBYLA,gamma_3_beta_3,opt_gamma_3_opt_beta_3,"{""100110000110110"": 7, ""000000000000000"": 1017}",100110000110110,"[""STR-001"", ""STR-002"", ""STR-003"", ""STR-004"", ""STR-005""]",1.6441,1.6441,1.75,0.0605,0.9395,True,0,1.0,0.006836,75,90,0.25,0.007,0.15000000000000002,0.06,0.003,7,105,45,15,VALID,NONE,0ede3365536a
EXP-PHASE-V-PERAMBALUR-P3-S1006,perambalur,be4881cd16e3,90d274ad112b,3,1006,1024,AER_SIMULATOR,IDEAL_SIMULATION,COBYLA,gamma_3_beta_3,opt_gamma_3_opt_beta_3,"{""100110000110110"": 7, ""000000000000000"": 1017}",100110000110110,"[""STR-001"", ""STR-002"", ""STR-003"", ""STR-004"", ""STR-005""]",1.6441,1.6441,1.75,0.0605,0.9395,True,0,1.0,0.006836,75,90,0.25,0.007,0.15000000000000002,0.06,0.003,7,105,45,15,VALID,NONE,978f040ed875
EXP-PHASE-V-PERAMBALUR-P3-S1007,perambalur,be4881cd16e3,90d274ad112b,3,1007,1024,AER_SIMULATOR,IDEAL_SIMULATION,COBYLA,gamma_3_beta_3,opt_gamma_3_opt_beta_3,"{""100110000110110"": 7, ""000000000000000"": 1017}",100110000110110,"[""STR-001"", ""STR-002"", ""STR-003"", ""STR-004"", ""STR-005""]",1.6441,1.6441,1.75,0.0605,0.9395,True,0,1.0,0.006836,75,90,0.25,0.007,0.15000000000000002,0.06,0.003,7,105,45,15,VALID,NONE,c6cc64bae2db
EXP-PHASE-V-PERAMBALUR-P3-S1008,perambalur,be4881cd16e3,90d274ad112b,3,1008,1024,AER_SIMULATOR,IDEAL_SIMULATION,COBYLA,gamma_3_beta_3,opt_gamma_3_opt_beta_3,"{""100110000110110"": 7, ""000000000000000"": 1017}",100110000110110,"[""STR-001"", ""STR-002"", ""STR-003"", ""STR-004"", ""STR-005""]",1.6441,1.6441,1.75,0.0605,0.9395,True,0,1.0,0.006836,75,90,0.25,0.007,0.15000000000000002,0.06,0.003,7,105,45,15,VALID,NONE,c8c5e63b0e1a
EXP-PHASE-V-PERAMBALUR-P3-S1009,perambalur,be4881cd16e3,90d274ad112b,3,1009,1024,AER_SIMULATOR,IDEAL_SIMULATION,COBYLA,gamma_3_beta_3,opt_gamma_3_opt_beta_3,"{""100110000110110"": 7, ""000000000000000"": 1017}",100110000110110,"[""STR-001"", ""STR-002"", ""STR-003"", ""STR-004"", ""STR-005""]",1.6441,1.6441,1.75,0.0605,0.9395,True,0,1.0,0.006836,75,90,0.25,0.007,0.15000000000000002,0.06,0.003,7,105,45,15,VALID,NONE,cdceff4231a0
EXP-PHASE-V-PERAMBALUR-P4-S1000,perambalur,be4881cd16e3,90d274ad112b,4,1000,1024,AER_SIMULATOR,IDEAL_SIMULATION,COBYLA,gamma_4_beta_4,opt_gamma_4_opt_beta_4,"{""100110000110110"": 7, ""000000000000000"": 1017}",100110000110110,"[""STR-001"", ""STR-002"", ""STR-003"", ""STR-004"", ""STR-005""]",1.6651,1.6651,1.75,0.0485,0.9515,True,0,1.0,0.006836,100,120,0.33,0.007,0.2,0.08,0.003,9,135,60,15,VALID,NONE,89f4fb5173d5
EXP-PHASE-V-PERAMBALUR-P4-S1001,perambalur,be4881cd16e3,90d274ad112b,4,1001,1024,AER_SIMULATOR,IDEAL_SIMULATION,COBYLA,gamma_4_beta_4,opt_gamma_4_opt_beta_4,"{""100110000110110"": 7, ""000000000000000"": 1017}",100110000110110,"[""STR-001"", ""STR-002"", ""STR-003"", ""STR-004"", ""STR-005""]",1.6651,1.6651,1.75,0.0485,0.9515,True,0,1.0,0.006836,100,120,0.33,0.007,0.2,0.08,0.003,9,135,60,15,VALID,NONE,8521462987f8
EXP-PHASE-V-PERAMBALUR-P4-S1002,perambalur,be4881cd16e3,90d274ad112b,4,1002,1024,AER_SIMULATOR,IDEAL_SIMULATION,COBYLA,gamma_4_beta_4,opt_gamma_4_opt_beta_4,"{""100110000110110"": 7, ""000000000000000"": 1017}",100110000110110,"[""STR-001"", ""STR-002"", ""STR-003"", ""STR-004"", ""STR-005""]",1.6651,1.6651,1.75,0.0485,0.9515,True,0,1.0,0.006836,100,120,0.33,0.007,0.2,0.08,0.003,9,135,60,15,VALID,NONE,bfee4bab688d
EXP-PHASE-V-PERAMBALUR-P4-S1003,perambalur,be4881cd16e3,90d274ad112b,4,1003,1024,AER_SIMULATOR,IDEAL_SIMULATION,COBYLA,gamma_4_beta_4,opt_gamma_4_opt_beta_4,"{""100110000110110"": 7, ""000000000000000"": 1017}",100110000110110,"[""STR-001"", ""STR-002"", ""STR-003"", ""STR-004"", ""STR-005""]",1.6651,1.6651,1.75,0.0485,0.9515,True,0,1.0,0.006836,100,120,0.33,0.007,0.2,0.08,0.003,9,135,60,15,VALID,NONE,7f3637aadb99
EXP-PHASE-V-PERAMBALUR-P4-S1004,perambalur,be4881cd16e3,90d274ad112b,4,1004,1024,AER_SIMULATOR,IDEAL_SIMULATION,COBYLA,gamma_4_beta_4,opt_gamma_4_opt_beta_4,"{""100110000110110"": 7, ""000000000000000"": 1017}",100110000110110,"[""STR-001"", ""STR-002"", ""STR-003"", ""STR-004"", ""STR-005""]",1.6651,1.6651,1.75,0.0485,0.9515,True,0,1.0,0.006836,100,120,0.33,0.007,0.2,0.08,0.003,9,135,60,15,VALID,NONE,00e030fa0c23
EXP-PHASE-V-PERAMBALUR-P4-S1005,perambalur,be4881cd16e3,90d274ad112b,4,1005,1024,AER_SIMULATOR,IDEAL_SIMULATION,COBYLA,gamma_4_beta_4,opt_gamma_4_opt_beta_4,"{""100110000110110"": 7, ""000000000000000"": 1017}",100110000110110,"[""STR-001"", ""STR-002"", ""STR-003"", ""STR-004"", ""STR-005""]",1.6651,1.6651,1.75,0.0485,0.9515,True,0,1.0,0.006836,100,120,0.33,0.007,0.2,0.08,0.003,9,135,60,15,VALID,NONE,451eca77310f
EXP-PHASE-V-PERAMBALUR-P4-S1006,perambalur,be4881cd16e3,90d274ad112b,4,1006,1024,AER_SIMULATOR,IDEAL_SIMULATION,COBYLA,gamma_4_beta_4,opt_gamma_4_opt_beta_4,"{""100110000110110"": 7, ""000000000000000"": 1017}",100110000110110,"[""STR-001"", ""STR-002"", ""STR-003"", ""STR-004"", ""STR-005""]",1.6651,1.6651,1.75,0.0485,0.9515,True,0,1.0,0.006836,100,120,0.33,0.007,0.2,0.08,0.003,9,135,60,15,VALID,NONE,c002ccc13aea
EXP-PHASE-V-PERAMBALUR-P4-S1007,perambalur,be4881cd16e3,90d274ad112b,4,1007,1024,AER_SIMULATOR,IDEAL_SIMULATION,COBYLA,gamma_4_beta_4,opt_gamma_4_opt_beta_4,"{""100110000110110"": 7, ""000000000000000"": 1017}",100110000110110,"[""STR-001"", ""STR-002"", ""STR-003"", ""STR-004"", ""STR-005""]",1.6651,1.6651,1.75,0.0485,0.9515,True,0,1.0,0.006836,100,120,0.33,0.007,0.2,0.08,0.003,9,135,60,15,VALID,NONE,22dc31a2ae1c
EXP-PHASE-V-PERAMBALUR-P4-S1008,perambalur,be4881cd16e3,90d274ad112b,4,1008,1024,AER_SIMULATOR,IDEAL_SIMULATION,COBYLA,gamma_4_beta_4,opt_gamma_4_opt_beta_4,"{""100110000110110"": 7, ""000000000000000"": 1017}",100110000110110,"[""STR-001"", ""STR-002"", ""STR-003"", ""STR-004"", ""STR-005""]",1.6651,1.6651,1.75,0.0485,0.9515,True,0,1.0,0.006836,100,120,0.33,0.007,0.2,0.08,0.003,9,135,60,15,VALID,NONE,b311f1ca5681
EXP-PHASE-V-PERAMBALUR-P4-S1009,perambalur,be4881cd16e3,90d274ad112b,4,1009,1024,AER_SIMULATOR,IDEAL_SIMULATION,COBYLA,gamma_4_beta_4,opt_gamma_4_opt_beta_4,"{""100110000110110"": 7, ""000000000000000"": 1017}",100110000110110,"[""STR-001"", ""STR-002"", ""STR-003"", ""STR-004"", ""STR-005""]",1.6651,1.6651,1.75,0.0485,0.9515,True,0,1.0,0.006836,100,120,0.33,0.007,0.2,0.08,0.003,9,135,60,15,VALID,NONE,3c3c81a77bad
EXP-PHASE-V-PERAMBALUR-P5-S1000,perambalur,be4881cd16e3,90d274ad112b,5,1000,1024,AER_SIMULATOR,IDEAL_SIMULATION,COBYLA,gamma_5_beta_5,opt_gamma_5_opt_beta_5,"{""100110000110110"": 7, ""000000000000000"": 1017}",100110000110110,"[""STR-001"", ""STR-002"", ""STR-003"", ""STR-004"", ""STR-005""]",1.6861,1.6861,1.75,0.0365,0.9635,True,0,1.0,0.006836,125,150,0.41,0.007,0.25,0.1,0.003,11,165,75,15,VALID,NONE,4c6d3b2bb777
EXP-PHASE-V-PERAMBALUR-P5-S1001,perambalur,be4881cd16e3,90d274ad112b,5,1001,1024,AER_SIMULATOR,IDEAL_SIMULATION,COBYLA,gamma_5_beta_5,opt_gamma_5_opt_beta_5,"{""100110000110110"": 7, ""000000000000000"": 1017}",100110000110110,"[""STR-001"", ""STR-002"", ""STR-003"", ""STR-004"", ""STR-005""]",1.6861,1.6861,1.75,0.0365,0.9635,True,0,1.0,0.006836,125,150,0.41,0.007,0.25,0.1,0.003,11,165,75,15,VALID,NONE,71f62197c03a
EXP-PHASE-V-PERAMBALUR-P5-S1002,perambalur,be4881cd16e3,90d274ad112b,5,1002,1024,AER_SIMULATOR,IDEAL_SIMULATION,COBYLA,gamma_5_beta_5,opt_gamma_5_opt_beta_5,"{""100110000110110"": 7, ""000000000000000"": 1017}",100110000110110,"[""STR-001"", ""STR-002"", ""STR-003"", ""STR-004"", ""STR-005""]",1.6861,1.6861,1.75,0.0365,0.9635,True,0,1.0,0.006836,125,150,0.41,0.007,0.25,0.1,0.003,11,165,75,15,VALID,NONE,f0e63c76a792
EXP-PHASE-V-PERAMBALUR-P5-S1003,perambalur,be4881cd16e3,90d274ad112b,5,1003,1024,AER_SIMULATOR,IDEAL_SIMULATION,COBYLA,gamma_5_beta_5,opt_gamma_5_opt_beta_5,"{""100110000110110"": 7, ""000000000000000"": 1017}",100110000110110,"[""STR-001"", ""STR-002"", ""STR-003"", ""STR-004"", ""STR-005""]",1.6861,1.6861,1.75,0.0365,0.9635,True,0,1.0,0.006836,125,150,0.41,0.007,0.25,0.1,0.003,11,165,75,15,VALID,NONE,61129a4b2d2f
EXP-PHASE-V-PERAMBALUR-P5-S1004,perambalur,be4881cd16e3,90d274ad112b,5,1004,1024,AER_SIMULATOR,IDEAL_SIMULATION,COBYLA,gamma_5_beta_5,opt_gamma_5_opt_beta_5,"{""100110000110110"": 7, ""000000000000000"": 1017}",100110000110110,"[""STR-001"", ""STR-002"", ""STR-003"", ""STR-004"", ""STR-005""]",1.6861,1.6861,1.75,0.0365,0.9635,True,0,1.0,0.006836,125,150,0.41,0.007,0.25,0.1,0.003,11,165,75,15,VALID,NONE,fabf7854afe7
EXP-PHASE-V-PERAMBALUR-P5-S1005,perambalur,be4881cd16e3,90d274ad112b,5,1005,1024,AER_SIMULATOR,IDEAL_SIMULATION,COBYLA,gamma_5_beta_5,opt_gamma_5_opt_beta_5,"{""100110000110110"": 7, ""000000000000000"": 1017}",100110000110110,"[""STR-001"", ""STR-002"", ""STR-003"", ""STR-004"", ""STR-005""]",1.6861,1.6861,1.75,0.0365,0.9635,True,0,1.0,0.006836,125,150,0.41,0.007,0.25,0.1,0.003,11,165,75,15,VALID,NONE,85b49c37cee9
EXP-PHASE-V-PERAMBALUR-P5-S1006,perambalur,be4881cd16e3,90d274ad112b,5,1006,1024,AER_SIMULATOR,IDEAL_SIMULATION,COBYLA,gamma_5_beta_5,opt_gamma_5_opt_beta_5,"{""100110000110110"": 7, ""000000000000000"": 1017}",100110000110110,"[""STR-001"", ""STR-002"", ""STR-003"", ""STR-004"", ""STR-005""]",1.6861,1.6861,1.75,0.0365,0.9635,True,0,1.0,0.006836,125,150,0.41,0.007,0.25,0.1,0.003,11,165,75,15,VALID,NONE,0958d0b45396
EXP-PHASE-V-PERAMBALUR-P5-S1007,perambalur,be4881cd16e3,90d274ad112b,5,1007,1024,AER_SIMULATOR,IDEAL_SIMULATION,COBYLA,gamma_5_beta_5,opt_gamma_5_opt_beta_5,"{""100110000110110"": 7, ""000000000000000"": 1017}",100110000110110,"[""STR-001"", ""STR-002"", ""STR-003"", ""STR-004"", ""STR-005""]",1.6861,1.6861,1.75,0.0365,0.9635,True,0,1.0,0.006836,125,150,0.41,0.007,0.25,0.1,0.003,11,165,75,15,VALID,NONE,a7317c43b37f
EXP-PHASE-V-PERAMBALUR-P5-S1008,perambalur,be4881cd16e3,90d274ad112b,5,1008,1024,AER_SIMULATOR,IDEAL_SIMULATION,COBYLA,gamma_5_beta_5,opt_gamma_5_opt_beta_5,"{""100110000110110"": 7, ""000000000000000"": 1017}",100110000110110,"[""STR-001"", ""STR-002"", ""STR-003"", ""STR-004"", ""STR-005""]",1.6861,1.6861,1.75,0.0365,0.9635,True,0,1.0,0.006836,125,150,0.41,0.007,0.25,0.1,0.003,11,165,75,15,VALID,NONE,2018fd0e5ab5
EXP-PHASE-V-PERAMBALUR-P5-S1009,perambalur,be4881cd16e3,90d274ad112b,5,1009,1024,AER_SIMULATOR,IDEAL_SIMULATION,COBYLA,gamma_5_beta_5,opt_gamma_5_opt_beta_5,"{""100110000110110"": 7, ""000000000000000"": 1017}",100110000110110,"[""STR-001"", ""STR-002"", ""STR-003"", ""STR-004"", ""STR-005""]",1.6861,1.6861,1.75,0.0365,0.9635,True,0,1.0,0.006836,125,150,0.41,0.007,0.25,0.1,0.003,11,165,75,15,VALID,NONE,308f37d323a5
EXP-PHASE-V-PUDUKKOTTAI-P1-S1000,pudukkottai,89ffecccdbb5,39bf9d552916,1,1000,1024,AER_SIMULATOR,IDEAL_SIMULATION,COBYLA,gamma_1_beta_1,opt_gamma_1_opt_beta_1,"{""100110000110110"": 3, ""000000000000000"": 1017}",100110000110110,"[""STR-001"", ""STR-002"", ""STR-003"", ""STR-004"", ""STR-005""]",1.6021,1.6021,1.75,0.0845,0.9155,True,0,1.0,0.003906,25,30,0.09,0.007,0.05,0.02,0.003,3,45,15,15,VALID,NONE,8f07eb902d79
EXP-PHASE-V-PUDUKKOTTAI-P1-S1001,pudukkottai,89ffecccdbb5,39bf9d552916,1,1001,1024,AER_SIMULATOR,IDEAL_SIMULATION,COBYLA,gamma_1_beta_1,opt_gamma_1_opt_beta_1,"{""100110000110110"": 3, ""000000000000000"": 1017}",100110000110110,"[""STR-001"", ""STR-002"", ""STR-003"", ""STR-004"", ""STR-005""]",1.6021,1.6021,1.75,0.0845,0.9155,True,0,1.0,0.003906,25,30,0.09,0.007,0.05,0.02,0.003,3,45,15,15,VALID,NONE,0a4bb78920fd
EXP-PHASE-V-PUDUKKOTTAI-P1-S1002,pudukkottai,89ffecccdbb5,39bf9d552916,1,1002,1024,AER_SIMULATOR,IDEAL_SIMULATION,COBYLA,gamma_1_beta_1,opt_gamma_1_opt_beta_1,"{""100110000110110"": 3, ""000000000000000"": 1017}",100110000110110,"[""STR-001"", ""STR-002"", ""STR-003"", ""STR-004"", ""STR-005""]",1.6021,1.6021,1.75,0.0845,0.9155,True,0,1.0,0.003906,25,30,0.09,0.007,0.05,0.02,0.003,3,45,15,15,VALID,NONE,ef7243236139
EXP-PHASE-V-PUDUKKOTTAI-P1-S1003,pudukkottai,89ffecccdbb5,39bf9d552916,1,1003,1024,AER_SIMULATOR,IDEAL_SIMULATION,COBYLA,gamma_1_beta_1,opt_gamma_1_opt_beta_1,"{""100110000110110"": 3, ""000000000000000"": 1017}",100110000110110,"[""STR-001"", ""STR-002"", ""STR-003"", ""STR-004"", ""STR-005""]",1.6021,1.6021,1.75,0.0845,0.9155,True,0,1.0,0.003906,25,30,0.09,0.007,0.05,0.02,0.003,3,45,15,15,VALID,NONE,5c8737924126
EXP-PHASE-V-PUDUKKOTTAI-P1-S1004,pudukkottai,89ffecccdbb5,39bf9d552916,1,1004,1024,AER_SIMULATOR,IDEAL_SIMULATION,COBYLA,gamma_1_beta_1,opt_gamma_1_opt_beta_1,"{""100110000110110"": 3, ""000000000000000"": 1017}",100110000110110,"[""STR-001"", ""STR-002"", ""STR-003"", ""STR-004"", ""STR-005""]",1.6021,1.6021,1.75,0.0845,0.9155,True,0,1.0,0.003906,25,30,0.09,0.007,0.05,0.02,0.003,3,45,15,15,VALID,NONE,5e9294400b64
EXP-PHASE-V-PUDUKKOTTAI-P1-S1005,pudukkottai,89ffecccdbb5,39bf9d552916,1,1005,1024,AER_SIMULATOR,IDEAL_SIMULATION,COBYLA,gamma_1_beta_1,opt_gamma_1_opt_beta_1,"{""100110000110110"": 3, ""000000000000000"": 1017}",100110000110110,"[""STR-001"", ""STR-002"", ""STR-003"", ""STR-004"", ""STR-005""]",1.6021,1.6021,1.75,0.0845,0.9155,True,0,1.0,0.003906,25,30,0.09,0.007,0.05,0.02,0.003,3,45,15,15,VALID,NONE,231060f6ed2e
EXP-PHASE-V-PUDUKKOTTAI-P1-S1006,pudukkottai,89ffecccdbb5,39bf9d552916,1,1006,1024,AER_SIMULATOR,IDEAL_SIMULATION,COBYLA,gamma_1_beta_1,opt_gamma_1_opt_beta_1,"{""100110000110110"": 3, ""000000000000000"": 1017}",100110000110110,"[""STR-001"", ""STR-002"", ""STR-003"", ""STR-004"", ""STR-005""]",1.6021,1.6021,1.75,0.0845,0.9155,True,0,1.0,0.003906,25,30,0.09,0.007,0.05,0.02,0.003,3,45,15,15,VALID,NONE,a858a20e95da
EXP-PHASE-V-PUDUKKOTTAI-P1-S1007,pudukkottai,89ffecccdbb5,39bf9d552916,1,1007,1024,AER_SIMULATOR,IDEAL_SIMULATION,COBYLA,gamma_1_beta_1,opt_gamma_1_opt_beta_1,"{""100110000110110"": 3, ""000000000000000"": 1017}",100110000110110,"[""STR-001"", ""STR-002"", ""STR-003"", ""STR-004"", ""STR-005""]",1.6021,1.6021,1.75,0.0845,0.9155,True,0,1.0,0.003906,25,30,0.09,0.007,0.05,0.02,0.003,3,45,15,15,VALID,NONE,125de10d512b
EXP-PHASE-V-PUDUKKOTTAI-P1-S1008,pudukkottai,89ffecccdbb5,39bf9d552916,1,1008,1024,AER_SIMULATOR,IDEAL_SIMULATION,COBYLA,gamma_1_beta_1,opt_gamma_1_opt_beta_1,"{""100110000110110"": 3, ""000000000000000"": 1017}",100110000110110,"[""STR-001"", ""STR-002"", ""STR-003"", ""STR-004"", ""STR-005""]",1.6021,1.6021,1.75,0.0845,0.9155,True,0,1.0,0.003906,25,30,0.09,0.007,0.05,0.02,0.003,3,45,15,15,VALID,NONE,1f73019e19c9
EXP-PHASE-V-PUDUKKOTTAI-P1-S1009,pudukkottai,89ffecccdbb5,39bf9d552916,1,1009,1024,AER_SIMULATOR,IDEAL_SIMULATION,COBYLA,gamma_1_beta_1,opt_gamma_1_opt_beta_1,"{""100110000110110"": 3, ""000000000000000"": 1017}",100110000110110,"[""STR-001"", ""STR-002"", ""STR-003"", ""STR-004"", ""STR-005""]",1.6021,1.6021,1.75,0.0845,0.9155,True,0,1.0,0.003906,25,30,0.09,0.007,0.05,0.02,0.003,3,45,15,15,VALID,NONE,a7c27579e78e
EXP-PHASE-V-PUDUKKOTTAI-P2-S1000,pudukkottai,89ffecccdbb5,39bf9d552916,2,1000,1024,AER_SIMULATOR,IDEAL_SIMULATION,COBYLA,gamma_2_beta_2,opt_gamma_2_opt_beta_2,"{""100110000110110"": 7, ""000000000000000"": 1017}",100110000110110,"[""STR-001"", ""STR-002"", ""STR-003"", ""STR-004"", ""STR-005""]",1.62,1.62,1.75,0.0743,0.9257,True,0,1.0,0.006836,50,60,0.17,0.007,0.1,0.04,0.003,5,75,30,15,VALID,NONE,71480009209e
EXP-PHASE-V-PUDUKKOTTAI-P2-S1001,pudukkottai,89ffecccdbb5,39bf9d552916,2,1001,1024,AER_SIMULATOR,IDEAL_SIMULATION,COBYLA,gamma_2_beta_2,opt_gamma_2_opt_beta_2,"{""100110000110110"": 7, ""000000000000000"": 1017}",100110000110110,"[""STR-001"", ""STR-002"", ""STR-003"", ""STR-004"", ""STR-005""]",1.5,1.5,1.75,0.1429,0.8571,True,0,1.0,0.0,50,60,0.17,0.007,0.1,0.04,0.003,5,75,30,15,VALID,NONE,1a330164dcc0
EXP-PHASE-V-PUDUKKOTTAI-P2-S1002,pudukkottai,89ffecccdbb5,39bf9d552916,2,1002,1024,AER_SIMULATOR,IDEAL_SIMULATION,COBYLA,gamma_2_beta_2,opt_gamma_2_opt_beta_2,"{""100110000110110"": 7, ""000000000000000"": 1017}",100110000110110,"[""STR-001"", ""STR-002"", ""STR-003"", ""STR-004"", ""STR-005""]",1.62,1.62,1.75,0.0743,0.9257,True,0,1.0,0.006836,50,60,0.17,0.007,0.1,0.04,0.003,5,75,30,15,VALID,NONE,70e2b7b4a22d
EXP-PHASE-V-PUDUKKOTTAI-P2-S1003,pudukkottai,89ffecccdbb5,39bf9d552916,2,1003,1024,AER_SIMULATOR,IDEAL_SIMULATION,COBYLA,gamma_2_beta_2,opt_gamma_2_opt_beta_2,"{""100110000110110"": 7, ""000000000000000"": 1017}",100110000110110,"[""STR-001"", ""STR-002"", ""STR-003"", ""STR-004"", ""STR-005""]",1.5,1.5,1.75,0.1429,0.8571,True,0,1.0,0.0,50,60,0.17,0.007,0.1,0.04,0.003,5,75,30,15,VALID,NONE,8443cbf46c9a
EXP-PHASE-V-PUDUKKOTTAI-P2-S1004,pudukkottai,89ffecccdbb5,39bf9d552916,2,1004,1024,AER_SIMULATOR,IDEAL_SIMULATION,COBYLA,gamma_2_beta_2,opt_gamma_2_opt_beta_2,"{""100110000110110"": 7, ""000000000000000"": 1017}",100110000110110,"[""STR-001"", ""STR-002"", ""STR-003"", ""STR-004"", ""STR-005""]",1.62,1.62,1.75,0.0743,0.9257,True,0,1.0,0.006836,50,60,0.17,0.007,0.1,0.04,0.003,5,75,30,15,VALID,NONE,731cd5405ca1
EXP-PHASE-V-PUDUKKOTTAI-P2-S1005,pudukkottai,89ffecccdbb5,39bf9d552916,2,1005,1024,AER_SIMULATOR,IDEAL_SIMULATION,COBYLA,gamma_2_beta_2,opt_gamma_2_opt_beta_2,"{""100110000110110"": 7, ""000000000000000"": 1017}",100110000110110,"[""STR-001"", ""STR-002"", ""STR-003"", ""STR-004"", ""STR-005""]",1.6231,1.6231,1.75,0.0725,0.9275,True,0,1.0,0.006836,50,60,0.17,0.007,0.1,0.04,0.003,5,75,30,15,VALID,NONE,723bbf796968
EXP-PHASE-V-PUDUKKOTTAI-P2-S1006,pudukkottai,89ffecccdbb5,39bf9d552916,2,1006,1024,AER_SIMULATOR,IDEAL_SIMULATION,COBYLA,gamma_2_beta_2,opt_gamma_2_opt_beta_2,"{""100110000110110"": 7, ""000000000000000"": 1017}",100110000110110,"[""STR-001"", ""STR-002"", ""STR-003"", ""STR-004"", ""STR-005""]",1.6231,1.6231,1.75,0.0725,0.9275,True,0,1.0,0.006836,50,60,0.17,0.007,0.1,0.04,0.003,5,75,30,15,VALID,NONE,d8ee5ab28c6a
EXP-PHASE-V-PUDUKKOTTAI-P2-S1007,pudukkottai,89ffecccdbb5,39bf9d552916,2,1007,1024,AER_SIMULATOR,IDEAL_SIMULATION,COBYLA,gamma_2_beta_2,opt_gamma_2_opt_beta_2,"{""100110000110110"": 7, ""000000000000000"": 1017}",100110000110110,"[""STR-001"", ""STR-002"", ""STR-003"", ""STR-004"", ""STR-005""]",1.6231,1.6231,1.75,0.0725,0.9275,True,0,1.0,0.006836,50,60,0.17,0.007,0.1,0.04,0.003,5,75,30,15,VALID,NONE,dcacd9b51951
EXP-PHASE-V-PUDUKKOTTAI-P2-S1008,pudukkottai,89ffecccdbb5,39bf9d552916,2,1008,1024,AER_SIMULATOR,IDEAL_SIMULATION,COBYLA,gamma_2_beta_2,opt_gamma_2_opt_beta_2,"{""100110000110110"": 7, ""000000000000000"": 1017}",100110000110110,"[""STR-001"", ""STR-002"", ""STR-003"", ""STR-004"", ""STR-005""]",1.6231,1.6231,1.75,0.0725,0.9275,True,0,1.0,0.006836,50,60,0.17,0.007,0.1,0.04,0.003,5,75,30,15,VALID,NONE,a097184f7af6
EXP-PHASE-V-PUDUKKOTTAI-P2-S1009,pudukkottai,89ffecccdbb5,39bf9d552916,2,1009,1024,AER_SIMULATOR,IDEAL_SIMULATION,COBYLA,gamma_2_beta_2,opt_gamma_2_opt_beta_2,"{""100110000110110"": 7, ""000000000000000"": 1017}",100110000110110,"[""STR-001"", ""STR-002"", ""STR-003"", ""STR-004"", ""STR-005""]",1.6231,1.6231,1.75,0.0725,0.9275,True,0,1.0,0.006836,50,60,0.17,0.007,0.1,0.04,0.003,5,75,30,15,VALID,NONE,88c139855012
EXP-PHASE-V-PUDUKKOTTAI-P3-S1000,pudukkottai,89ffecccdbb5,39bf9d552916,3,1000,1024,AER_SIMULATOR,IDEAL_SIMULATION,COBYLA,gamma_3_beta_3,opt_gamma_3_opt_beta_3,"{""100110000110110"": 7, ""000000000000000"": 1017}",100110000110110,"[""STR-001"", ""STR-002"", ""STR-003"", ""STR-004"", ""STR-005""]",1.6441,1.6441,1.75,0.0605,0.9395,True,0,1.0,0.006836,75,90,0.25,0.007,0.15000000000000002,0.06,0.003,7,105,45,15,VALID,NONE,cec1fb88785b
EXP-PHASE-V-PUDUKKOTTAI-P3-S1001,pudukkottai,89ffecccdbb5,39bf9d552916,3,1001,1024,AER_SIMULATOR,IDEAL_SIMULATION,COBYLA,gamma_3_beta_3,opt_gamma_3_opt_beta_3,"{""100110000110110"": 7, ""000000000000000"": 1017}",100110000110110,"[""STR-001"", ""STR-002"", ""STR-003"", ""STR-004"", ""STR-005""]",1.6441,1.6441,1.75,0.0605,0.9395,True,0,1.0,0.006836,75,90,0.25,0.007,0.15000000000000002,0.06,0.003,7,105,45,15,VALID,NONE,6f21191a4bfd
EXP-PHASE-V-PUDUKKOTTAI-P3-S1002,pudukkottai,89ffecccdbb5,39bf9d552916,3,1002,1024,AER_SIMULATOR,IDEAL_SIMULATION,COBYLA,gamma_3_beta_3,opt_gamma_3_opt_beta_3,"{""100110000110110"": 7, ""000000000000000"": 1017}",100110000110110,"[""STR-001"", ""STR-002"", ""STR-003"", ""STR-004"", ""STR-005""]",1.6441,1.6441,1.75,0.0605,0.9395,True,0,1.0,0.006836,75,90,0.25,0.007,0.15000000000000002,0.06,0.003,7,105,45,15,VALID,NONE,992ba6bd8efe
EXP-PHASE-V-PUDUKKOTTAI-P3-S1003,pudukkottai,89ffecccdbb5,39bf9d552916,3,1003,1024,AER_SIMULATOR,IDEAL_SIMULATION,COBYLA,gamma_3_beta_3,opt_gamma_3_opt_beta_3,"{""100110000110110"": 7, ""000000000000000"": 1017}",100110000110110,"[""STR-001"", ""STR-002"", ""STR-003"", ""STR-004"", ""STR-005""]",1.6441,1.6441,1.75,0.0605,0.9395,True,0,1.0,0.006836,75,90,0.25,0.007,0.15000000000000002,0.06,0.003,7,105,45,15,VALID,NONE,268af9dc144d
EXP-PHASE-V-PUDUKKOTTAI-P3-S1004,pudukkottai,89ffecccdbb5,39bf9d552916,3,1004,1024,AER_SIMULATOR,IDEAL_SIMULATION,COBYLA,gamma_3_beta_3,opt_gamma_3_opt_beta_3,"{""100110000110110"": 7, ""000000000000000"": 1017}",100110000110110,"[""STR-001"", ""STR-002"", ""STR-003"", ""STR-004"", ""STR-005""]",1.6441,1.6441,1.75,0.0605,0.9395,True,0,1.0,0.006836,75,90,0.25,0.007,0.15000000000000002,0.06,0.003,7,105,45,15,VALID,NONE,9ec289ff0974
EXP-PHASE-V-PUDUKKOTTAI-P3-S1005,pudukkottai,89ffecccdbb5,39bf9d552916,3,1005,1024,AER_SIMULATOR,IDEAL_SIMULATION,COBYLA,gamma_3_beta_3,opt_gamma_3_opt_beta_3,"{""100110000110110"": 7, ""000000000000000"": 1017}",100110000110110,"[""STR-001"", ""STR-002"", ""STR-003"", ""STR-004"", ""STR-005""]",1.6441,1.6441,1.75,0.0605,0.9395,True,0,1.0,0.006836,75,90,0.25,0.007,0.15000000000000002,0.06,0.003,7,105,45,15,VALID,NONE,45fbb846b5ac
EXP-PHASE-V-PUDUKKOTTAI-P3-S1006,pudukkottai,89ffecccdbb5,39bf9d552916,3,1006,1024,AER_SIMULATOR,IDEAL_SIMULATION,COBYLA,gamma_3_beta_3,opt_gamma_3_opt_beta_3,"{""100110000110110"": 7, ""000000000000000"": 1017}",100110000110110,"[""STR-001"", ""STR-002"", ""STR-003"", ""STR-004"", ""STR-005""]",1.6441,1.6441,1.75,0.0605,0.9395,True,0,1.0,0.006836,75,90,0.25,0.007,0.15000000000000002,0.06,0.003,7,105,45,15,VALID,NONE,ad0ebf0d7883
EXP-PHASE-V-PUDUKKOTTAI-P3-S1007,pudukkottai,89ffecccdbb5,39bf9d552916,3,1007,1024,AER_SIMULATOR,IDEAL_SIMULATION,COBYLA,gamma_3_beta_3,opt_gamma_3_opt_beta_3,"{""100110000110110"": 7, ""000000000000000"": 1017}",100110000110110,"[""STR-001"", ""STR-002"", ""STR-003"", ""STR-004"", ""STR-005""]",1.6441,1.6441,1.75,0.0605,0.9395,True,0,1.0,0.006836,75,90,0.25,0.007,0.15000000000000002,0.06,0.003,7,105,45,15,VALID,NONE,64e3f828de0c
EXP-PHASE-V-PUDUKKOTTAI-P3-S1008,pudukkottai,89ffecccdbb5,39bf9d552916,3,1008,1024,AER_SIMULATOR,IDEAL_SIMULATION,COBYLA,gamma_3_beta_3,opt_gamma_3_opt_beta_3,"{""100110000110110"": 7, ""000000000000000"": 1017}",100110000110110,"[""STR-001"", ""STR-002"", ""STR-003"", ""STR-004"", ""STR-005""]",1.6441,1.6441,1.75,0.0605,0.9395,True,0,1.0,0.006836,75,90,0.25,0.007,0.15000000000000002,0.06,0.003,7,105,45,15,VALID,NONE,f0c3fb0196c4
EXP-PHASE-V-PUDUKKOTTAI-P3-S1009,pudukkottai,89ffecccdbb5,39bf9d552916,3,1009,1024,AER_SIMULATOR,IDEAL_SIMULATION,COBYLA,gamma_3_beta_3,opt_gamma_3_opt_beta_3,"{""100110000110110"": 7, ""000000000000000"": 1017}",100110000110110,"[""STR-001"", ""STR-002"", ""STR-003"", ""STR-004"", ""STR-005""]",1.6441,1.6441,1.75,0.0605,0.9395,True,0,1.0,0.006836,75,90,0.25,0.007,0.15000000000000002,0.06,0.003,7,105,45,15,VALID,NONE,8bff0fa5b321
EXP-PHASE-V-PUDUKKOTTAI-P4-S1000,pudukkottai,89ffecccdbb5,39bf9d552916,4,1000,1024,AER_SIMULATOR,IDEAL_SIMULATION,COBYLA,gamma_4_beta_4,opt_gamma_4_opt_beta_4,"{""100110000110110"": 7, ""000000000000000"": 1017}",100110000110110,"[""STR-001"", ""STR-002"", ""STR-003"", ""STR-004"", ""STR-005""]",1.6651,1.6651,1.75,0.0485,0.9515,True,0,1.0,0.006836,100,120,0.33,0.007,0.2,0.08,0.003,9,135,60,15,VALID,NONE,1913db7fef5e
EXP-PHASE-V-PUDUKKOTTAI-P4-S1001,pudukkottai,89ffecccdbb5,39bf9d552916,4,1001,1024,AER_SIMULATOR,IDEAL_SIMULATION,COBYLA,gamma_4_beta_4,opt_gamma_4_opt_beta_4,"{""100110000110110"": 7, ""000000000000000"": 1017}",100110000110110,"[""STR-001"", ""STR-002"", ""STR-003"", ""STR-004"", ""STR-005""]",1.6651,1.6651,1.75,0.0485,0.9515,True,0,1.0,0.006836,100,120,0.33,0.007,0.2,0.08,0.003,9,135,60,15,VALID,NONE,1bbd8c855a7c
EXP-PHASE-V-PUDUKKOTTAI-P4-S1002,pudukkottai,89ffecccdbb5,39bf9d552916,4,1002,1024,AER_SIMULATOR,IDEAL_SIMULATION,COBYLA,gamma_4_beta_4,opt_gamma_4_opt_beta_4,"{""100110000110110"": 7, ""000000000000000"": 1017}",100110000110110,"[""STR-001"", ""STR-002"", ""STR-003"", ""STR-004"", ""STR-005""]",1.6651,1.6651,1.75,0.0485,0.9515,True,0,1.0,0.006836,100,120,0.33,0.007,0.2,0.08,0.003,9,135,60,15,VALID,NONE,eb4fb760cced
EXP-PHASE-V-PUDUKKOTTAI-P4-S1003,pudukkottai,89ffecccdbb5,39bf9d552916,4,1003,1024,AER_SIMULATOR,IDEAL_SIMULATION,COBYLA,gamma_4_beta_4,opt_gamma_4_opt_beta_4,"{""100110000110110"": 7, ""000000000000000"": 1017}",100110000110110,"[""STR-001"", ""STR-002"", ""STR-003"", ""STR-004"", ""STR-005""]",1.6651,1.6651,1.75,0.0485,0.9515,True,0,1.0,0.006836,100,120,0.33,0.007,0.2,0.08,0.003,9,135,60,15,VALID,NONE,ff300207bfed
EXP-PHASE-V-PUDUKKOTTAI-P4-S1004,pudukkottai,89ffecccdbb5,39bf9d552916,4,1004,1024,AER_SIMULATOR,IDEAL_SIMULATION,COBYLA,gamma_4_beta_4,opt_gamma_4_opt_beta_4,"{""100110000110110"": 7, ""000000000000000"": 1017}",100110000110110,"[""STR-001"", ""STR-002"", ""STR-003"", ""STR-004"", ""STR-005""]",1.6651,1.6651,1.75,0.0485,0.9515,True,0,1.0,0.006836,100,120,0.33,0.007,0.2,0.08,0.003,9,135,60,15,VALID,NONE,ca15158d5c15
EXP-PHASE-V-PUDUKKOTTAI-P4-S1005,pudukkottai,89ffecccdbb5,39bf9d552916,4,1005,1024,AER_SIMULATOR,IDEAL_SIMULATION,COBYLA,gamma_4_beta_4,opt_gamma_4_opt_beta_4,"{""100110000110110"": 7, ""000000000000000"": 1017}",100110000110110,"[""STR-001"", ""STR-002"", ""STR-003"", ""STR-004"", ""STR-005""]",1.6651,1.6651,1.75,0.0485,0.9515,True,0,1.0,0.006836,100,120,0.33,0.007,0.2,0.08,0.003,9,135,60,15,VALID,NONE,5f40e52390a8
EXP-PHASE-V-PUDUKKOTTAI-P4-S1006,pudukkottai,89ffecccdbb5,39bf9d552916,4,1006,1024,AER_SIMULATOR,IDEAL_SIMULATION,COBYLA,gamma_4_beta_4,opt_gamma_4_opt_beta_4,"{""100110000110110"": 7, ""000000000000000"": 1017}",100110000110110,"[""STR-001"", ""STR-002"", ""STR-003"", ""STR-004"", ""STR-005""]",1.6651,1.6651,1.75,0.0485,0.9515,True,0,1.0,0.006836,100,120,0.33,0.007,0.2,0.08,0.003,9,135,60,15,VALID,NONE,2fd24456e982
EXP-PHASE-V-PUDUKKOTTAI-P4-S1007,pudukkottai,89ffecccdbb5,39bf9d552916,4,1007,1024,AER_SIMULATOR,IDEAL_SIMULATION,COBYLA,gamma_4_beta_4,opt_gamma_4_opt_beta_4,"{""100110000110110"": 7, ""000000000000000"": 1017}",100110000110110,"[""STR-001"", ""STR-002"", ""STR-003"", ""STR-004"", ""STR-005""]",1.6651,1.6651,1.75,0.0485,0.9515,True,0,1.0,0.006836,100,120,0.33,0.007,0.2,0.08,0.003,9,135,60,15,VALID,NONE,2b28792a7e86
EXP-PHASE-V-PUDUKKOTTAI-P4-S1008,pudukkottai,89ffecccdbb5,39bf9d552916,4,1008,1024,AER_SIMULATOR,IDEAL_SIMULATION,COBYLA,gamma_4_beta_4,opt_gamma_4_opt_beta_4,"{""100110000110110"": 7, ""000000000000000"": 1017}",100110000110110,"[""STR-001"", ""STR-002"", ""STR-003"", ""STR-004"", ""STR-005""]",1.6651,1.6651,1.75,0.0485,0.9515,True,0,1.0,0.006836,100,120,0.33,0.007,0.2,0.08,0.003,9,135,60,15,VALID,NONE,b2d40782f538
EXP-PHASE-V-PUDUKKOTTAI-P4-S1009,pudukkottai,89ffecccdbb5,39bf9d552916,4,1009,1024,AER_SIMULATOR,IDEAL_SIMULATION,COBYLA,gamma_4_beta_4,opt_gamma_4_opt_beta_4,"{""100110000110110"": 7, ""000000000000000"": 1017}",100110000110110,"[""STR-001"", ""STR-002"", ""STR-003"", ""STR-004"", ""STR-005""]",1.6651,1.6651,1.75,0.0485,0.9515,True,0,1.0,0.006836,100,120,0.33,0.007,0.2,0.08,0.003,9,135,60,15,VALID,NONE,6f32555cccdf
EXP-PHASE-V-PUDUKKOTTAI-P5-S1000,pudukkottai,89ffecccdbb5,39bf9d552916,5,1000,1024,AER_SIMULATOR,IDEAL_SIMULATION,COBYLA,gamma_5_beta_5,opt_gamma_5_opt_beta_5,"{""100110000110110"": 7, ""000000000000000"": 1017}",100110000110110,"[""STR-001"", ""STR-002"", ""STR-003"", ""STR-004"", ""STR-005""]",1.6861,1.6861,1.75,0.0365,0.9635,True,0,1.0,0.006836,125,150,0.41,0.007,0.25,0.1,0.003,11,165,75,15,VALID,NONE,1703b46045b9
EXP-PHASE-V-PUDUKKOTTAI-P5-S1001,pudukkottai,89ffecccdbb5,39bf9d552916,5,1001,1024,AER_SIMULATOR,IDEAL_SIMULATION,COBYLA,gamma_5_beta_5,opt_gamma_5_opt_beta_5,"{""100110000110110"": 7, ""000000000000000"": 1017}",100110000110110,"[""STR-001"", ""STR-002"", ""STR-003"", ""STR-004"", ""STR-005""]",1.6861,1.6861,1.75,0.0365,0.9635,True,0,1.0,0.006836,125,150,0.41,0.007,0.25,0.1,0.003,11,165,75,15,VALID,NONE,7fc262d37e43
EXP-PHASE-V-PUDUKKOTTAI-P5-S1002,pudukkottai,89ffecccdbb5,39bf9d552916,5,1002,1024,AER_SIMULATOR,IDEAL_SIMULATION,COBYLA,gamma_5_beta_5,opt_gamma_5_opt_beta_5,"{""100110000110110"": 7, ""000000000000000"": 1017}",100110000110110,"[""STR-001"", ""STR-002"", ""STR-003"", ""STR-004"", ""STR-005""]",1.6861,1.6861,1.75,0.0365,0.9635,True,0,1.0,0.006836,125,150,0.41,0.007,0.25,0.1,0.003,11,165,75,15,VALID,NONE,5a55a6632252
EXP-PHASE-V-PUDUKKOTTAI-P5-S1003,pudukkottai,89ffecccdbb5,39bf9d552916,5,1003,1024,AER_SIMULATOR,IDEAL_SIMULATION,COBYLA,gamma_5_beta_5,opt_gamma_5_opt_beta_5,"{""100110000110110"": 7, ""000000000000000"": 1017}",100110000110110,"[""STR-001"", ""STR-002"", ""STR-003"", ""STR-004"", ""STR-005""]",1.6861,1.6861,1.75,0.0365,0.9635,True,0,1.0,0.006836,125,150,0.41,0.007,0.25,0.1,0.003,11,165,75,15,VALID,NONE,79d8e5830f7a
EXP-PHASE-V-PUDUKKOTTAI-P5-S1004,pudukkottai,89ffecccdbb5,39bf9d552916,5,1004,1024,AER_SIMULATOR,IDEAL_SIMULATION,COBYLA,gamma_5_beta_5,opt_gamma_5_opt_beta_5,"{""100110000110110"": 7, ""000000000000000"": 1017}",100110000110110,"[""STR-001"", ""STR-002"", ""STR-003"", ""STR-004"", ""STR-005""]",1.6861,1.6861,1.75,0.0365,0.9635,True,0,1.0,0.006836,125,150,0.41,0.007,0.25,0.1,0.003,11,165,75,15,VALID,NONE,418939c0934c
EXP-PHASE-V-PUDUKKOTTAI-P5-S1005,pudukkottai,89ffecccdbb5,39bf9d552916,5,1005,1024,AER_SIMULATOR,IDEAL_SIMULATION,COBYLA,gamma_5_beta_5,opt_gamma_5_opt_beta_5,"{""100110000110110"": 7, ""000000000000000"": 1017}",100110000110110,"[""STR-001"", ""STR-002"", ""STR-003"", ""STR-004"", ""STR-005""]",1.6861,1.6861,1.75,0.0365,0.9635,True,0,1.0,0.006836,125,150,0.41,0.007,0.25,0.1,0.003,11,165,75,15,VALID,NONE,3baa5eb68978
EXP-PHASE-V-PUDUKKOTTAI-P5-S1006,pudukkottai,89ffecccdbb5,39bf9d552916,5,1006,1024,AER_SIMULATOR,IDEAL_SIMULATION,COBYLA,gamma_5_beta_5,opt_gamma_5_opt_beta_5,"{""100110000110110"": 7, ""000000000000000"": 1017}",100110000110110,"[""STR-001"", ""STR-002"", ""STR-003"", ""STR-004"", ""STR-005""]",1.6861,1.6861,1.75,0.0365,0.9635,True,0,1.0,0.006836,125,150,0.41,0.007,0.25,0.1,0.003,11,165,75,15,VALID,NONE,03393d2eb61c
EXP-PHASE-V-PUDUKKOTTAI-P5-S1007,pudukkottai,89ffecccdbb5,39bf9d552916,5,1007,1024,AER_SIMULATOR,IDEAL_SIMULATION,COBYLA,gamma_5_beta_5,opt_gamma_5_opt_beta_5,"{""100110000110110"": 7, ""000000000000000"": 1017}",100110000110110,"[""STR-001"", ""STR-002"", ""STR-003"", ""STR-004"", ""STR-005""]",1.6861,1.6861,1.75,0.0365,0.9635,True,0,1.0,0.006836,125,150,0.41,0.007,0.25,0.1,0.003,11,165,75,15,VALID,NONE,ac425ce8355a
EXP-PHASE-V-PUDUKKOTTAI-P5-S1008,pudukkottai,89ffecccdbb5,39bf9d552916,5,1008,1024,AER_SIMULATOR,IDEAL_SIMULATION,COBYLA,gamma_5_beta_5,opt_gamma_5_opt_beta_5,"{""100110000110110"": 7, ""000000000000000"": 1017}",100110000110110,"[""STR-001"", ""STR-002"", ""STR-003"", ""STR-004"", ""STR-005""]",1.6861,1.6861,1.75,0.0365,0.9635,True,0,1.0,0.006836,125,150,0.41,0.007,0.25,0.1,0.003,11,165,75,15,VALID,NONE,e73908367121
EXP-PHASE-V-PUDUKKOTTAI-P5-S1009,pudukkottai,89ffecccdbb5,39bf9d552916,5,1009,1024,AER_SIMULATOR,IDEAL_SIMULATION,COBYLA,gamma_5_beta_5,opt_gamma_5_opt_beta_5,"{""100110000110110"": 7, ""000000000000000"": 1017}",100110000110110,"[""STR-001"", ""STR-002"", ""STR-003"", ""STR-004"", ""STR-005""]",1.6861,1.6861,1.75,0.0365,0.9635,True,0,1.0,0.006836,125,150,0.41,0.007,0.25,0.1,0.003,11,165,75,15,VALID,NONE,d290e1d680a1
EXP-PHASE-V-RAMANATHAPURAM-P1-S1000,ramanathapuram,c5dd7fa0fc9f,e745019d39ec,1,1000,1024,AER_SIMULATOR,IDEAL_SIMULATION,COBYLA,gamma_1_beta_1,opt_gamma_1_opt_beta_1,"{""100110000110110"": 3, ""000000000000000"": 1017}",100110000110110,"[""STR-001"", ""STR-002"", ""STR-003"", ""STR-004"", ""STR-005""]",1.6021,1.6021,1.75,0.0845,0.9155,True,0,1.0,0.003906,25,30,0.09,0.007,0.05,0.02,0.003,3,45,15,15,VALID,NONE,1e7a4936ebaa
EXP-PHASE-V-RAMANATHAPURAM-P1-S1001,ramanathapuram,c5dd7fa0fc9f,e745019d39ec,1,1001,1024,AER_SIMULATOR,IDEAL_SIMULATION,COBYLA,gamma_1_beta_1,opt_gamma_1_opt_beta_1,"{""100110000110110"": 3, ""000000000000000"": 1017}",100110000110110,"[""STR-001"", ""STR-002"", ""STR-003"", ""STR-004"", ""STR-005""]",1.6021,1.6021,1.75,0.0845,0.9155,True,0,1.0,0.003906,25,30,0.09,0.007,0.05,0.02,0.003,3,45,15,15,VALID,NONE,8ff221c815cc
EXP-PHASE-V-RAMANATHAPURAM-P1-S1002,ramanathapuram,c5dd7fa0fc9f,e745019d39ec,1,1002,1024,AER_SIMULATOR,IDEAL_SIMULATION,COBYLA,gamma_1_beta_1,opt_gamma_1_opt_beta_1,"{""100110000110110"": 3, ""000000000000000"": 1017}",100110000110110,"[""STR-001"", ""STR-002"", ""STR-003"", ""STR-004"", ""STR-005""]",1.6021,1.6021,1.75,0.0845,0.9155,True,0,1.0,0.003906,25,30,0.09,0.007,0.05,0.02,0.003,3,45,15,15,VALID,NONE,9db592a81d23
EXP-PHASE-V-RAMANATHAPURAM-P1-S1003,ramanathapuram,c5dd7fa0fc9f,e745019d39ec,1,1003,1024,AER_SIMULATOR,IDEAL_SIMULATION,COBYLA,gamma_1_beta_1,opt_gamma_1_opt_beta_1,"{""100110000110110"": 3, ""000000000000000"": 1017}",100110000110110,"[""STR-001"", ""STR-002"", ""STR-003"", ""STR-004"", ""STR-005""]",1.6021,1.6021,1.75,0.0845,0.9155,True,0,1.0,0.003906,25,30,0.09,0.007,0.05,0.02,0.003,3,45,15,15,VALID,NONE,ca7858977777
EXP-PHASE-V-RAMANATHAPURAM-P1-S1004,ramanathapuram,c5dd7fa0fc9f,e745019d39ec,1,1004,1024,AER_SIMULATOR,IDEAL_SIMULATION,COBYLA,gamma_1_beta_1,opt_gamma_1_opt_beta_1,"{""100110000110110"": 3, ""000000000000000"": 1017}",100110000110110,"[""STR-001"", ""STR-002"", ""STR-003"", ""STR-004"", ""STR-005""]",1.6021,1.6021,1.75,0.0845,0.9155,True,0,1.0,0.003906,25,30,0.09,0.007,0.05,0.02,0.003,3,45,15,15,VALID,NONE,8c402c06d7c3
EXP-PHASE-V-RAMANATHAPURAM-P1-S1005,ramanathapuram,c5dd7fa0fc9f,e745019d39ec,1,1005,1024,AER_SIMULATOR,IDEAL_SIMULATION,COBYLA,gamma_1_beta_1,opt_gamma_1_opt_beta_1,"{""100110000110110"": 3, ""000000000000000"": 1017}",100110000110110,"[""STR-001"", ""STR-002"", ""STR-003"", ""STR-004"", ""STR-005""]",1.6021,1.6021,1.75,0.0845,0.9155,True,0,1.0,0.003906,25,30,0.09,0.007,0.05,0.02,0.003,3,45,15,15,VALID,NONE,a5ec690b70ba
EXP-PHASE-V-RAMANATHAPURAM-P1-S1006,ramanathapuram,c5dd7fa0fc9f,e745019d39ec,1,1006,1024,AER_SIMULATOR,IDEAL_SIMULATION,COBYLA,gamma_1_beta_1,opt_gamma_1_opt_beta_1,"{""100110000110110"": 3, ""000000000000000"": 1017}",100110000110110,"[""STR-001"", ""STR-002"", ""STR-003"", ""STR-004"", ""STR-005""]",1.6021,1.6021,1.75,0.0845,0.9155,True,0,1.0,0.003906,25,30,0.09,0.007,0.05,0.02,0.003,3,45,15,15,VALID,NONE,7cca5855a759
EXP-PHASE-V-RAMANATHAPURAM-P1-S1007,ramanathapuram,c5dd7fa0fc9f,e745019d39ec,1,1007,1024,AER_SIMULATOR,IDEAL_SIMULATION,COBYLA,gamma_1_beta_1,opt_gamma_1_opt_beta_1,"{""100110000110110"": 3, ""000000000000000"": 1017}",100110000110110,"[""STR-001"", ""STR-002"", ""STR-003"", ""STR-004"", ""STR-005""]",1.6021,1.6021,1.75,0.0845,0.9155,True,0,1.0,0.003906,25,30,0.09,0.007,0.05,0.02,0.003,3,45,15,15,VALID,NONE,914aec8b3898
EXP-PHASE-V-RAMANATHAPURAM-P1-S1008,ramanathapuram,c5dd7fa0fc9f,e745019d39ec,1,1008,1024,AER_SIMULATOR,IDEAL_SIMULATION,COBYLA,gamma_1_beta_1,opt_gamma_1_opt_beta_1,"{""100110000110110"": 3, ""000000000000000"": 1017}",100110000110110,"[""STR-001"", ""STR-002"", ""STR-003"", ""STR-004"", ""STR-005""]",1.6021,1.6021,1.75,0.0845,0.9155,True,0,1.0,0.003906,25,30,0.09,0.007,0.05,0.02,0.003,3,45,15,15,VALID,NONE,6b78e5a7f70d
EXP-PHASE-V-RAMANATHAPURAM-P1-S1009,ramanathapuram,c5dd7fa0fc9f,e745019d39ec,1,1009,1024,AER_SIMULATOR,IDEAL_SIMULATION,COBYLA,gamma_1_beta_1,opt_gamma_1_opt_beta_1,"{""100110000110110"": 3, ""000000000000000"": 1017}",100110000110110,"[""STR-001"", ""STR-002"", ""STR-003"", ""STR-004"", ""STR-005""]",1.6021,1.6021,1.75,0.0845,0.9155,True,0,1.0,0.003906,25,30,0.09,0.007,0.05,0.02,0.003,3,45,15,15,VALID,NONE,32a46d932ee9
EXP-PHASE-V-RAMANATHAPURAM-P2-S1000,ramanathapuram,c5dd7fa0fc9f,e745019d39ec,2,1000,1024,AER_SIMULATOR,IDEAL_SIMULATION,COBYLA,gamma_2_beta_2,opt_gamma_2_opt_beta_2,"{""100110000110110"": 7, ""000000000000000"": 1017}",100110000110110,"[""STR-001"", ""STR-002"", ""STR-003"", ""STR-004"", ""STR-005""]",1.62,1.62,1.75,0.0743,0.9257,True,0,1.0,0.006836,50,60,0.17,0.007,0.1,0.04,0.003,5,75,30,15,VALID,NONE,0e42001c3daf
EXP-PHASE-V-RAMANATHAPURAM-P2-S1001,ramanathapuram,c5dd7fa0fc9f,e745019d39ec,2,1001,1024,AER_SIMULATOR,IDEAL_SIMULATION,COBYLA,gamma_2_beta_2,opt_gamma_2_opt_beta_2,"{""100110000110110"": 7, ""000000000000000"": 1017}",100110000110110,"[""STR-001"", ""STR-002"", ""STR-003"", ""STR-004"", ""STR-005""]",1.5,1.5,1.75,0.1429,0.8571,True,0,1.0,0.0,50,60,0.17,0.007,0.1,0.04,0.003,5,75,30,15,VALID,NONE,c7a0316ea43a
EXP-PHASE-V-RAMANATHAPURAM-P2-S1002,ramanathapuram,c5dd7fa0fc9f,e745019d39ec,2,1002,1024,AER_SIMULATOR,IDEAL_SIMULATION,COBYLA,gamma_2_beta_2,opt_gamma_2_opt_beta_2,"{""100110000110110"": 7, ""000000000000000"": 1017}",100110000110110,"[""STR-001"", ""STR-002"", ""STR-003"", ""STR-004"", ""STR-005""]",1.62,1.62,1.75,0.0743,0.9257,True,0,1.0,0.006836,50,60,0.17,0.007,0.1,0.04,0.003,5,75,30,15,VALID,NONE,1a5f744c689b
EXP-PHASE-V-RAMANATHAPURAM-P2-S1003,ramanathapuram,c5dd7fa0fc9f,e745019d39ec,2,1003,1024,AER_SIMULATOR,IDEAL_SIMULATION,COBYLA,gamma_2_beta_2,opt_gamma_2_opt_beta_2,"{""100110000110110"": 7, ""000000000000000"": 1017}",100110000110110,"[""STR-001"", ""STR-002"", ""STR-003"", ""STR-004"", ""STR-005""]",1.5,1.5,1.75,0.1429,0.8571,True,0,1.0,0.0,50,60,0.17,0.007,0.1,0.04,0.003,5,75,30,15,VALID,NONE,7b39de7fa997
EXP-PHASE-V-RAMANATHAPURAM-P2-S1004,ramanathapuram,c5dd7fa0fc9f,e745019d39ec,2,1004,1024,AER_SIMULATOR,IDEAL_SIMULATION,COBYLA,gamma_2_beta_2,opt_gamma_2_opt_beta_2,"{""100110000110110"": 7, ""000000000000000"": 1017}",100110000110110,"[""STR-001"", ""STR-002"", ""STR-003"", ""STR-004"", ""STR-005""]",1.62,1.62,1.75,0.0743,0.9257,True,0,1.0,0.006836,50,60,0.17,0.007,0.1,0.04,0.003,5,75,30,15,VALID,NONE,b38119d3a6f7
EXP-PHASE-V-RAMANATHAPURAM-P2-S1005,ramanathapuram,c5dd7fa0fc9f,e745019d39ec,2,1005,1024,AER_SIMULATOR,IDEAL_SIMULATION,COBYLA,gamma_2_beta_2,opt_gamma_2_opt_beta_2,"{""100110000110110"": 7, ""000000000000000"": 1017}",100110000110110,"[""STR-001"", ""STR-002"", ""STR-003"", ""STR-004"", ""STR-005""]",1.6231,1.6231,1.75,0.0725,0.9275,True,0,1.0,0.006836,50,60,0.17,0.007,0.1,0.04,0.003,5,75,30,15,VALID,NONE,7e5a526f9e81
EXP-PHASE-V-RAMANATHAPURAM-P2-S1006,ramanathapuram,c5dd7fa0fc9f,e745019d39ec,2,1006,1024,AER_SIMULATOR,IDEAL_SIMULATION,COBYLA,gamma_2_beta_2,opt_gamma_2_opt_beta_2,"{""100110000110110"": 7, ""000000000000000"": 1017}",100110000110110,"[""STR-001"", ""STR-002"", ""STR-003"", ""STR-004"", ""STR-005""]",1.6231,1.6231,1.75,0.0725,0.9275,True,0,1.0,0.006836,50,60,0.17,0.007,0.1,0.04,0.003,5,75,30,15,VALID,NONE,5753943650b4
EXP-PHASE-V-RAMANATHAPURAM-P2-S1007,ramanathapuram,c5dd7fa0fc9f,e745019d39ec,2,1007,1024,AER_SIMULATOR,IDEAL_SIMULATION,COBYLA,gamma_2_beta_2,opt_gamma_2_opt_beta_2,"{""100110000110110"": 7, ""000000000000000"": 1017}",100110000110110,"[""STR-001"", ""STR-002"", ""STR-003"", ""STR-004"", ""STR-005""]",1.6231,1.6231,1.75,0.0725,0.9275,True,0,1.0,0.006836,50,60,0.17,0.007,0.1,0.04,0.003,5,75,30,15,VALID,NONE,96743fdd177b
EXP-PHASE-V-RAMANATHAPURAM-P2-S1008,ramanathapuram,c5dd7fa0fc9f,e745019d39ec,2,1008,1024,AER_SIMULATOR,IDEAL_SIMULATION,COBYLA,gamma_2_beta_2,opt_gamma_2_opt_beta_2,"{""100110000110110"": 7, ""000000000000000"": 1017}",100110000110110,"[""STR-001"", ""STR-002"", ""STR-003"", ""STR-004"", ""STR-005""]",1.6231,1.6231,1.75,0.0725,0.9275,True,0,1.0,0.006836,50,60,0.17,0.007,0.1,0.04,0.003,5,75,30,15,VALID,NONE,bda16b4efecb
EXP-PHASE-V-RAMANATHAPURAM-P2-S1009,ramanathapuram,c5dd7fa0fc9f,e745019d39ec,2,1009,1024,AER_SIMULATOR,IDEAL_SIMULATION,COBYLA,gamma_2_beta_2,opt_gamma_2_opt_beta_2,"{""100110000110110"": 7, ""000000000000000"": 1017}",100110000110110,"[""STR-001"", ""STR-002"", ""STR-003"", ""STR-004"", ""STR-005""]",1.6231,1.6231,1.75,0.0725,0.9275,True,0,1.0,0.006836,50,60,0.17,0.007,0.1,0.04,0.003,5,75,30,15,VALID,NONE,8202eb4fe0d6
EXP-PHASE-V-RAMANATHAPURAM-P3-S1000,ramanathapuram,c5dd7fa0fc9f,e745019d39ec,3,1000,1024,AER_SIMULATOR,IDEAL_SIMULATION,COBYLA,gamma_3_beta_3,opt_gamma_3_opt_beta_3,"{""100110000110110"": 7, ""000000000000000"": 1017}",100110000110110,"[""STR-001"", ""STR-002"", ""STR-003"", ""STR-004"", ""STR-005""]",1.6441,1.6441,1.75,0.0605,0.9395,True,0,1.0,0.006836,75,90,0.25,0.007,0.15000000000000002,0.06,0.003,7,105,45,15,VALID,NONE,00019bd4dbe8
EXP-PHASE-V-RAMANATHAPURAM-P3-S1001,ramanathapuram,c5dd7fa0fc9f,e745019d39ec,3,1001,1024,AER_SIMULATOR,IDEAL_SIMULATION,COBYLA,gamma_3_beta_3,opt_gamma_3_opt_beta_3,"{""100110000110110"": 7, ""000000000000000"": 1017}",100110000110110,"[""STR-001"", ""STR-002"", ""STR-003"", ""STR-004"", ""STR-005""]",1.6441,1.6441,1.75,0.0605,0.9395,True,0,1.0,0.006836,75,90,0.25,0.007,0.15000000000000002,0.06,0.003,7,105,45,15,VALID,NONE,69e9cfac937a
EXP-PHASE-V-RAMANATHAPURAM-P3-S1002,ramanathapuram,c5dd7fa0fc9f,e745019d39ec,3,1002,1024,AER_SIMULATOR,IDEAL_SIMULATION,COBYLA,gamma_3_beta_3,opt_gamma_3_opt_beta_3,"{""100110000110110"": 7, ""000000000000000"": 1017}",100110000110110,"[""STR-001"", ""STR-002"", ""STR-003"", ""STR-004"", ""STR-005""]",1.6441,1.6441,1.75,0.0605,0.9395,True,0,1.0,0.006836,75,90,0.25,0.007,0.15000000000000002,0.06,0.003,7,105,45,15,VALID,NONE,5b272ee2c45a
EXP-PHASE-V-RAMANATHAPURAM-P3-S1003,ramanathapuram,c5dd7fa0fc9f,e745019d39ec,3,1003,1024,AER_SIMULATOR,IDEAL_SIMULATION,COBYLA,gamma_3_beta_3,opt_gamma_3_opt_beta_3,"{""100110000110110"": 7, ""000000000000000"": 1017}",100110000110110,"[""STR-001"", ""STR-002"", ""STR-003"", ""STR-004"", ""STR-005""]",1.6441,1.6441,1.75,0.0605,0.9395,True,0,1.0,0.006836,75,90,0.25,0.007,0.15000000000000002,0.06,0.003,7,105,45,15,VALID,NONE,af79ef68d771
EXP-PHASE-V-RAMANATHAPURAM-P3-S1004,ramanathapuram,c5dd7fa0fc9f,e745019d39ec,3,1004,1024,AER_SIMULATOR,IDEAL_SIMULATION,COBYLA,gamma_3_beta_3,opt_gamma_3_opt_beta_3,"{""100110000110110"": 7, ""000000000000000"": 1017}",100110000110110,"[""STR-001"", ""STR-002"", ""STR-003"", ""STR-004"", ""STR-005""]",1.6441,1.6441,1.75,0.0605,0.9395,True,0,1.0,0.006836,75,90,0.25,0.007,0.15000000000000002,0.06,0.003,7,105,45,15,VALID,NONE,c6c81d670afc
EXP-PHASE-V-RAMANATHAPURAM-P3-S1005,ramanathapuram,c5dd7fa0fc9f,e745019d39ec,3,1005,1024,AER_SIMULATOR,IDEAL_SIMULATION,COBYLA,gamma_3_beta_3,opt_gamma_3_opt_beta_3,"{""100110000110110"": 7, ""000000000000000"": 1017}",100110000110110,"[""STR-001"", ""STR-002"", ""STR-003"", ""STR-004"", ""STR-005""]",1.6441,1.6441,1.75,0.0605,0.9395,True,0,1.0,0.006836,75,90,0.25,0.007,0.15000000000000002,0.06,0.003,7,105,45,15,VALID,NONE,782d7d4d4e89
EXP-PHASE-V-RAMANATHAPURAM-P3-S1006,ramanathapuram,c5dd7fa0fc9f,e745019d39ec,3,1006,1024,AER_SIMULATOR,IDEAL_SIMULATION,COBYLA,gamma_3_beta_3,opt_gamma_3_opt_beta_3,"{""100110000110110"": 7, ""000000000000000"": 1017}",100110000110110,"[""STR-001"", ""STR-002"", ""STR-003"", ""STR-004"", ""STR-005""]",1.6441,1.6441,1.75,0.0605,0.9395,True,0,1.0,0.006836,75,90,0.25,0.007,0.15000000000000002,0.06,0.003,7,105,45,15,VALID,NONE,18bf48cbb8d3
EXP-PHASE-V-RAMANATHAPURAM-P3-S1007,ramanathapuram,c5dd7fa0fc9f,e745019d39ec,3,1007,1024,AER_SIMULATOR,IDEAL_SIMULATION,COBYLA,gamma_3_beta_3,opt_gamma_3_opt_beta_3,"{""100110000110110"": 7, ""000000000000000"": 1017}",100110000110110,"[""STR-001"", ""STR-002"", ""STR-003"", ""STR-004"", ""STR-005""]",1.6441,1.6441,1.75,0.0605,0.9395,True,0,1.0,0.006836,75,90,0.25,0.007,0.15000000000000002,0.06,0.003,7,105,45,15,VALID,NONE,0dc5f8952dd8
EXP-PHASE-V-RAMANATHAPURAM-P3-S1008,ramanathapuram,c5dd7fa0fc9f,e745019d39ec,3,1008,1024,AER_SIMULATOR,IDEAL_SIMULATION,COBYLA,gamma_3_beta_3,opt_gamma_3_opt_beta_3,"{""100110000110110"": 7, ""000000000000000"": 1017}",100110000110110,"[""STR-001"", ""STR-002"", ""STR-003"", ""STR-004"", ""STR-005""]",1.6441,1.6441,1.75,0.0605,0.9395,True,0,1.0,0.006836,75,90,0.25,0.007,0.15000000000000002,0.06,0.003,7,105,45,15,VALID,NONE,e10769950030
EXP-PHASE-V-RAMANATHAPURAM-P3-S1009,ramanathapuram,c5dd7fa0fc9f,e745019d39ec,3,1009,1024,AER_SIMULATOR,IDEAL_SIMULATION,COBYLA,gamma_3_beta_3,opt_gamma_3_opt_beta_3,"{""100110000110110"": 7, ""000000000000000"": 1017}",100110000110110,"[""STR-001"", ""STR-002"", ""STR-003"", ""STR-004"", ""STR-005""]",1.6441,1.6441,1.75,0.0605,0.9395,True,0,1.0,0.006836,75,90,0.25,0.007,0.15000000000000002,0.06,0.003,7,105,45,15,VALID,NONE,0c12cacf129d
EXP-PHASE-V-RAMANATHAPURAM-P4-S1000,ramanathapuram,c5dd7fa0fc9f,e745019d39ec,4,1000,1024,AER_SIMULATOR,IDEAL_SIMULATION,COBYLA,gamma_4_beta_4,opt_gamma_4_opt_beta_4,"{""100110000110110"": 7, ""000000000000000"": 1017}",100110000110110,"[""STR-001"", ""STR-002"", ""STR-003"", ""STR-004"", ""STR-005""]",1.6651,1.6651,1.75,0.0485,0.9515,True,0,1.0,0.006836,100,120,0.33,0.007,0.2,0.08,0.003,9,135,60,15,VALID,NONE,13cf54ce9c23
EXP-PHASE-V-RAMANATHAPURAM-P4-S1001,ramanathapuram,c5dd7fa0fc9f,e745019d39ec,4,1001,1024,AER_SIMULATOR,IDEAL_SIMULATION,COBYLA,gamma_4_beta_4,opt_gamma_4_opt_beta_4,"{""100110000110110"": 7, ""000000000000000"": 1017}",100110000110110,"[""STR-001"", ""STR-002"", ""STR-003"", ""STR-004"", ""STR-005""]",1.6651,1.6651,1.75,0.0485,0.9515,True,0,1.0,0.006836,100,120,0.33,0.007,0.2,0.08,0.003,9,135,60,15,VALID,NONE,19abbc138234
EXP-PHASE-V-RAMANATHAPURAM-P4-S1002,ramanathapuram,c5dd7fa0fc9f,e745019d39ec,4,1002,1024,AER_SIMULATOR,IDEAL_SIMULATION,COBYLA,gamma_4_beta_4,opt_gamma_4_opt_beta_4,"{""100110000110110"": 7, ""000000000000000"": 1017}",100110000110110,"[""STR-001"", ""STR-002"", ""STR-003"", ""STR-004"", ""STR-005""]",1.6651,1.6651,1.75,0.0485,0.9515,True,0,1.0,0.006836,100,120,0.33,0.007,0.2,0.08,0.003,9,135,60,15,VALID,NONE,41456934efe7
EXP-PHASE-V-RAMANATHAPURAM-P4-S1003,ramanathapuram,c5dd7fa0fc9f,e745019d39ec,4,1003,1024,AER_SIMULATOR,IDEAL_SIMULATION,COBYLA,gamma_4_beta_4,opt_gamma_4_opt_beta_4,"{""100110000110110"": 7, ""000000000000000"": 1017}",100110000110110,"[""STR-001"", ""STR-002"", ""STR-003"", ""STR-004"", ""STR-005""]",1.6651,1.6651,1.75,0.0485,0.9515,True,0,1.0,0.006836,100,120,0.33,0.007,0.2,0.08,0.003,9,135,60,15,VALID,NONE,d02fa89f1562
EXP-PHASE-V-RAMANATHAPURAM-P4-S1004,ramanathapuram,c5dd7fa0fc9f,e745019d39ec,4,1004,1024,AER_SIMULATOR,IDEAL_SIMULATION,COBYLA,gamma_4_beta_4,opt_gamma_4_opt_beta_4,"{""100110000110110"": 7, ""000000000000000"": 1017}",100110000110110,"[""STR-001"", ""STR-002"", ""STR-003"", ""STR-004"", ""STR-005""]",1.6651,1.6651,1.75,0.0485,0.9515,True,0,1.0,0.006836,100,120,0.33,0.007,0.2,0.08,0.003,9,135,60,15,VALID,NONE,12ef7beac696
EXP-PHASE-V-RAMANATHAPURAM-P4-S1005,ramanathapuram,c5dd7fa0fc9f,e745019d39ec,4,1005,1024,AER_SIMULATOR,IDEAL_SIMULATION,COBYLA,gamma_4_beta_4,opt_gamma_4_opt_beta_4,"{""100110000110110"": 7, ""000000000000000"": 1017}",100110000110110,"[""STR-001"", ""STR-002"", ""STR-003"", ""STR-004"", ""STR-005""]",1.6651,1.6651,1.75,0.0485,0.9515,True,0,1.0,0.006836,100,120,0.33,0.007,0.2,0.08,0.003,9,135,60,15,VALID,NONE,2a62b8ad0772
EXP-PHASE-V-RAMANATHAPURAM-P4-S1006,ramanathapuram,c5dd7fa0fc9f,e745019d39ec,4,1006,1024,AER_SIMULATOR,IDEAL_SIMULATION,COBYLA,gamma_4_beta_4,opt_gamma_4_opt_beta_4,"{""100110000110110"": 7, ""000000000000000"": 1017}",100110000110110,"[""STR-001"", ""STR-002"", ""STR-003"", ""STR-004"", ""STR-005""]",1.6651,1.6651,1.75,0.0485,0.9515,True,0,1.0,0.006836,100,120,0.33,0.007,0.2,0.08,0.003,9,135,60,15,VALID,NONE,c1e364dc9fe9
EXP-PHASE-V-RAMANATHAPURAM-P4-S1007,ramanathapuram,c5dd7fa0fc9f,e745019d39ec,4,1007,1024,AER_SIMULATOR,IDEAL_SIMULATION,COBYLA,gamma_4_beta_4,opt_gamma_4_opt_beta_4,"{""100110000110110"": 7, ""000000000000000"": 1017}",100110000110110,"[""STR-001"", ""STR-002"", ""STR-003"", ""STR-004"", ""STR-005""]",1.6651,1.6651,1.75,0.0485,0.9515,True,0,1.0,0.006836,100,120,0.33,0.007,0.2,0.08,0.003,9,135,60,15,VALID,NONE,33279158ece9
EXP-PHASE-V-RAMANATHAPURAM-P4-S1008,ramanathapuram,c5dd7fa0fc9f,e745019d39ec,4,1008,1024,AER_SIMULATOR,IDEAL_SIMULATION,COBYLA,gamma_4_beta_4,opt_gamma_4_opt_beta_4,"{""100110000110110"": 7, ""000000000000000"": 1017}",100110000110110,"[""STR-001"", ""STR-002"", ""STR-003"", ""STR-004"", ""STR-005""]",1.6651,1.6651,1.75,0.0485,0.9515,True,0,1.0,0.006836,100,120,0.33,0.007,0.2,0.08,0.003,9,135,60,15,VALID,NONE,c548ef5a5746
EXP-PHASE-V-RAMANATHAPURAM-P4-S1009,ramanathapuram,c5dd7fa0fc9f,e745019d39ec,4,1009,1024,AER_SIMULATOR,IDEAL_SIMULATION,COBYLA,gamma_4_beta_4,opt_gamma_4_opt_beta_4,"{""100110000110110"": 7, ""000000000000000"": 1017}",100110000110110,"[""STR-001"", ""STR-002"", ""STR-003"", ""STR-004"", ""STR-005""]",1.6651,1.6651,1.75,0.0485,0.9515,True,0,1.0,0.006836,100,120,0.33,0.007,0.2,0.08,0.003,9,135,60,15,VALID,NONE,99d1663b667f
EXP-PHASE-V-RAMANATHAPURAM-P5-S1000,ramanathapuram,c5dd7fa0fc9f,e745019d39ec,5,1000,1024,AER_SIMULATOR,IDEAL_SIMULATION,COBYLA,gamma_5_beta_5,opt_gamma_5_opt_beta_5,"{""100110000110110"": 7, ""000000000000000"": 1017}",100110000110110,"[""STR-001"", ""STR-002"", ""STR-003"", ""STR-004"", ""STR-005""]",1.6861,1.6861,1.75,0.0365,0.9635,True,0,1.0,0.006836,125,150,0.41,0.007,0.25,0.1,0.003,11,165,75,15,VALID,NONE,8ee874056cbd
EXP-PHASE-V-RAMANATHAPURAM-P5-S1001,ramanathapuram,c5dd7fa0fc9f,e745019d39ec,5,1001,1024,AER_SIMULATOR,IDEAL_SIMULATION,COBYLA,gamma_5_beta_5,opt_gamma_5_opt_beta_5,"{""100110000110110"": 7, ""000000000000000"": 1017}",100110000110110,"[""STR-001"", ""STR-002"", ""STR-003"", ""STR-004"", ""STR-005""]",1.6861,1.6861,1.75,0.0365,0.9635,True,0,1.0,0.006836,125,150,0.41,0.007,0.25,0.1,0.003,11,165,75,15,VALID,NONE,5af57d671c35
EXP-PHASE-V-RAMANATHAPURAM-P5-S1002,ramanathapuram,c5dd7fa0fc9f,e745019d39ec,5,1002,1024,AER_SIMULATOR,IDEAL_SIMULATION,COBYLA,gamma_5_beta_5,opt_gamma_5_opt_beta_5,"{""100110000110110"": 7, ""000000000000000"": 1017}",100110000110110,"[""STR-001"", ""STR-002"", ""STR-003"", ""STR-004"", ""STR-005""]",1.6861,1.6861,1.75,0.0365,0.9635,True,0,1.0,0.006836,125,150,0.41,0.007,0.25,0.1,0.003,11,165,75,15,VALID,NONE,500c11d2f5ca
EXP-PHASE-V-RAMANATHAPURAM-P5-S1003,ramanathapuram,c5dd7fa0fc9f,e745019d39ec,5,1003,1024,AER_SIMULATOR,IDEAL_SIMULATION,COBYLA,gamma_5_beta_5,opt_gamma_5_opt_beta_5,"{""100110000110110"": 7, ""000000000000000"": 1017}",100110000110110,"[""STR-001"", ""STR-002"", ""STR-003"", ""STR-004"", ""STR-005""]",1.6861,1.6861,1.75,0.0365,0.9635,True,0,1.0,0.006836,125,150,0.41,0.007,0.25,0.1,0.003,11,165,75,15,VALID,NONE,bf9ada63aa17
EXP-PHASE-V-RAMANATHAPURAM-P5-S1004,ramanathapuram,c5dd7fa0fc9f,e745019d39ec,5,1004,1024,AER_SIMULATOR,IDEAL_SIMULATION,COBYLA,gamma_5_beta_5,opt_gamma_5_opt_beta_5,"{""100110000110110"": 7, ""000000000000000"": 1017}",100110000110110,"[""STR-001"", ""STR-002"", ""STR-003"", ""STR-004"", ""STR-005""]",1.6861,1.6861,1.75,0.0365,0.9635,True,0,1.0,0.006836,125,150,0.41,0.007,0.25,0.1,0.003,11,165,75,15,VALID,NONE,0f9d8714884d
EXP-PHASE-V-RAMANATHAPURAM-P5-S1005,ramanathapuram,c5dd7fa0fc9f,e745019d39ec,5,1005,1024,AER_SIMULATOR,IDEAL_SIMULATION,COBYLA,gamma_5_beta_5,opt_gamma_5_opt_beta_5,"{""100110000110110"": 7, ""000000000000000"": 1017}",100110000110110,"[""STR-001"", ""STR-002"", ""STR-003"", ""STR-004"", ""STR-005""]",1.6861,1.6861,1.75,0.0365,0.9635,True,0,1.0,0.006836,125,150,0.41,0.007,0.25,0.1,0.003,11,165,75,15,VALID,NONE,765ada22a765
EXP-PHASE-V-RAMANATHAPURAM-P5-S1006,ramanathapuram,c5dd7fa0fc9f,e745019d39ec,5,1006,1024,AER_SIMULATOR,IDEAL_SIMULATION,COBYLA,gamma_5_beta_5,opt_gamma_5_opt_beta_5,"{""100110000110110"": 7, ""000000000000000"": 1017}",100110000110110,"[""STR-001"", ""STR-002"", ""STR-003"", ""STR-004"", ""STR-005""]",1.6861,1.6861,1.75,0.0365,0.9635,True,0,1.0,0.006836,125,150,0.41,0.007,0.25,0.1,0.003,11,165,75,15,VALID,NONE,ae9db5c4560d
EXP-PHASE-V-RAMANATHAPURAM-P5-S1007,ramanathapuram,c5dd7fa0fc9f,e745019d39ec,5,1007,1024,AER_SIMULATOR,IDEAL_SIMULATION,COBYLA,gamma_5_beta_5,opt_gamma_5_opt_beta_5,"{""100110000110110"": 7, ""000000000000000"": 1017}",100110000110110,"[""STR-001"", ""STR-002"", ""STR-003"", ""STR-004"", ""STR-005""]",1.6861,1.6861,1.75,0.0365,0.9635,True,0,1.0,0.006836,125,150,0.41,0.007,0.25,0.1,0.003,11,165,75,15,VALID,NONE,26a395b14eb9
EXP-PHASE-V-RAMANATHAPURAM-P5-S1008,ramanathapuram,c5dd7fa0fc9f,e745019d39ec,5,1008,1024,AER_SIMULATOR,IDEAL_SIMULATION,COBYLA,gamma_5_beta_5,opt_gamma_5_opt_beta_5,"{""100110000110110"": 7, ""000000000000000"": 1017}",100110000110110,"[""STR-001"", ""STR-002"", ""STR-003"", ""STR-004"", ""STR-005""]",1.6861,1.6861,1.75,0.0365,0.9635,True,0,1.0,0.006836,125,150,0.41,0.007,0.25,0.1,0.003,11,165,75,15,VALID,NONE,0c7961478801
EXP-PHASE-V-RAMANATHAPURAM-P5-S1009,ramanathapuram,c5dd7fa0fc9f,e745019d39ec,5,1009,1024,AER_SIMULATOR,IDEAL_SIMULATION,COBYLA,gamma_5_beta_5,opt_gamma_5_opt_beta_5,"{""100110000110110"": 7, ""000000000000000"": 1017}",100110000110110,"[""STR-001"", ""STR-002"", ""STR-003"", ""STR-004"", ""STR-005""]",1.6861,1.6861,1.75,0.0365,0.9635,True,0,1.0,0.006836,125,150,0.41,0.007,0.25,0.1,0.003,11,165,75,15,VALID,NONE,88a0ee2d4075
EXP-PHASE-V-RANIPET-P1-S1000,ranipet,8fa7119a1fcb,a16133022054,1,1000,1024,AER_SIMULATOR,IDEAL_SIMULATION,COBYLA,gamma_1_beta_1,opt_gamma_1_opt_beta_1,"{""100110000110110"": 3, ""000000000000000"": 1017}",100110000110110,"[""STR-001"", ""STR-002"", ""STR-003"", ""STR-004"", ""STR-005""]",1.6021,1.6021,1.75,0.0845,0.9155,True,0,1.0,0.003906,25,30,0.09,0.007,0.05,0.02,0.003,3,45,15,15,VALID,NONE,a150f30deea9
EXP-PHASE-V-RANIPET-P1-S1001,ranipet,8fa7119a1fcb,a16133022054,1,1001,1024,AER_SIMULATOR,IDEAL_SIMULATION,COBYLA,gamma_1_beta_1,opt_gamma_1_opt_beta_1,"{""100110000110110"": 3, ""000000000000000"": 1017}",100110000110110,"[""STR-001"", ""STR-002"", ""STR-003"", ""STR-004"", ""STR-005""]",1.6021,1.6021,1.75,0.0845,0.9155,True,0,1.0,0.003906,25,30,0.09,0.007,0.05,0.02,0.003,3,45,15,15,VALID,NONE,b2d4a348cd42
EXP-PHASE-V-RANIPET-P1-S1002,ranipet,8fa7119a1fcb,a16133022054,1,1002,1024,AER_SIMULATOR,IDEAL_SIMULATION,COBYLA,gamma_1_beta_1,opt_gamma_1_opt_beta_1,"{""100110000110110"": 3, ""000000000000000"": 1017}",100110000110110,"[""STR-001"", ""STR-002"", ""STR-003"", ""STR-004"", ""STR-005""]",1.6021,1.6021,1.75,0.0845,0.9155,True,0,1.0,0.003906,25,30,0.09,0.007,0.05,0.02,0.003,3,45,15,15,VALID,NONE,b199a4afe3f1
EXP-PHASE-V-RANIPET-P1-S1003,ranipet,8fa7119a1fcb,a16133022054,1,1003,1024,AER_SIMULATOR,IDEAL_SIMULATION,COBYLA,gamma_1_beta_1,opt_gamma_1_opt_beta_1,"{""100110000110110"": 3, ""000000000000000"": 1017}",100110000110110,"[""STR-001"", ""STR-002"", ""STR-003"", ""STR-004"", ""STR-005""]",1.6021,1.6021,1.75,0.0845,0.9155,True,0,1.0,0.003906,25,30,0.09,0.007,0.05,0.02,0.003,3,45,15,15,VALID,NONE,45313c75c750
EXP-PHASE-V-RANIPET-P1-S1004,ranipet,8fa7119a1fcb,a16133022054,1,1004,1024,AER_SIMULATOR,IDEAL_SIMULATION,COBYLA,gamma_1_beta_1,opt_gamma_1_opt_beta_1,"{""100110000110110"": 3, ""000000000000000"": 1017}",100110000110110,"[""STR-001"", ""STR-002"", ""STR-003"", ""STR-004"", ""STR-005""]",1.6021,1.6021,1.75,0.0845,0.9155,True,0,1.0,0.003906,25,30,0.09,0.007,0.05,0.02,0.003,3,45,15,15,VALID,NONE,07208a88f92b
EXP-PHASE-V-RANIPET-P1-S1005,ranipet,8fa7119a1fcb,a16133022054,1,1005,1024,AER_SIMULATOR,IDEAL_SIMULATION,COBYLA,gamma_1_beta_1,opt_gamma_1_opt_beta_1,"{""100110000110110"": 3, ""000000000000000"": 1017}",100110000110110,"[""STR-001"", ""STR-002"", ""STR-003"", ""STR-004"", ""STR-005""]",1.6021,1.6021,1.75,0.0845,0.9155,True,0,1.0,0.003906,25,30,0.09,0.007,0.05,0.02,0.003,3,45,15,15,VALID,NONE,4c57fb8d1d8c
EXP-PHASE-V-RANIPET-P1-S1006,ranipet,8fa7119a1fcb,a16133022054,1,1006,1024,AER_SIMULATOR,IDEAL_SIMULATION,COBYLA,gamma_1_beta_1,opt_gamma_1_opt_beta_1,"{""100110000110110"": 3, ""000000000000000"": 1017}",100110000110110,"[""STR-001"", ""STR-002"", ""STR-003"", ""STR-004"", ""STR-005""]",1.6021,1.6021,1.75,0.0845,0.9155,True,0,1.0,0.003906,25,30,0.09,0.007,0.05,0.02,0.003,3,45,15,15,VALID,NONE,cf311da01d71
EXP-PHASE-V-RANIPET-P1-S1007,ranipet,8fa7119a1fcb,a16133022054,1,1007,1024,AER_SIMULATOR,IDEAL_SIMULATION,COBYLA,gamma_1_beta_1,opt_gamma_1_opt_beta_1,"{""100110000110110"": 3, ""000000000000000"": 1017}",100110000110110,"[""STR-001"", ""STR-002"", ""STR-003"", ""STR-004"", ""STR-005""]",1.6021,1.6021,1.75,0.0845,0.9155,True,0,1.0,0.003906,25,30,0.09,0.007,0.05,0.02,0.003,3,45,15,15,VALID,NONE,b214335f3da8
EXP-PHASE-V-RANIPET-P1-S1008,ranipet,8fa7119a1fcb,a16133022054,1,1008,1024,AER_SIMULATOR,IDEAL_SIMULATION,COBYLA,gamma_1_beta_1,opt_gamma_1_opt_beta_1,"{""100110000110110"": 3, ""000000000000000"": 1017}",100110000110110,"[""STR-001"", ""STR-002"", ""STR-003"", ""STR-004"", ""STR-005""]",1.6021,1.6021,1.75,0.0845,0.9155,True,0,1.0,0.003906,25,30,0.09,0.007,0.05,0.02,0.003,3,45,15,15,VALID,NONE,c373ef998873
EXP-PHASE-V-RANIPET-P1-S1009,ranipet,8fa7119a1fcb,a16133022054,1,1009,1024,AER_SIMULATOR,IDEAL_SIMULATION,COBYLA,gamma_1_beta_1,opt_gamma_1_opt_beta_1,"{""100110000110110"": 3, ""000000000000000"": 1017}",100110000110110,"[""STR-001"", ""STR-002"", ""STR-003"", ""STR-004"", ""STR-005""]",1.6021,1.6021,1.75,0.0845,0.9155,True,0,1.0,0.003906,25,30,0.09,0.007,0.05,0.02,0.003,3,45,15,15,VALID,NONE,6422938f9a78
EXP-PHASE-V-RANIPET-P2-S1000,ranipet,8fa7119a1fcb,a16133022054,2,1000,1024,AER_SIMULATOR,IDEAL_SIMULATION,COBYLA,gamma_2_beta_2,opt_gamma_2_opt_beta_2,"{""100110000110110"": 7, ""000000000000000"": 1017}",100110000110110,"[""STR-001"", ""STR-002"", ""STR-003"", ""STR-004"", ""STR-005""]",1.62,1.62,1.75,0.0743,0.9257,True,0,1.0,0.006836,50,60,0.17,0.007,0.1,0.04,0.003,5,75,30,15,VALID,NONE,980ba8b406ad
EXP-PHASE-V-RANIPET-P2-S1001,ranipet,8fa7119a1fcb,a16133022054,2,1001,1024,AER_SIMULATOR,IDEAL_SIMULATION,COBYLA,gamma_2_beta_2,opt_gamma_2_opt_beta_2,"{""100110000110110"": 7, ""000000000000000"": 1017}",100110000110110,"[""STR-001"", ""STR-002"", ""STR-003"", ""STR-004"", ""STR-005""]",1.5,1.5,1.75,0.1429,0.8571,True,0,1.0,0.0,50,60,0.17,0.007,0.1,0.04,0.003,5,75,30,15,VALID,NONE,9dd5fbb3fe13
EXP-PHASE-V-RANIPET-P2-S1002,ranipet,8fa7119a1fcb,a16133022054,2,1002,1024,AER_SIMULATOR,IDEAL_SIMULATION,COBYLA,gamma_2_beta_2,opt_gamma_2_opt_beta_2,"{""100110000110110"": 7, ""000000000000000"": 1017}",100110000110110,"[""STR-001"", ""STR-002"", ""STR-003"", ""STR-004"", ""STR-005""]",1.62,1.62,1.75,0.0743,0.9257,True,0,1.0,0.006836,50,60,0.17,0.007,0.1,0.04,0.003,5,75,30,15,VALID,NONE,db43c079fa85
EXP-PHASE-V-RANIPET-P2-S1003,ranipet,8fa7119a1fcb,a16133022054,2,1003,1024,AER_SIMULATOR,IDEAL_SIMULATION,COBYLA,gamma_2_beta_2,opt_gamma_2_opt_beta_2,"{""100110000110110"": 7, ""000000000000000"": 1017}",100110000110110,"[""STR-001"", ""STR-002"", ""STR-003"", ""STR-004"", ""STR-005""]",1.5,1.5,1.75,0.1429,0.8571,True,0,1.0,0.0,50,60,0.17,0.007,0.1,0.04,0.003,5,75,30,15,VALID,NONE,c8ecea494352
EXP-PHASE-V-RANIPET-P2-S1004,ranipet,8fa7119a1fcb,a16133022054,2,1004,1024,AER_SIMULATOR,IDEAL_SIMULATION,COBYLA,gamma_2_beta_2,opt_gamma_2_opt_beta_2,"{""100110000110110"": 7, ""000000000000000"": 1017}",100110000110110,"[""STR-001"", ""STR-002"", ""STR-003"", ""STR-004"", ""STR-005""]",1.62,1.62,1.75,0.0743,0.9257,True,0,1.0,0.006836,50,60,0.17,0.007,0.1,0.04,0.003,5,75,30,15,VALID,NONE,efc93ae40fad
EXP-PHASE-V-RANIPET-P2-S1005,ranipet,8fa7119a1fcb,a16133022054,2,1005,1024,AER_SIMULATOR,IDEAL_SIMULATION,COBYLA,gamma_2_beta_2,opt_gamma_2_opt_beta_2,"{""100110000110110"": 7, ""000000000000000"": 1017}",100110000110110,"[""STR-001"", ""STR-002"", ""STR-003"", ""STR-004"", ""STR-005""]",1.6231,1.6231,1.75,0.0725,0.9275,True,0,1.0,0.006836,50,60,0.17,0.007,0.1,0.04,0.003,5,75,30,15,VALID,NONE,786efa04693a
EXP-PHASE-V-RANIPET-P2-S1006,ranipet,8fa7119a1fcb,a16133022054,2,1006,1024,AER_SIMULATOR,IDEAL_SIMULATION,COBYLA,gamma_2_beta_2,opt_gamma_2_opt_beta_2,"{""100110000110110"": 7, ""000000000000000"": 1017}",100110000110110,"[""STR-001"", ""STR-002"", ""STR-003"", ""STR-004"", ""STR-005""]",1.6231,1.6231,1.75,0.0725,0.9275,True,0,1.0,0.006836,50,60,0.17,0.007,0.1,0.04,0.003,5,75,30,15,VALID,NONE,6953018d0060
EXP-PHASE-V-RANIPET-P2-S1007,ranipet,8fa7119a1fcb,a16133022054,2,1007,1024,AER_SIMULATOR,IDEAL_SIMULATION,COBYLA,gamma_2_beta_2,opt_gamma_2_opt_beta_2,"{""100110000110110"": 7, ""000000000000000"": 1017}",100110000110110,"[""STR-001"", ""STR-002"", ""STR-003"", ""STR-004"", ""STR-005""]",1.6231,1.6231,1.75,0.0725,0.9275,True,0,1.0,0.006836,50,60,0.17,0.007,0.1,0.04,0.003,5,75,30,15,VALID,NONE,672b59dede41
EXP-PHASE-V-RANIPET-P2-S1008,ranipet,8fa7119a1fcb,a16133022054,2,1008,1024,AER_SIMULATOR,IDEAL_SIMULATION,COBYLA,gamma_2_beta_2,opt_gamma_2_opt_beta_2,"{""100110000110110"": 7, ""000000000000000"": 1017}",100110000110110,"[""STR-001"", ""STR-002"", ""STR-003"", ""STR-004"", ""STR-005""]",1.6231,1.6231,1.75,0.0725,0.9275,True,0,1.0,0.006836,50,60,0.17,0.007,0.1,0.04,0.003,5,75,30,15,VALID,NONE,2b455bedfca1
EXP-PHASE-V-RANIPET-P2-S1009,ranipet,8fa7119a1fcb,a16133022054,2,1009,1024,AER_SIMULATOR,IDEAL_SIMULATION,COBYLA,gamma_2_beta_2,opt_gamma_2_opt_beta_2,"{""100110000110110"": 7, ""000000000000000"": 1017}",100110000110110,"[""STR-001"", ""STR-002"", ""STR-003"", ""STR-004"", ""STR-005""]",1.6231,1.6231,1.75,0.0725,0.9275,True,0,1.0,0.006836,50,60,0.17,0.007,0.1,0.04,0.003,5,75,30,15,VALID,NONE,82815c438038
EXP-PHASE-V-RANIPET-P3-S1000,ranipet,8fa7119a1fcb,a16133022054,3,1000,1024,AER_SIMULATOR,IDEAL_SIMULATION,COBYLA,gamma_3_beta_3,opt_gamma_3_opt_beta_3,"{""100110000110110"": 7, ""000000000000000"": 1017}",100110000110110,"[""STR-001"", ""STR-002"", ""STR-003"", ""STR-004"", ""STR-005""]",1.6441,1.6441,1.75,0.0605,0.9395,True,0,1.0,0.006836,75,90,0.25,0.007,0.15000000000000002,0.06,0.003,7,105,45,15,VALID,NONE,1cd246ec2102
EXP-PHASE-V-RANIPET-P3-S1001,ranipet,8fa7119a1fcb,a16133022054,3,1001,1024,AER_SIMULATOR,IDEAL_SIMULATION,COBYLA,gamma_3_beta_3,opt_gamma_3_opt_beta_3,"{""100110000110110"": 7, ""000000000000000"": 1017}",100110000110110,"[""STR-001"", ""STR-002"", ""STR-003"", ""STR-004"", ""STR-005""]",1.6441,1.6441,1.75,0.0605,0.9395,True,0,1.0,0.006836,75,90,0.25,0.007,0.15000000000000002,0.06,0.003,7,105,45,15,VALID,NONE,90b4e92bf901
EXP-PHASE-V-RANIPET-P3-S1002,ranipet,8fa7119a1fcb,a16133022054,3,1002,1024,AER_SIMULATOR,IDEAL_SIMULATION,COBYLA,gamma_3_beta_3,opt_gamma_3_opt_beta_3,"{""100110000110110"": 7, ""000000000000000"": 1017}",100110000110110,"[""STR-001"", ""STR-002"", ""STR-003"", ""STR-004"", ""STR-005""]",1.6441,1.6441,1.75,0.0605,0.9395,True,0,1.0,0.006836,75,90,0.25,0.007,0.15000000000000002,0.06,0.003,7,105,45,15,VALID,NONE,cf9f7eb181c6
EXP-PHASE-V-RANIPET-P3-S1003,ranipet,8fa7119a1fcb,a16133022054,3,1003,1024,AER_SIMULATOR,IDEAL_SIMULATION,COBYLA,gamma_3_beta_3,opt_gamma_3_opt_beta_3,"{""100110000110110"": 7, ""000000000000000"": 1017}",100110000110110,"[""STR-001"", ""STR-002"", ""STR-003"", ""STR-004"", ""STR-005""]",1.6441,1.6441,1.75,0.0605,0.9395,True,0,1.0,0.006836,75,90,0.25,0.007,0.15000000000000002,0.06,0.003,7,105,45,15,VALID,NONE,f89a48b493e0
EXP-PHASE-V-RANIPET-P3-S1004,ranipet,8fa7119a1fcb,a16133022054,3,1004,1024,AER_SIMULATOR,IDEAL_SIMULATION,COBYLA,gamma_3_beta_3,opt_gamma_3_opt_beta_3,"{""100110000110110"": 7, ""000000000000000"": 1017}",100110000110110,"[""STR-001"", ""STR-002"", ""STR-003"", ""STR-004"", ""STR-005""]",1.6441,1.6441,1.75,0.0605,0.9395,True,0,1.0,0.006836,75,90,0.25,0.007,0.15000000000000002,0.06,0.003,7,105,45,15,VALID,NONE,9fd1f8295375
EXP-PHASE-V-RANIPET-P3-S1005,ranipet,8fa7119a1fcb,a16133022054,3,1005,1024,AER_SIMULATOR,IDEAL_SIMULATION,COBYLA,gamma_3_beta_3,opt_gamma_3_opt_beta_3,"{""100110000110110"": 7, ""000000000000000"": 1017}",100110000110110,"[""STR-001"", ""STR-002"", ""STR-003"", ""STR-004"", ""STR-005""]",1.6441,1.6441,1.75,0.0605,0.9395,True,0,1.0,0.006836,75,90,0.25,0.007,0.15000000000000002,0.06,0.003,7,105,45,15,VALID,NONE,98e8315f6484
EXP-PHASE-V-RANIPET-P3-S1006,ranipet,8fa7119a1fcb,a16133022054,3,1006,1024,AER_SIMULATOR,IDEAL_SIMULATION,COBYLA,gamma_3_beta_3,opt_gamma_3_opt_beta_3,"{""100110000110110"": 7, ""000000000000000"": 1017}",100110000110110,"[""STR-001"", ""STR-002"", ""STR-003"", ""STR-004"", ""STR-005""]",1.6441,1.6441,1.75,0.0605,0.9395,True,0,1.0,0.006836,75,90,0.25,0.007,0.15000000000000002,0.06,0.003,7,105,45,15,VALID,NONE,a1b906fcd37d
EXP-PHASE-V-RANIPET-P3-S1007,ranipet,8fa7119a1fcb,a16133022054,3,1007,1024,AER_SIMULATOR,IDEAL_SIMULATION,COBYLA,gamma_3_beta_3,opt_gamma_3_opt_beta_3,"{""100110000110110"": 7, ""000000000000000"": 1017}",100110000110110,"[""STR-001"", ""STR-002"", ""STR-003"", ""STR-004"", ""STR-005""]",1.6441,1.6441,1.75,0.0605,0.9395,True,0,1.0,0.006836,75,90,0.25,0.007,0.15000000000000002,0.06,0.003,7,105,45,15,VALID,NONE,444a8b75ff9f
EXP-PHASE-V-RANIPET-P3-S1008,ranipet,8fa7119a1fcb,a16133022054,3,1008,1024,AER_SIMULATOR,IDEAL_SIMULATION,COBYLA,gamma_3_beta_3,opt_gamma_3_opt_beta_3,"{""100110000110110"": 7, ""000000000000000"": 1017}",100110000110110,"[""STR-001"", ""STR-002"", ""STR-003"", ""STR-004"", ""STR-005""]",1.6441,1.6441,1.75,0.0605,0.9395,True,0,1.0,0.006836,75,90,0.25,0.007,0.15000000000000002,0.06,0.003,7,105,45,15,VALID,NONE,80b967af0315
EXP-PHASE-V-RANIPET-P3-S1009,ranipet,8fa7119a1fcb,a16133022054,3,1009,1024,AER_SIMULATOR,IDEAL_SIMULATION,COBYLA,gamma_3_beta_3,opt_gamma_3_opt_beta_3,"{""100110000110110"": 7, ""000000000000000"": 1017}",100110000110110,"[""STR-001"", ""STR-002"", ""STR-003"", ""STR-004"", ""STR-005""]",1.6441,1.6441,1.75,0.0605,0.9395,True,0,1.0,0.006836,75,90,0.25,0.007,0.15000000000000002,0.06,0.003,7,105,45,15,VALID,NONE,0d710878f916
EXP-PHASE-V-RANIPET-P4-S1000,ranipet,8fa7119a1fcb,a16133022054,4,1000,1024,AER_SIMULATOR,IDEAL_SIMULATION,COBYLA,gamma_4_beta_4,opt_gamma_4_opt_beta_4,"{""100110000110110"": 7, ""000000000000000"": 1017}",100110000110110,"[""STR-001"", ""STR-002"", ""STR-003"", ""STR-004"", ""STR-005""]",1.6651,1.6651,1.75,0.0485,0.9515,True,0,1.0,0.006836,100,120,0.33,0.007,0.2,0.08,0.003,9,135,60,15,VALID,NONE,78d23b6fc619
EXP-PHASE-V-RANIPET-P4-S1001,ranipet,8fa7119a1fcb,a16133022054,4,1001,1024,AER_SIMULATOR,IDEAL_SIMULATION,COBYLA,gamma_4_beta_4,opt_gamma_4_opt_beta_4,"{""100110000110110"": 7, ""000000000000000"": 1017}",100110000110110,"[""STR-001"", ""STR-002"", ""STR-003"", ""STR-004"", ""STR-005""]",1.6651,1.6651,1.75,0.0485,0.9515,True,0,1.0,0.006836,100,120,0.33,0.007,0.2,0.08,0.003,9,135,60,15,VALID,NONE,848f6fec963c
EXP-PHASE-V-RANIPET-P4-S1002,ranipet,8fa7119a1fcb,a16133022054,4,1002,1024,AER_SIMULATOR,IDEAL_SIMULATION,COBYLA,gamma_4_beta_4,opt_gamma_4_opt_beta_4,"{""100110000110110"": 7, ""000000000000000"": 1017}",100110000110110,"[""STR-001"", ""STR-002"", ""STR-003"", ""STR-004"", ""STR-005""]",1.6651,1.6651,1.75,0.0485,0.9515,True,0,1.0,0.006836,100,120,0.33,0.007,0.2,0.08,0.003,9,135,60,15,VALID,NONE,ff329efec60b
EXP-PHASE-V-RANIPET-P4-S1003,ranipet,8fa7119a1fcb,a16133022054,4,1003,1024,AER_SIMULATOR,IDEAL_SIMULATION,COBYLA,gamma_4_beta_4,opt_gamma_4_opt_beta_4,"{""100110000110110"": 7, ""000000000000000"": 1017}",100110000110110,"[""STR-001"", ""STR-002"", ""STR-003"", ""STR-004"", ""STR-005""]",1.6651,1.6651,1.75,0.0485,0.9515,True,0,1.0,0.006836,100,120,0.33,0.007,0.2,0.08,0.003,9,135,60,15,VALID,NONE,829c3c8322e7
EXP-PHASE-V-RANIPET-P4-S1004,ranipet,8fa7119a1fcb,a16133022054,4,1004,1024,AER_SIMULATOR,IDEAL_SIMULATION,COBYLA,gamma_4_beta_4,opt_gamma_4_opt_beta_4,"{""100110000110110"": 7, ""000000000000000"": 1017}",100110000110110,"[""STR-001"", ""STR-002"", ""STR-003"", ""STR-004"", ""STR-005""]",1.6651,1.6651,1.75,0.0485,0.9515,True,0,1.0,0.006836,100,120,0.33,0.007,0.2,0.08,0.003,9,135,60,15,VALID,NONE,df1b5a163a80
EXP-PHASE-V-RANIPET-P4-S1005,ranipet,8fa7119a1fcb,a16133022054,4,1005,1024,AER_SIMULATOR,IDEAL_SIMULATION,COBYLA,gamma_4_beta_4,opt_gamma_4_opt_beta_4,"{""100110000110110"": 7, ""000000000000000"": 1017}",100110000110110,"[""STR-001"", ""STR-002"", ""STR-003"", ""STR-004"", ""STR-005""]",1.6651,1.6651,1.75,0.0485,0.9515,True,0,1.0,0.006836,100,120,0.33,0.007,0.2,0.08,0.003,9,135,60,15,VALID,NONE,0b6ae5648b8a
EXP-PHASE-V-RANIPET-P4-S1006,ranipet,8fa7119a1fcb,a16133022054,4,1006,1024,AER_SIMULATOR,IDEAL_SIMULATION,COBYLA,gamma_4_beta_4,opt_gamma_4_opt_beta_4,"{""100110000110110"": 7, ""000000000000000"": 1017}",100110000110110,"[""STR-001"", ""STR-002"", ""STR-003"", ""STR-004"", ""STR-005""]",1.6651,1.6651,1.75,0.0485,0.9515,True,0,1.0,0.006836,100,120,0.33,0.007,0.2,0.08,0.003,9,135,60,15,VALID,NONE,df9858f30f72
EXP-PHASE-V-RANIPET-P4-S1007,ranipet,8fa7119a1fcb,a16133022054,4,1007,1024,AER_SIMULATOR,IDEAL_SIMULATION,COBYLA,gamma_4_beta_4,opt_gamma_4_opt_beta_4,"{""100110000110110"": 7, ""000000000000000"": 1017}",100110000110110,"[""STR-001"", ""STR-002"", ""STR-003"", ""STR-004"", ""STR-005""]",1.6651,1.6651,1.75,0.0485,0.9515,True,0,1.0,0.006836,100,120,0.33,0.007,0.2,0.08,0.003,9,135,60,15,VALID,NONE,203f0a24915c
EXP-PHASE-V-RANIPET-P4-S1008,ranipet,8fa7119a1fcb,a16133022054,4,1008,1024,AER_SIMULATOR,IDEAL_SIMULATION,COBYLA,gamma_4_beta_4,opt_gamma_4_opt_beta_4,"{""100110000110110"": 7, ""000000000000000"": 1017}",100110000110110,"[""STR-001"", ""STR-002"", ""STR-003"", ""STR-004"", ""STR-005""]",1.6651,1.6651,1.75,0.0485,0.9515,True,0,1.0,0.006836,100,120,0.33,0.007,0.2,0.08,0.003,9,135,60,15,VALID,NONE,18eb567b5926
EXP-PHASE-V-RANIPET-P4-S1009,ranipet,8fa7119a1fcb,a16133022054,4,1009,1024,AER_SIMULATOR,IDEAL_SIMULATION,COBYLA,gamma_4_beta_4,opt_gamma_4_opt_beta_4,"{""100110000110110"": 7, ""000000000000000"": 1017}",100110000110110,"[""STR-001"", ""STR-002"", ""STR-003"", ""STR-004"", ""STR-005""]",1.6651,1.6651,1.75,0.0485,0.9515,True,0,1.0,0.006836,100,120,0.33,0.007,0.2,0.08,0.003,9,135,60,15,VALID,NONE,fb112fad924d
EXP-PHASE-V-RANIPET-P5-S1000,ranipet,8fa7119a1fcb,a16133022054,5,1000,1024,AER_SIMULATOR,IDEAL_SIMULATION,COBYLA,gamma_5_beta_5,opt_gamma_5_opt_beta_5,"{""100110000110110"": 7, ""000000000000000"": 1017}",100110000110110,"[""STR-001"", ""STR-002"", ""STR-003"", ""STR-004"", ""STR-005""]",1.6861,1.6861,1.75,0.0365,0.9635,True,0,1.0,0.006836,125,150,0.41,0.007,0.25,0.1,0.003,11,165,75,15,VALID,NONE,aaecf5e78db4
EXP-PHASE-V-RANIPET-P5-S1001,ranipet,8fa7119a1fcb,a16133022054,5,1001,1024,AER_SIMULATOR,IDEAL_SIMULATION,COBYLA,gamma_5_beta_5,opt_gamma_5_opt_beta_5,"{""100110000110110"": 7, ""000000000000000"": 1017}",100110000110110,"[""STR-001"", ""STR-002"", ""STR-003"", ""STR-004"", ""STR-005""]",1.6861,1.6861,1.75,0.0365,0.9635,True,0,1.0,0.006836,125,150,0.41,0.007,0.25,0.1,0.003,11,165,75,15,VALID,NONE,5a9f7330306d
EXP-PHASE-V-RANIPET-P5-S1002,ranipet,8fa7119a1fcb,a16133022054,5,1002,1024,AER_SIMULATOR,IDEAL_SIMULATION,COBYLA,gamma_5_beta_5,opt_gamma_5_opt_beta_5,"{""100110000110110"": 7, ""000000000000000"": 1017}",100110000110110,"[""STR-001"", ""STR-002"", ""STR-003"", ""STR-004"", ""STR-005""]",1.6861,1.6861,1.75,0.0365,0.9635,True,0,1.0,0.006836,125,150,0.41,0.007,0.25,0.1,0.003,11,165,75,15,VALID,NONE,b850b1f52548
EXP-PHASE-V-RANIPET-P5-S1003,ranipet,8fa7119a1fcb,a16133022054,5,1003,1024,AER_SIMULATOR,IDEAL_SIMULATION,COBYLA,gamma_5_beta_5,opt_gamma_5_opt_beta_5,"{""100110000110110"": 7, ""000000000000000"": 1017}",100110000110110,"[""STR-001"", ""STR-002"", ""STR-003"", ""STR-004"", ""STR-005""]",1.6861,1.6861,1.75,0.0365,0.9635,True,0,1.0,0.006836,125,150,0.41,0.007,0.25,0.1,0.003,11,165,75,15,VALID,NONE,d7aeee60103d
EXP-PHASE-V-RANIPET-P5-S1004,ranipet,8fa7119a1fcb,a16133022054,5,1004,1024,AER_SIMULATOR,IDEAL_SIMULATION,COBYLA,gamma_5_beta_5,opt_gamma_5_opt_beta_5,"{""100110000110110"": 7, ""000000000000000"": 1017}",100110000110110,"[""STR-001"", ""STR-002"", ""STR-003"", ""STR-004"", ""STR-005""]",1.6861,1.6861,1.75,0.0365,0.9635,True,0,1.0,0.006836,125,150,0.41,0.007,0.25,0.1,0.003,11,165,75,15,VALID,NONE,057098cb7168
EXP-PHASE-V-RANIPET-P5-S1005,ranipet,8fa7119a1fcb,a16133022054,5,1005,1024,AER_SIMULATOR,IDEAL_SIMULATION,COBYLA,gamma_5_beta_5,opt_gamma_5_opt_beta_5,"{""100110000110110"": 7, ""000000000000000"": 1017}",100110000110110,"[""STR-001"", ""STR-002"", ""STR-003"", ""STR-004"", ""STR-005""]",1.6861,1.6861,1.75,0.0365,0.9635,True,0,1.0,0.006836,125,150,0.41,0.007,0.25,0.1,0.003,11,165,75,15,VALID,NONE,34b0be7e0323
EXP-PHASE-V-RANIPET-P5-S1006,ranipet,8fa7119a1fcb,a16133022054,5,1006,1024,AER_SIMULATOR,IDEAL_SIMULATION,COBYLA,gamma_5_beta_5,opt_gamma_5_opt_beta_5,"{""100110000110110"": 7, ""000000000000000"": 1017}",100110000110110,"[""STR-001"", ""STR-002"", ""STR-003"", ""STR-004"", ""STR-005""]",1.6861,1.6861,1.75,0.0365,0.9635,True,0,1.0,0.006836,125,150,0.41,0.007,0.25,0.1,0.003,11,165,75,15,VALID,NONE,059198eb3431
EXP-PHASE-V-RANIPET-P5-S1007,ranipet,8fa7119a1fcb,a16133022054,5,1007,1024,AER_SIMULATOR,IDEAL_SIMULATION,COBYLA,gamma_5_beta_5,opt_gamma_5_opt_beta_5,"{""100110000110110"": 7, ""000000000000000"": 1017}",100110000110110,"[""STR-001"", ""STR-002"", ""STR-003"", ""STR-004"", ""STR-005""]",1.6861,1.6861,1.75,0.0365,0.9635,True,0,1.0,0.006836,125,150,0.41,0.007,0.25,0.1,0.003,11,165,75,15,VALID,NONE,d5dfe54f9cd1
EXP-PHASE-V-RANIPET-P5-S1008,ranipet,8fa7119a1fcb,a16133022054,5,1008,1024,AER_SIMULATOR,IDEAL_SIMULATION,COBYLA,gamma_5_beta_5,opt_gamma_5_opt_beta_5,"{""100110000110110"": 7, ""000000000000000"": 1017}",100110000110110,"[""STR-001"", ""STR-002"", ""STR-003"", ""STR-004"", ""STR-005""]",1.6861,1.6861,1.75,0.0365,0.9635,True,0,1.0,0.006836,125,150,0.41,0.007,0.25,0.1,0.003,11,165,75,15,VALID,NONE,7bfad6d5d992
EXP-PHASE-V-RANIPET-P5-S1009,ranipet,8fa7119a1fcb,a16133022054,5,1009,1024,AER_SIMULATOR,IDEAL_SIMULATION,COBYLA,gamma_5_beta_5,opt_gamma_5_opt_beta_5,"{""100110000110110"": 7, ""000000000000000"": 1017}",100110000110110,"[""STR-001"", ""STR-002"", ""STR-003"", ""STR-004"", ""STR-005""]",1.6861,1.6861,1.75,0.0365,0.9635,True,0,1.0,0.006836,125,150,0.41,0.007,0.25,0.1,0.003,11,165,75,15,VALID,NONE,96d5e7f33318
EXP-PHASE-V-SALEM-P1-S1000,salem,c03986b70b06,7345b6131c75,1,1000,1024,AER_SIMULATOR,IDEAL_SIMULATION,COBYLA,gamma_1_beta_1,opt_gamma_1_opt_beta_1,"{""100110000110110"": 3, ""000000000000000"": 1017}",100110000110110,"[""STR-001"", ""STR-002"", ""STR-003"", ""STR-004"", ""STR-005""]",1.6021,1.6021,1.75,0.0845,0.9155,True,0,1.0,0.003906,25,30,0.09,0.007,0.05,0.02,0.003,3,45,15,15,VALID,NONE,f462c4ca83c7
EXP-PHASE-V-SALEM-P1-S1001,salem,c03986b70b06,7345b6131c75,1,1001,1024,AER_SIMULATOR,IDEAL_SIMULATION,COBYLA,gamma_1_beta_1,opt_gamma_1_opt_beta_1,"{""100110000110110"": 3, ""000000000000000"": 1017}",100110000110110,"[""STR-001"", ""STR-002"", ""STR-003"", ""STR-004"", ""STR-005""]",1.6021,1.6021,1.75,0.0845,0.9155,True,0,1.0,0.003906,25,30,0.09,0.007,0.05,0.02,0.003,3,45,15,15,VALID,NONE,4a6aeb375972
EXP-PHASE-V-SALEM-P1-S1002,salem,c03986b70b06,7345b6131c75,1,1002,1024,AER_SIMULATOR,IDEAL_SIMULATION,COBYLA,gamma_1_beta_1,opt_gamma_1_opt_beta_1,"{""100110000110110"": 3, ""000000000000000"": 1017}",100110000110110,"[""STR-001"", ""STR-002"", ""STR-003"", ""STR-004"", ""STR-005""]",1.6021,1.6021,1.75,0.0845,0.9155,True,0,1.0,0.003906,25,30,0.09,0.007,0.05,0.02,0.003,3,45,15,15,VALID,NONE,58a6c5453ec8
EXP-PHASE-V-SALEM-P1-S1003,salem,c03986b70b06,7345b6131c75,1,1003,1024,AER_SIMULATOR,IDEAL_SIMULATION,COBYLA,gamma_1_beta_1,opt_gamma_1_opt_beta_1,"{""100110000110110"": 3, ""000000000000000"": 1017}",100110000110110,"[""STR-001"", ""STR-002"", ""STR-003"", ""STR-004"", ""STR-005""]",1.6021,1.6021,1.75,0.0845,0.9155,True,0,1.0,0.003906,25,30,0.09,0.007,0.05,0.02,0.003,3,45,15,15,VALID,NONE,d6fdf4378731
EXP-PHASE-V-SALEM-P1-S1004,salem,c03986b70b06,7345b6131c75,1,1004,1024,AER_SIMULATOR,IDEAL_SIMULATION,COBYLA,gamma_1_beta_1,opt_gamma_1_opt_beta_1,"{""100110000110110"": 3, ""000000000000000"": 1017}",100110000110110,"[""STR-001"", ""STR-002"", ""STR-003"", ""STR-004"", ""STR-005""]",1.6021,1.6021,1.75,0.0845,0.9155,True,0,1.0,0.003906,25,30,0.09,0.007,0.05,0.02,0.003,3,45,15,15,VALID,NONE,6d6efa9f53c6
EXP-PHASE-V-SALEM-P1-S1005,salem,c03986b70b06,7345b6131c75,1,1005,1024,AER_SIMULATOR,IDEAL_SIMULATION,COBYLA,gamma_1_beta_1,opt_gamma_1_opt_beta_1,"{""100110000110110"": 3, ""000000000000000"": 1017}",100110000110110,"[""STR-001"", ""STR-002"", ""STR-003"", ""STR-004"", ""STR-005""]",1.6021,1.6021,1.75,0.0845,0.9155,True,0,1.0,0.003906,25,30,0.09,0.007,0.05,0.02,0.003,3,45,15,15,VALID,NONE,c12e7facb933
EXP-PHASE-V-SALEM-P1-S1006,salem,c03986b70b06,7345b6131c75,1,1006,1024,AER_SIMULATOR,IDEAL_SIMULATION,COBYLA,gamma_1_beta_1,opt_gamma_1_opt_beta_1,"{""100110000110110"": 3, ""000000000000000"": 1017}",100110000110110,"[""STR-001"", ""STR-002"", ""STR-003"", ""STR-004"", ""STR-005""]",1.6021,1.6021,1.75,0.0845,0.9155,True,0,1.0,0.003906,25,30,0.09,0.007,0.05,0.02,0.003,3,45,15,15,VALID,NONE,9d7adcc72353
EXP-PHASE-V-SALEM-P1-S1007,salem,c03986b70b06,7345b6131c75,1,1007,1024,AER_SIMULATOR,IDEAL_SIMULATION,COBYLA,gamma_1_beta_1,opt_gamma_1_opt_beta_1,"{""100110000110110"": 3, ""000000000000000"": 1017}",100110000110110,"[""STR-001"", ""STR-002"", ""STR-003"", ""STR-004"", ""STR-005""]",1.6021,1.6021,1.75,0.0845,0.9155,True,0,1.0,0.003906,25,30,0.09,0.007,0.05,0.02,0.003,3,45,15,15,VALID,NONE,5fc1d0d4ba06
EXP-PHASE-V-SALEM-P1-S1008,salem,c03986b70b06,7345b6131c75,1,1008,1024,AER_SIMULATOR,IDEAL_SIMULATION,COBYLA,gamma_1_beta_1,opt_gamma_1_opt_beta_1,"{""100110000110110"": 3, ""000000000000000"": 1017}",100110000110110,"[""STR-001"", ""STR-002"", ""STR-003"", ""STR-004"", ""STR-005""]",1.6021,1.6021,1.75,0.0845,0.9155,True,0,1.0,0.003906,25,30,0.09,0.007,0.05,0.02,0.003,3,45,15,15,VALID,NONE,4d5d0f0ff763
EXP-PHASE-V-SALEM-P1-S1009,salem,c03986b70b06,7345b6131c75,1,1009,1024,AER_SIMULATOR,IDEAL_SIMULATION,COBYLA,gamma_1_beta_1,opt_gamma_1_opt_beta_1,"{""100110000110110"": 3, ""000000000000000"": 1017}",100110000110110,"[""STR-001"", ""STR-002"", ""STR-003"", ""STR-004"", ""STR-005""]",1.6021,1.6021,1.75,0.0845,0.9155,True,0,1.0,0.003906,25,30,0.09,0.007,0.05,0.02,0.003,3,45,15,15,VALID,NONE,6808a63c9a8a
EXP-PHASE-V-SALEM-P2-S1000,salem,c03986b70b06,7345b6131c75,2,1000,1024,AER_SIMULATOR,IDEAL_SIMULATION,COBYLA,gamma_2_beta_2,opt_gamma_2_opt_beta_2,"{""100110000110110"": 7, ""000000000000000"": 1017}",100110000110110,"[""STR-001"", ""STR-002"", ""STR-003"", ""STR-004"", ""STR-005""]",1.62,1.62,1.75,0.0743,0.9257,True,0,1.0,0.006836,50,60,0.17,0.007,0.1,0.04,0.003,5,75,30,15,VALID,NONE,3bfe6167eb46
EXP-PHASE-V-SALEM-P2-S1001,salem,c03986b70b06,7345b6131c75,2,1001,1024,AER_SIMULATOR,IDEAL_SIMULATION,COBYLA,gamma_2_beta_2,opt_gamma_2_opt_beta_2,"{""100110000110110"": 7, ""000000000000000"": 1017}",100110000110110,"[""STR-001"", ""STR-002"", ""STR-003"", ""STR-004"", ""STR-005""]",1.5,1.5,1.75,0.1429,0.8571,True,0,1.0,0.0,50,60,0.17,0.007,0.1,0.04,0.003,5,75,30,15,VALID,NONE,35b96261a4a7
EXP-PHASE-V-SALEM-P2-S1002,salem,c03986b70b06,7345b6131c75,2,1002,1024,AER_SIMULATOR,IDEAL_SIMULATION,COBYLA,gamma_2_beta_2,opt_gamma_2_opt_beta_2,"{""100110000110110"": 7, ""000000000000000"": 1017}",100110000110110,"[""STR-001"", ""STR-002"", ""STR-003"", ""STR-004"", ""STR-005""]",1.62,1.62,1.75,0.0743,0.9257,True,0,1.0,0.006836,50,60,0.17,0.007,0.1,0.04,0.003,5,75,30,15,VALID,NONE,f6a1e1a024bf
EXP-PHASE-V-SALEM-P2-S1003,salem,c03986b70b06,7345b6131c75,2,1003,1024,AER_SIMULATOR,IDEAL_SIMULATION,COBYLA,gamma_2_beta_2,opt_gamma_2_opt_beta_2,"{""100110000110110"": 7, ""000000000000000"": 1017}",100110000110110,"[""STR-001"", ""STR-002"", ""STR-003"", ""STR-004"", ""STR-005""]",1.5,1.5,1.75,0.1429,0.8571,True,0,1.0,0.0,50,60,0.17,0.007,0.1,0.04,0.003,5,75,30,15,VALID,NONE,435c7804ed59
EXP-PHASE-V-SALEM-P2-S1004,salem,c03986b70b06,7345b6131c75,2,1004,1024,AER_SIMULATOR,IDEAL_SIMULATION,COBYLA,gamma_2_beta_2,opt_gamma_2_opt_beta_2,"{""100110000110110"": 7, ""000000000000000"": 1017}",100110000110110,"[""STR-001"", ""STR-002"", ""STR-003"", ""STR-004"", ""STR-005""]",1.62,1.62,1.75,0.0743,0.9257,True,0,1.0,0.006836,50,60,0.17,0.007,0.1,0.04,0.003,5,75,30,15,VALID,NONE,ae8f05f9ff70
EXP-PHASE-V-SALEM-P2-S1005,salem,c03986b70b06,7345b6131c75,2,1005,1024,AER_SIMULATOR,IDEAL_SIMULATION,COBYLA,gamma_2_beta_2,opt_gamma_2_opt_beta_2,"{""100110000110110"": 7, ""000000000000000"": 1017}",100110000110110,"[""STR-001"", ""STR-002"", ""STR-003"", ""STR-004"", ""STR-005""]",1.6231,1.6231,1.75,0.0725,0.9275,True,0,1.0,0.006836,50,60,0.17,0.007,0.1,0.04,0.003,5,75,30,15,VALID,NONE,c79a6a67304b
EXP-PHASE-V-SALEM-P2-S1006,salem,c03986b70b06,7345b6131c75,2,1006,1024,AER_SIMULATOR,IDEAL_SIMULATION,COBYLA,gamma_2_beta_2,opt_gamma_2_opt_beta_2,"{""100110000110110"": 7, ""000000000000000"": 1017}",100110000110110,"[""STR-001"", ""STR-002"", ""STR-003"", ""STR-004"", ""STR-005""]",1.6231,1.6231,1.75,0.0725,0.9275,True,0,1.0,0.006836,50,60,0.17,0.007,0.1,0.04,0.003,5,75,30,15,VALID,NONE,25906c878fef
EXP-PHASE-V-SALEM-P2-S1007,salem,c03986b70b06,7345b6131c75,2,1007,1024,AER_SIMULATOR,IDEAL_SIMULATION,COBYLA,gamma_2_beta_2,opt_gamma_2_opt_beta_2,"{""100110000110110"": 7, ""000000000000000"": 1017}",100110000110110,"[""STR-001"", ""STR-002"", ""STR-003"", ""STR-004"", ""STR-005""]",1.6231,1.6231,1.75,0.0725,0.9275,True,0,1.0,0.006836,50,60,0.17,0.007,0.1,0.04,0.003,5,75,30,15,VALID,NONE,db8995afa217
EXP-PHASE-V-SALEM-P2-S1008,salem,c03986b70b06,7345b6131c75,2,1008,1024,AER_SIMULATOR,IDEAL_SIMULATION,COBYLA,gamma_2_beta_2,opt_gamma_2_opt_beta_2,"{""100110000110110"": 7, ""000000000000000"": 1017}",100110000110110,"[""STR-001"", ""STR-002"", ""STR-003"", ""STR-004"", ""STR-005""]",1.6231,1.6231,1.75,0.0725,0.9275,True,0,1.0,0.006836,50,60,0.17,0.007,0.1,0.04,0.003,5,75,30,15,VALID,NONE,246dbb82e95d
EXP-PHASE-V-SALEM-P2-S1009,salem,c03986b70b06,7345b6131c75,2,1009,1024,AER_SIMULATOR,IDEAL_SIMULATION,COBYLA,gamma_2_beta_2,opt_gamma_2_opt_beta_2,"{""100110000110110"": 7, ""000000000000000"": 1017}",100110000110110,"[""STR-001"", ""STR-002"", ""STR-003"", ""STR-004"", ""STR-005""]",1.6231,1.6231,1.75,0.0725,0.9275,True,0,1.0,0.006836,50,60,0.17,0.007,0.1,0.04,0.003,5,75,30,15,VALID,NONE,348c4d8582ea
EXP-PHASE-V-SALEM-P3-S1000,salem,c03986b70b06,7345b6131c75,3,1000,1024,AER_SIMULATOR,IDEAL_SIMULATION,COBYLA,gamma_3_beta_3,opt_gamma_3_opt_beta_3,"{""100110000110110"": 7, ""000000000000000"": 1017}",100110000110110,"[""STR-001"", ""STR-002"", ""STR-003"", ""STR-004"", ""STR-005""]",1.6441,1.6441,1.75,0.0605,0.9395,True,0,1.0,0.006836,75,90,0.25,0.007,0.15000000000000002,0.06,0.003,7,105,45,15,VALID,NONE,a8f97aa09375
EXP-PHASE-V-SALEM-P3-S1001,salem,c03986b70b06,7345b6131c75,3,1001,1024,AER_SIMULATOR,IDEAL_SIMULATION,COBYLA,gamma_3_beta_3,opt_gamma_3_opt_beta_3,"{""100110000110110"": 7, ""000000000000000"": 1017}",100110000110110,"[""STR-001"", ""STR-002"", ""STR-003"", ""STR-004"", ""STR-005""]",1.6441,1.6441,1.75,0.0605,0.9395,True,0,1.0,0.006836,75,90,0.25,0.007,0.15000000000000002,0.06,0.003,7,105,45,15,VALID,NONE,50f531d05930
EXP-PHASE-V-SALEM-P3-S1002,salem,c03986b70b06,7345b6131c75,3,1002,1024,AER_SIMULATOR,IDEAL_SIMULATION,COBYLA,gamma_3_beta_3,opt_gamma_3_opt_beta_3,"{""100110000110110"": 7, ""000000000000000"": 1017}",100110000110110,"[""STR-001"", ""STR-002"", ""STR-003"", ""STR-004"", ""STR-005""]",1.6441,1.6441,1.75,0.0605,0.9395,True,0,1.0,0.006836,75,90,0.25,0.007,0.15000000000000002,0.06,0.003,7,105,45,15,VALID,NONE,dd975c431118
EXP-PHASE-V-SALEM-P3-S1003,salem,c03986b70b06,7345b6131c75,3,1003,1024,AER_SIMULATOR,IDEAL_SIMULATION,COBYLA,gamma_3_beta_3,opt_gamma_3_opt_beta_3,"{""100110000110110"": 7, ""000000000000000"": 1017}",100110000110110,"[""STR-001"", ""STR-002"", ""STR-003"", ""STR-004"", ""STR-005""]",1.6441,1.6441,1.75,0.0605,0.9395,True,0,1.0,0.006836,75,90,0.25,0.007,0.15000000000000002,0.06,0.003,7,105,45,15,VALID,NONE,21a8bcaf2b4c
EXP-PHASE-V-SALEM-P3-S1004,salem,c03986b70b06,7345b6131c75,3,1004,1024,AER_SIMULATOR,IDEAL_SIMULATION,COBYLA,gamma_3_beta_3,opt_gamma_3_opt_beta_3,"{""100110000110110"": 7, ""000000000000000"": 1017}",100110000110110,"[""STR-001"", ""STR-002"", ""STR-003"", ""STR-004"", ""STR-005""]",1.6441,1.6441,1.75,0.0605,0.9395,True,0,1.0,0.006836,75,90,0.25,0.007,0.15000000000000002,0.06,0.003,7,105,45,15,VALID,NONE,876d7911f372
EXP-PHASE-V-SALEM-P3-S1005,salem,c03986b70b06,7345b6131c75,3,1005,1024,AER_SIMULATOR,IDEAL_SIMULATION,COBYLA,gamma_3_beta_3,opt_gamma_3_opt_beta_3,"{""100110000110110"": 7, ""000000000000000"": 1017}",100110000110110,"[""STR-001"", ""STR-002"", ""STR-003"", ""STR-004"", ""STR-005""]",1.6441,1.6441,1.75,0.0605,0.9395,True,0,1.0,0.006836,75,90,0.25,0.007,0.15000000000000002,0.06,0.003,7,105,45,15,VALID,NONE,1a305258d00e
EXP-PHASE-V-SALEM-P3-S1006,salem,c03986b70b06,7345b6131c75,3,1006,1024,AER_SIMULATOR,IDEAL_SIMULATION,COBYLA,gamma_3_beta_3,opt_gamma_3_opt_beta_3,"{""100110000110110"": 7, ""000000000000000"": 1017}",100110000110110,"[""STR-001"", ""STR-002"", ""STR-003"", ""STR-004"", ""STR-005""]",1.6441,1.6441,1.75,0.0605,0.9395,True,0,1.0,0.006836,75,90,0.25,0.007,0.15000000000000002,0.06,0.003,7,105,45,15,VALID,NONE,8dc44b4cd752
EXP-PHASE-V-SALEM-P3-S1007,salem,c03986b70b06,7345b6131c75,3,1007,1024,AER_SIMULATOR,IDEAL_SIMULATION,COBYLA,gamma_3_beta_3,opt_gamma_3_opt_beta_3,"{""100110000110110"": 7, ""000000000000000"": 1017}",100110000110110,"[""STR-001"", ""STR-002"", ""STR-003"", ""STR-004"", ""STR-005""]",1.6441,1.6441,1.75,0.0605,0.9395,True,0,1.0,0.006836,75,90,0.25,0.007,0.15000000000000002,0.06,0.003,7,105,45,15,VALID,NONE,14fe77b3506f
EXP-PHASE-V-SALEM-P3-S1008,salem,c03986b70b06,7345b6131c75,3,1008,1024,AER_SIMULATOR,IDEAL_SIMULATION,COBYLA,gamma_3_beta_3,opt_gamma_3_opt_beta_3,"{""100110000110110"": 7, ""000000000000000"": 1017}",100110000110110,"[""STR-001"", ""STR-002"", ""STR-003"", ""STR-004"", ""STR-005""]",1.6441,1.6441,1.75,0.0605,0.9395,True,0,1.0,0.006836,75,90,0.25,0.007,0.15000000000000002,0.06,0.003,7,105,45,15,VALID,NONE,4b84dc3ae52b
EXP-PHASE-V-SALEM-P3-S1009,salem,c03986b70b06,7345b6131c75,3,1009,1024,AER_SIMULATOR,IDEAL_SIMULATION,COBYLA,gamma_3_beta_3,opt_gamma_3_opt_beta_3,"{""100110000110110"": 7, ""000000000000000"": 1017}",100110000110110,"[""STR-001"", ""STR-002"", ""STR-003"", ""STR-004"", ""STR-005""]",1.6441,1.6441,1.75,0.0605,0.9395,True,0,1.0,0.006836,75,90,0.25,0.007,0.15000000000000002,0.06,0.003,7,105,45,15,VALID,NONE,199dce1014fd
EXP-PHASE-V-SALEM-P4-S1000,salem,c03986b70b06,7345b6131c75,4,1000,1024,AER_SIMULATOR,IDEAL_SIMULATION,COBYLA,gamma_4_beta_4,opt_gamma_4_opt_beta_4,"{""100110000110110"": 7, ""000000000000000"": 1017}",100110000110110,"[""STR-001"", ""STR-002"", ""STR-003"", ""STR-004"", ""STR-005""]",1.6651,1.6651,1.75,0.0485,0.9515,True,0,1.0,0.006836,100,120,0.33,0.007,0.2,0.08,0.003,9,135,60,15,VALID,NONE,a19c5ec6d973
EXP-PHASE-V-SALEM-P4-S1001,salem,c03986b70b06,7345b6131c75,4,1001,1024,AER_SIMULATOR,IDEAL_SIMULATION,COBYLA,gamma_4_beta_4,opt_gamma_4_opt_beta_4,"{""100110000110110"": 7, ""000000000000000"": 1017}",100110000110110,"[""STR-001"", ""STR-002"", ""STR-003"", ""STR-004"", ""STR-005""]",1.6651,1.6651,1.75,0.0485,0.9515,True,0,1.0,0.006836,100,120,0.33,0.007,0.2,0.08,0.003,9,135,60,15,VALID,NONE,90f5c601289c
EXP-PHASE-V-SALEM-P4-S1002,salem,c03986b70b06,7345b6131c75,4,1002,1024,AER_SIMULATOR,IDEAL_SIMULATION,COBYLA,gamma_4_beta_4,opt_gamma_4_opt_beta_4,"{""100110000110110"": 7, ""000000000000000"": 1017}",100110000110110,"[""STR-001"", ""STR-002"", ""STR-003"", ""STR-004"", ""STR-005""]",1.6651,1.6651,1.75,0.0485,0.9515,True,0,1.0,0.006836,100,120,0.33,0.007,0.2,0.08,0.003,9,135,60,15,VALID,NONE,8023eb06f779
EXP-PHASE-V-SALEM-P4-S1003,salem,c03986b70b06,7345b6131c75,4,1003,1024,AER_SIMULATOR,IDEAL_SIMULATION,COBYLA,gamma_4_beta_4,opt_gamma_4_opt_beta_4,"{""100110000110110"": 7, ""000000000000000"": 1017}",100110000110110,"[""STR-001"", ""STR-002"", ""STR-003"", ""STR-004"", ""STR-005""]",1.6651,1.6651,1.75,0.0485,0.9515,True,0,1.0,0.006836,100,120,0.33,0.007,0.2,0.08,0.003,9,135,60,15,VALID,NONE,e0c0a53f0192
EXP-PHASE-V-SALEM-P4-S1004,salem,c03986b70b06,7345b6131c75,4,1004,1024,AER_SIMULATOR,IDEAL_SIMULATION,COBYLA,gamma_4_beta_4,opt_gamma_4_opt_beta_4,"{""100110000110110"": 7, ""000000000000000"": 1017}",100110000110110,"[""STR-001"", ""STR-002"", ""STR-003"", ""STR-004"", ""STR-005""]",1.6651,1.6651,1.75,0.0485,0.9515,True,0,1.0,0.006836,100,120,0.33,0.007,0.2,0.08,0.003,9,135,60,15,VALID,NONE,28a0f8783bb9
EXP-PHASE-V-SALEM-P4-S1005,salem,c03986b70b06,7345b6131c75,4,1005,1024,AER_SIMULATOR,IDEAL_SIMULATION,COBYLA,gamma_4_beta_4,opt_gamma_4_opt_beta_4,"{""100110000110110"": 7, ""000000000000000"": 1017}",100110000110110,"[""STR-001"", ""STR-002"", ""STR-003"", ""STR-004"", ""STR-005""]",1.6651,1.6651,1.75,0.0485,0.9515,True,0,1.0,0.006836,100,120,0.33,0.007,0.2,0.08,0.003,9,135,60,15,VALID,NONE,fdd22491ee10
EXP-PHASE-V-SALEM-P4-S1006,salem,c03986b70b06,7345b6131c75,4,1006,1024,AER_SIMULATOR,IDEAL_SIMULATION,COBYLA,gamma_4_beta_4,opt_gamma_4_opt_beta_4,"{""100110000110110"": 7, ""000000000000000"": 1017}",100110000110110,"[""STR-001"", ""STR-002"", ""STR-003"", ""STR-004"", ""STR-005""]",1.6651,1.6651,1.75,0.0485,0.9515,True,0,1.0,0.006836,100,120,0.33,0.007,0.2,0.08,0.003,9,135,60,15,VALID,NONE,a0bc50334350
EXP-PHASE-V-SALEM-P4-S1007,salem,c03986b70b06,7345b6131c75,4,1007,1024,AER_SIMULATOR,IDEAL_SIMULATION,COBYLA,gamma_4_beta_4,opt_gamma_4_opt_beta_4,"{""100110000110110"": 7, ""000000000000000"": 1017}",100110000110110,"[""STR-001"", ""STR-002"", ""STR-003"", ""STR-004"", ""STR-005""]",1.6651,1.6651,1.75,0.0485,0.9515,True,0,1.0,0.006836,100,120,0.33,0.007,0.2,0.08,0.003,9,135,60,15,VALID,NONE,b4fdfa815442
EXP-PHASE-V-SALEM-P4-S1008,salem,c03986b70b06,7345b6131c75,4,1008,1024,AER_SIMULATOR,IDEAL_SIMULATION,COBYLA,gamma_4_beta_4,opt_gamma_4_opt_beta_4,"{""100110000110110"": 7, ""000000000000000"": 1017}",100110000110110,"[""STR-001"", ""STR-002"", ""STR-003"", ""STR-004"", ""STR-005""]",1.6651,1.6651,1.75,0.0485,0.9515,True,0,1.0,0.006836,100,120,0.33,0.007,0.2,0.08,0.003,9,135,60,15,VALID,NONE,eab867d1cfea
EXP-PHASE-V-SALEM-P4-S1009,salem,c03986b70b06,7345b6131c75,4,1009,1024,AER_SIMULATOR,IDEAL_SIMULATION,COBYLA,gamma_4_beta_4,opt_gamma_4_opt_beta_4,"{""100110000110110"": 7, ""000000000000000"": 1017}",100110000110110,"[""STR-001"", ""STR-002"", ""STR-003"", ""STR-004"", ""STR-005""]",1.6651,1.6651,1.75,0.0485,0.9515,True,0,1.0,0.006836,100,120,0.33,0.007,0.2,0.08,0.003,9,135,60,15,VALID,NONE,3e896494eba2
EXP-PHASE-V-SALEM-P5-S1000,salem,c03986b70b06,7345b6131c75,5,1000,1024,AER_SIMULATOR,IDEAL_SIMULATION,COBYLA,gamma_5_beta_5,opt_gamma_5_opt_beta_5,"{""100110000110110"": 7, ""000000000000000"": 1017}",100110000110110,"[""STR-001"", ""STR-002"", ""STR-003"", ""STR-004"", ""STR-005""]",1.6861,1.6861,1.75,0.0365,0.9635,True,0,1.0,0.006836,125,150,0.41,0.007,0.25,0.1,0.003,11,165,75,15,VALID,NONE,9d04d7477fc9
EXP-PHASE-V-SALEM-P5-S1001,salem,c03986b70b06,7345b6131c75,5,1001,1024,AER_SIMULATOR,IDEAL_SIMULATION,COBYLA,gamma_5_beta_5,opt_gamma_5_opt_beta_5,"{""100110000110110"": 7, ""000000000000000"": 1017}",100110000110110,"[""STR-001"", ""STR-002"", ""STR-003"", ""STR-004"", ""STR-005""]",1.6861,1.6861,1.75,0.0365,0.9635,True,0,1.0,0.006836,125,150,0.41,0.007,0.25,0.1,0.003,11,165,75,15,VALID,NONE,67185cf119af
EXP-PHASE-V-SALEM-P5-S1002,salem,c03986b70b06,7345b6131c75,5,1002,1024,AER_SIMULATOR,IDEAL_SIMULATION,COBYLA,gamma_5_beta_5,opt_gamma_5_opt_beta_5,"{""100110000110110"": 7, ""000000000000000"": 1017}",100110000110110,"[""STR-001"", ""STR-002"", ""STR-003"", ""STR-004"", ""STR-005""]",1.6861,1.6861,1.75,0.0365,0.9635,True,0,1.0,0.006836,125,150,0.41,0.007,0.25,0.1,0.003,11,165,75,15,VALID,NONE,fa64baed5f28
EXP-PHASE-V-SALEM-P5-S1003,salem,c03986b70b06,7345b6131c75,5,1003,1024,AER_SIMULATOR,IDEAL_SIMULATION,COBYLA,gamma_5_beta_5,opt_gamma_5_opt_beta_5,"{""100110000110110"": 7, ""000000000000000"": 1017}",100110000110110,"[""STR-001"", ""STR-002"", ""STR-003"", ""STR-004"", ""STR-005""]",1.6861,1.6861,1.75,0.0365,0.9635,True,0,1.0,0.006836,125,150,0.41,0.007,0.25,0.1,0.003,11,165,75,15,VALID,NONE,ea58a8e39a00
EXP-PHASE-V-SALEM-P5-S1004,salem,c03986b70b06,7345b6131c75,5,1004,1024,AER_SIMULATOR,IDEAL_SIMULATION,COBYLA,gamma_5_beta_5,opt_gamma_5_opt_beta_5,"{""100110000110110"": 7, ""000000000000000"": 1017}",100110000110110,"[""STR-001"", ""STR-002"", ""STR-003"", ""STR-004"", ""STR-005""]",1.6861,1.6861,1.75,0.0365,0.9635,True,0,1.0,0.006836,125,150,0.41,0.007,0.25,0.1,0.003,11,165,75,15,VALID,NONE,c3232fd715ce
EXP-PHASE-V-SALEM-P5-S1005,salem,c03986b70b06,7345b6131c75,5,1005,1024,AER_SIMULATOR,IDEAL_SIMULATION,COBYLA,gamma_5_beta_5,opt_gamma_5_opt_beta_5,"{""100110000110110"": 7, ""000000000000000"": 1017}",100110000110110,"[""STR-001"", ""STR-002"", ""STR-003"", ""STR-004"", ""STR-005""]",1.6861,1.6861,1.75,0.0365,0.9635,True,0,1.0,0.006836,125,150,0.41,0.007,0.25,0.1,0.003,11,165,75,15,VALID,NONE,922a2d20296e
EXP-PHASE-V-SALEM-P5-S1006,salem,c03986b70b06,7345b6131c75,5,1006,1024,AER_SIMULATOR,IDEAL_SIMULATION,COBYLA,gamma_5_beta_5,opt_gamma_5_opt_beta_5,"{""100110000110110"": 7, ""000000000000000"": 1017}",100110000110110,"[""STR-001"", ""STR-002"", ""STR-003"", ""STR-004"", ""STR-005""]",1.6861,1.6861,1.75,0.0365,0.9635,True,0,1.0,0.006836,125,150,0.41,0.007,0.25,0.1,0.003,11,165,75,15,VALID,NONE,f97e8477495a
EXP-PHASE-V-SALEM-P5-S1007,salem,c03986b70b06,7345b6131c75,5,1007,1024,AER_SIMULATOR,IDEAL_SIMULATION,COBYLA,gamma_5_beta_5,opt_gamma_5_opt_beta_5,"{""100110000110110"": 7, ""000000000000000"": 1017}",100110000110110,"[""STR-001"", ""STR-002"", ""STR-003"", ""STR-004"", ""STR-005""]",1.6861,1.6861,1.75,0.0365,0.9635,True,0,1.0,0.006836,125,150,0.41,0.007,0.25,0.1,0.003,11,165,75,15,VALID,NONE,1fe4a87c4d68
EXP-PHASE-V-SALEM-P5-S1008,salem,c03986b70b06,7345b6131c75,5,1008,1024,AER_SIMULATOR,IDEAL_SIMULATION,COBYLA,gamma_5_beta_5,opt_gamma_5_opt_beta_5,"{""100110000110110"": 7, ""000000000000000"": 1017}",100110000110110,"[""STR-001"", ""STR-002"", ""STR-003"", ""STR-004"", ""STR-005""]",1.6861,1.6861,1.75,0.0365,0.9635,True,0,1.0,0.006836,125,150,0.41,0.007,0.25,0.1,0.003,11,165,75,15,VALID,NONE,3f28f3b3a7f0
EXP-PHASE-V-SALEM-P5-S1009,salem,c03986b70b06,7345b6131c75,5,1009,1024,AER_SIMULATOR,IDEAL_SIMULATION,COBYLA,gamma_5_beta_5,opt_gamma_5_opt_beta_5,"{""100110000110110"": 7, ""000000000000000"": 1017}",100110000110110,"[""STR-001"", ""STR-002"", ""STR-003"", ""STR-004"", ""STR-005""]",1.6861,1.6861,1.75,0.0365,0.9635,True,0,1.0,0.006836,125,150,0.41,0.007,0.25,0.1,0.003,11,165,75,15,VALID,NONE,e82800d2352b
EXP-PHASE-V-SIVAGANGA-P1-S1000,sivaganga,8084112330be,1e04ce839fef,1,1000,1024,AER_SIMULATOR,IDEAL_SIMULATION,COBYLA,gamma_1_beta_1,opt_gamma_1_opt_beta_1,"{""100110000110110"": 3, ""000000000000000"": 1017}",100110000110110,"[""STR-001"", ""STR-002"", ""STR-003"", ""STR-004"", ""STR-005""]",1.6021,1.6021,1.75,0.0845,0.9155,True,0,1.0,0.003906,25,30,0.09,0.007,0.05,0.02,0.003,3,45,15,15,VALID,NONE,c59410aa1bcc
EXP-PHASE-V-SIVAGANGA-P1-S1001,sivaganga,8084112330be,1e04ce839fef,1,1001,1024,AER_SIMULATOR,IDEAL_SIMULATION,COBYLA,gamma_1_beta_1,opt_gamma_1_opt_beta_1,"{""100110000110110"": 3, ""000000000000000"": 1017}",100110000110110,"[""STR-001"", ""STR-002"", ""STR-003"", ""STR-004"", ""STR-005""]",1.6021,1.6021,1.75,0.0845,0.9155,True,0,1.0,0.003906,25,30,0.09,0.007,0.05,0.02,0.003,3,45,15,15,VALID,NONE,97ee6eecb385
EXP-PHASE-V-SIVAGANGA-P1-S1002,sivaganga,8084112330be,1e04ce839fef,1,1002,1024,AER_SIMULATOR,IDEAL_SIMULATION,COBYLA,gamma_1_beta_1,opt_gamma_1_opt_beta_1,"{""100110000110110"": 3, ""000000000000000"": 1017}",100110000110110,"[""STR-001"", ""STR-002"", ""STR-003"", ""STR-004"", ""STR-005""]",1.6021,1.6021,1.75,0.0845,0.9155,True,0,1.0,0.003906,25,30,0.09,0.007,0.05,0.02,0.003,3,45,15,15,VALID,NONE,c41f79ea2cf3
EXP-PHASE-V-SIVAGANGA-P1-S1003,sivaganga,8084112330be,1e04ce839fef,1,1003,1024,AER_SIMULATOR,IDEAL_SIMULATION,COBYLA,gamma_1_beta_1,opt_gamma_1_opt_beta_1,"{""100110000110110"": 3, ""000000000000000"": 1017}",100110000110110,"[""STR-001"", ""STR-002"", ""STR-003"", ""STR-004"", ""STR-005""]",1.6021,1.6021,1.75,0.0845,0.9155,True,0,1.0,0.003906,25,30,0.09,0.007,0.05,0.02,0.003,3,45,15,15,VALID,NONE,76c06b2066b3
EXP-PHASE-V-SIVAGANGA-P1-S1004,sivaganga,8084112330be,1e04ce839fef,1,1004,1024,AER_SIMULATOR,IDEAL_SIMULATION,COBYLA,gamma_1_beta_1,opt_gamma_1_opt_beta_1,"{""100110000110110"": 3, ""000000000000000"": 1017}",100110000110110,"[""STR-001"", ""STR-002"", ""STR-003"", ""STR-004"", ""STR-005""]",1.6021,1.6021,1.75,0.0845,0.9155,True,0,1.0,0.003906,25,30,0.09,0.007,0.05,0.02,0.003,3,45,15,15,VALID,NONE,4344befed2ce
EXP-PHASE-V-SIVAGANGA-P1-S1005,sivaganga,8084112330be,1e04ce839fef,1,1005,1024,AER_SIMULATOR,IDEAL_SIMULATION,COBYLA,gamma_1_beta_1,opt_gamma_1_opt_beta_1,"{""100110000110110"": 3, ""000000000000000"": 1017}",100110000110110,"[""STR-001"", ""STR-002"", ""STR-003"", ""STR-004"", ""STR-005""]",1.6021,1.6021,1.75,0.0845,0.9155,True,0,1.0,0.003906,25,30,0.09,0.007,0.05,0.02,0.003,3,45,15,15,VALID,NONE,d01aff577242
EXP-PHASE-V-SIVAGANGA-P1-S1006,sivaganga,8084112330be,1e04ce839fef,1,1006,1024,AER_SIMULATOR,IDEAL_SIMULATION,COBYLA,gamma_1_beta_1,opt_gamma_1_opt_beta_1,"{""100110000110110"": 3, ""000000000000000"": 1017}",100110000110110,"[""STR-001"", ""STR-002"", ""STR-003"", ""STR-004"", ""STR-005""]",1.6021,1.6021,1.75,0.0845,0.9155,True,0,1.0,0.003906,25,30,0.09,0.007,0.05,0.02,0.003,3,45,15,15,VALID,NONE,6fe4154fc790
EXP-PHASE-V-SIVAGANGA-P1-S1007,sivaganga,8084112330be,1e04ce839fef,1,1007,1024,AER_SIMULATOR,IDEAL_SIMULATION,COBYLA,gamma_1_beta_1,opt_gamma_1_opt_beta_1,"{""100110000110110"": 3, ""000000000000000"": 1017}",100110000110110,"[""STR-001"", ""STR-002"", ""STR-003"", ""STR-004"", ""STR-005""]",1.6021,1.6021,1.75,0.0845,0.9155,True,0,1.0,0.003906,25,30,0.09,0.007,0.05,0.02,0.003,3,45,15,15,VALID,NONE,b78175245e45
EXP-PHASE-V-SIVAGANGA-P1-S1008,sivaganga,8084112330be,1e04ce839fef,1,1008,1024,AER_SIMULATOR,IDEAL_SIMULATION,COBYLA,gamma_1_beta_1,opt_gamma_1_opt_beta_1,"{""100110000110110"": 3, ""000000000000000"": 1017}",100110000110110,"[""STR-001"", ""STR-002"", ""STR-003"", ""STR-004"", ""STR-005""]",1.6021,1.6021,1.75,0.0845,0.9155,True,0,1.0,0.003906,25,30,0.09,0.007,0.05,0.02,0.003,3,45,15,15,VALID,NONE,902d64ae9746
EXP-PHASE-V-SIVAGANGA-P1-S1009,sivaganga,8084112330be,1e04ce839fef,1,1009,1024,AER_SIMULATOR,IDEAL_SIMULATION,COBYLA,gamma_1_beta_1,opt_gamma_1_opt_beta_1,"{""100110000110110"": 3, ""000000000000000"": 1017}",100110000110110,"[""STR-001"", ""STR-002"", ""STR-003"", ""STR-004"", ""STR-005""]",1.6021,1.6021,1.75,0.0845,0.9155,True,0,1.0,0.003906,25,30,0.09,0.007,0.05,0.02,0.003,3,45,15,15,VALID,NONE,abeff56569ef
EXP-PHASE-V-SIVAGANGA-P2-S1000,sivaganga,8084112330be,1e04ce839fef,2,1000,1024,AER_SIMULATOR,IDEAL_SIMULATION,COBYLA,gamma_2_beta_2,opt_gamma_2_opt_beta_2,"{""100110000110110"": 7, ""000000000000000"": 1017}",100110000110110,"[""STR-001"", ""STR-002"", ""STR-003"", ""STR-004"", ""STR-005""]",1.62,1.62,1.75,0.0743,0.9257,True,0,1.0,0.006836,50,60,0.17,0.007,0.1,0.04,0.003,5,75,30,15,VALID,NONE,6b07cc9d8d9a
EXP-PHASE-V-SIVAGANGA-P2-S1001,sivaganga,8084112330be,1e04ce839fef,2,1001,1024,AER_SIMULATOR,IDEAL_SIMULATION,COBYLA,gamma_2_beta_2,opt_gamma_2_opt_beta_2,"{""100110000110110"": 7, ""000000000000000"": 1017}",100110000110110,"[""STR-001"", ""STR-002"", ""STR-003"", ""STR-004"", ""STR-005""]",1.5,1.5,1.75,0.1429,0.8571,True,0,1.0,0.0,50,60,0.17,0.007,0.1,0.04,0.003,5,75,30,15,VALID,NONE,20a502806fef
EXP-PHASE-V-SIVAGANGA-P2-S1002,sivaganga,8084112330be,1e04ce839fef,2,1002,1024,AER_SIMULATOR,IDEAL_SIMULATION,COBYLA,gamma_2_beta_2,opt_gamma_2_opt_beta_2,"{""100110000110110"": 7, ""000000000000000"": 1017}",100110000110110,"[""STR-001"", ""STR-002"", ""STR-003"", ""STR-004"", ""STR-005""]",1.62,1.62,1.75,0.0743,0.9257,True,0,1.0,0.006836,50,60,0.17,0.007,0.1,0.04,0.003,5,75,30,15,VALID,NONE,3a8bea3b18ff
EXP-PHASE-V-SIVAGANGA-P2-S1003,sivaganga,8084112330be,1e04ce839fef,2,1003,1024,AER_SIMULATOR,IDEAL_SIMULATION,COBYLA,gamma_2_beta_2,opt_gamma_2_opt_beta_2,"{""100110000110110"": 7, ""000000000000000"": 1017}",100110000110110,"[""STR-001"", ""STR-002"", ""STR-003"", ""STR-004"", ""STR-005""]",1.5,1.5,1.75,0.1429,0.8571,True,0,1.0,0.0,50,60,0.17,0.007,0.1,0.04,0.003,5,75,30,15,VALID,NONE,f483929c92df
EXP-PHASE-V-SIVAGANGA-P2-S1004,sivaganga,8084112330be,1e04ce839fef,2,1004,1024,AER_SIMULATOR,IDEAL_SIMULATION,COBYLA,gamma_2_beta_2,opt_gamma_2_opt_beta_2,"{""100110000110110"": 7, ""000000000000000"": 1017}",100110000110110,"[""STR-001"", ""STR-002"", ""STR-003"", ""STR-004"", ""STR-005""]",1.62,1.62,1.75,0.0743,0.9257,True,0,1.0,0.006836,50,60,0.17,0.007,0.1,0.04,0.003,5,75,30,15,VALID,NONE,c3741f0a3c90
EXP-PHASE-V-SIVAGANGA-P2-S1005,sivaganga,8084112330be,1e04ce839fef,2,1005,1024,AER_SIMULATOR,IDEAL_SIMULATION,COBYLA,gamma_2_beta_2,opt_gamma_2_opt_beta_2,"{""100110000110110"": 7, ""000000000000000"": 1017}",100110000110110,"[""STR-001"", ""STR-002"", ""STR-003"", ""STR-004"", ""STR-005""]",1.6231,1.6231,1.75,0.0725,0.9275,True,0,1.0,0.006836,50,60,0.17,0.007,0.1,0.04,0.003,5,75,30,15,VALID,NONE,ae27d48d3541
EXP-PHASE-V-SIVAGANGA-P2-S1006,sivaganga,8084112330be,1e04ce839fef,2,1006,1024,AER_SIMULATOR,IDEAL_SIMULATION,COBYLA,gamma_2_beta_2,opt_gamma_2_opt_beta_2,"{""100110000110110"": 7, ""000000000000000"": 1017}",100110000110110,"[""STR-001"", ""STR-002"", ""STR-003"", ""STR-004"", ""STR-005""]",1.6231,1.6231,1.75,0.0725,0.9275,True,0,1.0,0.006836,50,60,0.17,0.007,0.1,0.04,0.003,5,75,30,15,VALID,NONE,cc5dc7a91ca4
EXP-PHASE-V-SIVAGANGA-P2-S1007,sivaganga,8084112330be,1e04ce839fef,2,1007,1024,AER_SIMULATOR,IDEAL_SIMULATION,COBYLA,gamma_2_beta_2,opt_gamma_2_opt_beta_2,"{""100110000110110"": 7, ""000000000000000"": 1017}",100110000110110,"[""STR-001"", ""STR-002"", ""STR-003"", ""STR-004"", ""STR-005""]",1.6231,1.6231,1.75,0.0725,0.9275,True,0,1.0,0.006836,50,60,0.17,0.007,0.1,0.04,0.003,5,75,30,15,VALID,NONE,1763a691bec4
EXP-PHASE-V-SIVAGANGA-P2-S1008,sivaganga,8084112330be,1e04ce839fef,2,1008,1024,AER_SIMULATOR,IDEAL_SIMULATION,COBYLA,gamma_2_beta_2,opt_gamma_2_opt_beta_2,"{""100110000110110"": 7, ""000000000000000"": 1017}",100110000110110,"[""STR-001"", ""STR-002"", ""STR-003"", ""STR-004"", ""STR-005""]",1.6231,1.6231,1.75,0.0725,0.9275,True,0,1.0,0.006836,50,60,0.17,0.007,0.1,0.04,0.003,5,75,30,15,VALID,NONE,92f6e920a062
EXP-PHASE-V-SIVAGANGA-P2-S1009,sivaganga,8084112330be,1e04ce839fef,2,1009,1024,AER_SIMULATOR,IDEAL_SIMULATION,COBYLA,gamma_2_beta_2,opt_gamma_2_opt_beta_2,"{""100110000110110"": 7, ""000000000000000"": 1017}",100110000110110,"[""STR-001"", ""STR-002"", ""STR-003"", ""STR-004"", ""STR-005""]",1.6231,1.6231,1.75,0.0725,0.9275,True,0,1.0,0.006836,50,60,0.17,0.007,0.1,0.04,0.003,5,75,30,15,VALID,NONE,f3e811a99f75
EXP-PHASE-V-SIVAGANGA-P3-S1000,sivaganga,8084112330be,1e04ce839fef,3,1000,1024,AER_SIMULATOR,IDEAL_SIMULATION,COBYLA,gamma_3_beta_3,opt_gamma_3_opt_beta_3,"{""100110000110110"": 7, ""000000000000000"": 1017}",100110000110110,"[""STR-001"", ""STR-002"", ""STR-003"", ""STR-004"", ""STR-005""]",1.6441,1.6441,1.75,0.0605,0.9395,True,0,1.0,0.006836,75,90,0.25,0.007,0.15000000000000002,0.06,0.003,7,105,45,15,VALID,NONE,c71f91840962
EXP-PHASE-V-SIVAGANGA-P3-S1001,sivaganga,8084112330be,1e04ce839fef,3,1001,1024,AER_SIMULATOR,IDEAL_SIMULATION,COBYLA,gamma_3_beta_3,opt_gamma_3_opt_beta_3,"{""100110000110110"": 7, ""000000000000000"": 1017}",100110000110110,"[""STR-001"", ""STR-002"", ""STR-003"", ""STR-004"", ""STR-005""]",1.6441,1.6441,1.75,0.0605,0.9395,True,0,1.0,0.006836,75,90,0.25,0.007,0.15000000000000002,0.06,0.003,7,105,45,15,VALID,NONE,301c881793c5
EXP-PHASE-V-SIVAGANGA-P3-S1002,sivaganga,8084112330be,1e04ce839fef,3,1002,1024,AER_SIMULATOR,IDEAL_SIMULATION,COBYLA,gamma_3_beta_3,opt_gamma_3_opt_beta_3,"{""100110000110110"": 7, ""000000000000000"": 1017}",100110000110110,"[""STR-001"", ""STR-002"", ""STR-003"", ""STR-004"", ""STR-005""]",1.6441,1.6441,1.75,0.0605,0.9395,True,0,1.0,0.006836,75,90,0.25,0.007,0.15000000000000002,0.06,0.003,7,105,45,15,VALID,NONE,c1198838b8de
EXP-PHASE-V-SIVAGANGA-P3-S1003,sivaganga,8084112330be,1e04ce839fef,3,1003,1024,AER_SIMULATOR,IDEAL_SIMULATION,COBYLA,gamma_3_beta_3,opt_gamma_3_opt_beta_3,"{""100110000110110"": 7, ""000000000000000"": 1017}",100110000110110,"[""STR-001"", ""STR-002"", ""STR-003"", ""STR-004"", ""STR-005""]",1.6441,1.6441,1.75,0.0605,0.9395,True,0,1.0,0.006836,75,90,0.25,0.007,0.15000000000000002,0.06,0.003,7,105,45,15,VALID,NONE,83a9ec05fa0a
EXP-PHASE-V-SIVAGANGA-P3-S1004,sivaganga,8084112330be,1e04ce839fef,3,1004,1024,AER_SIMULATOR,IDEAL_SIMULATION,COBYLA,gamma_3_beta_3,opt_gamma_3_opt_beta_3,"{""100110000110110"": 7, ""000000000000000"": 1017}",100110000110110,"[""STR-001"", ""STR-002"", ""STR-003"", ""STR-004"", ""STR-005""]",1.6441,1.6441,1.75,0.0605,0.9395,True,0,1.0,0.006836,75,90,0.25,0.007,0.15000000000000002,0.06,0.003,7,105,45,15,VALID,NONE,dbed0df3422c
EXP-PHASE-V-SIVAGANGA-P3-S1005,sivaganga,8084112330be,1e04ce839fef,3,1005,1024,AER_SIMULATOR,IDEAL_SIMULATION,COBYLA,gamma_3_beta_3,opt_gamma_3_opt_beta_3,"{""100110000110110"": 7, ""000000000000000"": 1017}",100110000110110,"[""STR-001"", ""STR-002"", ""STR-003"", ""STR-004"", ""STR-005""]",1.6441,1.6441,1.75,0.0605,0.9395,True,0,1.0,0.006836,75,90,0.25,0.007,0.15000000000000002,0.06,0.003,7,105,45,15,VALID,NONE,8841fe4298d0
EXP-PHASE-V-SIVAGANGA-P3-S1006,sivaganga,8084112330be,1e04ce839fef,3,1006,1024,AER_SIMULATOR,IDEAL_SIMULATION,COBYLA,gamma_3_beta_3,opt_gamma_3_opt_beta_3,"{""100110000110110"": 7, ""000000000000000"": 1017}",100110000110110,"[""STR-001"", ""STR-002"", ""STR-003"", ""STR-004"", ""STR-005""]",1.6441,1.6441,1.75,0.0605,0.9395,True,0,1.0,0.006836,75,90,0.25,0.007,0.15000000000000002,0.06,0.003,7,105,45,15,VALID,NONE,bac9ab9c18bc
EXP-PHASE-V-SIVAGANGA-P3-S1007,sivaganga,8084112330be,1e04ce839fef,3,1007,1024,AER_SIMULATOR,IDEAL_SIMULATION,COBYLA,gamma_3_beta_3,opt_gamma_3_opt_beta_3,"{""100110000110110"": 7, ""000000000000000"": 1017}",100110000110110,"[""STR-001"", ""STR-002"", ""STR-003"", ""STR-004"", ""STR-005""]",1.6441,1.6441,1.75,0.0605,0.9395,True,0,1.0,0.006836,75,90,0.25,0.007,0.15000000000000002,0.06,0.003,7,105,45,15,VALID,NONE,9d5321780983
EXP-PHASE-V-SIVAGANGA-P3-S1008,sivaganga,8084112330be,1e04ce839fef,3,1008,1024,AER_SIMULATOR,IDEAL_SIMULATION,COBYLA,gamma_3_beta_3,opt_gamma_3_opt_beta_3,"{""100110000110110"": 7, ""000000000000000"": 1017}",100110000110110,"[""STR-001"", ""STR-002"", ""STR-003"", ""STR-004"", ""STR-005""]",1.6441,1.6441,1.75,0.0605,0.9395,True,0,1.0,0.006836,75,90,0.25,0.007,0.15000000000000002,0.06,0.003,7,105,45,15,VALID,NONE,8af1e7cc7a3f
EXP-PHASE-V-SIVAGANGA-P3-S1009,sivaganga,8084112330be,1e04ce839fef,3,1009,1024,AER_SIMULATOR,IDEAL_SIMULATION,COBYLA,gamma_3_beta_3,opt_gamma_3_opt_beta_3,"{""100110000110110"": 7, ""000000000000000"": 1017}",100110000110110,"[""STR-001"", ""STR-002"", ""STR-003"", ""STR-004"", ""STR-005""]",1.6441,1.6441,1.75,0.0605,0.9395,True,0,1.0,0.006836,75,90,0.25,0.007,0.15000000000000002,0.06,0.003,7,105,45,15,VALID,NONE,f354601c7007
EXP-PHASE-V-SIVAGANGA-P4-S1000,sivaganga,8084112330be,1e04ce839fef,4,1000,1024,AER_SIMULATOR,IDEAL_SIMULATION,COBYLA,gamma_4_beta_4,opt_gamma_4_opt_beta_4,"{""100110000110110"": 7, ""000000000000000"": 1017}",100110000110110,"[""STR-001"", ""STR-002"", ""STR-003"", ""STR-004"", ""STR-005""]",1.6651,1.6651,1.75,0.0485,0.9515,True,0,1.0,0.006836,100,120,0.33,0.007,0.2,0.08,0.003,9,135,60,15,VALID,NONE,75a8ff85e897
EXP-PHASE-V-SIVAGANGA-P4-S1001,sivaganga,8084112330be,1e04ce839fef,4,1001,1024,AER_SIMULATOR,IDEAL_SIMULATION,COBYLA,gamma_4_beta_4,opt_gamma_4_opt_beta_4,"{""100110000110110"": 7, ""000000000000000"": 1017}",100110000110110,"[""STR-001"", ""STR-002"", ""STR-003"", ""STR-004"", ""STR-005""]",1.6651,1.6651,1.75,0.0485,0.9515,True,0,1.0,0.006836,100,120,0.33,0.007,0.2,0.08,0.003,9,135,60,15,VALID,NONE,0488169c6e40
EXP-PHASE-V-SIVAGANGA-P4-S1002,sivaganga,8084112330be,1e04ce839fef,4,1002,1024,AER_SIMULATOR,IDEAL_SIMULATION,COBYLA,gamma_4_beta_4,opt_gamma_4_opt_beta_4,"{""100110000110110"": 7, ""000000000000000"": 1017}",100110000110110,"[""STR-001"", ""STR-002"", ""STR-003"", ""STR-004"", ""STR-005""]",1.6651,1.6651,1.75,0.0485,0.9515,True,0,1.0,0.006836,100,120,0.33,0.007,0.2,0.08,0.003,9,135,60,15,VALID,NONE,2609c16cdbf4
EXP-PHASE-V-SIVAGANGA-P4-S1003,sivaganga,8084112330be,1e04ce839fef,4,1003,1024,AER_SIMULATOR,IDEAL_SIMULATION,COBYLA,gamma_4_beta_4,opt_gamma_4_opt_beta_4,"{""100110000110110"": 7, ""000000000000000"": 1017}",100110000110110,"[""STR-001"", ""STR-002"", ""STR-003"", ""STR-004"", ""STR-005""]",1.6651,1.6651,1.75,0.0485,0.9515,True,0,1.0,0.006836,100,120,0.33,0.007,0.2,0.08,0.003,9,135,60,15,VALID,NONE,d9c92b79ad49
EXP-PHASE-V-SIVAGANGA-P4-S1004,sivaganga,8084112330be,1e04ce839fef,4,1004,1024,AER_SIMULATOR,IDEAL_SIMULATION,COBYLA,gamma_4_beta_4,opt_gamma_4_opt_beta_4,"{""100110000110110"": 7, ""000000000000000"": 1017}",100110000110110,"[""STR-001"", ""STR-002"", ""STR-003"", ""STR-004"", ""STR-005""]",1.6651,1.6651,1.75,0.0485,0.9515,True,0,1.0,0.006836,100,120,0.33,0.007,0.2,0.08,0.003,9,135,60,15,VALID,NONE,3ee313215abf
EXP-PHASE-V-SIVAGANGA-P4-S1005,sivaganga,8084112330be,1e04ce839fef,4,1005,1024,AER_SIMULATOR,IDEAL_SIMULATION,COBYLA,gamma_4_beta_4,opt_gamma_4_opt_beta_4,"{""100110000110110"": 7, ""000000000000000"": 1017}",100110000110110,"[""STR-001"", ""STR-002"", ""STR-003"", ""STR-004"", ""STR-005""]",1.6651,1.6651,1.75,0.0485,0.9515,True,0,1.0,0.006836,100,120,0.33,0.007,0.2,0.08,0.003,9,135,60,15,VALID,NONE,7f3c0d045415
EXP-PHASE-V-SIVAGANGA-P4-S1006,sivaganga,8084112330be,1e04ce839fef,4,1006,1024,AER_SIMULATOR,IDEAL_SIMULATION,COBYLA,gamma_4_beta_4,opt_gamma_4_opt_beta_4,"{""100110000110110"": 7, ""000000000000000"": 1017}",100110000110110,"[""STR-001"", ""STR-002"", ""STR-003"", ""STR-004"", ""STR-005""]",1.6651,1.6651,1.75,0.0485,0.9515,True,0,1.0,0.006836,100,120,0.33,0.007,0.2,0.08,0.003,9,135,60,15,VALID,NONE,1aa3ef7f2406
EXP-PHASE-V-SIVAGANGA-P4-S1007,sivaganga,8084112330be,1e04ce839fef,4,1007,1024,AER_SIMULATOR,IDEAL_SIMULATION,COBYLA,gamma_4_beta_4,opt_gamma_4_opt_beta_4,"{""100110000110110"": 7, ""000000000000000"": 1017}",100110000110110,"[""STR-001"", ""STR-002"", ""STR-003"", ""STR-004"", ""STR-005""]",1.6651,1.6651,1.75,0.0485,0.9515,True,0,1.0,0.006836,100,120,0.33,0.007,0.2,0.08,0.003,9,135,60,15,VALID,NONE,6a4d3ee5a585
EXP-PHASE-V-SIVAGANGA-P4-S1008,sivaganga,8084112330be,1e04ce839fef,4,1008,1024,AER_SIMULATOR,IDEAL_SIMULATION,COBYLA,gamma_4_beta_4,opt_gamma_4_opt_beta_4,"{""100110000110110"": 7, ""000000000000000"": 1017}",100110000110110,"[""STR-001"", ""STR-002"", ""STR-003"", ""STR-004"", ""STR-005""]",1.6651,1.6651,1.75,0.0485,0.9515,True,0,1.0,0.006836,100,120,0.33,0.007,0.2,0.08,0.003,9,135,60,15,VALID,NONE,8d431146d272
EXP-PHASE-V-SIVAGANGA-P4-S1009,sivaganga,8084112330be,1e04ce839fef,4,1009,1024,AER_SIMULATOR,IDEAL_SIMULATION,COBYLA,gamma_4_beta_4,opt_gamma_4_opt_beta_4,"{""100110000110110"": 7, ""000000000000000"": 1017}",100110000110110,"[""STR-001"", ""STR-002"", ""STR-003"", ""STR-004"", ""STR-005""]",1.6651,1.6651,1.75,0.0485,0.9515,True,0,1.0,0.006836,100,120,0.33,0.007,0.2,0.08,0.003,9,135,60,15,VALID,NONE,258f2b44e67f
EXP-PHASE-V-SIVAGANGA-P5-S1000,sivaganga,8084112330be,1e04ce839fef,5,1000,1024,AER_SIMULATOR,IDEAL_SIMULATION,COBYLA,gamma_5_beta_5,opt_gamma_5_opt_beta_5,"{""100110000110110"": 7, ""000000000000000"": 1017}",100110000110110,"[""STR-001"", ""STR-002"", ""STR-003"", ""STR-004"", ""STR-005""]",1.6861,1.6861,1.75,0.0365,0.9635,True,0,1.0,0.006836,125,150,0.41,0.007,0.25,0.1,0.003,11,165,75,15,VALID,NONE,8a94ad90bb29
EXP-PHASE-V-SIVAGANGA-P5-S1001,sivaganga,8084112330be,1e04ce839fef,5,1001,1024,AER_SIMULATOR,IDEAL_SIMULATION,COBYLA,gamma_5_beta_5,opt_gamma_5_opt_beta_5,"{""100110000110110"": 7, ""000000000000000"": 1017}",100110000110110,"[""STR-001"", ""STR-002"", ""STR-003"", ""STR-004"", ""STR-005""]",1.6861,1.6861,1.75,0.0365,0.9635,True,0,1.0,0.006836,125,150,0.41,0.007,0.25,0.1,0.003,11,165,75,15,VALID,NONE,aa297ba98e21
EXP-PHASE-V-SIVAGANGA-P5-S1002,sivaganga,8084112330be,1e04ce839fef,5,1002,1024,AER_SIMULATOR,IDEAL_SIMULATION,COBYLA,gamma_5_beta_5,opt_gamma_5_opt_beta_5,"{""100110000110110"": 7, ""000000000000000"": 1017}",100110000110110,"[""STR-001"", ""STR-002"", ""STR-003"", ""STR-004"", ""STR-005""]",1.6861,1.6861,1.75,0.0365,0.9635,True,0,1.0,0.006836,125,150,0.41,0.007,0.25,0.1,0.003,11,165,75,15,VALID,NONE,045a62d67faa
EXP-PHASE-V-SIVAGANGA-P5-S1003,sivaganga,8084112330be,1e04ce839fef,5,1003,1024,AER_SIMULATOR,IDEAL_SIMULATION,COBYLA,gamma_5_beta_5,opt_gamma_5_opt_beta_5,"{""100110000110110"": 7, ""000000000000000"": 1017}",100110000110110,"[""STR-001"", ""STR-002"", ""STR-003"", ""STR-004"", ""STR-005""]",1.6861,1.6861,1.75,0.0365,0.9635,True,0,1.0,0.006836,125,150,0.41,0.007,0.25,0.1,0.003,11,165,75,15,VALID,NONE,4ae1aa714e94
EXP-PHASE-V-SIVAGANGA-P5-S1004,sivaganga,8084112330be,1e04ce839fef,5,1004,1024,AER_SIMULATOR,IDEAL_SIMULATION,COBYLA,gamma_5_beta_5,opt_gamma_5_opt_beta_5,"{""100110000110110"": 7, ""000000000000000"": 1017}",100110000110110,"[""STR-001"", ""STR-002"", ""STR-003"", ""STR-004"", ""STR-005""]",1.6861,1.6861,1.75,0.0365,0.9635,True,0,1.0,0.006836,125,150,0.41,0.007,0.25,0.1,0.003,11,165,75,15,VALID,NONE,ea7b7b9e5b8b
EXP-PHASE-V-SIVAGANGA-P5-S1005,sivaganga,8084112330be,1e04ce839fef,5,1005,1024,AER_SIMULATOR,IDEAL_SIMULATION,COBYLA,gamma_5_beta_5,opt_gamma_5_opt_beta_5,"{""100110000110110"": 7, ""000000000000000"": 1017}",100110000110110,"[""STR-001"", ""STR-002"", ""STR-003"", ""STR-004"", ""STR-005""]",1.6861,1.6861,1.75,0.0365,0.9635,True,0,1.0,0.006836,125,150,0.41,0.007,0.25,0.1,0.003,11,165,75,15,VALID,NONE,53b22e1eb55e
EXP-PHASE-V-SIVAGANGA-P5-S1006,sivaganga,8084112330be,1e04ce839fef,5,1006,1024,AER_SIMULATOR,IDEAL_SIMULATION,COBYLA,gamma_5_beta_5,opt_gamma_5_opt_beta_5,"{""100110000110110"": 7, ""000000000000000"": 1017}",100110000110110,"[""STR-001"", ""STR-002"", ""STR-003"", ""STR-004"", ""STR-005""]",1.6861,1.6861,1.75,0.0365,0.9635,True,0,1.0,0.006836,125,150,0.41,0.007,0.25,0.1,0.003,11,165,75,15,VALID,NONE,1ddfa325169f
EXP-PHASE-V-SIVAGANGA-P5-S1007,sivaganga,8084112330be,1e04ce839fef,5,1007,1024,AER_SIMULATOR,IDEAL_SIMULATION,COBYLA,gamma_5_beta_5,opt_gamma_5_opt_beta_5,"{""100110000110110"": 7, ""000000000000000"": 1017}",100110000110110,"[""STR-001"", ""STR-002"", ""STR-003"", ""STR-004"", ""STR-005""]",1.6861,1.6861,1.75,0.0365,0.9635,True,0,1.0,0.006836,125,150,0.41,0.007,0.25,0.1,0.003,11,165,75,15,VALID,NONE,7c876ed19dce
EXP-PHASE-V-SIVAGANGA-P5-S1008,sivaganga,8084112330be,1e04ce839fef,5,1008,1024,AER_SIMULATOR,IDEAL_SIMULATION,COBYLA,gamma_5_beta_5,opt_gamma_5_opt_beta_5,"{""100110000110110"": 7, ""000000000000000"": 1017}",100110000110110,"[""STR-001"", ""STR-002"", ""STR-003"", ""STR-004"", ""STR-005""]",1.6861,1.6861,1.75,0.0365,0.9635,True,0,1.0,0.006836,125,150,0.41,0.007,0.25,0.1,0.003,11,165,75,15,VALID,NONE,7d6fcaf8f928
EXP-PHASE-V-SIVAGANGA-P5-S1009,sivaganga,8084112330be,1e04ce839fef,5,1009,1024,AER_SIMULATOR,IDEAL_SIMULATION,COBYLA,gamma_5_beta_5,opt_gamma_5_opt_beta_5,"{""100110000110110"": 7, ""000000000000000"": 1017}",100110000110110,"[""STR-001"", ""STR-002"", ""STR-003"", ""STR-004"", ""STR-005""]",1.6861,1.6861,1.75,0.0365,0.9635,True,0,1.0,0.006836,125,150,0.41,0.007,0.25,0.1,0.003,11,165,75,15,VALID,NONE,054d37e54a73
EXP-PHASE-V-TENKASI-P1-S1000,tenkasi,1a7be1c63f87,2f383a57440c,1,1000,1024,AER_SIMULATOR,IDEAL_SIMULATION,COBYLA,gamma_1_beta_1,opt_gamma_1_opt_beta_1,"{""100110000110110"": 3, ""000000000000000"": 1017}",100110000110110,"[""STR-001"", ""STR-002"", ""STR-003"", ""STR-004"", ""STR-005""]",1.6021,1.6021,1.75,0.0845,0.9155,True,0,1.0,0.003906,25,30,0.09,0.007,0.05,0.02,0.003,3,45,15,15,VALID,NONE,cb627d81e33e
EXP-PHASE-V-TENKASI-P1-S1001,tenkasi,1a7be1c63f87,2f383a57440c,1,1001,1024,AER_SIMULATOR,IDEAL_SIMULATION,COBYLA,gamma_1_beta_1,opt_gamma_1_opt_beta_1,"{""100110000110110"": 3, ""000000000000000"": 1017}",100110000110110,"[""STR-001"", ""STR-002"", ""STR-003"", ""STR-004"", ""STR-005""]",1.6021,1.6021,1.75,0.0845,0.9155,True,0,1.0,0.003906,25,30,0.09,0.007,0.05,0.02,0.003,3,45,15,15,VALID,NONE,d0852fbe8d10
EXP-PHASE-V-TENKASI-P1-S1002,tenkasi,1a7be1c63f87,2f383a57440c,1,1002,1024,AER_SIMULATOR,IDEAL_SIMULATION,COBYLA,gamma_1_beta_1,opt_gamma_1_opt_beta_1,"{""100110000110110"": 3, ""000000000000000"": 1017}",100110000110110,"[""STR-001"", ""STR-002"", ""STR-003"", ""STR-004"", ""STR-005""]",1.6021,1.6021,1.75,0.0845,0.9155,True,0,1.0,0.003906,25,30,0.09,0.007,0.05,0.02,0.003,3,45,15,15,VALID,NONE,e553c6f7ff5a
EXP-PHASE-V-TENKASI-P1-S1003,tenkasi,1a7be1c63f87,2f383a57440c,1,1003,1024,AER_SIMULATOR,IDEAL_SIMULATION,COBYLA,gamma_1_beta_1,opt_gamma_1_opt_beta_1,"{""100110000110110"": 3, ""000000000000000"": 1017}",100110000110110,"[""STR-001"", ""STR-002"", ""STR-003"", ""STR-004"", ""STR-005""]",1.6021,1.6021,1.75,0.0845,0.9155,True,0,1.0,0.003906,25,30,0.09,0.007,0.05,0.02,0.003,3,45,15,15,VALID,NONE,7de3dea59525
EXP-PHASE-V-TENKASI-P1-S1004,tenkasi,1a7be1c63f87,2f383a57440c,1,1004,1024,AER_SIMULATOR,IDEAL_SIMULATION,COBYLA,gamma_1_beta_1,opt_gamma_1_opt_beta_1,"{""100110000110110"": 3, ""000000000000000"": 1017}",100110000110110,"[""STR-001"", ""STR-002"", ""STR-003"", ""STR-004"", ""STR-005""]",1.6021,1.6021,1.75,0.0845,0.9155,True,0,1.0,0.003906,25,30,0.09,0.007,0.05,0.02,0.003,3,45,15,15,VALID,NONE,c6f0d9708361
EXP-PHASE-V-TENKASI-P1-S1005,tenkasi,1a7be1c63f87,2f383a57440c,1,1005,1024,AER_SIMULATOR,IDEAL_SIMULATION,COBYLA,gamma_1_beta_1,opt_gamma_1_opt_beta_1,"{""100110000110110"": 3, ""000000000000000"": 1017}",100110000110110,"[""STR-001"", ""STR-002"", ""STR-003"", ""STR-004"", ""STR-005""]",1.6021,1.6021,1.75,0.0845,0.9155,True,0,1.0,0.003906,25,30,0.09,0.007,0.05,0.02,0.003,3,45,15,15,VALID,NONE,1bea9a50fa5f
EXP-PHASE-V-TENKASI-P1-S1006,tenkasi,1a7be1c63f87,2f383a57440c,1,1006,1024,AER_SIMULATOR,IDEAL_SIMULATION,COBYLA,gamma_1_beta_1,opt_gamma_1_opt_beta_1,"{""100110000110110"": 3, ""000000000000000"": 1017}",100110000110110,"[""STR-001"", ""STR-002"", ""STR-003"", ""STR-004"", ""STR-005""]",1.6021,1.6021,1.75,0.0845,0.9155,True,0,1.0,0.003906,25,30,0.09,0.007,0.05,0.02,0.003,3,45,15,15,VALID,NONE,2d8bb0bb2832
EXP-PHASE-V-TENKASI-P1-S1007,tenkasi,1a7be1c63f87,2f383a57440c,1,1007,1024,AER_SIMULATOR,IDEAL_SIMULATION,COBYLA,gamma_1_beta_1,opt_gamma_1_opt_beta_1,"{""100110000110110"": 3, ""000000000000000"": 1017}",100110000110110,"[""STR-001"", ""STR-002"", ""STR-003"", ""STR-004"", ""STR-005""]",1.6021,1.6021,1.75,0.0845,0.9155,True,0,1.0,0.003906,25,30,0.09,0.007,0.05,0.02,0.003,3,45,15,15,VALID,NONE,8ab1ad2d9bf5
EXP-PHASE-V-TENKASI-P1-S1008,tenkasi,1a7be1c63f87,2f383a57440c,1,1008,1024,AER_SIMULATOR,IDEAL_SIMULATION,COBYLA,gamma_1_beta_1,opt_gamma_1_opt_beta_1,"{""100110000110110"": 3, ""000000000000000"": 1017}",100110000110110,"[""STR-001"", ""STR-002"", ""STR-003"", ""STR-004"", ""STR-005""]",1.6021,1.6021,1.75,0.0845,0.9155,True,0,1.0,0.003906,25,30,0.09,0.007,0.05,0.02,0.003,3,45,15,15,VALID,NONE,5746064bc524
EXP-PHASE-V-TENKASI-P1-S1009,tenkasi,1a7be1c63f87,2f383a57440c,1,1009,1024,AER_SIMULATOR,IDEAL_SIMULATION,COBYLA,gamma_1_beta_1,opt_gamma_1_opt_beta_1,"{""100110000110110"": 3, ""000000000000000"": 1017}",100110000110110,"[""STR-001"", ""STR-002"", ""STR-003"", ""STR-004"", ""STR-005""]",1.6021,1.6021,1.75,0.0845,0.9155,True,0,1.0,0.003906,25,30,0.09,0.007,0.05,0.02,0.003,3,45,15,15,VALID,NONE,3f93a7a6ddda
EXP-PHASE-V-TENKASI-P2-S1000,tenkasi,1a7be1c63f87,2f383a57440c,2,1000,1024,AER_SIMULATOR,IDEAL_SIMULATION,COBYLA,gamma_2_beta_2,opt_gamma_2_opt_beta_2,"{""100110000110110"": 7, ""000000000000000"": 1017}",100110000110110,"[""STR-001"", ""STR-002"", ""STR-003"", ""STR-004"", ""STR-005""]",1.62,1.62,1.75,0.0743,0.9257,True,0,1.0,0.006836,50,60,0.17,0.007,0.1,0.04,0.003,5,75,30,15,VALID,NONE,c2a69855f479
EXP-PHASE-V-TENKASI-P2-S1001,tenkasi,1a7be1c63f87,2f383a57440c,2,1001,1024,AER_SIMULATOR,IDEAL_SIMULATION,COBYLA,gamma_2_beta_2,opt_gamma_2_opt_beta_2,"{""100110000110110"": 7, ""000000000000000"": 1017}",100110000110110,"[""STR-001"", ""STR-002"", ""STR-003"", ""STR-004"", ""STR-005""]",1.5,1.5,1.75,0.1429,0.8571,True,0,1.0,0.0,50,60,0.17,0.007,0.1,0.04,0.003,5,75,30,15,VALID,NONE,04a25ac53dfa
EXP-PHASE-V-TENKASI-P2-S1002,tenkasi,1a7be1c63f87,2f383a57440c,2,1002,1024,AER_SIMULATOR,IDEAL_SIMULATION,COBYLA,gamma_2_beta_2,opt_gamma_2_opt_beta_2,"{""100110000110110"": 7, ""000000000000000"": 1017}",100110000110110,"[""STR-001"", ""STR-002"", ""STR-003"", ""STR-004"", ""STR-005""]",1.62,1.62,1.75,0.0743,0.9257,True,0,1.0,0.006836,50,60,0.17,0.007,0.1,0.04,0.003,5,75,30,15,VALID,NONE,26ab150692e4
EXP-PHASE-V-TENKASI-P2-S1003,tenkasi,1a7be1c63f87,2f383a57440c,2,1003,1024,AER_SIMULATOR,IDEAL_SIMULATION,COBYLA,gamma_2_beta_2,opt_gamma_2_opt_beta_2,"{""100110000110110"": 7, ""000000000000000"": 1017}",100110000110110,"[""STR-001"", ""STR-002"", ""STR-003"", ""STR-004"", ""STR-005""]",1.5,1.5,1.75,0.1429,0.8571,True,0,1.0,0.0,50,60,0.17,0.007,0.1,0.04,0.003,5,75,30,15,VALID,NONE,1aab0a86c7ec
EXP-PHASE-V-TENKASI-P2-S1004,tenkasi,1a7be1c63f87,2f383a57440c,2,1004,1024,AER_SIMULATOR,IDEAL_SIMULATION,COBYLA,gamma_2_beta_2,opt_gamma_2_opt_beta_2,"{""100110000110110"": 7, ""000000000000000"": 1017}",100110000110110,"[""STR-001"", ""STR-002"", ""STR-003"", ""STR-004"", ""STR-005""]",1.62,1.62,1.75,0.0743,0.9257,True,0,1.0,0.006836,50,60,0.17,0.007,0.1,0.04,0.003,5,75,30,15,VALID,NONE,c7928de92d3c
EXP-PHASE-V-TENKASI-P2-S1005,tenkasi,1a7be1c63f87,2f383a57440c,2,1005,1024,AER_SIMULATOR,IDEAL_SIMULATION,COBYLA,gamma_2_beta_2,opt_gamma_2_opt_beta_2,"{""100110000110110"": 7, ""000000000000000"": 1017}",100110000110110,"[""STR-001"", ""STR-002"", ""STR-003"", ""STR-004"", ""STR-005""]",1.6231,1.6231,1.75,0.0725,0.9275,True,0,1.0,0.006836,50,60,0.17,0.007,0.1,0.04,0.003,5,75,30,15,VALID,NONE,3c299c26b462
EXP-PHASE-V-TENKASI-P2-S1006,tenkasi,1a7be1c63f87,2f383a57440c,2,1006,1024,AER_SIMULATOR,IDEAL_SIMULATION,COBYLA,gamma_2_beta_2,opt_gamma_2_opt_beta_2,"{""100110000110110"": 7, ""000000000000000"": 1017}",100110000110110,"[""STR-001"", ""STR-002"", ""STR-003"", ""STR-004"", ""STR-005""]",1.6231,1.6231,1.75,0.0725,0.9275,True,0,1.0,0.006836,50,60,0.17,0.007,0.1,0.04,0.003,5,75,30,15,VALID,NONE,e7a6ce201340
EXP-PHASE-V-TENKASI-P2-S1007,tenkasi,1a7be1c63f87,2f383a57440c,2,1007,1024,AER_SIMULATOR,IDEAL_SIMULATION,COBYLA,gamma_2_beta_2,opt_gamma_2_opt_beta_2,"{""100110000110110"": 7, ""000000000000000"": 1017}",100110000110110,"[""STR-001"", ""STR-002"", ""STR-003"", ""STR-004"", ""STR-005""]",1.6231,1.6231,1.75,0.0725,0.9275,True,0,1.0,0.006836,50,60,0.17,0.007,0.1,0.04,0.003,5,75,30,15,VALID,NONE,4ab45ec30941
EXP-PHASE-V-TENKASI-P2-S1008,tenkasi,1a7be1c63f87,2f383a57440c,2,1008,1024,AER_SIMULATOR,IDEAL_SIMULATION,COBYLA,gamma_2_beta_2,opt_gamma_2_opt_beta_2,"{""100110000110110"": 7, ""000000000000000"": 1017}",100110000110110,"[""STR-001"", ""STR-002"", ""STR-003"", ""STR-004"", ""STR-005""]",1.6231,1.6231,1.75,0.0725,0.9275,True,0,1.0,0.006836,50,60,0.17,0.007,0.1,0.04,0.003,5,75,30,15,VALID,NONE,1f65f99bc2b6
EXP-PHASE-V-TENKASI-P2-S1009,tenkasi,1a7be1c63f87,2f383a57440c,2,1009,1024,AER_SIMULATOR,IDEAL_SIMULATION,COBYLA,gamma_2_beta_2,opt_gamma_2_opt_beta_2,"{""100110000110110"": 7, ""000000000000000"": 1017}",100110000110110,"[""STR-001"", ""STR-002"", ""STR-003"", ""STR-004"", ""STR-005""]",1.6231,1.6231,1.75,0.0725,0.9275,True,0,1.0,0.006836,50,60,0.17,0.007,0.1,0.04,0.003,5,75,30,15,VALID,NONE,c912e8293989
EXP-PHASE-V-TENKASI-P3-S1000,tenkasi,1a7be1c63f87,2f383a57440c,3,1000,1024,AER_SIMULATOR,IDEAL_SIMULATION,COBYLA,gamma_3_beta_3,opt_gamma_3_opt_beta_3,"{""100110000110110"": 7, ""000000000000000"": 1017}",100110000110110,"[""STR-001"", ""STR-002"", ""STR-003"", ""STR-004"", ""STR-005""]",1.6441,1.6441,1.75,0.0605,0.9395,True,0,1.0,0.006836,75,90,0.25,0.007,0.15000000000000002,0.06,0.003,7,105,45,15,VALID,NONE,ccb0e7589362
EXP-PHASE-V-TENKASI-P3-S1001,tenkasi,1a7be1c63f87,2f383a57440c,3,1001,1024,AER_SIMULATOR,IDEAL_SIMULATION,COBYLA,gamma_3_beta_3,opt_gamma_3_opt_beta_3,"{""100110000110110"": 7, ""000000000000000"": 1017}",100110000110110,"[""STR-001"", ""STR-002"", ""STR-003"", ""STR-004"", ""STR-005""]",1.6441,1.6441,1.75,0.0605,0.9395,True,0,1.0,0.006836,75,90,0.25,0.007,0.15000000000000002,0.06,0.003,7,105,45,15,VALID,NONE,7bce1dd61e49
EXP-PHASE-V-TENKASI-P3-S1002,tenkasi,1a7be1c63f87,2f383a57440c,3,1002,1024,AER_SIMULATOR,IDEAL_SIMULATION,COBYLA,gamma_3_beta_3,opt_gamma_3_opt_beta_3,"{""100110000110110"": 7, ""000000000000000"": 1017}",100110000110110,"[""STR-001"", ""STR-002"", ""STR-003"", ""STR-004"", ""STR-005""]",1.6441,1.6441,1.75,0.0605,0.9395,True,0,1.0,0.006836,75,90,0.25,0.007,0.15000000000000002,0.06,0.003,7,105,45,15,VALID,NONE,9fce3f585d61
EXP-PHASE-V-TENKASI-P3-S1003,tenkasi,1a7be1c63f87,2f383a57440c,3,1003,1024,AER_SIMULATOR,IDEAL_SIMULATION,COBYLA,gamma_3_beta_3,opt_gamma_3_opt_beta_3,"{""100110000110110"": 7, ""000000000000000"": 1017}",100110000110110,"[""STR-001"", ""STR-002"", ""STR-003"", ""STR-004"", ""STR-005""]",1.6441,1.6441,1.75,0.0605,0.9395,True,0,1.0,0.006836,75,90,0.25,0.007,0.15000000000000002,0.06,0.003,7,105,45,15,VALID,NONE,60462932274d
EXP-PHASE-V-TENKASI-P3-S1004,tenkasi,1a7be1c63f87,2f383a57440c,3,1004,1024,AER_SIMULATOR,IDEAL_SIMULATION,COBYLA,gamma_3_beta_3,opt_gamma_3_opt_beta_3,"{""100110000110110"": 7, ""000000000000000"": 1017}",100110000110110,"[""STR-001"", ""STR-002"", ""STR-003"", ""STR-004"", ""STR-005""]",1.6441,1.6441,1.75,0.0605,0.9395,True,0,1.0,0.006836,75,90,0.25,0.007,0.15000000000000002,0.06,0.003,7,105,45,15,VALID,NONE,6cfe5185a681
EXP-PHASE-V-TENKASI-P3-S1005,tenkasi,1a7be1c63f87,2f383a57440c,3,1005,1024,AER_SIMULATOR,IDEAL_SIMULATION,COBYLA,gamma_3_beta_3,opt_gamma_3_opt_beta_3,"{""100110000110110"": 7, ""000000000000000"": 1017}",100110000110110,"[""STR-001"", ""STR-002"", ""STR-003"", ""STR-004"", ""STR-005""]",1.6441,1.6441,1.75,0.0605,0.9395,True,0,1.0,0.006836,75,90,0.25,0.007,0.15000000000000002,0.06,0.003,7,105,45,15,VALID,NONE,883e9dc398e1
EXP-PHASE-V-TENKASI-P3-S1006,tenkasi,1a7be1c63f87,2f383a57440c,3,1006,1024,AER_SIMULATOR,IDEAL_SIMULATION,COBYLA,gamma_3_beta_3,opt_gamma_3_opt_beta_3,"{""100110000110110"": 7, ""000000000000000"": 1017}",100110000110110,"[""STR-001"", ""STR-002"", ""STR-003"", ""STR-004"", ""STR-005""]",1.6441,1.6441,1.75,0.0605,0.9395,True,0,1.0,0.006836,75,90,0.25,0.007,0.15000000000000002,0.06,0.003,7,105,45,15,VALID,NONE,2a4d8a6e7789
EXP-PHASE-V-TENKASI-P3-S1007,tenkasi,1a7be1c63f87,2f383a57440c,3,1007,1024,AER_SIMULATOR,IDEAL_SIMULATION,COBYLA,gamma_3_beta_3,opt_gamma_3_opt_beta_3,"{""100110000110110"": 7, ""000000000000000"": 1017}",100110000110110,"[""STR-001"", ""STR-002"", ""STR-003"", ""STR-004"", ""STR-005""]",1.6441,1.6441,1.75,0.0605,0.9395,True,0,1.0,0.006836,75,90,0.25,0.007,0.15000000000000002,0.06,0.003,7,105,45,15,VALID,NONE,e9ce778e32ba
EXP-PHASE-V-TENKASI-P3-S1008,tenkasi,1a7be1c63f87,2f383a57440c,3,1008,1024,AER_SIMULATOR,IDEAL_SIMULATION,COBYLA,gamma_3_beta_3,opt_gamma_3_opt_beta_3,"{""100110000110110"": 7, ""000000000000000"": 1017}",100110000110110,"[""STR-001"", ""STR-002"", ""STR-003"", ""STR-004"", ""STR-005""]",1.6441,1.6441,1.75,0.0605,0.9395,True,0,1.0,0.006836,75,90,0.25,0.007,0.15000000000000002,0.06,0.003,7,105,45,15,VALID,NONE,a5e2c7bf1038
EXP-PHASE-V-TENKASI-P3-S1009,tenkasi,1a7be1c63f87,2f383a57440c,3,1009,1024,AER_SIMULATOR,IDEAL_SIMULATION,COBYLA,gamma_3_beta_3,opt_gamma_3_opt_beta_3,"{""100110000110110"": 7, ""000000000000000"": 1017}",100110000110110,"[""STR-001"", ""STR-002"", ""STR-003"", ""STR-004"", ""STR-005""]",1.6441,1.6441,1.75,0.0605,0.9395,True,0,1.0,0.006836,75,90,0.25,0.007,0.15000000000000002,0.06,0.003,7,105,45,15,VALID,NONE,a5cbd2cf732a
EXP-PHASE-V-TENKASI-P4-S1000,tenkasi,1a7be1c63f87,2f383a57440c,4,1000,1024,AER_SIMULATOR,IDEAL_SIMULATION,COBYLA,gamma_4_beta_4,opt_gamma_4_opt_beta_4,"{""100110000110110"": 7, ""000000000000000"": 1017}",100110000110110,"[""STR-001"", ""STR-002"", ""STR-003"", ""STR-004"", ""STR-005""]",1.6651,1.6651,1.75,0.0485,0.9515,True,0,1.0,0.006836,100,120,0.33,0.007,0.2,0.08,0.003,9,135,60,15,VALID,NONE,590441421151
EXP-PHASE-V-TENKASI-P4-S1001,tenkasi,1a7be1c63f87,2f383a57440c,4,1001,1024,AER_SIMULATOR,IDEAL_SIMULATION,COBYLA,gamma_4_beta_4,opt_gamma_4_opt_beta_4,"{""100110000110110"": 7, ""000000000000000"": 1017}",100110000110110,"[""STR-001"", ""STR-002"", ""STR-003"", ""STR-004"", ""STR-005""]",1.6651,1.6651,1.75,0.0485,0.9515,True,0,1.0,0.006836,100,120,0.33,0.007,0.2,0.08,0.003,9,135,60,15,VALID,NONE,27ce068b4cc5
EXP-PHASE-V-TENKASI-P4-S1002,tenkasi,1a7be1c63f87,2f383a57440c,4,1002,1024,AER_SIMULATOR,IDEAL_SIMULATION,COBYLA,gamma_4_beta_4,opt_gamma_4_opt_beta_4,"{""100110000110110"": 7, ""000000000000000"": 1017}",100110000110110,"[""STR-001"", ""STR-002"", ""STR-003"", ""STR-004"", ""STR-005""]",1.6651,1.6651,1.75,0.0485,0.9515,True,0,1.0,0.006836,100,120,0.33,0.007,0.2,0.08,0.003,9,135,60,15,VALID,NONE,3e9ed0ecd55c
EXP-PHASE-V-TENKASI-P4-S1003,tenkasi,1a7be1c63f87,2f383a57440c,4,1003,1024,AER_SIMULATOR,IDEAL_SIMULATION,COBYLA,gamma_4_beta_4,opt_gamma_4_opt_beta_4,"{""100110000110110"": 7, ""000000000000000"": 1017}",100110000110110,"[""STR-001"", ""STR-002"", ""STR-003"", ""STR-004"", ""STR-005""]",1.6651,1.6651,1.75,0.0485,0.9515,True,0,1.0,0.006836,100,120,0.33,0.007,0.2,0.08,0.003,9,135,60,15,VALID,NONE,ccef1cf3c0ef
EXP-PHASE-V-TENKASI-P4-S1004,tenkasi,1a7be1c63f87,2f383a57440c,4,1004,1024,AER_SIMULATOR,IDEAL_SIMULATION,COBYLA,gamma_4_beta_4,opt_gamma_4_opt_beta_4,"{""100110000110110"": 7, ""000000000000000"": 1017}",100110000110110,"[""STR-001"", ""STR-002"", ""STR-003"", ""STR-004"", ""STR-005""]",1.6651,1.6651,1.75,0.0485,0.9515,True,0,1.0,0.006836,100,120,0.33,0.007,0.2,0.08,0.003,9,135,60,15,VALID,NONE,2ef643c35b32
EXP-PHASE-V-TENKASI-P4-S1005,tenkasi,1a7be1c63f87,2f383a57440c,4,1005,1024,AER_SIMULATOR,IDEAL_SIMULATION,COBYLA,gamma_4_beta_4,opt_gamma_4_opt_beta_4,"{""100110000110110"": 7, ""000000000000000"": 1017}",100110000110110,"[""STR-001"", ""STR-002"", ""STR-003"", ""STR-004"", ""STR-005""]",1.6651,1.6651,1.75,0.0485,0.9515,True,0,1.0,0.006836,100,120,0.33,0.007,0.2,0.08,0.003,9,135,60,15,VALID,NONE,4853dc3d6adb
EXP-PHASE-V-TENKASI-P4-S1006,tenkasi,1a7be1c63f87,2f383a57440c,4,1006,1024,AER_SIMULATOR,IDEAL_SIMULATION,COBYLA,gamma_4_beta_4,opt_gamma_4_opt_beta_4,"{""100110000110110"": 7, ""000000000000000"": 1017}",100110000110110,"[""STR-001"", ""STR-002"", ""STR-003"", ""STR-004"", ""STR-005""]",1.6651,1.6651,1.75,0.0485,0.9515,True,0,1.0,0.006836,100,120,0.33,0.007,0.2,0.08,0.003,9,135,60,15,VALID,NONE,bf48b2d57212
EXP-PHASE-V-TENKASI-P4-S1007,tenkasi,1a7be1c63f87,2f383a57440c,4,1007,1024,AER_SIMULATOR,IDEAL_SIMULATION,COBYLA,gamma_4_beta_4,opt_gamma_4_opt_beta_4,"{""100110000110110"": 7, ""000000000000000"": 1017}",100110000110110,"[""STR-001"", ""STR-002"", ""STR-003"", ""STR-004"", ""STR-005""]",1.6651,1.6651,1.75,0.0485,0.9515,True,0,1.0,0.006836,100,120,0.33,0.007,0.2,0.08,0.003,9,135,60,15,VALID,NONE,229b90905bbb
EXP-PHASE-V-TENKASI-P4-S1008,tenkasi,1a7be1c63f87,2f383a57440c,4,1008,1024,AER_SIMULATOR,IDEAL_SIMULATION,COBYLA,gamma_4_beta_4,opt_gamma_4_opt_beta_4,"{""100110000110110"": 7, ""000000000000000"": 1017}",100110000110110,"[""STR-001"", ""STR-002"", ""STR-003"", ""STR-004"", ""STR-005""]",1.6651,1.6651,1.75,0.0485,0.9515,True,0,1.0,0.006836,100,120,0.33,0.007,0.2,0.08,0.003,9,135,60,15,VALID,NONE,e3dd3f9ec673
EXP-PHASE-V-TENKASI-P4-S1009,tenkasi,1a7be1c63f87,2f383a57440c,4,1009,1024,AER_SIMULATOR,IDEAL_SIMULATION,COBYLA,gamma_4_beta_4,opt_gamma_4_opt_beta_4,"{""100110000110110"": 7, ""000000000000000"": 1017}",100110000110110,"[""STR-001"", ""STR-002"", ""STR-003"", ""STR-004"", ""STR-005""]",1.6651,1.6651,1.75,0.0485,0.9515,True,0,1.0,0.006836,100,120,0.33,0.007,0.2,0.08,0.003,9,135,60,15,VALID,NONE,c9fe6fa179df
EXP-PHASE-V-TENKASI-P5-S1000,tenkasi,1a7be1c63f87,2f383a57440c,5,1000,1024,AER_SIMULATOR,IDEAL_SIMULATION,COBYLA,gamma_5_beta_5,opt_gamma_5_opt_beta_5,"{""100110000110110"": 7, ""000000000000000"": 1017}",100110000110110,"[""STR-001"", ""STR-002"", ""STR-003"", ""STR-004"", ""STR-005""]",1.6861,1.6861,1.75,0.0365,0.9635,True,0,1.0,0.006836,125,150,0.41,0.007,0.25,0.1,0.003,11,165,75,15,VALID,NONE,eb3885f15d64
EXP-PHASE-V-TENKASI-P5-S1001,tenkasi,1a7be1c63f87,2f383a57440c,5,1001,1024,AER_SIMULATOR,IDEAL_SIMULATION,COBYLA,gamma_5_beta_5,opt_gamma_5_opt_beta_5,"{""100110000110110"": 7, ""000000000000000"": 1017}",100110000110110,"[""STR-001"", ""STR-002"", ""STR-003"", ""STR-004"", ""STR-005""]",1.6861,1.6861,1.75,0.0365,0.9635,True,0,1.0,0.006836,125,150,0.41,0.007,0.25,0.1,0.003,11,165,75,15,VALID,NONE,5baa72f7ef0a
EXP-PHASE-V-TENKASI-P5-S1002,tenkasi,1a7be1c63f87,2f383a57440c,5,1002,1024,AER_SIMULATOR,IDEAL_SIMULATION,COBYLA,gamma_5_beta_5,opt_gamma_5_opt_beta_5,"{""100110000110110"": 7, ""000000000000000"": 1017}",100110000110110,"[""STR-001"", ""STR-002"", ""STR-003"", ""STR-004"", ""STR-005""]",1.6861,1.6861,1.75,0.0365,0.9635,True,0,1.0,0.006836,125,150,0.41,0.007,0.25,0.1,0.003,11,165,75,15,VALID,NONE,73ce4ed7e6a4
EXP-PHASE-V-TENKASI-P5-S1003,tenkasi,1a7be1c63f87,2f383a57440c,5,1003,1024,AER_SIMULATOR,IDEAL_SIMULATION,COBYLA,gamma_5_beta_5,opt_gamma_5_opt_beta_5,"{""100110000110110"": 7, ""000000000000000"": 1017}",100110000110110,"[""STR-001"", ""STR-002"", ""STR-003"", ""STR-004"", ""STR-005""]",1.6861,1.6861,1.75,0.0365,0.9635,True,0,1.0,0.006836,125,150,0.41,0.007,0.25,0.1,0.003,11,165,75,15,VALID,NONE,209a921f66a3
EXP-PHASE-V-TENKASI-P5-S1004,tenkasi,1a7be1c63f87,2f383a57440c,5,1004,1024,AER_SIMULATOR,IDEAL_SIMULATION,COBYLA,gamma_5_beta_5,opt_gamma_5_opt_beta_5,"{""100110000110110"": 7, ""000000000000000"": 1017}",100110000110110,"[""STR-001"", ""STR-002"", ""STR-003"", ""STR-004"", ""STR-005""]",1.6861,1.6861,1.75,0.0365,0.9635,True,0,1.0,0.006836,125,150,0.41,0.007,0.25,0.1,0.003,11,165,75,15,VALID,NONE,99d5467aab0e
EXP-PHASE-V-TENKASI-P5-S1005,tenkasi,1a7be1c63f87,2f383a57440c,5,1005,1024,AER_SIMULATOR,IDEAL_SIMULATION,COBYLA,gamma_5_beta_5,opt_gamma_5_opt_beta_5,"{""100110000110110"": 7, ""000000000000000"": 1017}",100110000110110,"[""STR-001"", ""STR-002"", ""STR-003"", ""STR-004"", ""STR-005""]",1.6861,1.6861,1.75,0.0365,0.9635,True,0,1.0,0.006836,125,150,0.41,0.007,0.25,0.1,0.003,11,165,75,15,VALID,NONE,6241b46eebcd
EXP-PHASE-V-TENKASI-P5-S1006,tenkasi,1a7be1c63f87,2f383a57440c,5,1006,1024,AER_SIMULATOR,IDEAL_SIMULATION,COBYLA,gamma_5_beta_5,opt_gamma_5_opt_beta_5,"{""100110000110110"": 7, ""000000000000000"": 1017}",100110000110110,"[""STR-001"", ""STR-002"", ""STR-003"", ""STR-004"", ""STR-005""]",1.6861,1.6861,1.75,0.0365,0.9635,True,0,1.0,0.006836,125,150,0.41,0.007,0.25,0.1,0.003,11,165,75,15,VALID,NONE,8b15ee1f1054
EXP-PHASE-V-TENKASI-P5-S1007,tenkasi,1a7be1c63f87,2f383a57440c,5,1007,1024,AER_SIMULATOR,IDEAL_SIMULATION,COBYLA,gamma_5_beta_5,opt_gamma_5_opt_beta_5,"{""100110000110110"": 7, ""000000000000000"": 1017}",100110000110110,"[""STR-001"", ""STR-002"", ""STR-003"", ""STR-004"", ""STR-005""]",1.6861,1.6861,1.75,0.0365,0.9635,True,0,1.0,0.006836,125,150,0.41,0.007,0.25,0.1,0.003,11,165,75,15,VALID,NONE,9960474e9394
EXP-PHASE-V-TENKASI-P5-S1008,tenkasi,1a7be1c63f87,2f383a57440c,5,1008,1024,AER_SIMULATOR,IDEAL_SIMULATION,COBYLA,gamma_5_beta_5,opt_gamma_5_opt_beta_5,"{""100110000110110"": 7, ""000000000000000"": 1017}",100110000110110,"[""STR-001"", ""STR-002"", ""STR-003"", ""STR-004"", ""STR-005""]",1.6861,1.6861,1.75,0.0365,0.9635,True,0,1.0,0.006836,125,150,0.41,0.007,0.25,0.1,0.003,11,165,75,15,VALID,NONE,76e45d9b402b
EXP-PHASE-V-TENKASI-P5-S1009,tenkasi,1a7be1c63f87,2f383a57440c,5,1009,1024,AER_SIMULATOR,IDEAL_SIMULATION,COBYLA,gamma_5_beta_5,opt_gamma_5_opt_beta_5,"{""100110000110110"": 7, ""000000000000000"": 1017}",100110000110110,"[""STR-001"", ""STR-002"", ""STR-003"", ""STR-004"", ""STR-005""]",1.6861,1.6861,1.75,0.0365,0.9635,True,0,1.0,0.006836,125,150,0.41,0.007,0.25,0.1,0.003,11,165,75,15,VALID,NONE,4f89d33cd24c
EXP-PHASE-V-THANJAVUR-P1-S1000,thanjavur,4873f06780c5,cb2187d92a4c,1,1000,1024,AER_SIMULATOR,IDEAL_SIMULATION,COBYLA,gamma_1_beta_1,opt_gamma_1_opt_beta_1,"{""100110000110110"": 3, ""000000000000000"": 1017}",100110000110110,"[""STR-001"", ""STR-002"", ""STR-003"", ""STR-004"", ""STR-005""]",1.6021,1.6021,1.75,0.0845,0.9155,True,0,1.0,0.003906,25,30,0.09,0.007,0.05,0.02,0.003,3,45,15,15,VALID,NONE,7362fe85a1cf
EXP-PHASE-V-THANJAVUR-P1-S1001,thanjavur,4873f06780c5,cb2187d92a4c,1,1001,1024,AER_SIMULATOR,IDEAL_SIMULATION,COBYLA,gamma_1_beta_1,opt_gamma_1_opt_beta_1,"{""100110000110110"": 3, ""000000000000000"": 1017}",100110000110110,"[""STR-001"", ""STR-002"", ""STR-003"", ""STR-004"", ""STR-005""]",1.6021,1.6021,1.75,0.0845,0.9155,True,0,1.0,0.003906,25,30,0.09,0.007,0.05,0.02,0.003,3,45,15,15,VALID,NONE,2373d68013da
EXP-PHASE-V-THANJAVUR-P1-S1002,thanjavur,4873f06780c5,cb2187d92a4c,1,1002,1024,AER_SIMULATOR,IDEAL_SIMULATION,COBYLA,gamma_1_beta_1,opt_gamma_1_opt_beta_1,"{""100110000110110"": 3, ""000000000000000"": 1017}",100110000110110,"[""STR-001"", ""STR-002"", ""STR-003"", ""STR-004"", ""STR-005""]",1.6021,1.6021,1.75,0.0845,0.9155,True,0,1.0,0.003906,25,30,0.09,0.007,0.05,0.02,0.003,3,45,15,15,VALID,NONE,c6ce06294de3
EXP-PHASE-V-THANJAVUR-P1-S1003,thanjavur,4873f06780c5,cb2187d92a4c,1,1003,1024,AER_SIMULATOR,IDEAL_SIMULATION,COBYLA,gamma_1_beta_1,opt_gamma_1_opt_beta_1,"{""100110000110110"": 3, ""000000000000000"": 1017}",100110000110110,"[""STR-001"", ""STR-002"", ""STR-003"", ""STR-004"", ""STR-005""]",1.6021,1.6021,1.75,0.0845,0.9155,True,0,1.0,0.003906,25,30,0.09,0.007,0.05,0.02,0.003,3,45,15,15,VALID,NONE,edba1ee1fa29
EXP-PHASE-V-THANJAVUR-P1-S1004,thanjavur,4873f06780c5,cb2187d92a4c,1,1004,1024,AER_SIMULATOR,IDEAL_SIMULATION,COBYLA,gamma_1_beta_1,opt_gamma_1_opt_beta_1,"{""100110000110110"": 3, ""000000000000000"": 1017}",100110000110110,"[""STR-001"", ""STR-002"", ""STR-003"", ""STR-004"", ""STR-005""]",1.6021,1.6021,1.75,0.0845,0.9155,True,0,1.0,0.003906,25,30,0.09,0.007,0.05,0.02,0.003,3,45,15,15,VALID,NONE,a5f6addf24d3
EXP-PHASE-V-THANJAVUR-P1-S1005,thanjavur,4873f06780c5,cb2187d92a4c,1,1005,1024,AER_SIMULATOR,IDEAL_SIMULATION,COBYLA,gamma_1_beta_1,opt_gamma_1_opt_beta_1,"{""100110000110110"": 3, ""000000000000000"": 1017}",100110000110110,"[""STR-001"", ""STR-002"", ""STR-003"", ""STR-004"", ""STR-005""]",1.6021,1.6021,1.75,0.0845,0.9155,True,0,1.0,0.003906,25,30,0.09,0.007,0.05,0.02,0.003,3,45,15,15,VALID,NONE,e211413f921f
EXP-PHASE-V-THANJAVUR-P1-S1006,thanjavur,4873f06780c5,cb2187d92a4c,1,1006,1024,AER_SIMULATOR,IDEAL_SIMULATION,COBYLA,gamma_1_beta_1,opt_gamma_1_opt_beta_1,"{""100110000110110"": 3, ""000000000000000"": 1017}",100110000110110,"[""STR-001"", ""STR-002"", ""STR-003"", ""STR-004"", ""STR-005""]",1.6021,1.6021,1.75,0.0845,0.9155,True,0,1.0,0.003906,25,30,0.09,0.007,0.05,0.02,0.003,3,45,15,15,VALID,NONE,3d556656cb10
EXP-PHASE-V-THANJAVUR-P1-S1007,thanjavur,4873f06780c5,cb2187d92a4c,1,1007,1024,AER_SIMULATOR,IDEAL_SIMULATION,COBYLA,gamma_1_beta_1,opt_gamma_1_opt_beta_1,"{""100110000110110"": 3, ""000000000000000"": 1017}",100110000110110,"[""STR-001"", ""STR-002"", ""STR-003"", ""STR-004"", ""STR-005""]",1.6021,1.6021,1.75,0.0845,0.9155,True,0,1.0,0.003906,25,30,0.09,0.007,0.05,0.02,0.003,3,45,15,15,VALID,NONE,7906dcb91085
EXP-PHASE-V-THANJAVUR-P1-S1008,thanjavur,4873f06780c5,cb2187d92a4c,1,1008,1024,AER_SIMULATOR,IDEAL_SIMULATION,COBYLA,gamma_1_beta_1,opt_gamma_1_opt_beta_1,"{""100110000110110"": 3, ""000000000000000"": 1017}",100110000110110,"[""STR-001"", ""STR-002"", ""STR-003"", ""STR-004"", ""STR-005""]",1.6021,1.6021,1.75,0.0845,0.9155,True,0,1.0,0.003906,25,30,0.09,0.007,0.05,0.02,0.003,3,45,15,15,VALID,NONE,c05f7cd5b28c
EXP-PHASE-V-THANJAVUR-P1-S1009,thanjavur,4873f06780c5,cb2187d92a4c,1,1009,1024,AER_SIMULATOR,IDEAL_SIMULATION,COBYLA,gamma_1_beta_1,opt_gamma_1_opt_beta_1,"{""100110000110110"": 3, ""000000000000000"": 1017}",100110000110110,"[""STR-001"", ""STR-002"", ""STR-003"", ""STR-004"", ""STR-005""]",1.6021,1.6021,1.75,0.0845,0.9155,True,0,1.0,0.003906,25,30,0.09,0.007,0.05,0.02,0.003,3,45,15,15,VALID,NONE,1cbad6d73eba
EXP-PHASE-V-THANJAVUR-P2-S1000,thanjavur,4873f06780c5,cb2187d92a4c,2,1000,1024,AER_SIMULATOR,IDEAL_SIMULATION,COBYLA,gamma_2_beta_2,opt_gamma_2_opt_beta_2,"{""100110000110110"": 7, ""000000000000000"": 1017}",100110000110110,"[""STR-001"", ""STR-002"", ""STR-003"", ""STR-004"", ""STR-005""]",1.62,1.62,1.75,0.0743,0.9257,True,0,1.0,0.006836,50,60,0.17,0.007,0.1,0.04,0.003,5,75,30,15,VALID,NONE,946cfc3ddef4
EXP-PHASE-V-THANJAVUR-P2-S1001,thanjavur,4873f06780c5,cb2187d92a4c,2,1001,1024,AER_SIMULATOR,IDEAL_SIMULATION,COBYLA,gamma_2_beta_2,opt_gamma_2_opt_beta_2,"{""100110000110110"": 7, ""000000000000000"": 1017}",100110000110110,"[""STR-001"", ""STR-002"", ""STR-003"", ""STR-004"", ""STR-005""]",1.5,1.5,1.75,0.1429,0.8571,True,0,1.0,0.0,50,60,0.17,0.007,0.1,0.04,0.003,5,75,30,15,VALID,NONE,7e882167508d
EXP-PHASE-V-THANJAVUR-P2-S1002,thanjavur,4873f06780c5,cb2187d92a4c,2,1002,1024,AER_SIMULATOR,IDEAL_SIMULATION,COBYLA,gamma_2_beta_2,opt_gamma_2_opt_beta_2,"{""100110000110110"": 7, ""000000000000000"": 1017}",100110000110110,"[""STR-001"", ""STR-002"", ""STR-003"", ""STR-004"", ""STR-005""]",1.62,1.62,1.75,0.0743,0.9257,True,0,1.0,0.006836,50,60,0.17,0.007,0.1,0.04,0.003,5,75,30,15,VALID,NONE,edec0e9bbf6c
EXP-PHASE-V-THANJAVUR-P2-S1003,thanjavur,4873f06780c5,cb2187d92a4c,2,1003,1024,AER_SIMULATOR,IDEAL_SIMULATION,COBYLA,gamma_2_beta_2,opt_gamma_2_opt_beta_2,"{""100110000110110"": 7, ""000000000000000"": 1017}",100110000110110,"[""STR-001"", ""STR-002"", ""STR-003"", ""STR-004"", ""STR-005""]",1.5,1.5,1.75,0.1429,0.8571,True,0,1.0,0.0,50,60,0.17,0.007,0.1,0.04,0.003,5,75,30,15,VALID,NONE,635c7a2c4b02
EXP-PHASE-V-THANJAVUR-P2-S1004,thanjavur,4873f06780c5,cb2187d92a4c,2,1004,1024,AER_SIMULATOR,IDEAL_SIMULATION,COBYLA,gamma_2_beta_2,opt_gamma_2_opt_beta_2,"{""100110000110110"": 7, ""000000000000000"": 1017}",100110000110110,"[""STR-001"", ""STR-002"", ""STR-003"", ""STR-004"", ""STR-005""]",1.62,1.62,1.75,0.0743,0.9257,True,0,1.0,0.006836,50,60,0.17,0.007,0.1,0.04,0.003,5,75,30,15,VALID,NONE,3a6581596adc
EXP-PHASE-V-THANJAVUR-P2-S1005,thanjavur,4873f06780c5,cb2187d92a4c,2,1005,1024,AER_SIMULATOR,IDEAL_SIMULATION,COBYLA,gamma_2_beta_2,opt_gamma_2_opt_beta_2,"{""100110000110110"": 7, ""000000000000000"": 1017}",100110000110110,"[""STR-001"", ""STR-002"", ""STR-003"", ""STR-004"", ""STR-005""]",1.6231,1.6231,1.75,0.0725,0.9275,True,0,1.0,0.006836,50,60,0.17,0.007,0.1,0.04,0.003,5,75,30,15,VALID,NONE,3d7b800cd796
EXP-PHASE-V-THANJAVUR-P2-S1006,thanjavur,4873f06780c5,cb2187d92a4c,2,1006,1024,AER_SIMULATOR,IDEAL_SIMULATION,COBYLA,gamma_2_beta_2,opt_gamma_2_opt_beta_2,"{""100110000110110"": 7, ""000000000000000"": 1017}",100110000110110,"[""STR-001"", ""STR-002"", ""STR-003"", ""STR-004"", ""STR-005""]",1.6231,1.6231,1.75,0.0725,0.9275,True,0,1.0,0.006836,50,60,0.17,0.007,0.1,0.04,0.003,5,75,30,15,VALID,NONE,e730d60a4f5d
EXP-PHASE-V-THANJAVUR-P2-S1007,thanjavur,4873f06780c5,cb2187d92a4c,2,1007,1024,AER_SIMULATOR,IDEAL_SIMULATION,COBYLA,gamma_2_beta_2,opt_gamma_2_opt_beta_2,"{""100110000110110"": 7, ""000000000000000"": 1017}",100110000110110,"[""STR-001"", ""STR-002"", ""STR-003"", ""STR-004"", ""STR-005""]",1.6231,1.6231,1.75,0.0725,0.9275,True,0,1.0,0.006836,50,60,0.17,0.007,0.1,0.04,0.003,5,75,30,15,VALID,NONE,b89129249652
EXP-PHASE-V-THANJAVUR-P2-S1008,thanjavur,4873f06780c5,cb2187d92a4c,2,1008,1024,AER_SIMULATOR,IDEAL_SIMULATION,COBYLA,gamma_2_beta_2,opt_gamma_2_opt_beta_2,"{""100110000110110"": 7, ""000000000000000"": 1017}",100110000110110,"[""STR-001"", ""STR-002"", ""STR-003"", ""STR-004"", ""STR-005""]",1.6231,1.6231,1.75,0.0725,0.9275,True,0,1.0,0.006836,50,60,0.17,0.007,0.1,0.04,0.003,5,75,30,15,VALID,NONE,4ff935712da5
EXP-PHASE-V-THANJAVUR-P2-S1009,thanjavur,4873f06780c5,cb2187d92a4c,2,1009,1024,AER_SIMULATOR,IDEAL_SIMULATION,COBYLA,gamma_2_beta_2,opt_gamma_2_opt_beta_2,"{""100110000110110"": 7, ""000000000000000"": 1017}",100110000110110,"[""STR-001"", ""STR-002"", ""STR-003"", ""STR-004"", ""STR-005""]",1.6231,1.6231,1.75,0.0725,0.9275,True,0,1.0,0.006836,50,60,0.17,0.007,0.1,0.04,0.003,5,75,30,15,VALID,NONE,a26f49d4a497
EXP-PHASE-V-THANJAVUR-P3-S1000,thanjavur,4873f06780c5,cb2187d92a4c,3,1000,1024,AER_SIMULATOR,IDEAL_SIMULATION,COBYLA,gamma_3_beta_3,opt_gamma_3_opt_beta_3,"{""100110000110110"": 7, ""000000000000000"": 1017}",100110000110110,"[""STR-001"", ""STR-002"", ""STR-003"", ""STR-004"", ""STR-005""]",1.6441,1.6441,1.75,0.0605,0.9395,True,0,1.0,0.006836,75,90,0.25,0.007,0.15000000000000002,0.06,0.003,7,105,45,15,VALID,NONE,9bb4004542d7
EXP-PHASE-V-THANJAVUR-P3-S1001,thanjavur,4873f06780c5,cb2187d92a4c,3,1001,1024,AER_SIMULATOR,IDEAL_SIMULATION,COBYLA,gamma_3_beta_3,opt_gamma_3_opt_beta_3,"{""100110000110110"": 7, ""000000000000000"": 1017}",100110000110110,"[""STR-001"", ""STR-002"", ""STR-003"", ""STR-004"", ""STR-005""]",1.6441,1.6441,1.75,0.0605,0.9395,True,0,1.0,0.006836,75,90,0.25,0.007,0.15000000000000002,0.06,0.003,7,105,45,15,VALID,NONE,f49dcf830165
EXP-PHASE-V-THANJAVUR-P3-S1002,thanjavur,4873f06780c5,cb2187d92a4c,3,1002,1024,AER_SIMULATOR,IDEAL_SIMULATION,COBYLA,gamma_3_beta_3,opt_gamma_3_opt_beta_3,"{""100110000110110"": 7, ""000000000000000"": 1017}",100110000110110,"[""STR-001"", ""STR-002"", ""STR-003"", ""STR-004"", ""STR-005""]",1.6441,1.6441,1.75,0.0605,0.9395,True,0,1.0,0.006836,75,90,0.25,0.007,0.15000000000000002,0.06,0.003,7,105,45,15,VALID,NONE,e31712737d7e
EXP-PHASE-V-THANJAVUR-P3-S1003,thanjavur,4873f06780c5,cb2187d92a4c,3,1003,1024,AER_SIMULATOR,IDEAL_SIMULATION,COBYLA,gamma_3_beta_3,opt_gamma_3_opt_beta_3,"{""100110000110110"": 7, ""000000000000000"": 1017}",100110000110110,"[""STR-001"", ""STR-002"", ""STR-003"", ""STR-004"", ""STR-005""]",1.6441,1.6441,1.75,0.0605,0.9395,True,0,1.0,0.006836,75,90,0.25,0.007,0.15000000000000002,0.06,0.003,7,105,45,15,VALID,NONE,7a6c7a665acf
EXP-PHASE-V-THANJAVUR-P3-S1004,thanjavur,4873f06780c5,cb2187d92a4c,3,1004,1024,AER_SIMULATOR,IDEAL_SIMULATION,COBYLA,gamma_3_beta_3,opt_gamma_3_opt_beta_3,"{""100110000110110"": 7, ""000000000000000"": 1017}",100110000110110,"[""STR-001"", ""STR-002"", ""STR-003"", ""STR-004"", ""STR-005""]",1.6441,1.6441,1.75,0.0605,0.9395,True,0,1.0,0.006836,75,90,0.25,0.007,0.15000000000000002,0.06,0.003,7,105,45,15,VALID,NONE,2a3fc4d63938
EXP-PHASE-V-THANJAVUR-P3-S1005,thanjavur,4873f06780c5,cb2187d92a4c,3,1005,1024,AER_SIMULATOR,IDEAL_SIMULATION,COBYLA,gamma_3_beta_3,opt_gamma_3_opt_beta_3,"{""100110000110110"": 7, ""000000000000000"": 1017}",100110000110110,"[""STR-001"", ""STR-002"", ""STR-003"", ""STR-004"", ""STR-005""]",1.6441,1.6441,1.75,0.0605,0.9395,True,0,1.0,0.006836,75,90,0.25,0.007,0.15000000000000002,0.06,0.003,7,105,45,15,VALID,NONE,0093a95f3095
EXP-PHASE-V-THANJAVUR-P3-S1006,thanjavur,4873f06780c5,cb2187d92a4c,3,1006,1024,AER_SIMULATOR,IDEAL_SIMULATION,COBYLA,gamma_3_beta_3,opt_gamma_3_opt_beta_3,"{""100110000110110"": 7, ""000000000000000"": 1017}",100110000110110,"[""STR-001"", ""STR-002"", ""STR-003"", ""STR-004"", ""STR-005""]",1.6441,1.6441,1.75,0.0605,0.9395,True,0,1.0,0.006836,75,90,0.25,0.007,0.15000000000000002,0.06,0.003,7,105,45,15,VALID,NONE,c2fb382551d9
EXP-PHASE-V-THANJAVUR-P3-S1007,thanjavur,4873f06780c5,cb2187d92a4c,3,1007,1024,AER_SIMULATOR,IDEAL_SIMULATION,COBYLA,gamma_3_beta_3,opt_gamma_3_opt_beta_3,"{""100110000110110"": 7, ""000000000000000"": 1017}",100110000110110,"[""STR-001"", ""STR-002"", ""STR-003"", ""STR-004"", ""STR-005""]",1.6441,1.6441,1.75,0.0605,0.9395,True,0,1.0,0.006836,75,90,0.25,0.007,0.15000000000000002,0.06,0.003,7,105,45,15,VALID,NONE,5ef3d2f6cc54
EXP-PHASE-V-THANJAVUR-P3-S1008,thanjavur,4873f06780c5,cb2187d92a4c,3,1008,1024,AER_SIMULATOR,IDEAL_SIMULATION,COBYLA,gamma_3_beta_3,opt_gamma_3_opt_beta_3,"{""100110000110110"": 7, ""000000000000000"": 1017}",100110000110110,"[""STR-001"", ""STR-002"", ""STR-003"", ""STR-004"", ""STR-005""]",1.6441,1.6441,1.75,0.0605,0.9395,True,0,1.0,0.006836,75,90,0.25,0.007,0.15000000000000002,0.06,0.003,7,105,45,15,VALID,NONE,54d2b55bfba2
EXP-PHASE-V-THANJAVUR-P3-S1009,thanjavur,4873f06780c5,cb2187d92a4c,3,1009,1024,AER_SIMULATOR,IDEAL_SIMULATION,COBYLA,gamma_3_beta_3,opt_gamma_3_opt_beta_3,"{""100110000110110"": 7, ""000000000000000"": 1017}",100110000110110,"[""STR-001"", ""STR-002"", ""STR-003"", ""STR-004"", ""STR-005""]",1.6441,1.6441,1.75,0.0605,0.9395,True,0,1.0,0.006836,75,90,0.25,0.007,0.15000000000000002,0.06,0.003,7,105,45,15,VALID,NONE,ebcee58dd247
EXP-PHASE-V-THANJAVUR-P4-S1000,thanjavur,4873f06780c5,cb2187d92a4c,4,1000,1024,AER_SIMULATOR,IDEAL_SIMULATION,COBYLA,gamma_4_beta_4,opt_gamma_4_opt_beta_4,"{""100110000110110"": 7, ""000000000000000"": 1017}",100110000110110,"[""STR-001"", ""STR-002"", ""STR-003"", ""STR-004"", ""STR-005""]",1.6651,1.6651,1.75,0.0485,0.9515,True,0,1.0,0.006836,100,120,0.33,0.007,0.2,0.08,0.003,9,135,60,15,VALID,NONE,94c122a29fde
EXP-PHASE-V-THANJAVUR-P4-S1001,thanjavur,4873f06780c5,cb2187d92a4c,4,1001,1024,AER_SIMULATOR,IDEAL_SIMULATION,COBYLA,gamma_4_beta_4,opt_gamma_4_opt_beta_4,"{""100110000110110"": 7, ""000000000000000"": 1017}",100110000110110,"[""STR-001"", ""STR-002"", ""STR-003"", ""STR-004"", ""STR-005""]",1.6651,1.6651,1.75,0.0485,0.9515,True,0,1.0,0.006836,100,120,0.33,0.007,0.2,0.08,0.003,9,135,60,15,VALID,NONE,24178264fba9
EXP-PHASE-V-THANJAVUR-P4-S1002,thanjavur,4873f06780c5,cb2187d92a4c,4,1002,1024,AER_SIMULATOR,IDEAL_SIMULATION,COBYLA,gamma_4_beta_4,opt_gamma_4_opt_beta_4,"{""100110000110110"": 7, ""000000000000000"": 1017}",100110000110110,"[""STR-001"", ""STR-002"", ""STR-003"", ""STR-004"", ""STR-005""]",1.6651,1.6651,1.75,0.0485,0.9515,True,0,1.0,0.006836,100,120,0.33,0.007,0.2,0.08,0.003,9,135,60,15,VALID,NONE,b150a8e7d0e9
EXP-PHASE-V-THANJAVUR-P4-S1003,thanjavur,4873f06780c5,cb2187d92a4c,4,1003,1024,AER_SIMULATOR,IDEAL_SIMULATION,COBYLA,gamma_4_beta_4,opt_gamma_4_opt_beta_4,"{""100110000110110"": 7, ""000000000000000"": 1017}",100110000110110,"[""STR-001"", ""STR-002"", ""STR-003"", ""STR-004"", ""STR-005""]",1.6651,1.6651,1.75,0.0485,0.9515,True,0,1.0,0.006836,100,120,0.33,0.007,0.2,0.08,0.003,9,135,60,15,VALID,NONE,276df8221556
EXP-PHASE-V-THANJAVUR-P4-S1004,thanjavur,4873f06780c5,cb2187d92a4c,4,1004,1024,AER_SIMULATOR,IDEAL_SIMULATION,COBYLA,gamma_4_beta_4,opt_gamma_4_opt_beta_4,"{""100110000110110"": 7, ""000000000000000"": 1017}",100110000110110,"[""STR-001"", ""STR-002"", ""STR-003"", ""STR-004"", ""STR-005""]",1.6651,1.6651,1.75,0.0485,0.9515,True,0,1.0,0.006836,100,120,0.33,0.007,0.2,0.08,0.003,9,135,60,15,VALID,NONE,bc865a7d9a73
EXP-PHASE-V-THANJAVUR-P4-S1005,thanjavur,4873f06780c5,cb2187d92a4c,4,1005,1024,AER_SIMULATOR,IDEAL_SIMULATION,COBYLA,gamma_4_beta_4,opt_gamma_4_opt_beta_4,"{""100110000110110"": 7, ""000000000000000"": 1017}",100110000110110,"[""STR-001"", ""STR-002"", ""STR-003"", ""STR-004"", ""STR-005""]",1.6651,1.6651,1.75,0.0485,0.9515,True,0,1.0,0.006836,100,120,0.33,0.007,0.2,0.08,0.003,9,135,60,15,VALID,NONE,803c08a40968
EXP-PHASE-V-THANJAVUR-P4-S1006,thanjavur,4873f06780c5,cb2187d92a4c,4,1006,1024,AER_SIMULATOR,IDEAL_SIMULATION,COBYLA,gamma_4_beta_4,opt_gamma_4_opt_beta_4,"{""100110000110110"": 7, ""000000000000000"": 1017}",100110000110110,"[""STR-001"", ""STR-002"", ""STR-003"", ""STR-004"", ""STR-005""]",1.6651,1.6651,1.75,0.0485,0.9515,True,0,1.0,0.006836,100,120,0.33,0.007,0.2,0.08,0.003,9,135,60,15,VALID,NONE,8ef7ea44ce71
EXP-PHASE-V-THANJAVUR-P4-S1007,thanjavur,4873f06780c5,cb2187d92a4c,4,1007,1024,AER_SIMULATOR,IDEAL_SIMULATION,COBYLA,gamma_4_beta_4,opt_gamma_4_opt_beta_4,"{""100110000110110"": 7, ""000000000000000"": 1017}",100110000110110,"[""STR-001"", ""STR-002"", ""STR-003"", ""STR-004"", ""STR-005""]",1.6651,1.6651,1.75,0.0485,0.9515,True,0,1.0,0.006836,100,120,0.33,0.007,0.2,0.08,0.003,9,135,60,15,VALID,NONE,ba01524f938e
EXP-PHASE-V-THANJAVUR-P4-S1008,thanjavur,4873f06780c5,cb2187d92a4c,4,1008,1024,AER_SIMULATOR,IDEAL_SIMULATION,COBYLA,gamma_4_beta_4,opt_gamma_4_opt_beta_4,"{""100110000110110"": 7, ""000000000000000"": 1017}",100110000110110,"[""STR-001"", ""STR-002"", ""STR-003"", ""STR-004"", ""STR-005""]",1.6651,1.6651,1.75,0.0485,0.9515,True,0,1.0,0.006836,100,120,0.33,0.007,0.2,0.08,0.003,9,135,60,15,VALID,NONE,4ccefd798b0c
EXP-PHASE-V-THANJAVUR-P4-S1009,thanjavur,4873f06780c5,cb2187d92a4c,4,1009,1024,AER_SIMULATOR,IDEAL_SIMULATION,COBYLA,gamma_4_beta_4,opt_gamma_4_opt_beta_4,"{""100110000110110"": 7, ""000000000000000"": 1017}",100110000110110,"[""STR-001"", ""STR-002"", ""STR-003"", ""STR-004"", ""STR-005""]",1.6651,1.6651,1.75,0.0485,0.9515,True,0,1.0,0.006836,100,120,0.33,0.007,0.2,0.08,0.003,9,135,60,15,VALID,NONE,a5ecd06df9e5
EXP-PHASE-V-THANJAVUR-P5-S1000,thanjavur,4873f06780c5,cb2187d92a4c,5,1000,1024,AER_SIMULATOR,IDEAL_SIMULATION,COBYLA,gamma_5_beta_5,opt_gamma_5_opt_beta_5,"{""100110000110110"": 7, ""000000000000000"": 1017}",100110000110110,"[""STR-001"", ""STR-002"", ""STR-003"", ""STR-004"", ""STR-005""]",1.6861,1.6861,1.75,0.0365,0.9635,True,0,1.0,0.006836,125,150,0.41,0.007,0.25,0.1,0.003,11,165,75,15,VALID,NONE,8f432b74ab34
EXP-PHASE-V-THANJAVUR-P5-S1001,thanjavur,4873f06780c5,cb2187d92a4c,5,1001,1024,AER_SIMULATOR,IDEAL_SIMULATION,COBYLA,gamma_5_beta_5,opt_gamma_5_opt_beta_5,"{""100110000110110"": 7, ""000000000000000"": 1017}",100110000110110,"[""STR-001"", ""STR-002"", ""STR-003"", ""STR-004"", ""STR-005""]",1.6861,1.6861,1.75,0.0365,0.9635,True,0,1.0,0.006836,125,150,0.41,0.007,0.25,0.1,0.003,11,165,75,15,VALID,NONE,621c8eb9f156
EXP-PHASE-V-THANJAVUR-P5-S1002,thanjavur,4873f06780c5,cb2187d92a4c,5,1002,1024,AER_SIMULATOR,IDEAL_SIMULATION,COBYLA,gamma_5_beta_5,opt_gamma_5_opt_beta_5,"{""100110000110110"": 7, ""000000000000000"": 1017}",100110000110110,"[""STR-001"", ""STR-002"", ""STR-003"", ""STR-004"", ""STR-005""]",1.6861,1.6861,1.75,0.0365,0.9635,True,0,1.0,0.006836,125,150,0.41,0.007,0.25,0.1,0.003,11,165,75,15,VALID,NONE,8a007268b40c
EXP-PHASE-V-THANJAVUR-P5-S1003,thanjavur,4873f06780c5,cb2187d92a4c,5,1003,1024,AER_SIMULATOR,IDEAL_SIMULATION,COBYLA,gamma_5_beta_5,opt_gamma_5_opt_beta_5,"{""100110000110110"": 7, ""000000000000000"": 1017}",100110000110110,"[""STR-001"", ""STR-002"", ""STR-003"", ""STR-004"", ""STR-005""]",1.6861,1.6861,1.75,0.0365,0.9635,True,0,1.0,0.006836,125,150,0.41,0.007,0.25,0.1,0.003,11,165,75,15,VALID,NONE,5a1959fba594
EXP-PHASE-V-THANJAVUR-P5-S1004,thanjavur,4873f06780c5,cb2187d92a4c,5,1004,1024,AER_SIMULATOR,IDEAL_SIMULATION,COBYLA,gamma_5_beta_5,opt_gamma_5_opt_beta_5,"{""100110000110110"": 7, ""000000000000000"": 1017}",100110000110110,"[""STR-001"", ""STR-002"", ""STR-003"", ""STR-004"", ""STR-005""]",1.6861,1.6861,1.75,0.0365,0.9635,True,0,1.0,0.006836,125,150,0.41,0.007,0.25,0.1,0.003,11,165,75,15,VALID,NONE,cb5925be6169
EXP-PHASE-V-THANJAVUR-P5-S1005,thanjavur,4873f06780c5,cb2187d92a4c,5,1005,1024,AER_SIMULATOR,IDEAL_SIMULATION,COBYLA,gamma_5_beta_5,opt_gamma_5_opt_beta_5,"{""100110000110110"": 7, ""000000000000000"": 1017}",100110000110110,"[""STR-001"", ""STR-002"", ""STR-003"", ""STR-004"", ""STR-005""]",1.6861,1.6861,1.75,0.0365,0.9635,True,0,1.0,0.006836,125,150,0.41,0.007,0.25,0.1,0.003,11,165,75,15,VALID,NONE,8c8c60a81534
EXP-PHASE-V-THANJAVUR-P5-S1006,thanjavur,4873f06780c5,cb2187d92a4c,5,1006,1024,AER_SIMULATOR,IDEAL_SIMULATION,COBYLA,gamma_5_beta_5,opt_gamma_5_opt_beta_5,"{""100110000110110"": 7, ""000000000000000"": 1017}",100110000110110,"[""STR-001"", ""STR-002"", ""STR-003"", ""STR-004"", ""STR-005""]",1.6861,1.6861,1.75,0.0365,0.9635,True,0,1.0,0.006836,125,150,0.41,0.007,0.25,0.1,0.003,11,165,75,15,VALID,NONE,ec5a0715443d
EXP-PHASE-V-THANJAVUR-P5-S1007,thanjavur,4873f06780c5,cb2187d92a4c,5,1007,1024,AER_SIMULATOR,IDEAL_SIMULATION,COBYLA,gamma_5_beta_5,opt_gamma_5_opt_beta_5,"{""100110000110110"": 7, ""000000000000000"": 1017}",100110000110110,"[""STR-001"", ""STR-002"", ""STR-003"", ""STR-004"", ""STR-005""]",1.6861,1.6861,1.75,0.0365,0.9635,True,0,1.0,0.006836,125,150,0.41,0.007,0.25,0.1,0.003,11,165,75,15,VALID,NONE,1a4d39f45695
EXP-PHASE-V-THANJAVUR-P5-S1008,thanjavur,4873f06780c5,cb2187d92a4c,5,1008,1024,AER_SIMULATOR,IDEAL_SIMULATION,COBYLA,gamma_5_beta_5,opt_gamma_5_opt_beta_5,"{""100110000110110"": 7, ""000000000000000"": 1017}",100110000110110,"[""STR-001"", ""STR-002"", ""STR-003"", ""STR-004"", ""STR-005""]",1.6861,1.6861,1.75,0.0365,0.9635,True,0,1.0,0.006836,125,150,0.41,0.007,0.25,0.1,0.003,11,165,75,15,VALID,NONE,3da217ae4f5b
EXP-PHASE-V-THANJAVUR-P5-S1009,thanjavur,4873f06780c5,cb2187d92a4c,5,1009,1024,AER_SIMULATOR,IDEAL_SIMULATION,COBYLA,gamma_5_beta_5,opt_gamma_5_opt_beta_5,"{""100110000110110"": 7, ""000000000000000"": 1017}",100110000110110,"[""STR-001"", ""STR-002"", ""STR-003"", ""STR-004"", ""STR-005""]",1.6861,1.6861,1.75,0.0365,0.9635,True,0,1.0,0.006836,125,150,0.41,0.007,0.25,0.1,0.003,11,165,75,15,VALID,NONE,2daf78cd39e1
EXP-PHASE-V-THENI-P1-S1000,theni,6ed83738b021,04bcbea38a72,1,1000,1024,AER_SIMULATOR,IDEAL_SIMULATION,COBYLA,gamma_1_beta_1,opt_gamma_1_opt_beta_1,"{""100110000110110"": 3, ""000000000000000"": 1017}",100110000110110,"[""STR-001"", ""STR-002"", ""STR-003"", ""STR-004"", ""STR-005""]",1.6021,1.6021,1.75,0.0845,0.9155,True,0,1.0,0.003906,25,30,0.09,0.007,0.05,0.02,0.003,3,45,15,15,VALID,NONE,d79b4f357ad1
EXP-PHASE-V-THENI-P1-S1001,theni,6ed83738b021,04bcbea38a72,1,1001,1024,AER_SIMULATOR,IDEAL_SIMULATION,COBYLA,gamma_1_beta_1,opt_gamma_1_opt_beta_1,"{""100110000110110"": 3, ""000000000000000"": 1017}",100110000110110,"[""STR-001"", ""STR-002"", ""STR-003"", ""STR-004"", ""STR-005""]",1.6021,1.6021,1.75,0.0845,0.9155,True,0,1.0,0.003906,25,30,0.09,0.007,0.05,0.02,0.003,3,45,15,15,VALID,NONE,ba5dbc4421d0
EXP-PHASE-V-THENI-P1-S1002,theni,6ed83738b021,04bcbea38a72,1,1002,1024,AER_SIMULATOR,IDEAL_SIMULATION,COBYLA,gamma_1_beta_1,opt_gamma_1_opt_beta_1,"{""100110000110110"": 3, ""000000000000000"": 1017}",100110000110110,"[""STR-001"", ""STR-002"", ""STR-003"", ""STR-004"", ""STR-005""]",1.6021,1.6021,1.75,0.0845,0.9155,True,0,1.0,0.003906,25,30,0.09,0.007,0.05,0.02,0.003,3,45,15,15,VALID,NONE,b17b0abce22a
EXP-PHASE-V-THENI-P1-S1003,theni,6ed83738b021,04bcbea38a72,1,1003,1024,AER_SIMULATOR,IDEAL_SIMULATION,COBYLA,gamma_1_beta_1,opt_gamma_1_opt_beta_1,"{""100110000110110"": 3, ""000000000000000"": 1017}",100110000110110,"[""STR-001"", ""STR-002"", ""STR-003"", ""STR-004"", ""STR-005""]",1.6021,1.6021,1.75,0.0845,0.9155,True,0,1.0,0.003906,25,30,0.09,0.007,0.05,0.02,0.003,3,45,15,15,VALID,NONE,bdfde72f170b
EXP-PHASE-V-THENI-P1-S1004,theni,6ed83738b021,04bcbea38a72,1,1004,1024,AER_SIMULATOR,IDEAL_SIMULATION,COBYLA,gamma_1_beta_1,opt_gamma_1_opt_beta_1,"{""100110000110110"": 3, ""000000000000000"": 1017}",100110000110110,"[""STR-001"", ""STR-002"", ""STR-003"", ""STR-004"", ""STR-005""]",1.6021,1.6021,1.75,0.0845,0.9155,True,0,1.0,0.003906,25,30,0.09,0.007,0.05,0.02,0.003,3,45,15,15,VALID,NONE,439702ec84de
EXP-PHASE-V-THENI-P1-S1005,theni,6ed83738b021,04bcbea38a72,1,1005,1024,AER_SIMULATOR,IDEAL_SIMULATION,COBYLA,gamma_1_beta_1,opt_gamma_1_opt_beta_1,"{""100110000110110"": 3, ""000000000000000"": 1017}",100110000110110,"[""STR-001"", ""STR-002"", ""STR-003"", ""STR-004"", ""STR-005""]",1.6021,1.6021,1.75,0.0845,0.9155,True,0,1.0,0.003906,25,30,0.09,0.007,0.05,0.02,0.003,3,45,15,15,VALID,NONE,6d558b15e161
EXP-PHASE-V-THENI-P1-S1006,theni,6ed83738b021,04bcbea38a72,1,1006,1024,AER_SIMULATOR,IDEAL_SIMULATION,COBYLA,gamma_1_beta_1,opt_gamma_1_opt_beta_1,"{""100110000110110"": 3, ""000000000000000"": 1017}",100110000110110,"[""STR-001"", ""STR-002"", ""STR-003"", ""STR-004"", ""STR-005""]",1.6021,1.6021,1.75,0.0845,0.9155,True,0,1.0,0.003906,25,30,0.09,0.007,0.05,0.02,0.003,3,45,15,15,VALID,NONE,9ffdca560896
EXP-PHASE-V-THENI-P1-S1007,theni,6ed83738b021,04bcbea38a72,1,1007,1024,AER_SIMULATOR,IDEAL_SIMULATION,COBYLA,gamma_1_beta_1,opt_gamma_1_opt_beta_1,"{""100110000110110"": 3, ""000000000000000"": 1017}",100110000110110,"[""STR-001"", ""STR-002"", ""STR-003"", ""STR-004"", ""STR-005""]",1.6021,1.6021,1.75,0.0845,0.9155,True,0,1.0,0.003906,25,30,0.09,0.007,0.05,0.02,0.003,3,45,15,15,VALID,NONE,6db421e999a2
EXP-PHASE-V-THENI-P1-S1008,theni,6ed83738b021,04bcbea38a72,1,1008,1024,AER_SIMULATOR,IDEAL_SIMULATION,COBYLA,gamma_1_beta_1,opt_gamma_1_opt_beta_1,"{""100110000110110"": 3, ""000000000000000"": 1017}",100110000110110,"[""STR-001"", ""STR-002"", ""STR-003"", ""STR-004"", ""STR-005""]",1.6021,1.6021,1.75,0.0845,0.9155,True,0,1.0,0.003906,25,30,0.09,0.007,0.05,0.02,0.003,3,45,15,15,VALID,NONE,a733d1fbaf95
EXP-PHASE-V-THENI-P1-S1009,theni,6ed83738b021,04bcbea38a72,1,1009,1024,AER_SIMULATOR,IDEAL_SIMULATION,COBYLA,gamma_1_beta_1,opt_gamma_1_opt_beta_1,"{""100110000110110"": 3, ""000000000000000"": 1017}",100110000110110,"[""STR-001"", ""STR-002"", ""STR-003"", ""STR-004"", ""STR-005""]",1.6021,1.6021,1.75,0.0845,0.9155,True,0,1.0,0.003906,25,30,0.09,0.007,0.05,0.02,0.003,3,45,15,15,VALID,NONE,96bc29ec2674
EXP-PHASE-V-THENI-P2-S1000,theni,6ed83738b021,04bcbea38a72,2,1000,1024,AER_SIMULATOR,IDEAL_SIMULATION,COBYLA,gamma_2_beta_2,opt_gamma_2_opt_beta_2,"{""100110000110110"": 7, ""000000000000000"": 1017}",100110000110110,"[""STR-001"", ""STR-002"", ""STR-003"", ""STR-004"", ""STR-005""]",1.62,1.62,1.75,0.0743,0.9257,True,0,1.0,0.006836,50,60,0.17,0.007,0.1,0.04,0.003,5,75,30,15,VALID,NONE,1470a4ebff74
EXP-PHASE-V-THENI-P2-S1001,theni,6ed83738b021,04bcbea38a72,2,1001,1024,AER_SIMULATOR,IDEAL_SIMULATION,COBYLA,gamma_2_beta_2,opt_gamma_2_opt_beta_2,"{""100110000110110"": 7, ""000000000000000"": 1017}",100110000110110,"[""STR-001"", ""STR-002"", ""STR-003"", ""STR-004"", ""STR-005""]",1.5,1.5,1.75,0.1429,0.8571,True,0,1.0,0.0,50,60,0.17,0.007,0.1,0.04,0.003,5,75,30,15,VALID,NONE,d18f75c041cf
EXP-PHASE-V-THENI-P2-S1002,theni,6ed83738b021,04bcbea38a72,2,1002,1024,AER_SIMULATOR,IDEAL_SIMULATION,COBYLA,gamma_2_beta_2,opt_gamma_2_opt_beta_2,"{""100110000110110"": 7, ""000000000000000"": 1017}",100110000110110,"[""STR-001"", ""STR-002"", ""STR-003"", ""STR-004"", ""STR-005""]",1.62,1.62,1.75,0.0743,0.9257,True,0,1.0,0.006836,50,60,0.17,0.007,0.1,0.04,0.003,5,75,30,15,VALID,NONE,03e1b72d186d
EXP-PHASE-V-THENI-P2-S1003,theni,6ed83738b021,04bcbea38a72,2,1003,1024,AER_SIMULATOR,IDEAL_SIMULATION,COBYLA,gamma_2_beta_2,opt_gamma_2_opt_beta_2,"{""100110000110110"": 7, ""000000000000000"": 1017}",100110000110110,"[""STR-001"", ""STR-002"", ""STR-003"", ""STR-004"", ""STR-005""]",1.5,1.5,1.75,0.1429,0.8571,True,0,1.0,0.0,50,60,0.17,0.007,0.1,0.04,0.003,5,75,30,15,VALID,NONE,cbbdbf185de6
EXP-PHASE-V-THENI-P2-S1004,theni,6ed83738b021,04bcbea38a72,2,1004,1024,AER_SIMULATOR,IDEAL_SIMULATION,COBYLA,gamma_2_beta_2,opt_gamma_2_opt_beta_2,"{""100110000110110"": 7, ""000000000000000"": 1017}",100110000110110,"[""STR-001"", ""STR-002"", ""STR-003"", ""STR-004"", ""STR-005""]",1.62,1.62,1.75,0.0743,0.9257,True,0,1.0,0.006836,50,60,0.17,0.007,0.1,0.04,0.003,5,75,30,15,VALID,NONE,ee15b339e85c
EXP-PHASE-V-THENI-P2-S1005,theni,6ed83738b021,04bcbea38a72,2,1005,1024,AER_SIMULATOR,IDEAL_SIMULATION,COBYLA,gamma_2_beta_2,opt_gamma_2_opt_beta_2,"{""100110000110110"": 7, ""000000000000000"": 1017}",100110000110110,"[""STR-001"", ""STR-002"", ""STR-003"", ""STR-004"", ""STR-005""]",1.6231,1.6231,1.75,0.0725,0.9275,True,0,1.0,0.006836,50,60,0.17,0.007,0.1,0.04,0.003,5,75,30,15,VALID,NONE,54bfb94119d2
EXP-PHASE-V-THENI-P2-S1006,theni,6ed83738b021,04bcbea38a72,2,1006,1024,AER_SIMULATOR,IDEAL_SIMULATION,COBYLA,gamma_2_beta_2,opt_gamma_2_opt_beta_2,"{""100110000110110"": 7, ""000000000000000"": 1017}",100110000110110,"[""STR-001"", ""STR-002"", ""STR-003"", ""STR-004"", ""STR-005""]",1.6231,1.6231,1.75,0.0725,0.9275,True,0,1.0,0.006836,50,60,0.17,0.007,0.1,0.04,0.003,5,75,30,15,VALID,NONE,add022bda458
EXP-PHASE-V-THENI-P2-S1007,theni,6ed83738b021,04bcbea38a72,2,1007,1024,AER_SIMULATOR,IDEAL_SIMULATION,COBYLA,gamma_2_beta_2,opt_gamma_2_opt_beta_2,"{""100110000110110"": 7, ""000000000000000"": 1017}",100110000110110,"[""STR-001"", ""STR-002"", ""STR-003"", ""STR-004"", ""STR-005""]",1.6231,1.6231,1.75,0.0725,0.9275,True,0,1.0,0.006836,50,60,0.17,0.007,0.1,0.04,0.003,5,75,30,15,VALID,NONE,a7e904d47c3b
EXP-PHASE-V-THENI-P2-S1008,theni,6ed83738b021,04bcbea38a72,2,1008,1024,AER_SIMULATOR,IDEAL_SIMULATION,COBYLA,gamma_2_beta_2,opt_gamma_2_opt_beta_2,"{""100110000110110"": 7, ""000000000000000"": 1017}",100110000110110,"[""STR-001"", ""STR-002"", ""STR-003"", ""STR-004"", ""STR-005""]",1.6231,1.6231,1.75,0.0725,0.9275,True,0,1.0,0.006836,50,60,0.17,0.007,0.1,0.04,0.003,5,75,30,15,VALID,NONE,41656d9269db
EXP-PHASE-V-THENI-P2-S1009,theni,6ed83738b021,04bcbea38a72,2,1009,1024,AER_SIMULATOR,IDEAL_SIMULATION,COBYLA,gamma_2_beta_2,opt_gamma_2_opt_beta_2,"{""100110000110110"": 7, ""000000000000000"": 1017}",100110000110110,"[""STR-001"", ""STR-002"", ""STR-003"", ""STR-004"", ""STR-005""]",1.6231,1.6231,1.75,0.0725,0.9275,True,0,1.0,0.006836,50,60,0.17,0.007,0.1,0.04,0.003,5,75,30,15,VALID,NONE,45b5fe0ea7eb
EXP-PHASE-V-THENI-P3-S1000,theni,6ed83738b021,04bcbea38a72,3,1000,1024,AER_SIMULATOR,IDEAL_SIMULATION,COBYLA,gamma_3_beta_3,opt_gamma_3_opt_beta_3,"{""100110000110110"": 7, ""000000000000000"": 1017}",100110000110110,"[""STR-001"", ""STR-002"", ""STR-003"", ""STR-004"", ""STR-005""]",1.6441,1.6441,1.75,0.0605,0.9395,True,0,1.0,0.006836,75,90,0.25,0.007,0.15000000000000002,0.06,0.003,7,105,45,15,VALID,NONE,cdfa85715f53
EXP-PHASE-V-THENI-P3-S1001,theni,6ed83738b021,04bcbea38a72,3,1001,1024,AER_SIMULATOR,IDEAL_SIMULATION,COBYLA,gamma_3_beta_3,opt_gamma_3_opt_beta_3,"{""100110000110110"": 7, ""000000000000000"": 1017}",100110000110110,"[""STR-001"", ""STR-002"", ""STR-003"", ""STR-004"", ""STR-005""]",1.6441,1.6441,1.75,0.0605,0.9395,True,0,1.0,0.006836,75,90,0.25,0.007,0.15000000000000002,0.06,0.003,7,105,45,15,VALID,NONE,a9ab63d413ce
EXP-PHASE-V-THENI-P3-S1002,theni,6ed83738b021,04bcbea38a72,3,1002,1024,AER_SIMULATOR,IDEAL_SIMULATION,COBYLA,gamma_3_beta_3,opt_gamma_3_opt_beta_3,"{""100110000110110"": 7, ""000000000000000"": 1017}",100110000110110,"[""STR-001"", ""STR-002"", ""STR-003"", ""STR-004"", ""STR-005""]",1.6441,1.6441,1.75,0.0605,0.9395,True,0,1.0,0.006836,75,90,0.25,0.007,0.15000000000000002,0.06,0.003,7,105,45,15,VALID,NONE,372f48d13cd4
EXP-PHASE-V-THENI-P3-S1003,theni,6ed83738b021,04bcbea38a72,3,1003,1024,AER_SIMULATOR,IDEAL_SIMULATION,COBYLA,gamma_3_beta_3,opt_gamma_3_opt_beta_3,"{""100110000110110"": 7, ""000000000000000"": 1017}",100110000110110,"[""STR-001"", ""STR-002"", ""STR-003"", ""STR-004"", ""STR-005""]",1.6441,1.6441,1.75,0.0605,0.9395,True,0,1.0,0.006836,75,90,0.25,0.007,0.15000000000000002,0.06,0.003,7,105,45,15,VALID,NONE,55010e776722
EXP-PHASE-V-THENI-P3-S1004,theni,6ed83738b021,04bcbea38a72,3,1004,1024,AER_SIMULATOR,IDEAL_SIMULATION,COBYLA,gamma_3_beta_3,opt_gamma_3_opt_beta_3,"{""100110000110110"": 7, ""000000000000000"": 1017}",100110000110110,"[""STR-001"", ""STR-002"", ""STR-003"", ""STR-004"", ""STR-005""]",1.6441,1.6441,1.75,0.0605,0.9395,True,0,1.0,0.006836,75,90,0.25,0.007,0.15000000000000002,0.06,0.003,7,105,45,15,VALID,NONE,d2c0d9cd06db
EXP-PHASE-V-THENI-P3-S1005,theni,6ed83738b021,04bcbea38a72,3,1005,1024,AER_SIMULATOR,IDEAL_SIMULATION,COBYLA,gamma_3_beta_3,opt_gamma_3_opt_beta_3,"{""100110000110110"": 7, ""000000000000000"": 1017}",100110000110110,"[""STR-001"", ""STR-002"", ""STR-003"", ""STR-004"", ""STR-005""]",1.6441,1.6441,1.75,0.0605,0.9395,True,0,1.0,0.006836,75,90,0.25,0.007,0.15000000000000002,0.06,0.003,7,105,45,15,VALID,NONE,44a6da4b5a5a
EXP-PHASE-V-THENI-P3-S1006,theni,6ed83738b021,04bcbea38a72,3,1006,1024,AER_SIMULATOR,IDEAL_SIMULATION,COBYLA,gamma_3_beta_3,opt_gamma_3_opt_beta_3,"{""100110000110110"": 7, ""000000000000000"": 1017}",100110000110110,"[""STR-001"", ""STR-002"", ""STR-003"", ""STR-004"", ""STR-005""]",1.6441,1.6441,1.75,0.0605,0.9395,True,0,1.0,0.006836,75,90,0.25,0.007,0.15000000000000002,0.06,0.003,7,105,45,15,VALID,NONE,bc14a3b59969
EXP-PHASE-V-THENI-P3-S1007,theni,6ed83738b021,04bcbea38a72,3,1007,1024,AER_SIMULATOR,IDEAL_SIMULATION,COBYLA,gamma_3_beta_3,opt_gamma_3_opt_beta_3,"{""100110000110110"": 7, ""000000000000000"": 1017}",100110000110110,"[""STR-001"", ""STR-002"", ""STR-003"", ""STR-004"", ""STR-005""]",1.6441,1.6441,1.75,0.0605,0.9395,True,0,1.0,0.006836,75,90,0.25,0.007,0.15000000000000002,0.06,0.003,7,105,45,15,VALID,NONE,9eecbefc7bfe
EXP-PHASE-V-THENI-P3-S1008,theni,6ed83738b021,04bcbea38a72,3,1008,1024,AER_SIMULATOR,IDEAL_SIMULATION,COBYLA,gamma_3_beta_3,opt_gamma_3_opt_beta_3,"{""100110000110110"": 7, ""000000000000000"": 1017}",100110000110110,"[""STR-001"", ""STR-002"", ""STR-003"", ""STR-004"", ""STR-005""]",1.6441,1.6441,1.75,0.0605,0.9395,True,0,1.0,0.006836,75,90,0.25,0.007,0.15000000000000002,0.06,0.003,7,105,45,15,VALID,NONE,c938d049c593
EXP-PHASE-V-THENI-P3-S1009,theni,6ed83738b021,04bcbea38a72,3,1009,1024,AER_SIMULATOR,IDEAL_SIMULATION,COBYLA,gamma_3_beta_3,opt_gamma_3_opt_beta_3,"{""100110000110110"": 7, ""000000000000000"": 1017}",100110000110110,"[""STR-001"", ""STR-002"", ""STR-003"", ""STR-004"", ""STR-005""]",1.6441,1.6441,1.75,0.0605,0.9395,True,0,1.0,0.006836,75,90,0.25,0.007,0.15000000000000002,0.06,0.003,7,105,45,15,VALID,NONE,f079db8d2aa9
EXP-PHASE-V-THENI-P4-S1000,theni,6ed83738b021,04bcbea38a72,4,1000,1024,AER_SIMULATOR,IDEAL_SIMULATION,COBYLA,gamma_4_beta_4,opt_gamma_4_opt_beta_4,"{""100110000110110"": 7, ""000000000000000"": 1017}",100110000110110,"[""STR-001"", ""STR-002"", ""STR-003"", ""STR-004"", ""STR-005""]",1.6651,1.6651,1.75,0.0485,0.9515,True,0,1.0,0.006836,100,120,0.33,0.007,0.2,0.08,0.003,9,135,60,15,VALID,NONE,58be096f99e5
EXP-PHASE-V-THENI-P4-S1001,theni,6ed83738b021,04bcbea38a72,4,1001,1024,AER_SIMULATOR,IDEAL_SIMULATION,COBYLA,gamma_4_beta_4,opt_gamma_4_opt_beta_4,"{""100110000110110"": 7, ""000000000000000"": 1017}",100110000110110,"[""STR-001"", ""STR-002"", ""STR-003"", ""STR-004"", ""STR-005""]",1.6651,1.6651,1.75,0.0485,0.9515,True,0,1.0,0.006836,100,120,0.33,0.007,0.2,0.08,0.003,9,135,60,15,VALID,NONE,507703904306
EXP-PHASE-V-THENI-P4-S1002,theni,6ed83738b021,04bcbea38a72,4,1002,1024,AER_SIMULATOR,IDEAL_SIMULATION,COBYLA,gamma_4_beta_4,opt_gamma_4_opt_beta_4,"{""100110000110110"": 7, ""000000000000000"": 1017}",100110000110110,"[""STR-001"", ""STR-002"", ""STR-003"", ""STR-004"", ""STR-005""]",1.6651,1.6651,1.75,0.0485,0.9515,True,0,1.0,0.006836,100,120,0.33,0.007,0.2,0.08,0.003,9,135,60,15,VALID,NONE,526daed7e85f
EXP-PHASE-V-THENI-P4-S1003,theni,6ed83738b021,04bcbea38a72,4,1003,1024,AER_SIMULATOR,IDEAL_SIMULATION,COBYLA,gamma_4_beta_4,opt_gamma_4_opt_beta_4,"{""100110000110110"": 7, ""000000000000000"": 1017}",100110000110110,"[""STR-001"", ""STR-002"", ""STR-003"", ""STR-004"", ""STR-005""]",1.6651,1.6651,1.75,0.0485,0.9515,True,0,1.0,0.006836,100,120,0.33,0.007,0.2,0.08,0.003,9,135,60,15,VALID,NONE,5efcb5e2e437
EXP-PHASE-V-THENI-P4-S1004,theni,6ed83738b021,04bcbea38a72,4,1004,1024,AER_SIMULATOR,IDEAL_SIMULATION,COBYLA,gamma_4_beta_4,opt_gamma_4_opt_beta_4,"{""100110000110110"": 7, ""000000000000000"": 1017}",100110000110110,"[""STR-001"", ""STR-002"", ""STR-003"", ""STR-004"", ""STR-005""]",1.6651,1.6651,1.75,0.0485,0.9515,True,0,1.0,0.006836,100,120,0.33,0.007,0.2,0.08,0.003,9,135,60,15,VALID,NONE,11c90a1b499e
EXP-PHASE-V-THENI-P4-S1005,theni,6ed83738b021,04bcbea38a72,4,1005,1024,AER_SIMULATOR,IDEAL_SIMULATION,COBYLA,gamma_4_beta_4,opt_gamma_4_opt_beta_4,"{""100110000110110"": 7, ""000000000000000"": 1017}",100110000110110,"[""STR-001"", ""STR-002"", ""STR-003"", ""STR-004"", ""STR-005""]",1.6651,1.6651,1.75,0.0485,0.9515,True,0,1.0,0.006836,100,120,0.33,0.007,0.2,0.08,0.003,9,135,60,15,VALID,NONE,2bbeb9eb0440
EXP-PHASE-V-THENI-P4-S1006,theni,6ed83738b021,04bcbea38a72,4,1006,1024,AER_SIMULATOR,IDEAL_SIMULATION,COBYLA,gamma_4_beta_4,opt_gamma_4_opt_beta_4,"{""100110000110110"": 7, ""000000000000000"": 1017}",100110000110110,"[""STR-001"", ""STR-002"", ""STR-003"", ""STR-004"", ""STR-005""]",1.6651,1.6651,1.75,0.0485,0.9515,True,0,1.0,0.006836,100,120,0.33,0.007,0.2,0.08,0.003,9,135,60,15,VALID,NONE,793e8c6acff5
EXP-PHASE-V-THENI-P4-S1007,theni,6ed83738b021,04bcbea38a72,4,1007,1024,AER_SIMULATOR,IDEAL_SIMULATION,COBYLA,gamma_4_beta_4,opt_gamma_4_opt_beta_4,"{""100110000110110"": 7, ""000000000000000"": 1017}",100110000110110,"[""STR-001"", ""STR-002"", ""STR-003"", ""STR-004"", ""STR-005""]",1.6651,1.6651,1.75,0.0485,0.9515,True,0,1.0,0.006836,100,120,0.33,0.007,0.2,0.08,0.003,9,135,60,15,VALID,NONE,902147fb69fe
EXP-PHASE-V-THENI-P4-S1008,theni,6ed83738b021,04bcbea38a72,4,1008,1024,AER_SIMULATOR,IDEAL_SIMULATION,COBYLA,gamma_4_beta_4,opt_gamma_4_opt_beta_4,"{""100110000110110"": 7, ""000000000000000"": 1017}",100110000110110,"[""STR-001"", ""STR-002"", ""STR-003"", ""STR-004"", ""STR-005""]",1.6651,1.6651,1.75,0.0485,0.9515,True,0,1.0,0.006836,100,120,0.33,0.007,0.2,0.08,0.003,9,135,60,15,VALID,NONE,5bb0bc06a5d9
EXP-PHASE-V-THENI-P4-S1009,theni,6ed83738b021,04bcbea38a72,4,1009,1024,AER_SIMULATOR,IDEAL_SIMULATION,COBYLA,gamma_4_beta_4,opt_gamma_4_opt_beta_4,"{""100110000110110"": 7, ""000000000000000"": 1017}",100110000110110,"[""STR-001"", ""STR-002"", ""STR-003"", ""STR-004"", ""STR-005""]",1.6651,1.6651,1.75,0.0485,0.9515,True,0,1.0,0.006836,100,120,0.33,0.007,0.2,0.08,0.003,9,135,60,15,VALID,NONE,457a6f8a517e
EXP-PHASE-V-THENI-P5-S1000,theni,6ed83738b021,04bcbea38a72,5,1000,1024,AER_SIMULATOR,IDEAL_SIMULATION,COBYLA,gamma_5_beta_5,opt_gamma_5_opt_beta_5,"{""100110000110110"": 7, ""000000000000000"": 1017}",100110000110110,"[""STR-001"", ""STR-002"", ""STR-003"", ""STR-004"", ""STR-005""]",1.6861,1.6861,1.75,0.0365,0.9635,True,0,1.0,0.006836,125,150,0.41,0.007,0.25,0.1,0.003,11,165,75,15,VALID,NONE,e745c550a328
EXP-PHASE-V-THENI-P5-S1001,theni,6ed83738b021,04bcbea38a72,5,1001,1024,AER_SIMULATOR,IDEAL_SIMULATION,COBYLA,gamma_5_beta_5,opt_gamma_5_opt_beta_5,"{""100110000110110"": 7, ""000000000000000"": 1017}",100110000110110,"[""STR-001"", ""STR-002"", ""STR-003"", ""STR-004"", ""STR-005""]",1.6861,1.6861,1.75,0.0365,0.9635,True,0,1.0,0.006836,125,150,0.41,0.007,0.25,0.1,0.003,11,165,75,15,VALID,NONE,e6eeff4cfd7a
EXP-PHASE-V-THENI-P5-S1002,theni,6ed83738b021,04bcbea38a72,5,1002,1024,AER_SIMULATOR,IDEAL_SIMULATION,COBYLA,gamma_5_beta_5,opt_gamma_5_opt_beta_5,"{""100110000110110"": 7, ""000000000000000"": 1017}",100110000110110,"[""STR-001"", ""STR-002"", ""STR-003"", ""STR-004"", ""STR-005""]",1.6861,1.6861,1.75,0.0365,0.9635,True,0,1.0,0.006836,125,150,0.41,0.007,0.25,0.1,0.003,11,165,75,15,VALID,NONE,a3b897010057
EXP-PHASE-V-THENI-P5-S1003,theni,6ed83738b021,04bcbea38a72,5,1003,1024,AER_SIMULATOR,IDEAL_SIMULATION,COBYLA,gamma_5_beta_5,opt_gamma_5_opt_beta_5,"{""100110000110110"": 7, ""000000000000000"": 1017}",100110000110110,"[""STR-001"", ""STR-002"", ""STR-003"", ""STR-004"", ""STR-005""]",1.6861,1.6861,1.75,0.0365,0.9635,True,0,1.0,0.006836,125,150,0.41,0.007,0.25,0.1,0.003,11,165,75,15,VALID,NONE,493362a48c75
EXP-PHASE-V-THENI-P5-S1004,theni,6ed83738b021,04bcbea38a72,5,1004,1024,AER_SIMULATOR,IDEAL_SIMULATION,COBYLA,gamma_5_beta_5,opt_gamma_5_opt_beta_5,"{""100110000110110"": 7, ""000000000000000"": 1017}",100110000110110,"[""STR-001"", ""STR-002"", ""STR-003"", ""STR-004"", ""STR-005""]",1.6861,1.6861,1.75,0.0365,0.9635,True,0,1.0,0.006836,125,150,0.41,0.007,0.25,0.1,0.003,11,165,75,15,VALID,NONE,7aaa44c33311
EXP-PHASE-V-THENI-P5-S1005,theni,6ed83738b021,04bcbea38a72,5,1005,1024,AER_SIMULATOR,IDEAL_SIMULATION,COBYLA,gamma_5_beta_5,opt_gamma_5_opt_beta_5,"{""100110000110110"": 7, ""000000000000000"": 1017}",100110000110110,"[""STR-001"", ""STR-002"", ""STR-003"", ""STR-004"", ""STR-005""]",1.6861,1.6861,1.75,0.0365,0.9635,True,0,1.0,0.006836,125,150,0.41,0.007,0.25,0.1,0.003,11,165,75,15,VALID,NONE,02330f8837cc
EXP-PHASE-V-THENI-P5-S1006,theni,6ed83738b021,04bcbea38a72,5,1006,1024,AER_SIMULATOR,IDEAL_SIMULATION,COBYLA,gamma_5_beta_5,opt_gamma_5_opt_beta_5,"{""100110000110110"": 7, ""000000000000000"": 1017}",100110000110110,"[""STR-001"", ""STR-002"", ""STR-003"", ""STR-004"", ""STR-005""]",1.6861,1.6861,1.75,0.0365,0.9635,True,0,1.0,0.006836,125,150,0.41,0.007,0.25,0.1,0.003,11,165,75,15,VALID,NONE,d3f79974f903
EXP-PHASE-V-THENI-P5-S1007,theni,6ed83738b021,04bcbea38a72,5,1007,1024,AER_SIMULATOR,IDEAL_SIMULATION,COBYLA,gamma_5_beta_5,opt_gamma_5_opt_beta_5,"{""100110000110110"": 7, ""000000000000000"": 1017}",100110000110110,"[""STR-001"", ""STR-002"", ""STR-003"", ""STR-004"", ""STR-005""]",1.6861,1.6861,1.75,0.0365,0.9635,True,0,1.0,0.006836,125,150,0.41,0.007,0.25,0.1,0.003,11,165,75,15,VALID,NONE,b8ce1bd4e5aa
EXP-PHASE-V-THENI-P5-S1008,theni,6ed83738b021,04bcbea38a72,5,1008,1024,AER_SIMULATOR,IDEAL_SIMULATION,COBYLA,gamma_5_beta_5,opt_gamma_5_opt_beta_5,"{""100110000110110"": 7, ""000000000000000"": 1017}",100110000110110,"[""STR-001"", ""STR-002"", ""STR-003"", ""STR-004"", ""STR-005""]",1.6861,1.6861,1.75,0.0365,0.9635,True,0,1.0,0.006836,125,150,0.41,0.007,0.25,0.1,0.003,11,165,75,15,VALID,NONE,d60747187a02
EXP-PHASE-V-THENI-P5-S1009,theni,6ed83738b021,04bcbea38a72,5,1009,1024,AER_SIMULATOR,IDEAL_SIMULATION,COBYLA,gamma_5_beta_5,opt_gamma_5_opt_beta_5,"{""100110000110110"": 7, ""000000000000000"": 1017}",100110000110110,"[""STR-001"", ""STR-002"", ""STR-003"", ""STR-004"", ""STR-005""]",1.6861,1.6861,1.75,0.0365,0.9635,True,0,1.0,0.006836,125,150,0.41,0.007,0.25,0.1,0.003,11,165,75,15,VALID,NONE,251627d98bfc
EXP-PHASE-V-THOOTHUKUDI-P1-S1000,thoothukudi,fd798e71a592,41b43b6b2b9e,1,1000,1024,AER_SIMULATOR,IDEAL_SIMULATION,COBYLA,gamma_1_beta_1,opt_gamma_1_opt_beta_1,"{""100110000110110"": 3, ""000000000000000"": 1017}",100110000110110,"[""STR-001"", ""STR-002"", ""STR-003"", ""STR-004"", ""STR-005""]",1.6021,1.6021,1.75,0.0845,0.9155,True,0,1.0,0.003906,25,30,0.09,0.007,0.05,0.02,0.003,3,45,15,15,VALID,NONE,2372b4b7e540
EXP-PHASE-V-THOOTHUKUDI-P1-S1001,thoothukudi,fd798e71a592,41b43b6b2b9e,1,1001,1024,AER_SIMULATOR,IDEAL_SIMULATION,COBYLA,gamma_1_beta_1,opt_gamma_1_opt_beta_1,"{""100110000110110"": 3, ""000000000000000"": 1017}",100110000110110,"[""STR-001"", ""STR-002"", ""STR-003"", ""STR-004"", ""STR-005""]",1.6021,1.6021,1.75,0.0845,0.9155,True,0,1.0,0.003906,25,30,0.09,0.007,0.05,0.02,0.003,3,45,15,15,VALID,NONE,1757602cc469
EXP-PHASE-V-THOOTHUKUDI-P1-S1002,thoothukudi,fd798e71a592,41b43b6b2b9e,1,1002,1024,AER_SIMULATOR,IDEAL_SIMULATION,COBYLA,gamma_1_beta_1,opt_gamma_1_opt_beta_1,"{""100110000110110"": 3, ""000000000000000"": 1017}",100110000110110,"[""STR-001"", ""STR-002"", ""STR-003"", ""STR-004"", ""STR-005""]",1.6021,1.6021,1.75,0.0845,0.9155,True,0,1.0,0.003906,25,30,0.09,0.007,0.05,0.02,0.003,3,45,15,15,VALID,NONE,972c3d115dd0
EXP-PHASE-V-THOOTHUKUDI-P1-S1003,thoothukudi,fd798e71a592,41b43b6b2b9e,1,1003,1024,AER_SIMULATOR,IDEAL_SIMULATION,COBYLA,gamma_1_beta_1,opt_gamma_1_opt_beta_1,"{""100110000110110"": 3, ""000000000000000"": 1017}",100110000110110,"[""STR-001"", ""STR-002"", ""STR-003"", ""STR-004"", ""STR-005""]",1.6021,1.6021,1.75,0.0845,0.9155,True,0,1.0,0.003906,25,30,0.09,0.007,0.05,0.02,0.003,3,45,15,15,VALID,NONE,7383193b7798
EXP-PHASE-V-THOOTHUKUDI-P1-S1004,thoothukudi,fd798e71a592,41b43b6b2b9e,1,1004,1024,AER_SIMULATOR,IDEAL_SIMULATION,COBYLA,gamma_1_beta_1,opt_gamma_1_opt_beta_1,"{""100110000110110"": 3, ""000000000000000"": 1017}",100110000110110,"[""STR-001"", ""STR-002"", ""STR-003"", ""STR-004"", ""STR-005""]",1.6021,1.6021,1.75,0.0845,0.9155,True,0,1.0,0.003906,25,30,0.09,0.007,0.05,0.02,0.003,3,45,15,15,VALID,NONE,f47fe30f4059
EXP-PHASE-V-THOOTHUKUDI-P1-S1005,thoothukudi,fd798e71a592,41b43b6b2b9e,1,1005,1024,AER_SIMULATOR,IDEAL_SIMULATION,COBYLA,gamma_1_beta_1,opt_gamma_1_opt_beta_1,"{""100110000110110"": 3, ""000000000000000"": 1017}",100110000110110,"[""STR-001"", ""STR-002"", ""STR-003"", ""STR-004"", ""STR-005""]",1.6021,1.6021,1.75,0.0845,0.9155,True,0,1.0,0.003906,25,30,0.09,0.007,0.05,0.02,0.003,3,45,15,15,VALID,NONE,58b228ee73c7
EXP-PHASE-V-THOOTHUKUDI-P1-S1006,thoothukudi,fd798e71a592,41b43b6b2b9e,1,1006,1024,AER_SIMULATOR,IDEAL_SIMULATION,COBYLA,gamma_1_beta_1,opt_gamma_1_opt_beta_1,"{""100110000110110"": 3, ""000000000000000"": 1017}",100110000110110,"[""STR-001"", ""STR-002"", ""STR-003"", ""STR-004"", ""STR-005""]",1.6021,1.6021,1.75,0.0845,0.9155,True,0,1.0,0.003906,25,30,0.09,0.007,0.05,0.02,0.003,3,45,15,15,VALID,NONE,8bc260117068
EXP-PHASE-V-THOOTHUKUDI-P1-S1007,thoothukudi,fd798e71a592,41b43b6b2b9e,1,1007,1024,AER_SIMULATOR,IDEAL_SIMULATION,COBYLA,gamma_1_beta_1,opt_gamma_1_opt_beta_1,"{""100110000110110"": 3, ""000000000000000"": 1017}",100110000110110,"[""STR-001"", ""STR-002"", ""STR-003"", ""STR-004"", ""STR-005""]",1.6021,1.6021,1.75,0.0845,0.9155,True,0,1.0,0.003906,25,30,0.09,0.007,0.05,0.02,0.003,3,45,15,15,VALID,NONE,26433738c524
EXP-PHASE-V-THOOTHUKUDI-P1-S1008,thoothukudi,fd798e71a592,41b43b6b2b9e,1,1008,1024,AER_SIMULATOR,IDEAL_SIMULATION,COBYLA,gamma_1_beta_1,opt_gamma_1_opt_beta_1,"{""100110000110110"": 3, ""000000000000000"": 1017}",100110000110110,"[""STR-001"", ""STR-002"", ""STR-003"", ""STR-004"", ""STR-005""]",1.6021,1.6021,1.75,0.0845,0.9155,True,0,1.0,0.003906,25,30,0.09,0.007,0.05,0.02,0.003,3,45,15,15,VALID,NONE,7a1b7f0cf2ab
EXP-PHASE-V-THOOTHUKUDI-P1-S1009,thoothukudi,fd798e71a592,41b43b6b2b9e,1,1009,1024,AER_SIMULATOR,IDEAL_SIMULATION,COBYLA,gamma_1_beta_1,opt_gamma_1_opt_beta_1,"{""100110000110110"": 3, ""000000000000000"": 1017}",100110000110110,"[""STR-001"", ""STR-002"", ""STR-003"", ""STR-004"", ""STR-005""]",1.6021,1.6021,1.75,0.0845,0.9155,True,0,1.0,0.003906,25,30,0.09,0.007,0.05,0.02,0.003,3,45,15,15,VALID,NONE,5a4ea658c4a5
EXP-PHASE-V-THOOTHUKUDI-P2-S1000,thoothukudi,fd798e71a592,41b43b6b2b9e,2,1000,1024,AER_SIMULATOR,IDEAL_SIMULATION,COBYLA,gamma_2_beta_2,opt_gamma_2_opt_beta_2,"{""100110000110110"": 7, ""000000000000000"": 1017}",100110000110110,"[""STR-001"", ""STR-002"", ""STR-003"", ""STR-004"", ""STR-005""]",1.62,1.62,1.75,0.0743,0.9257,True,0,1.0,0.006836,50,60,0.17,0.007,0.1,0.04,0.003,5,75,30,15,VALID,NONE,0940938bc21e
EXP-PHASE-V-THOOTHUKUDI-P2-S1001,thoothukudi,fd798e71a592,41b43b6b2b9e,2,1001,1024,AER_SIMULATOR,IDEAL_SIMULATION,COBYLA,gamma_2_beta_2,opt_gamma_2_opt_beta_2,"{""100110000110110"": 7, ""000000000000000"": 1017}",100110000110110,"[""STR-001"", ""STR-002"", ""STR-003"", ""STR-004"", ""STR-005""]",1.5,1.5,1.75,0.1429,0.8571,True,0,1.0,0.0,50,60,0.17,0.007,0.1,0.04,0.003,5,75,30,15,VALID,NONE,7c53350ef52f
EXP-PHASE-V-THOOTHUKUDI-P2-S1002,thoothukudi,fd798e71a592,41b43b6b2b9e,2,1002,1024,AER_SIMULATOR,IDEAL_SIMULATION,COBYLA,gamma_2_beta_2,opt_gamma_2_opt_beta_2,"{""100110000110110"": 7, ""000000000000000"": 1017}",100110000110110,"[""STR-001"", ""STR-002"", ""STR-003"", ""STR-004"", ""STR-005""]",1.62,1.62,1.75,0.0743,0.9257,True,0,1.0,0.006836,50,60,0.17,0.007,0.1,0.04,0.003,5,75,30,15,VALID,NONE,0f7bc1b949de
EXP-PHASE-V-THOOTHUKUDI-P2-S1003,thoothukudi,fd798e71a592,41b43b6b2b9e,2,1003,1024,AER_SIMULATOR,IDEAL_SIMULATION,COBYLA,gamma_2_beta_2,opt_gamma_2_opt_beta_2,"{""100110000110110"": 7, ""000000000000000"": 1017}",100110000110110,"[""STR-001"", ""STR-002"", ""STR-003"", ""STR-004"", ""STR-005""]",1.5,1.5,1.75,0.1429,0.8571,True,0,1.0,0.0,50,60,0.17,0.007,0.1,0.04,0.003,5,75,30,15,VALID,NONE,642c371a24d3
EXP-PHASE-V-THOOTHUKUDI-P2-S1004,thoothukudi,fd798e71a592,41b43b6b2b9e,2,1004,1024,AER_SIMULATOR,IDEAL_SIMULATION,COBYLA,gamma_2_beta_2,opt_gamma_2_opt_beta_2,"{""100110000110110"": 7, ""000000000000000"": 1017}",100110000110110,"[""STR-001"", ""STR-002"", ""STR-003"", ""STR-004"", ""STR-005""]",1.62,1.62,1.75,0.0743,0.9257,True,0,1.0,0.006836,50,60,0.17,0.007,0.1,0.04,0.003,5,75,30,15,VALID,NONE,ac01fbd538eb
EXP-PHASE-V-THOOTHUKUDI-P2-S1005,thoothukudi,fd798e71a592,41b43b6b2b9e,2,1005,1024,AER_SIMULATOR,IDEAL_SIMULATION,COBYLA,gamma_2_beta_2,opt_gamma_2_opt_beta_2,"{""100110000110110"": 7, ""000000000000000"": 1017}",100110000110110,"[""STR-001"", ""STR-002"", ""STR-003"", ""STR-004"", ""STR-005""]",1.6231,1.6231,1.75,0.0725,0.9275,True,0,1.0,0.006836,50,60,0.17,0.007,0.1,0.04,0.003,5,75,30,15,VALID,NONE,a60f55c5757c
EXP-PHASE-V-THOOTHUKUDI-P2-S1006,thoothukudi,fd798e71a592,41b43b6b2b9e,2,1006,1024,AER_SIMULATOR,IDEAL_SIMULATION,COBYLA,gamma_2_beta_2,opt_gamma_2_opt_beta_2,"{""100110000110110"": 7, ""000000000000000"": 1017}",100110000110110,"[""STR-001"", ""STR-002"", ""STR-003"", ""STR-004"", ""STR-005""]",1.6231,1.6231,1.75,0.0725,0.9275,True,0,1.0,0.006836,50,60,0.17,0.007,0.1,0.04,0.003,5,75,30,15,VALID,NONE,cc8856046a44
EXP-PHASE-V-THOOTHUKUDI-P2-S1007,thoothukudi,fd798e71a592,41b43b6b2b9e,2,1007,1024,AER_SIMULATOR,IDEAL_SIMULATION,COBYLA,gamma_2_beta_2,opt_gamma_2_opt_beta_2,"{""100110000110110"": 7, ""000000000000000"": 1017}",100110000110110,"[""STR-001"", ""STR-002"", ""STR-003"", ""STR-004"", ""STR-005""]",1.6231,1.6231,1.75,0.0725,0.9275,True,0,1.0,0.006836,50,60,0.17,0.007,0.1,0.04,0.003,5,75,30,15,VALID,NONE,4fec22d66470
EXP-PHASE-V-THOOTHUKUDI-P2-S1008,thoothukudi,fd798e71a592,41b43b6b2b9e,2,1008,1024,AER_SIMULATOR,IDEAL_SIMULATION,COBYLA,gamma_2_beta_2,opt_gamma_2_opt_beta_2,"{""100110000110110"": 7, ""000000000000000"": 1017}",100110000110110,"[""STR-001"", ""STR-002"", ""STR-003"", ""STR-004"", ""STR-005""]",1.6231,1.6231,1.75,0.0725,0.9275,True,0,1.0,0.006836,50,60,0.17,0.007,0.1,0.04,0.003,5,75,30,15,VALID,NONE,8b462b2b7aaa
EXP-PHASE-V-THOOTHUKUDI-P2-S1009,thoothukudi,fd798e71a592,41b43b6b2b9e,2,1009,1024,AER_SIMULATOR,IDEAL_SIMULATION,COBYLA,gamma_2_beta_2,opt_gamma_2_opt_beta_2,"{""100110000110110"": 7, ""000000000000000"": 1017}",100110000110110,"[""STR-001"", ""STR-002"", ""STR-003"", ""STR-004"", ""STR-005""]",1.6231,1.6231,1.75,0.0725,0.9275,True,0,1.0,0.006836,50,60,0.17,0.007,0.1,0.04,0.003,5,75,30,15,VALID,NONE,f6909158fb59
EXP-PHASE-V-THOOTHUKUDI-P3-S1000,thoothukudi,fd798e71a592,41b43b6b2b9e,3,1000,1024,AER_SIMULATOR,IDEAL_SIMULATION,COBYLA,gamma_3_beta_3,opt_gamma_3_opt_beta_3,"{""100110000110110"": 7, ""000000000000000"": 1017}",100110000110110,"[""STR-001"", ""STR-002"", ""STR-003"", ""STR-004"", ""STR-005""]",1.6441,1.6441,1.75,0.0605,0.9395,True,0,1.0,0.006836,75,90,0.25,0.007,0.15000000000000002,0.06,0.003,7,105,45,15,VALID,NONE,a5c00fa8a655
EXP-PHASE-V-THOOTHUKUDI-P3-S1001,thoothukudi,fd798e71a592,41b43b6b2b9e,3,1001,1024,AER_SIMULATOR,IDEAL_SIMULATION,COBYLA,gamma_3_beta_3,opt_gamma_3_opt_beta_3,"{""100110000110110"": 7, ""000000000000000"": 1017}",100110000110110,"[""STR-001"", ""STR-002"", ""STR-003"", ""STR-004"", ""STR-005""]",1.6441,1.6441,1.75,0.0605,0.9395,True,0,1.0,0.006836,75,90,0.25,0.007,0.15000000000000002,0.06,0.003,7,105,45,15,VALID,NONE,89ce0c5efebd
EXP-PHASE-V-THOOTHUKUDI-P3-S1002,thoothukudi,fd798e71a592,41b43b6b2b9e,3,1002,1024,AER_SIMULATOR,IDEAL_SIMULATION,COBYLA,gamma_3_beta_3,opt_gamma_3_opt_beta_3,"{""100110000110110"": 7, ""000000000000000"": 1017}",100110000110110,"[""STR-001"", ""STR-002"", ""STR-003"", ""STR-004"", ""STR-005""]",1.6441,1.6441,1.75,0.0605,0.9395,True,0,1.0,0.006836,75,90,0.25,0.007,0.15000000000000002,0.06,0.003,7,105,45,15,VALID,NONE,443b95ef9184
EXP-PHASE-V-THOOTHUKUDI-P3-S1003,thoothukudi,fd798e71a592,41b43b6b2b9e,3,1003,1024,AER_SIMULATOR,IDEAL_SIMULATION,COBYLA,gamma_3_beta_3,opt_gamma_3_opt_beta_3,"{""100110000110110"": 7, ""000000000000000"": 1017}",100110000110110,"[""STR-001"", ""STR-002"", ""STR-003"", ""STR-004"", ""STR-005""]",1.6441,1.6441,1.75,0.0605,0.9395,True,0,1.0,0.006836,75,90,0.25,0.007,0.15000000000000002,0.06,0.003,7,105,45,15,VALID,NONE,4c36670d50a8
EXP-PHASE-V-THOOTHUKUDI-P3-S1004,thoothukudi,fd798e71a592,41b43b6b2b9e,3,1004,1024,AER_SIMULATOR,IDEAL_SIMULATION,COBYLA,gamma_3_beta_3,opt_gamma_3_opt_beta_3,"{""100110000110110"": 7, ""000000000000000"": 1017}",100110000110110,"[""STR-001"", ""STR-002"", ""STR-003"", ""STR-004"", ""STR-005""]",1.6441,1.6441,1.75,0.0605,0.9395,True,0,1.0,0.006836,75,90,0.25,0.007,0.15000000000000002,0.06,0.003,7,105,45,15,VALID,NONE,e697cffc6b0c
EXP-PHASE-V-THOOTHUKUDI-P3-S1005,thoothukudi,fd798e71a592,41b43b6b2b9e,3,1005,1024,AER_SIMULATOR,IDEAL_SIMULATION,COBYLA,gamma_3_beta_3,opt_gamma_3_opt_beta_3,"{""100110000110110"": 7, ""000000000000000"": 1017}",100110000110110,"[""STR-001"", ""STR-002"", ""STR-003"", ""STR-004"", ""STR-005""]",1.6441,1.6441,1.75,0.0605,0.9395,True,0,1.0,0.006836,75,90,0.25,0.007,0.15000000000000002,0.06,0.003,7,105,45,15,VALID,NONE,bc1bcf255bfb
EXP-PHASE-V-THOOTHUKUDI-P3-S1006,thoothukudi,fd798e71a592,41b43b6b2b9e,3,1006,1024,AER_SIMULATOR,IDEAL_SIMULATION,COBYLA,gamma_3_beta_3,opt_gamma_3_opt_beta_3,"{""100110000110110"": 7, ""000000000000000"": 1017}",100110000110110,"[""STR-001"", ""STR-002"", ""STR-003"", ""STR-004"", ""STR-005""]",1.6441,1.6441,1.75,0.0605,0.9395,True,0,1.0,0.006836,75,90,0.25,0.007,0.15000000000000002,0.06,0.003,7,105,45,15,VALID,NONE,4f685d2bc9d1
EXP-PHASE-V-THOOTHUKUDI-P3-S1007,thoothukudi,fd798e71a592,41b43b6b2b9e,3,1007,1024,AER_SIMULATOR,IDEAL_SIMULATION,COBYLA,gamma_3_beta_3,opt_gamma_3_opt_beta_3,"{""100110000110110"": 7, ""000000000000000"": 1017}",100110000110110,"[""STR-001"", ""STR-002"", ""STR-003"", ""STR-004"", ""STR-005""]",1.6441,1.6441,1.75,0.0605,0.9395,True,0,1.0,0.006836,75,90,0.25,0.007,0.15000000000000002,0.06,0.003,7,105,45,15,VALID,NONE,beaa6987da47
EXP-PHASE-V-THOOTHUKUDI-P3-S1008,thoothukudi,fd798e71a592,41b43b6b2b9e,3,1008,1024,AER_SIMULATOR,IDEAL_SIMULATION,COBYLA,gamma_3_beta_3,opt_gamma_3_opt_beta_3,"{""100110000110110"": 7, ""000000000000000"": 1017}",100110000110110,"[""STR-001"", ""STR-002"", ""STR-003"", ""STR-004"", ""STR-005""]",1.6441,1.6441,1.75,0.0605,0.9395,True,0,1.0,0.006836,75,90,0.25,0.007,0.15000000000000002,0.06,0.003,7,105,45,15,VALID,NONE,8086ea86f6db
EXP-PHASE-V-THOOTHUKUDI-P3-S1009,thoothukudi,fd798e71a592,41b43b6b2b9e,3,1009,1024,AER_SIMULATOR,IDEAL_SIMULATION,COBYLA,gamma_3_beta_3,opt_gamma_3_opt_beta_3,"{""100110000110110"": 7, ""000000000000000"": 1017}",100110000110110,"[""STR-001"", ""STR-002"", ""STR-003"", ""STR-004"", ""STR-005""]",1.6441,1.6441,1.75,0.0605,0.9395,True,0,1.0,0.006836,75,90,0.25,0.007,0.15000000000000002,0.06,0.003,7,105,45,15,VALID,NONE,d172aa6dc9ea
EXP-PHASE-V-THOOTHUKUDI-P4-S1000,thoothukudi,fd798e71a592,41b43b6b2b9e,4,1000,1024,AER_SIMULATOR,IDEAL_SIMULATION,COBYLA,gamma_4_beta_4,opt_gamma_4_opt_beta_4,"{""100110000110110"": 7, ""000000000000000"": 1017}",100110000110110,"[""STR-001"", ""STR-002"", ""STR-003"", ""STR-004"", ""STR-005""]",1.6651,1.6651,1.75,0.0485,0.9515,True,0,1.0,0.006836,100,120,0.33,0.007,0.2,0.08,0.003,9,135,60,15,VALID,NONE,d2413907117d
EXP-PHASE-V-THOOTHUKUDI-P4-S1001,thoothukudi,fd798e71a592,41b43b6b2b9e,4,1001,1024,AER_SIMULATOR,IDEAL_SIMULATION,COBYLA,gamma_4_beta_4,opt_gamma_4_opt_beta_4,"{""100110000110110"": 7, ""000000000000000"": 1017}",100110000110110,"[""STR-001"", ""STR-002"", ""STR-003"", ""STR-004"", ""STR-005""]",1.6651,1.6651,1.75,0.0485,0.9515,True,0,1.0,0.006836,100,120,0.33,0.007,0.2,0.08,0.003,9,135,60,15,VALID,NONE,0b20b0dd9a71
EXP-PHASE-V-THOOTHUKUDI-P4-S1002,thoothukudi,fd798e71a592,41b43b6b2b9e,4,1002,1024,AER_SIMULATOR,IDEAL_SIMULATION,COBYLA,gamma_4_beta_4,opt_gamma_4_opt_beta_4,"{""100110000110110"": 7, ""000000000000000"": 1017}",100110000110110,"[""STR-001"", ""STR-002"", ""STR-003"", ""STR-004"", ""STR-005""]",1.6651,1.6651,1.75,0.0485,0.9515,True,0,1.0,0.006836,100,120,0.33,0.007,0.2,0.08,0.003,9,135,60,15,VALID,NONE,04406db1b0bf
EXP-PHASE-V-THOOTHUKUDI-P4-S1003,thoothukudi,fd798e71a592,41b43b6b2b9e,4,1003,1024,AER_SIMULATOR,IDEAL_SIMULATION,COBYLA,gamma_4_beta_4,opt_gamma_4_opt_beta_4,"{""100110000110110"": 7, ""000000000000000"": 1017}",100110000110110,"[""STR-001"", ""STR-002"", ""STR-003"", ""STR-004"", ""STR-005""]",1.6651,1.6651,1.75,0.0485,0.9515,True,0,1.0,0.006836,100,120,0.33,0.007,0.2,0.08,0.003,9,135,60,15,VALID,NONE,c6ba8c6da0e8
EXP-PHASE-V-THOOTHUKUDI-P4-S1004,thoothukudi,fd798e71a592,41b43b6b2b9e,4,1004,1024,AER_SIMULATOR,IDEAL_SIMULATION,COBYLA,gamma_4_beta_4,opt_gamma_4_opt_beta_4,"{""100110000110110"": 7, ""000000000000000"": 1017}",100110000110110,"[""STR-001"", ""STR-002"", ""STR-003"", ""STR-004"", ""STR-005""]",1.6651,1.6651,1.75,0.0485,0.9515,True,0,1.0,0.006836,100,120,0.33,0.007,0.2,0.08,0.003,9,135,60,15,VALID,NONE,719722d3f8df
EXP-PHASE-V-THOOTHUKUDI-P4-S1005,thoothukudi,fd798e71a592,41b43b6b2b9e,4,1005,1024,AER_SIMULATOR,IDEAL_SIMULATION,COBYLA,gamma_4_beta_4,opt_gamma_4_opt_beta_4,"{""100110000110110"": 7, ""000000000000000"": 1017}",100110000110110,"[""STR-001"", ""STR-002"", ""STR-003"", ""STR-004"", ""STR-005""]",1.6651,1.6651,1.75,0.0485,0.9515,True,0,1.0,0.006836,100,120,0.33,0.007,0.2,0.08,0.003,9,135,60,15,VALID,NONE,f776f84bc834
EXP-PHASE-V-THOOTHUKUDI-P4-S1006,thoothukudi,fd798e71a592,41b43b6b2b9e,4,1006,1024,AER_SIMULATOR,IDEAL_SIMULATION,COBYLA,gamma_4_beta_4,opt_gamma_4_opt_beta_4,"{""100110000110110"": 7, ""000000000000000"": 1017}",100110000110110,"[""STR-001"", ""STR-002"", ""STR-003"", ""STR-004"", ""STR-005""]",1.6651,1.6651,1.75,0.0485,0.9515,True,0,1.0,0.006836,100,120,0.33,0.007,0.2,0.08,0.003,9,135,60,15,VALID,NONE,c4cdc271f151
EXP-PHASE-V-THOOTHUKUDI-P4-S1007,thoothukudi,fd798e71a592,41b43b6b2b9e,4,1007,1024,AER_SIMULATOR,IDEAL_SIMULATION,COBYLA,gamma_4_beta_4,opt_gamma_4_opt_beta_4,"{""100110000110110"": 7, ""000000000000000"": 1017}",100110000110110,"[""STR-001"", ""STR-002"", ""STR-003"", ""STR-004"", ""STR-005""]",1.6651,1.6651,1.75,0.0485,0.9515,True,0,1.0,0.006836,100,120,0.33,0.007,0.2,0.08,0.003,9,135,60,15,VALID,NONE,72b728f7c26b
EXP-PHASE-V-THOOTHUKUDI-P4-S1008,thoothukudi,fd798e71a592,41b43b6b2b9e,4,1008,1024,AER_SIMULATOR,IDEAL_SIMULATION,COBYLA,gamma_4_beta_4,opt_gamma_4_opt_beta_4,"{""100110000110110"": 7, ""000000000000000"": 1017}",100110000110110,"[""STR-001"", ""STR-002"", ""STR-003"", ""STR-004"", ""STR-005""]",1.6651,1.6651,1.75,0.0485,0.9515,True,0,1.0,0.006836,100,120,0.33,0.007,0.2,0.08,0.003,9,135,60,15,VALID,NONE,2c6b3c1b6235
EXP-PHASE-V-THOOTHUKUDI-P4-S1009,thoothukudi,fd798e71a592,41b43b6b2b9e,4,1009,1024,AER_SIMULATOR,IDEAL_SIMULATION,COBYLA,gamma_4_beta_4,opt_gamma_4_opt_beta_4,"{""100110000110110"": 7, ""000000000000000"": 1017}",100110000110110,"[""STR-001"", ""STR-002"", ""STR-003"", ""STR-004"", ""STR-005""]",1.6651,1.6651,1.75,0.0485,0.9515,True,0,1.0,0.006836,100,120,0.33,0.007,0.2,0.08,0.003,9,135,60,15,VALID,NONE,4366a5db6174
EXP-PHASE-V-THOOTHUKUDI-P5-S1000,thoothukudi,fd798e71a592,41b43b6b2b9e,5,1000,1024,AER_SIMULATOR,IDEAL_SIMULATION,COBYLA,gamma_5_beta_5,opt_gamma_5_opt_beta_5,"{""100110000110110"": 7, ""000000000000000"": 1017}",100110000110110,"[""STR-001"", ""STR-002"", ""STR-003"", ""STR-004"", ""STR-005""]",1.6861,1.6861,1.75,0.0365,0.9635,True,0,1.0,0.006836,125,150,0.41,0.007,0.25,0.1,0.003,11,165,75,15,VALID,NONE,f2a249cec0d5
EXP-PHASE-V-THOOTHUKUDI-P5-S1001,thoothukudi,fd798e71a592,41b43b6b2b9e,5,1001,1024,AER_SIMULATOR,IDEAL_SIMULATION,COBYLA,gamma_5_beta_5,opt_gamma_5_opt_beta_5,"{""100110000110110"": 7, ""000000000000000"": 1017}",100110000110110,"[""STR-001"", ""STR-002"", ""STR-003"", ""STR-004"", ""STR-005""]",1.6861,1.6861,1.75,0.0365,0.9635,True,0,1.0,0.006836,125,150,0.41,0.007,0.25,0.1,0.003,11,165,75,15,VALID,NONE,219db1cd6edf
EXP-PHASE-V-THOOTHUKUDI-P5-S1002,thoothukudi,fd798e71a592,41b43b6b2b9e,5,1002,1024,AER_SIMULATOR,IDEAL_SIMULATION,COBYLA,gamma_5_beta_5,opt_gamma_5_opt_beta_5,"{""100110000110110"": 7, ""000000000000000"": 1017}",100110000110110,"[""STR-001"", ""STR-002"", ""STR-003"", ""STR-004"", ""STR-005""]",1.6861,1.6861,1.75,0.0365,0.9635,True,0,1.0,0.006836,125,150,0.41,0.007,0.25,0.1,0.003,11,165,75,15,VALID,NONE,62b32a5c7304
EXP-PHASE-V-THOOTHUKUDI-P5-S1003,thoothukudi,fd798e71a592,41b43b6b2b9e,5,1003,1024,AER_SIMULATOR,IDEAL_SIMULATION,COBYLA,gamma_5_beta_5,opt_gamma_5_opt_beta_5,"{""100110000110110"": 7, ""000000000000000"": 1017}",100110000110110,"[""STR-001"", ""STR-002"", ""STR-003"", ""STR-004"", ""STR-005""]",1.6861,1.6861,1.75,0.0365,0.9635,True,0,1.0,0.006836,125,150,0.41,0.007,0.25,0.1,0.003,11,165,75,15,VALID,NONE,6dbfd264b680
EXP-PHASE-V-THOOTHUKUDI-P5-S1004,thoothukudi,fd798e71a592,41b43b6b2b9e,5,1004,1024,AER_SIMULATOR,IDEAL_SIMULATION,COBYLA,gamma_5_beta_5,opt_gamma_5_opt_beta_5,"{""100110000110110"": 7, ""000000000000000"": 1017}",100110000110110,"[""STR-001"", ""STR-002"", ""STR-003"", ""STR-004"", ""STR-005""]",1.6861,1.6861,1.75,0.0365,0.9635,True,0,1.0,0.006836,125,150,0.41,0.007,0.25,0.1,0.003,11,165,75,15,VALID,NONE,0fbdbdc89a62
EXP-PHASE-V-THOOTHUKUDI-P5-S1005,thoothukudi,fd798e71a592,41b43b6b2b9e,5,1005,1024,AER_SIMULATOR,IDEAL_SIMULATION,COBYLA,gamma_5_beta_5,opt_gamma_5_opt_beta_5,"{""100110000110110"": 7, ""000000000000000"": 1017}",100110000110110,"[""STR-001"", ""STR-002"", ""STR-003"", ""STR-004"", ""STR-005""]",1.6861,1.6861,1.75,0.0365,0.9635,True,0,1.0,0.006836,125,150,0.41,0.007,0.25,0.1,0.003,11,165,75,15,VALID,NONE,edf7575932cd
EXP-PHASE-V-THOOTHUKUDI-P5-S1006,thoothukudi,fd798e71a592,41b43b6b2b9e,5,1006,1024,AER_SIMULATOR,IDEAL_SIMULATION,COBYLA,gamma_5_beta_5,opt_gamma_5_opt_beta_5,"{""100110000110110"": 7, ""000000000000000"": 1017}",100110000110110,"[""STR-001"", ""STR-002"", ""STR-003"", ""STR-004"", ""STR-005""]",1.6861,1.6861,1.75,0.0365,0.9635,True,0,1.0,0.006836,125,150,0.41,0.007,0.25,0.1,0.003,11,165,75,15,VALID,NONE,2157671ea56f
EXP-PHASE-V-THOOTHUKUDI-P5-S1007,thoothukudi,fd798e71a592,41b43b6b2b9e,5,1007,1024,AER_SIMULATOR,IDEAL_SIMULATION,COBYLA,gamma_5_beta_5,opt_gamma_5_opt_beta_5,"{""100110000110110"": 7, ""000000000000000"": 1017}",100110000110110,"[""STR-001"", ""STR-002"", ""STR-003"", ""STR-004"", ""STR-005""]",1.6861,1.6861,1.75,0.0365,0.9635,True,0,1.0,0.006836,125,150,0.41,0.007,0.25,0.1,0.003,11,165,75,15,VALID,NONE,68259d3215a4
EXP-PHASE-V-THOOTHUKUDI-P5-S1008,thoothukudi,fd798e71a592,41b43b6b2b9e,5,1008,1024,AER_SIMULATOR,IDEAL_SIMULATION,COBYLA,gamma_5_beta_5,opt_gamma_5_opt_beta_5,"{""100110000110110"": 7, ""000000000000000"": 1017}",100110000110110,"[""STR-001"", ""STR-002"", ""STR-003"", ""STR-004"", ""STR-005""]",1.6861,1.6861,1.75,0.0365,0.9635,True,0,1.0,0.006836,125,150,0.41,0.007,0.25,0.1,0.003,11,165,75,15,VALID,NONE,8c298475e016
EXP-PHASE-V-THOOTHUKUDI-P5-S1009,thoothukudi,fd798e71a592,41b43b6b2b9e,5,1009,1024,AER_SIMULATOR,IDEAL_SIMULATION,COBYLA,gamma_5_beta_5,opt_gamma_5_opt_beta_5,"{""100110000110110"": 7, ""000000000000000"": 1017}",100110000110110,"[""STR-001"", ""STR-002"", ""STR-003"", ""STR-004"", ""STR-005""]",1.6861,1.6861,1.75,0.0365,0.9635,True,0,1.0,0.006836,125,150,0.41,0.007,0.25,0.1,0.003,11,165,75,15,VALID,NONE,3185b1f5bb25
EXP-PHASE-V-TIRUCHIRAPPALLI-P1-S1000,tiruchirappalli,507a193ab5ce,2dd571a73831,1,1000,1024,AER_SIMULATOR,IDEAL_SIMULATION,COBYLA,gamma_1_beta_1,opt_gamma_1_opt_beta_1,"{""100110000110110"": 3, ""000000000000000"": 1017}",100110000110110,"[""STR-001"", ""STR-002"", ""STR-003"", ""STR-004"", ""STR-005""]",1.6021,1.6021,1.75,0.0845,0.9155,True,0,1.0,0.003906,25,30,0.09,0.007,0.05,0.02,0.003,3,45,15,15,VALID,NONE,ac62917deb6a
EXP-PHASE-V-TIRUCHIRAPPALLI-P1-S1001,tiruchirappalli,507a193ab5ce,2dd571a73831,1,1001,1024,AER_SIMULATOR,IDEAL_SIMULATION,COBYLA,gamma_1_beta_1,opt_gamma_1_opt_beta_1,"{""100110000110110"": 3, ""000000000000000"": 1017}",100110000110110,"[""STR-001"", ""STR-002"", ""STR-003"", ""STR-004"", ""STR-005""]",1.6021,1.6021,1.75,0.0845,0.9155,True,0,1.0,0.003906,25,30,0.09,0.007,0.05,0.02,0.003,3,45,15,15,VALID,NONE,fcfae825d9aa
EXP-PHASE-V-TIRUCHIRAPPALLI-P1-S1002,tiruchirappalli,507a193ab5ce,2dd571a73831,1,1002,1024,AER_SIMULATOR,IDEAL_SIMULATION,COBYLA,gamma_1_beta_1,opt_gamma_1_opt_beta_1,"{""100110000110110"": 3, ""000000000000000"": 1017}",100110000110110,"[""STR-001"", ""STR-002"", ""STR-003"", ""STR-004"", ""STR-005""]",1.6021,1.6021,1.75,0.0845,0.9155,True,0,1.0,0.003906,25,30,0.09,0.007,0.05,0.02,0.003,3,45,15,15,VALID,NONE,fb66360bb0ea
EXP-PHASE-V-TIRUCHIRAPPALLI-P1-S1003,tiruchirappalli,507a193ab5ce,2dd571a73831,1,1003,1024,AER_SIMULATOR,IDEAL_SIMULATION,COBYLA,gamma_1_beta_1,opt_gamma_1_opt_beta_1,"{""100110000110110"": 3, ""000000000000000"": 1017}",100110000110110,"[""STR-001"", ""STR-002"", ""STR-003"", ""STR-004"", ""STR-005""]",1.6021,1.6021,1.75,0.0845,0.9155,True,0,1.0,0.003906,25,30,0.09,0.007,0.05,0.02,0.003,3,45,15,15,VALID,NONE,e7b13a2cf866
EXP-PHASE-V-TIRUCHIRAPPALLI-P1-S1004,tiruchirappalli,507a193ab5ce,2dd571a73831,1,1004,1024,AER_SIMULATOR,IDEAL_SIMULATION,COBYLA,gamma_1_beta_1,opt_gamma_1_opt_beta_1,"{""100110000110110"": 3, ""000000000000000"": 1017}",100110000110110,"[""STR-001"", ""STR-002"", ""STR-003"", ""STR-004"", ""STR-005""]",1.6021,1.6021,1.75,0.0845,0.9155,True,0,1.0,0.003906,25,30,0.09,0.007,0.05,0.02,0.003,3,45,15,15,VALID,NONE,fe7a1d57f6b2
EXP-PHASE-V-TIRUCHIRAPPALLI-P1-S1005,tiruchirappalli,507a193ab5ce,2dd571a73831,1,1005,1024,AER_SIMULATOR,IDEAL_SIMULATION,COBYLA,gamma_1_beta_1,opt_gamma_1_opt_beta_1,"{""100110000110110"": 3, ""000000000000000"": 1017}",100110000110110,"[""STR-001"", ""STR-002"", ""STR-003"", ""STR-004"", ""STR-005""]",1.6021,1.6021,1.75,0.0845,0.9155,True,0,1.0,0.003906,25,30,0.09,0.007,0.05,0.02,0.003,3,45,15,15,VALID,NONE,39b158b5f4e1
EXP-PHASE-V-TIRUCHIRAPPALLI-P1-S1006,tiruchirappalli,507a193ab5ce,2dd571a73831,1,1006,1024,AER_SIMULATOR,IDEAL_SIMULATION,COBYLA,gamma_1_beta_1,opt_gamma_1_opt_beta_1,"{""100110000110110"": 3, ""000000000000000"": 1017}",100110000110110,"[""STR-001"", ""STR-002"", ""STR-003"", ""STR-004"", ""STR-005""]",1.6021,1.6021,1.75,0.0845,0.9155,True,0,1.0,0.003906,25,30,0.09,0.007,0.05,0.02,0.003,3,45,15,15,VALID,NONE,06ddc4308b38
EXP-PHASE-V-TIRUCHIRAPPALLI-P1-S1007,tiruchirappalli,507a193ab5ce,2dd571a73831,1,1007,1024,AER_SIMULATOR,IDEAL_SIMULATION,COBYLA,gamma_1_beta_1,opt_gamma_1_opt_beta_1,"{""100110000110110"": 3, ""000000000000000"": 1017}",100110000110110,"[""STR-001"", ""STR-002"", ""STR-003"", ""STR-004"", ""STR-005""]",1.6021,1.6021,1.75,0.0845,0.9155,True,0,1.0,0.003906,25,30,0.09,0.007,0.05,0.02,0.003,3,45,15,15,VALID,NONE,f731037d79eb
EXP-PHASE-V-TIRUCHIRAPPALLI-P1-S1008,tiruchirappalli,507a193ab5ce,2dd571a73831,1,1008,1024,AER_SIMULATOR,IDEAL_SIMULATION,COBYLA,gamma_1_beta_1,opt_gamma_1_opt_beta_1,"{""100110000110110"": 3, ""000000000000000"": 1017}",100110000110110,"[""STR-001"", ""STR-002"", ""STR-003"", ""STR-004"", ""STR-005""]",1.6021,1.6021,1.75,0.0845,0.9155,True,0,1.0,0.003906,25,30,0.09,0.007,0.05,0.02,0.003,3,45,15,15,VALID,NONE,15fea3a82878
EXP-PHASE-V-TIRUCHIRAPPALLI-P1-S1009,tiruchirappalli,507a193ab5ce,2dd571a73831,1,1009,1024,AER_SIMULATOR,IDEAL_SIMULATION,COBYLA,gamma_1_beta_1,opt_gamma_1_opt_beta_1,"{""100110000110110"": 3, ""000000000000000"": 1017}",100110000110110,"[""STR-001"", ""STR-002"", ""STR-003"", ""STR-004"", ""STR-005""]",1.6021,1.6021,1.75,0.0845,0.9155,True,0,1.0,0.003906,25,30,0.09,0.007,0.05,0.02,0.003,3,45,15,15,VALID,NONE,2fbca13ffe05
EXP-PHASE-V-TIRUCHIRAPPALLI-P2-S1000,tiruchirappalli,507a193ab5ce,2dd571a73831,2,1000,1024,AER_SIMULATOR,IDEAL_SIMULATION,COBYLA,gamma_2_beta_2,opt_gamma_2_opt_beta_2,"{""100110000110110"": 7, ""000000000000000"": 1017}",100110000110110,"[""STR-001"", ""STR-002"", ""STR-003"", ""STR-004"", ""STR-005""]",1.62,1.62,1.75,0.0743,0.9257,True,0,1.0,0.006836,50,60,0.17,0.007,0.1,0.04,0.003,5,75,30,15,VALID,NONE,9b776327704c
EXP-PHASE-V-TIRUCHIRAPPALLI-P2-S1001,tiruchirappalli,507a193ab5ce,2dd571a73831,2,1001,1024,AER_SIMULATOR,IDEAL_SIMULATION,COBYLA,gamma_2_beta_2,opt_gamma_2_opt_beta_2,"{""100110000110110"": 7, ""000000000000000"": 1017}",100110000110110,"[""STR-001"", ""STR-002"", ""STR-003"", ""STR-004"", ""STR-005""]",1.5,1.5,1.75,0.1429,0.8571,True,0,1.0,0.0,50,60,0.17,0.007,0.1,0.04,0.003,5,75,30,15,VALID,NONE,8bf5e56c49d8
EXP-PHASE-V-TIRUCHIRAPPALLI-P2-S1002,tiruchirappalli,507a193ab5ce,2dd571a73831,2,1002,1024,AER_SIMULATOR,IDEAL_SIMULATION,COBYLA,gamma_2_beta_2,opt_gamma_2_opt_beta_2,"{""100110000110110"": 7, ""000000000000000"": 1017}",100110000110110,"[""STR-001"", ""STR-002"", ""STR-003"", ""STR-004"", ""STR-005""]",1.62,1.62,1.75,0.0743,0.9257,True,0,1.0,0.006836,50,60,0.17,0.007,0.1,0.04,0.003,5,75,30,15,VALID,NONE,66793abc9b36
EXP-PHASE-V-TIRUCHIRAPPALLI-P2-S1003,tiruchirappalli,507a193ab5ce,2dd571a73831,2,1003,1024,AER_SIMULATOR,IDEAL_SIMULATION,COBYLA,gamma_2_beta_2,opt_gamma_2_opt_beta_2,"{""100110000110110"": 7, ""000000000000000"": 1017}",100110000110110,"[""STR-001"", ""STR-002"", ""STR-003"", ""STR-004"", ""STR-005""]",1.5,1.5,1.75,0.1429,0.8571,True,0,1.0,0.0,50,60,0.17,0.007,0.1,0.04,0.003,5,75,30,15,VALID,NONE,57e8655526cd
EXP-PHASE-V-TIRUCHIRAPPALLI-P2-S1004,tiruchirappalli,507a193ab5ce,2dd571a73831,2,1004,1024,AER_SIMULATOR,IDEAL_SIMULATION,COBYLA,gamma_2_beta_2,opt_gamma_2_opt_beta_2,"{""100110000110110"": 7, ""000000000000000"": 1017}",100110000110110,"[""STR-001"", ""STR-002"", ""STR-003"", ""STR-004"", ""STR-005""]",1.62,1.62,1.75,0.0743,0.9257,True,0,1.0,0.006836,50,60,0.17,0.007,0.1,0.04,0.003,5,75,30,15,VALID,NONE,8e847209cfa4
EXP-PHASE-V-TIRUCHIRAPPALLI-P2-S1005,tiruchirappalli,507a193ab5ce,2dd571a73831,2,1005,1024,AER_SIMULATOR,IDEAL_SIMULATION,COBYLA,gamma_2_beta_2,opt_gamma_2_opt_beta_2,"{""100110000110110"": 7, ""000000000000000"": 1017}",100110000110110,"[""STR-001"", ""STR-002"", ""STR-003"", ""STR-004"", ""STR-005""]",1.6231,1.6231,1.75,0.0725,0.9275,True,0,1.0,0.006836,50,60,0.17,0.007,0.1,0.04,0.003,5,75,30,15,VALID,NONE,caa34d601e56
EXP-PHASE-V-TIRUCHIRAPPALLI-P2-S1006,tiruchirappalli,507a193ab5ce,2dd571a73831,2,1006,1024,AER_SIMULATOR,IDEAL_SIMULATION,COBYLA,gamma_2_beta_2,opt_gamma_2_opt_beta_2,"{""100110000110110"": 7, ""000000000000000"": 1017}",100110000110110,"[""STR-001"", ""STR-002"", ""STR-003"", ""STR-004"", ""STR-005""]",1.6231,1.6231,1.75,0.0725,0.9275,True,0,1.0,0.006836,50,60,0.17,0.007,0.1,0.04,0.003,5,75,30,15,VALID,NONE,0ec202b6f180
EXP-PHASE-V-TIRUCHIRAPPALLI-P2-S1007,tiruchirappalli,507a193ab5ce,2dd571a73831,2,1007,1024,AER_SIMULATOR,IDEAL_SIMULATION,COBYLA,gamma_2_beta_2,opt_gamma_2_opt_beta_2,"{""100110000110110"": 7, ""000000000000000"": 1017}",100110000110110,"[""STR-001"", ""STR-002"", ""STR-003"", ""STR-004"", ""STR-005""]",1.6231,1.6231,1.75,0.0725,0.9275,True,0,1.0,0.006836,50,60,0.17,0.007,0.1,0.04,0.003,5,75,30,15,VALID,NONE,4dde4de1df85
EXP-PHASE-V-TIRUCHIRAPPALLI-P2-S1008,tiruchirappalli,507a193ab5ce,2dd571a73831,2,1008,1024,AER_SIMULATOR,IDEAL_SIMULATION,COBYLA,gamma_2_beta_2,opt_gamma_2_opt_beta_2,"{""100110000110110"": 7, ""000000000000000"": 1017}",100110000110110,"[""STR-001"", ""STR-002"", ""STR-003"", ""STR-004"", ""STR-005""]",1.6231,1.6231,1.75,0.0725,0.9275,True,0,1.0,0.006836,50,60,0.17,0.007,0.1,0.04,0.003,5,75,30,15,VALID,NONE,0dd123303983
EXP-PHASE-V-TIRUCHIRAPPALLI-P2-S1009,tiruchirappalli,507a193ab5ce,2dd571a73831,2,1009,1024,AER_SIMULATOR,IDEAL_SIMULATION,COBYLA,gamma_2_beta_2,opt_gamma_2_opt_beta_2,"{""100110000110110"": 7, ""000000000000000"": 1017}",100110000110110,"[""STR-001"", ""STR-002"", ""STR-003"", ""STR-004"", ""STR-005""]",1.6231,1.6231,1.75,0.0725,0.9275,True,0,1.0,0.006836,50,60,0.17,0.007,0.1,0.04,0.003,5,75,30,15,VALID,NONE,bcc600663ffc
EXP-PHASE-V-TIRUCHIRAPPALLI-P3-S1000,tiruchirappalli,507a193ab5ce,2dd571a73831,3,1000,1024,AER_SIMULATOR,IDEAL_SIMULATION,COBYLA,gamma_3_beta_3,opt_gamma_3_opt_beta_3,"{""100110000110110"": 7, ""000000000000000"": 1017}",100110000110110,"[""STR-001"", ""STR-002"", ""STR-003"", ""STR-004"", ""STR-005""]",1.6441,1.6441,1.75,0.0605,0.9395,True,0,1.0,0.006836,75,90,0.25,0.007,0.15000000000000002,0.06,0.003,7,105,45,15,VALID,NONE,50132c9e77a6
EXP-PHASE-V-TIRUCHIRAPPALLI-P3-S1001,tiruchirappalli,507a193ab5ce,2dd571a73831,3,1001,1024,AER_SIMULATOR,IDEAL_SIMULATION,COBYLA,gamma_3_beta_3,opt_gamma_3_opt_beta_3,"{""100110000110110"": 7, ""000000000000000"": 1017}",100110000110110,"[""STR-001"", ""STR-002"", ""STR-003"", ""STR-004"", ""STR-005""]",1.6441,1.6441,1.75,0.0605,0.9395,True,0,1.0,0.006836,75,90,0.25,0.007,0.15000000000000002,0.06,0.003,7,105,45,15,VALID,NONE,d44915d5542e
EXP-PHASE-V-TIRUCHIRAPPALLI-P3-S1002,tiruchirappalli,507a193ab5ce,2dd571a73831,3,1002,1024,AER_SIMULATOR,IDEAL_SIMULATION,COBYLA,gamma_3_beta_3,opt_gamma_3_opt_beta_3,"{""100110000110110"": 7, ""000000000000000"": 1017}",100110000110110,"[""STR-001"", ""STR-002"", ""STR-003"", ""STR-004"", ""STR-005""]",1.6441,1.6441,1.75,0.0605,0.9395,True,0,1.0,0.006836,75,90,0.25,0.007,0.15000000000000002,0.06,0.003,7,105,45,15,VALID,NONE,971a2e981a9f
EXP-PHASE-V-TIRUCHIRAPPALLI-P3-S1003,tiruchirappalli,507a193ab5ce,2dd571a73831,3,1003,1024,AER_SIMULATOR,IDEAL_SIMULATION,COBYLA,gamma_3_beta_3,opt_gamma_3_opt_beta_3,"{""100110000110110"": 7, ""000000000000000"": 1017}",100110000110110,"[""STR-001"", ""STR-002"", ""STR-003"", ""STR-004"", ""STR-005""]",1.6441,1.6441,1.75,0.0605,0.9395,True,0,1.0,0.006836,75,90,0.25,0.007,0.15000000000000002,0.06,0.003,7,105,45,15,VALID,NONE,868564844d92
EXP-PHASE-V-TIRUCHIRAPPALLI-P3-S1004,tiruchirappalli,507a193ab5ce,2dd571a73831,3,1004,1024,AER_SIMULATOR,IDEAL_SIMULATION,COBYLA,gamma_3_beta_3,opt_gamma_3_opt_beta_3,"{""100110000110110"": 7, ""000000000000000"": 1017}",100110000110110,"[""STR-001"", ""STR-002"", ""STR-003"", ""STR-004"", ""STR-005""]",1.6441,1.6441,1.75,0.0605,0.9395,True,0,1.0,0.006836,75,90,0.25,0.007,0.15000000000000002,0.06,0.003,7,105,45,15,VALID,NONE,69150fb5b33a
EXP-PHASE-V-TIRUCHIRAPPALLI-P3-S1005,tiruchirappalli,507a193ab5ce,2dd571a73831,3,1005,1024,AER_SIMULATOR,IDEAL_SIMULATION,COBYLA,gamma_3_beta_3,opt_gamma_3_opt_beta_3,"{""100110000110110"": 7, ""000000000000000"": 1017}",100110000110110,"[""STR-001"", ""STR-002"", ""STR-003"", ""STR-004"", ""STR-005""]",1.6441,1.6441,1.75,0.0605,0.9395,True,0,1.0,0.006836,75,90,0.25,0.007,0.15000000000000002,0.06,0.003,7,105,45,15,VALID,NONE,76ac67d6d840
EXP-PHASE-V-TIRUCHIRAPPALLI-P3-S1006,tiruchirappalli,507a193ab5ce,2dd571a73831,3,1006,1024,AER_SIMULATOR,IDEAL_SIMULATION,COBYLA,gamma_3_beta_3,opt_gamma_3_opt_beta_3,"{""100110000110110"": 7, ""000000000000000"": 1017}",100110000110110,"[""STR-001"", ""STR-002"", ""STR-003"", ""STR-004"", ""STR-005""]",1.6441,1.6441,1.75,0.0605,0.9395,True,0,1.0,0.006836,75,90,0.25,0.007,0.15000000000000002,0.06,0.003,7,105,45,15,VALID,NONE,022571a6449f
EXP-PHASE-V-TIRUCHIRAPPALLI-P3-S1007,tiruchirappalli,507a193ab5ce,2dd571a73831,3,1007,1024,AER_SIMULATOR,IDEAL_SIMULATION,COBYLA,gamma_3_beta_3,opt_gamma_3_opt_beta_3,"{""100110000110110"": 7, ""000000000000000"": 1017}",100110000110110,"[""STR-001"", ""STR-002"", ""STR-003"", ""STR-004"", ""STR-005""]",1.6441,1.6441,1.75,0.0605,0.9395,True,0,1.0,0.006836,75,90,0.25,0.007,0.15000000000000002,0.06,0.003,7,105,45,15,VALID,NONE,aa4d777a55fb
EXP-PHASE-V-TIRUCHIRAPPALLI-P3-S1008,tiruchirappalli,507a193ab5ce,2dd571a73831,3,1008,1024,AER_SIMULATOR,IDEAL_SIMULATION,COBYLA,gamma_3_beta_3,opt_gamma_3_opt_beta_3,"{""100110000110110"": 7, ""000000000000000"": 1017}",100110000110110,"[""STR-001"", ""STR-002"", ""STR-003"", ""STR-004"", ""STR-005""]",1.6441,1.6441,1.75,0.0605,0.9395,True,0,1.0,0.006836,75,90,0.25,0.007,0.15000000000000002,0.06,0.003,7,105,45,15,VALID,NONE,04175249f2ca
EXP-PHASE-V-TIRUCHIRAPPALLI-P3-S1009,tiruchirappalli,507a193ab5ce,2dd571a73831,3,1009,1024,AER_SIMULATOR,IDEAL_SIMULATION,COBYLA,gamma_3_beta_3,opt_gamma_3_opt_beta_3,"{""100110000110110"": 7, ""000000000000000"": 1017}",100110000110110,"[""STR-001"", ""STR-002"", ""STR-003"", ""STR-004"", ""STR-005""]",1.6441,1.6441,1.75,0.0605,0.9395,True,0,1.0,0.006836,75,90,0.25,0.007,0.15000000000000002,0.06,0.003,7,105,45,15,VALID,NONE,0c4aa8e68354
EXP-PHASE-V-TIRUCHIRAPPALLI-P4-S1000,tiruchirappalli,507a193ab5ce,2dd571a73831,4,1000,1024,AER_SIMULATOR,IDEAL_SIMULATION,COBYLA,gamma_4_beta_4,opt_gamma_4_opt_beta_4,"{""100110000110110"": 7, ""000000000000000"": 1017}",100110000110110,"[""STR-001"", ""STR-002"", ""STR-003"", ""STR-004"", ""STR-005""]",1.6651,1.6651,1.75,0.0485,0.9515,True,0,1.0,0.006836,100,120,0.33,0.007,0.2,0.08,0.003,9,135,60,15,VALID,NONE,c727ad7d10ed
EXP-PHASE-V-TIRUCHIRAPPALLI-P4-S1001,tiruchirappalli,507a193ab5ce,2dd571a73831,4,1001,1024,AER_SIMULATOR,IDEAL_SIMULATION,COBYLA,gamma_4_beta_4,opt_gamma_4_opt_beta_4,"{""100110000110110"": 7, ""000000000000000"": 1017}",100110000110110,"[""STR-001"", ""STR-002"", ""STR-003"", ""STR-004"", ""STR-005""]",1.6651,1.6651,1.75,0.0485,0.9515,True,0,1.0,0.006836,100,120,0.33,0.007,0.2,0.08,0.003,9,135,60,15,VALID,NONE,fb9b4e4f4049
EXP-PHASE-V-TIRUCHIRAPPALLI-P4-S1002,tiruchirappalli,507a193ab5ce,2dd571a73831,4,1002,1024,AER_SIMULATOR,IDEAL_SIMULATION,COBYLA,gamma_4_beta_4,opt_gamma_4_opt_beta_4,"{""100110000110110"": 7, ""000000000000000"": 1017}",100110000110110,"[""STR-001"", ""STR-002"", ""STR-003"", ""STR-004"", ""STR-005""]",1.6651,1.6651,1.75,0.0485,0.9515,True,0,1.0,0.006836,100,120,0.33,0.007,0.2,0.08,0.003,9,135,60,15,VALID,NONE,06949774ea6b
EXP-PHASE-V-TIRUCHIRAPPALLI-P4-S1003,tiruchirappalli,507a193ab5ce,2dd571a73831,4,1003,1024,AER_SIMULATOR,IDEAL_SIMULATION,COBYLA,gamma_4_beta_4,opt_gamma_4_opt_beta_4,"{""100110000110110"": 7, ""000000000000000"": 1017}",100110000110110,"[""STR-001"", ""STR-002"", ""STR-003"", ""STR-004"", ""STR-005""]",1.6651,1.6651,1.75,0.0485,0.9515,True,0,1.0,0.006836,100,120,0.33,0.007,0.2,0.08,0.003,9,135,60,15,VALID,NONE,d0fe1521f03d
EXP-PHASE-V-TIRUCHIRAPPALLI-P4-S1004,tiruchirappalli,507a193ab5ce,2dd571a73831,4,1004,1024,AER_SIMULATOR,IDEAL_SIMULATION,COBYLA,gamma_4_beta_4,opt_gamma_4_opt_beta_4,"{""100110000110110"": 7, ""000000000000000"": 1017}",100110000110110,"[""STR-001"", ""STR-002"", ""STR-003"", ""STR-004"", ""STR-005""]",1.6651,1.6651,1.75,0.0485,0.9515,True,0,1.0,0.006836,100,120,0.33,0.007,0.2,0.08,0.003,9,135,60,15,VALID,NONE,8d2eaac3432c
EXP-PHASE-V-TIRUCHIRAPPALLI-P4-S1005,tiruchirappalli,507a193ab5ce,2dd571a73831,4,1005,1024,AER_SIMULATOR,IDEAL_SIMULATION,COBYLA,gamma_4_beta_4,opt_gamma_4_opt_beta_4,"{""100110000110110"": 7, ""000000000000000"": 1017}",100110000110110,"[""STR-001"", ""STR-002"", ""STR-003"", ""STR-004"", ""STR-005""]",1.6651,1.6651,1.75,0.0485,0.9515,True,0,1.0,0.006836,100,120,0.33,0.007,0.2,0.08,0.003,9,135,60,15,VALID,NONE,57c251936b06
EXP-PHASE-V-TIRUCHIRAPPALLI-P4-S1006,tiruchirappalli,507a193ab5ce,2dd571a73831,4,1006,1024,AER_SIMULATOR,IDEAL_SIMULATION,COBYLA,gamma_4_beta_4,opt_gamma_4_opt_beta_4,"{""100110000110110"": 7, ""000000000000000"": 1017}",100110000110110,"[""STR-001"", ""STR-002"", ""STR-003"", ""STR-004"", ""STR-005""]",1.6651,1.6651,1.75,0.0485,0.9515,True,0,1.0,0.006836,100,120,0.33,0.007,0.2,0.08,0.003,9,135,60,15,VALID,NONE,734e196f34ee
EXP-PHASE-V-TIRUCHIRAPPALLI-P4-S1007,tiruchirappalli,507a193ab5ce,2dd571a73831,4,1007,1024,AER_SIMULATOR,IDEAL_SIMULATION,COBYLA,gamma_4_beta_4,opt_gamma_4_opt_beta_4,"{""100110000110110"": 7, ""000000000000000"": 1017}",100110000110110,"[""STR-001"", ""STR-002"", ""STR-003"", ""STR-004"", ""STR-005""]",1.6651,1.6651,1.75,0.0485,0.9515,True,0,1.0,0.006836,100,120,0.33,0.007,0.2,0.08,0.003,9,135,60,15,VALID,NONE,0e83c4043393
EXP-PHASE-V-TIRUCHIRAPPALLI-P4-S1008,tiruchirappalli,507a193ab5ce,2dd571a73831,4,1008,1024,AER_SIMULATOR,IDEAL_SIMULATION,COBYLA,gamma_4_beta_4,opt_gamma_4_opt_beta_4,"{""100110000110110"": 7, ""000000000000000"": 1017}",100110000110110,"[""STR-001"", ""STR-002"", ""STR-003"", ""STR-004"", ""STR-005""]",1.6651,1.6651,1.75,0.0485,0.9515,True,0,1.0,0.006836,100,120,0.33,0.007,0.2,0.08,0.003,9,135,60,15,VALID,NONE,a853505faeeb
EXP-PHASE-V-TIRUCHIRAPPALLI-P4-S1009,tiruchirappalli,507a193ab5ce,2dd571a73831,4,1009,1024,AER_SIMULATOR,IDEAL_SIMULATION,COBYLA,gamma_4_beta_4,opt_gamma_4_opt_beta_4,"{""100110000110110"": 7, ""000000000000000"": 1017}",100110000110110,"[""STR-001"", ""STR-002"", ""STR-003"", ""STR-004"", ""STR-005""]",1.6651,1.6651,1.75,0.0485,0.9515,True,0,1.0,0.006836,100,120,0.33,0.007,0.2,0.08,0.003,9,135,60,15,VALID,NONE,1aea0f147a04
EXP-PHASE-V-TIRUCHIRAPPALLI-P5-S1000,tiruchirappalli,507a193ab5ce,2dd571a73831,5,1000,1024,AER_SIMULATOR,IDEAL_SIMULATION,COBYLA,gamma_5_beta_5,opt_gamma_5_opt_beta_5,"{""100110000110110"": 7, ""000000000000000"": 1017}",100110000110110,"[""STR-001"", ""STR-002"", ""STR-003"", ""STR-004"", ""STR-005""]",1.6861,1.6861,1.75,0.0365,0.9635,True,0,1.0,0.006836,125,150,0.41,0.007,0.25,0.1,0.003,11,165,75,15,VALID,NONE,1b601d0b46d1
EXP-PHASE-V-TIRUCHIRAPPALLI-P5-S1001,tiruchirappalli,507a193ab5ce,2dd571a73831,5,1001,1024,AER_SIMULATOR,IDEAL_SIMULATION,COBYLA,gamma_5_beta_5,opt_gamma_5_opt_beta_5,"{""100110000110110"": 7, ""000000000000000"": 1017}",100110000110110,"[""STR-001"", ""STR-002"", ""STR-003"", ""STR-004"", ""STR-005""]",1.6861,1.6861,1.75,0.0365,0.9635,True,0,1.0,0.006836,125,150,0.41,0.007,0.25,0.1,0.003,11,165,75,15,VALID,NONE,c9834f67b38c
EXP-PHASE-V-TIRUCHIRAPPALLI-P5-S1002,tiruchirappalli,507a193ab5ce,2dd571a73831,5,1002,1024,AER_SIMULATOR,IDEAL_SIMULATION,COBYLA,gamma_5_beta_5,opt_gamma_5_opt_beta_5,"{""100110000110110"": 7, ""000000000000000"": 1017}",100110000110110,"[""STR-001"", ""STR-002"", ""STR-003"", ""STR-004"", ""STR-005""]",1.6861,1.6861,1.75,0.0365,0.9635,True,0,1.0,0.006836,125,150,0.41,0.007,0.25,0.1,0.003,11,165,75,15,VALID,NONE,14f8d56c8411
EXP-PHASE-V-TIRUCHIRAPPALLI-P5-S1003,tiruchirappalli,507a193ab5ce,2dd571a73831,5,1003,1024,AER_SIMULATOR,IDEAL_SIMULATION,COBYLA,gamma_5_beta_5,opt_gamma_5_opt_beta_5,"{""100110000110110"": 7, ""000000000000000"": 1017}",100110000110110,"[""STR-001"", ""STR-002"", ""STR-003"", ""STR-004"", ""STR-005""]",1.6861,1.6861,1.75,0.0365,0.9635,True,0,1.0,0.006836,125,150,0.41,0.007,0.25,0.1,0.003,11,165,75,15,VALID,NONE,22d9f0923812
EXP-PHASE-V-TIRUCHIRAPPALLI-P5-S1004,tiruchirappalli,507a193ab5ce,2dd571a73831,5,1004,1024,AER_SIMULATOR,IDEAL_SIMULATION,COBYLA,gamma_5_beta_5,opt_gamma_5_opt_beta_5,"{""100110000110110"": 7, ""000000000000000"": 1017}",100110000110110,"[""STR-001"", ""STR-002"", ""STR-003"", ""STR-004"", ""STR-005""]",1.6861,1.6861,1.75,0.0365,0.9635,True,0,1.0,0.006836,125,150,0.41,0.007,0.25,0.1,0.003,11,165,75,15,VALID,NONE,cad1fd79cc47
EXP-PHASE-V-TIRUCHIRAPPALLI-P5-S1005,tiruchirappalli,507a193ab5ce,2dd571a73831,5,1005,1024,AER_SIMULATOR,IDEAL_SIMULATION,COBYLA,gamma_5_beta_5,opt_gamma_5_opt_beta_5,"{""100110000110110"": 7, ""000000000000000"": 1017}",100110000110110,"[""STR-001"", ""STR-002"", ""STR-003"", ""STR-004"", ""STR-005""]",1.6861,1.6861,1.75,0.0365,0.9635,True,0,1.0,0.006836,125,150,0.41,0.007,0.25,0.1,0.003,11,165,75,15,VALID,NONE,895b101fe7af
EXP-PHASE-V-TIRUCHIRAPPALLI-P5-S1006,tiruchirappalli,507a193ab5ce,2dd571a73831,5,1006,1024,AER_SIMULATOR,IDEAL_SIMULATION,COBYLA,gamma_5_beta_5,opt_gamma_5_opt_beta_5,"{""100110000110110"": 7, ""000000000000000"": 1017}",100110000110110,"[""STR-001"", ""STR-002"", ""STR-003"", ""STR-004"", ""STR-005""]",1.6861,1.6861,1.75,0.0365,0.9635,True,0,1.0,0.006836,125,150,0.41,0.007,0.25,0.1,0.003,11,165,75,15,VALID,NONE,72e91321f2c9
EXP-PHASE-V-TIRUCHIRAPPALLI-P5-S1007,tiruchirappalli,507a193ab5ce,2dd571a73831,5,1007,1024,AER_SIMULATOR,IDEAL_SIMULATION,COBYLA,gamma_5_beta_5,opt_gamma_5_opt_beta_5,"{""100110000110110"": 7, ""000000000000000"": 1017}",100110000110110,"[""STR-001"", ""STR-002"", ""STR-003"", ""STR-004"", ""STR-005""]",1.6861,1.6861,1.75,0.0365,0.9635,True,0,1.0,0.006836,125,150,0.41,0.007,0.25,0.1,0.003,11,165,75,15,VALID,NONE,8e88d4ca35db
EXP-PHASE-V-TIRUCHIRAPPALLI-P5-S1008,tiruchirappalli,507a193ab5ce,2dd571a73831,5,1008,1024,AER_SIMULATOR,IDEAL_SIMULATION,COBYLA,gamma_5_beta_5,opt_gamma_5_opt_beta_5,"{""100110000110110"": 7, ""000000000000000"": 1017}",100110000110110,"[""STR-001"", ""STR-002"", ""STR-003"", ""STR-004"", ""STR-005""]",1.6861,1.6861,1.75,0.0365,0.9635,True,0,1.0,0.006836,125,150,0.41,0.007,0.25,0.1,0.003,11,165,75,15,VALID,NONE,3d96fc121d06
EXP-PHASE-V-TIRUCHIRAPPALLI-P5-S1009,tiruchirappalli,507a193ab5ce,2dd571a73831,5,1009,1024,AER_SIMULATOR,IDEAL_SIMULATION,COBYLA,gamma_5_beta_5,opt_gamma_5_opt_beta_5,"{""100110000110110"": 7, ""000000000000000"": 1017}",100110000110110,"[""STR-001"", ""STR-002"", ""STR-003"", ""STR-004"", ""STR-005""]",1.6861,1.6861,1.75,0.0365,0.9635,True,0,1.0,0.006836,125,150,0.41,0.007,0.25,0.1,0.003,11,165,75,15,VALID,NONE,916bb9fa4604
EXP-PHASE-V-TIRUNELVELI-P1-S1000,tirunelveli,dfb2d9d8f4ea,26481889c9b9,1,1000,1024,AER_SIMULATOR,IDEAL_SIMULATION,COBYLA,gamma_1_beta_1,opt_gamma_1_opt_beta_1,"{""100110000110110"": 3, ""000000000000000"": 1017}",100110000110110,"[""STR-001"", ""STR-002"", ""STR-003"", ""STR-004"", ""STR-005""]",1.6021,1.6021,1.75,0.0845,0.9155,True,0,1.0,0.003906,25,30,0.09,0.007,0.05,0.02,0.003,3,45,15,15,VALID,NONE,d63c5589440c
EXP-PHASE-V-TIRUNELVELI-P1-S1001,tirunelveli,dfb2d9d8f4ea,26481889c9b9,1,1001,1024,AER_SIMULATOR,IDEAL_SIMULATION,COBYLA,gamma_1_beta_1,opt_gamma_1_opt_beta_1,"{""100110000110110"": 3, ""000000000000000"": 1017}",100110000110110,"[""STR-001"", ""STR-002"", ""STR-003"", ""STR-004"", ""STR-005""]",1.6021,1.6021,1.75,0.0845,0.9155,True,0,1.0,0.003906,25,30,0.09,0.007,0.05,0.02,0.003,3,45,15,15,VALID,NONE,912c9c639193
EXP-PHASE-V-TIRUNELVELI-P1-S1002,tirunelveli,dfb2d9d8f4ea,26481889c9b9,1,1002,1024,AER_SIMULATOR,IDEAL_SIMULATION,COBYLA,gamma_1_beta_1,opt_gamma_1_opt_beta_1,"{""100110000110110"": 3, ""000000000000000"": 1017}",100110000110110,"[""STR-001"", ""STR-002"", ""STR-003"", ""STR-004"", ""STR-005""]",1.6021,1.6021,1.75,0.0845,0.9155,True,0,1.0,0.003906,25,30,0.09,0.007,0.05,0.02,0.003,3,45,15,15,VALID,NONE,ed334dc980f2
EXP-PHASE-V-TIRUNELVELI-P1-S1003,tirunelveli,dfb2d9d8f4ea,26481889c9b9,1,1003,1024,AER_SIMULATOR,IDEAL_SIMULATION,COBYLA,gamma_1_beta_1,opt_gamma_1_opt_beta_1,"{""100110000110110"": 3, ""000000000000000"": 1017}",100110000110110,"[""STR-001"", ""STR-002"", ""STR-003"", ""STR-004"", ""STR-005""]",1.6021,1.6021,1.75,0.0845,0.9155,True,0,1.0,0.003906,25,30,0.09,0.007,0.05,0.02,0.003,3,45,15,15,VALID,NONE,602a06b183cb
EXP-PHASE-V-TIRUNELVELI-P1-S1004,tirunelveli,dfb2d9d8f4ea,26481889c9b9,1,1004,1024,AER_SIMULATOR,IDEAL_SIMULATION,COBYLA,gamma_1_beta_1,opt_gamma_1_opt_beta_1,"{""100110000110110"": 3, ""000000000000000"": 1017}",100110000110110,"[""STR-001"", ""STR-002"", ""STR-003"", ""STR-004"", ""STR-005""]",1.6021,1.6021,1.75,0.0845,0.9155,True,0,1.0,0.003906,25,30,0.09,0.007,0.05,0.02,0.003,3,45,15,15,VALID,NONE,3d2077d045ef
EXP-PHASE-V-TIRUNELVELI-P1-S1005,tirunelveli,dfb2d9d8f4ea,26481889c9b9,1,1005,1024,AER_SIMULATOR,IDEAL_SIMULATION,COBYLA,gamma_1_beta_1,opt_gamma_1_opt_beta_1,"{""100110000110110"": 3, ""000000000000000"": 1017}",100110000110110,"[""STR-001"", ""STR-002"", ""STR-003"", ""STR-004"", ""STR-005""]",1.6021,1.6021,1.75,0.0845,0.9155,True,0,1.0,0.003906,25,30,0.09,0.007,0.05,0.02,0.003,3,45,15,15,VALID,NONE,1a297a926c42
EXP-PHASE-V-TIRUNELVELI-P1-S1006,tirunelveli,dfb2d9d8f4ea,26481889c9b9,1,1006,1024,AER_SIMULATOR,IDEAL_SIMULATION,COBYLA,gamma_1_beta_1,opt_gamma_1_opt_beta_1,"{""100110000110110"": 3, ""000000000000000"": 1017}",100110000110110,"[""STR-001"", ""STR-002"", ""STR-003"", ""STR-004"", ""STR-005""]",1.6021,1.6021,1.75,0.0845,0.9155,True,0,1.0,0.003906,25,30,0.09,0.007,0.05,0.02,0.003,3,45,15,15,VALID,NONE,13bc6fb98b10
EXP-PHASE-V-TIRUNELVELI-P1-S1007,tirunelveli,dfb2d9d8f4ea,26481889c9b9,1,1007,1024,AER_SIMULATOR,IDEAL_SIMULATION,COBYLA,gamma_1_beta_1,opt_gamma_1_opt_beta_1,"{""100110000110110"": 3, ""000000000000000"": 1017}",100110000110110,"[""STR-001"", ""STR-002"", ""STR-003"", ""STR-004"", ""STR-005""]",1.6021,1.6021,1.75,0.0845,0.9155,True,0,1.0,0.003906,25,30,0.09,0.007,0.05,0.02,0.003,3,45,15,15,VALID,NONE,ff8dd0888923
EXP-PHASE-V-TIRUNELVELI-P1-S1008,tirunelveli,dfb2d9d8f4ea,26481889c9b9,1,1008,1024,AER_SIMULATOR,IDEAL_SIMULATION,COBYLA,gamma_1_beta_1,opt_gamma_1_opt_beta_1,"{""100110000110110"": 3, ""000000000000000"": 1017}",100110000110110,"[""STR-001"", ""STR-002"", ""STR-003"", ""STR-004"", ""STR-005""]",1.6021,1.6021,1.75,0.0845,0.9155,True,0,1.0,0.003906,25,30,0.09,0.007,0.05,0.02,0.003,3,45,15,15,VALID,NONE,dd1cb2909e0e
EXP-PHASE-V-TIRUNELVELI-P1-S1009,tirunelveli,dfb2d9d8f4ea,26481889c9b9,1,1009,1024,AER_SIMULATOR,IDEAL_SIMULATION,COBYLA,gamma_1_beta_1,opt_gamma_1_opt_beta_1,"{""100110000110110"": 3, ""000000000000000"": 1017}",100110000110110,"[""STR-001"", ""STR-002"", ""STR-003"", ""STR-004"", ""STR-005""]",1.6021,1.6021,1.75,0.0845,0.9155,True,0,1.0,0.003906,25,30,0.09,0.007,0.05,0.02,0.003,3,45,15,15,VALID,NONE,4db81d733cb5
EXP-PHASE-V-TIRUNELVELI-P2-S1000,tirunelveli,dfb2d9d8f4ea,26481889c9b9,2,1000,1024,AER_SIMULATOR,IDEAL_SIMULATION,COBYLA,gamma_2_beta_2,opt_gamma_2_opt_beta_2,"{""100110000110110"": 7, ""000000000000000"": 1017}",100110000110110,"[""STR-001"", ""STR-002"", ""STR-003"", ""STR-004"", ""STR-005""]",1.62,1.62,1.75,0.0743,0.9257,True,0,1.0,0.006836,50,60,0.17,0.007,0.1,0.04,0.003,5,75,30,15,VALID,NONE,89a10fd9a105
EXP-PHASE-V-TIRUNELVELI-P2-S1001,tirunelveli,dfb2d9d8f4ea,26481889c9b9,2,1001,1024,AER_SIMULATOR,IDEAL_SIMULATION,COBYLA,gamma_2_beta_2,opt_gamma_2_opt_beta_2,"{""100110000110110"": 7, ""000000000000000"": 1017}",100110000110110,"[""STR-001"", ""STR-002"", ""STR-003"", ""STR-004"", ""STR-005""]",1.5,1.5,1.75,0.1429,0.8571,True,0,1.0,0.0,50,60,0.17,0.007,0.1,0.04,0.003,5,75,30,15,VALID,NONE,daabdac82d55
EXP-PHASE-V-TIRUNELVELI-P2-S1002,tirunelveli,dfb2d9d8f4ea,26481889c9b9,2,1002,1024,AER_SIMULATOR,IDEAL_SIMULATION,COBYLA,gamma_2_beta_2,opt_gamma_2_opt_beta_2,"{""100110000110110"": 7, ""000000000000000"": 1017}",100110000110110,"[""STR-001"", ""STR-002"", ""STR-003"", ""STR-004"", ""STR-005""]",1.62,1.62,1.75,0.0743,0.9257,True,0,1.0,0.006836,50,60,0.17,0.007,0.1,0.04,0.003,5,75,30,15,VALID,NONE,ac9f9c7a9768
EXP-PHASE-V-TIRUNELVELI-P2-S1003,tirunelveli,dfb2d9d8f4ea,26481889c9b9,2,1003,1024,AER_SIMULATOR,IDEAL_SIMULATION,COBYLA,gamma_2_beta_2,opt_gamma_2_opt_beta_2,"{""100110000110110"": 7, ""000000000000000"": 1017}",100110000110110,"[""STR-001"", ""STR-002"", ""STR-003"", ""STR-004"", ""STR-005""]",1.5,1.5,1.75,0.1429,0.8571,True,0,1.0,0.0,50,60,0.17,0.007,0.1,0.04,0.003,5,75,30,15,VALID,NONE,6948ebf32f7f
EXP-PHASE-V-TIRUNELVELI-P2-S1004,tirunelveli,dfb2d9d8f4ea,26481889c9b9,2,1004,1024,AER_SIMULATOR,IDEAL_SIMULATION,COBYLA,gamma_2_beta_2,opt_gamma_2_opt_beta_2,"{""100110000110110"": 7, ""000000000000000"": 1017}",100110000110110,"[""STR-001"", ""STR-002"", ""STR-003"", ""STR-004"", ""STR-005""]",1.62,1.62,1.75,0.0743,0.9257,True,0,1.0,0.006836,50,60,0.17,0.007,0.1,0.04,0.003,5,75,30,15,VALID,NONE,2852ed513727
EXP-PHASE-V-TIRUNELVELI-P2-S1005,tirunelveli,dfb2d9d8f4ea,26481889c9b9,2,1005,1024,AER_SIMULATOR,IDEAL_SIMULATION,COBYLA,gamma_2_beta_2,opt_gamma_2_opt_beta_2,"{""100110000110110"": 7, ""000000000000000"": 1017}",100110000110110,"[""STR-001"", ""STR-002"", ""STR-003"", ""STR-004"", ""STR-005""]",1.6231,1.6231,1.75,0.0725,0.9275,True,0,1.0,0.006836,50,60,0.17,0.007,0.1,0.04,0.003,5,75,30,15,VALID,NONE,99125fda71d7
EXP-PHASE-V-TIRUNELVELI-P2-S1006,tirunelveli,dfb2d9d8f4ea,26481889c9b9,2,1006,1024,AER_SIMULATOR,IDEAL_SIMULATION,COBYLA,gamma_2_beta_2,opt_gamma_2_opt_beta_2,"{""100110000110110"": 7, ""000000000000000"": 1017}",100110000110110,"[""STR-001"", ""STR-002"", ""STR-003"", ""STR-004"", ""STR-005""]",1.6231,1.6231,1.75,0.0725,0.9275,True,0,1.0,0.006836,50,60,0.17,0.007,0.1,0.04,0.003,5,75,30,15,VALID,NONE,bb5a273582ef
EXP-PHASE-V-TIRUNELVELI-P2-S1007,tirunelveli,dfb2d9d8f4ea,26481889c9b9,2,1007,1024,AER_SIMULATOR,IDEAL_SIMULATION,COBYLA,gamma_2_beta_2,opt_gamma_2_opt_beta_2,"{""100110000110110"": 7, ""000000000000000"": 1017}",100110000110110,"[""STR-001"", ""STR-002"", ""STR-003"", ""STR-004"", ""STR-005""]",1.6231,1.6231,1.75,0.0725,0.9275,True,0,1.0,0.006836,50,60,0.17,0.007,0.1,0.04,0.003,5,75,30,15,VALID,NONE,db637c2fc882
EXP-PHASE-V-TIRUNELVELI-P2-S1008,tirunelveli,dfb2d9d8f4ea,26481889c9b9,2,1008,1024,AER_SIMULATOR,IDEAL_SIMULATION,COBYLA,gamma_2_beta_2,opt_gamma_2_opt_beta_2,"{""100110000110110"": 7, ""000000000000000"": 1017}",100110000110110,"[""STR-001"", ""STR-002"", ""STR-003"", ""STR-004"", ""STR-005""]",1.6231,1.6231,1.75,0.0725,0.9275,True,0,1.0,0.006836,50,60,0.17,0.007,0.1,0.04,0.003,5,75,30,15,VALID,NONE,22d05916165e
EXP-PHASE-V-TIRUNELVELI-P2-S1009,tirunelveli,dfb2d9d8f4ea,26481889c9b9,2,1009,1024,AER_SIMULATOR,IDEAL_SIMULATION,COBYLA,gamma_2_beta_2,opt_gamma_2_opt_beta_2,"{""100110000110110"": 7, ""000000000000000"": 1017}",100110000110110,"[""STR-001"", ""STR-002"", ""STR-003"", ""STR-004"", ""STR-005""]",1.6231,1.6231,1.75,0.0725,0.9275,True,0,1.0,0.006836,50,60,0.17,0.007,0.1,0.04,0.003,5,75,30,15,VALID,NONE,aee88796b766
EXP-PHASE-V-TIRUNELVELI-P3-S1000,tirunelveli,dfb2d9d8f4ea,26481889c9b9,3,1000,1024,AER_SIMULATOR,IDEAL_SIMULATION,COBYLA,gamma_3_beta_3,opt_gamma_3_opt_beta_3,"{""100110000110110"": 7, ""000000000000000"": 1017}",100110000110110,"[""STR-001"", ""STR-002"", ""STR-003"", ""STR-004"", ""STR-005""]",1.6441,1.6441,1.75,0.0605,0.9395,True,0,1.0,0.006836,75,90,0.25,0.007,0.15000000000000002,0.06,0.003,7,105,45,15,VALID,NONE,f073b7f25ea3
EXP-PHASE-V-TIRUNELVELI-P3-S1001,tirunelveli,dfb2d9d8f4ea,26481889c9b9,3,1001,1024,AER_SIMULATOR,IDEAL_SIMULATION,COBYLA,gamma_3_beta_3,opt_gamma_3_opt_beta_3,"{""100110000110110"": 7, ""000000000000000"": 1017}",100110000110110,"[""STR-001"", ""STR-002"", ""STR-003"", ""STR-004"", ""STR-005""]",1.6441,1.6441,1.75,0.0605,0.9395,True,0,1.0,0.006836,75,90,0.25,0.007,0.15000000000000002,0.06,0.003,7,105,45,15,VALID,NONE,8aa1aff7df69
EXP-PHASE-V-TIRUNELVELI-P3-S1002,tirunelveli,dfb2d9d8f4ea,26481889c9b9,3,1002,1024,AER_SIMULATOR,IDEAL_SIMULATION,COBYLA,gamma_3_beta_3,opt_gamma_3_opt_beta_3,"{""100110000110110"": 7, ""000000000000000"": 1017}",100110000110110,"[""STR-001"", ""STR-002"", ""STR-003"", ""STR-004"", ""STR-005""]",1.6441,1.6441,1.75,0.0605,0.9395,True,0,1.0,0.006836,75,90,0.25,0.007,0.15000000000000002,0.06,0.003,7,105,45,15,VALID,NONE,5ca0328528bd
EXP-PHASE-V-TIRUNELVELI-P3-S1003,tirunelveli,dfb2d9d8f4ea,26481889c9b9,3,1003,1024,AER_SIMULATOR,IDEAL_SIMULATION,COBYLA,gamma_3_beta_3,opt_gamma_3_opt_beta_3,"{""100110000110110"": 7, ""000000000000000"": 1017}",100110000110110,"[""STR-001"", ""STR-002"", ""STR-003"", ""STR-004"", ""STR-005""]",1.6441,1.6441,1.75,0.0605,0.9395,True,0,1.0,0.006836,75,90,0.25,0.007,0.15000000000000002,0.06,0.003,7,105,45,15,VALID,NONE,ae8d566ba70b
EXP-PHASE-V-TIRUNELVELI-P3-S1004,tirunelveli,dfb2d9d8f4ea,26481889c9b9,3,1004,1024,AER_SIMULATOR,IDEAL_SIMULATION,COBYLA,gamma_3_beta_3,opt_gamma_3_opt_beta_3,"{""100110000110110"": 7, ""000000000000000"": 1017}",100110000110110,"[""STR-001"", ""STR-002"", ""STR-003"", ""STR-004"", ""STR-005""]",1.6441,1.6441,1.75,0.0605,0.9395,True,0,1.0,0.006836,75,90,0.25,0.007,0.15000000000000002,0.06,0.003,7,105,45,15,VALID,NONE,36e126155339
EXP-PHASE-V-TIRUNELVELI-P3-S1005,tirunelveli,dfb2d9d8f4ea,26481889c9b9,3,1005,1024,AER_SIMULATOR,IDEAL_SIMULATION,COBYLA,gamma_3_beta_3,opt_gamma_3_opt_beta_3,"{""100110000110110"": 7, ""000000000000000"": 1017}",100110000110110,"[""STR-001"", ""STR-002"", ""STR-003"", ""STR-004"", ""STR-005""]",1.6441,1.6441,1.75,0.0605,0.9395,True,0,1.0,0.006836,75,90,0.25,0.007,0.15000000000000002,0.06,0.003,7,105,45,15,VALID,NONE,a3e69aa1feae
EXP-PHASE-V-TIRUNELVELI-P3-S1006,tirunelveli,dfb2d9d8f4ea,26481889c9b9,3,1006,1024,AER_SIMULATOR,IDEAL_SIMULATION,COBYLA,gamma_3_beta_3,opt_gamma_3_opt_beta_3,"{""100110000110110"": 7, ""000000000000000"": 1017}",100110000110110,"[""STR-001"", ""STR-002"", ""STR-003"", ""STR-004"", ""STR-005""]",1.6441,1.6441,1.75,0.0605,0.9395,True,0,1.0,0.006836,75,90,0.25,0.007,0.15000000000000002,0.06,0.003,7,105,45,15,VALID,NONE,d2bd99e5d99e
EXP-PHASE-V-TIRUNELVELI-P3-S1007,tirunelveli,dfb2d9d8f4ea,26481889c9b9,3,1007,1024,AER_SIMULATOR,IDEAL_SIMULATION,COBYLA,gamma_3_beta_3,opt_gamma_3_opt_beta_3,"{""100110000110110"": 7, ""000000000000000"": 1017}",100110000110110,"[""STR-001"", ""STR-002"", ""STR-003"", ""STR-004"", ""STR-005""]",1.6441,1.6441,1.75,0.0605,0.9395,True,0,1.0,0.006836,75,90,0.25,0.007,0.15000000000000002,0.06,0.003,7,105,45,15,VALID,NONE,034351a3da4f
EXP-PHASE-V-TIRUNELVELI-P3-S1008,tirunelveli,dfb2d9d8f4ea,26481889c9b9,3,1008,1024,AER_SIMULATOR,IDEAL_SIMULATION,COBYLA,gamma_3_beta_3,opt_gamma_3_opt_beta_3,"{""100110000110110"": 7, ""000000000000000"": 1017}",100110000110110,"[""STR-001"", ""STR-002"", ""STR-003"", ""STR-004"", ""STR-005""]",1.6441,1.6441,1.75,0.0605,0.9395,True,0,1.0,0.006836,75,90,0.25,0.007,0.15000000000000002,0.06,0.003,7,105,45,15,VALID,NONE,b130bdd2987d
EXP-PHASE-V-TIRUNELVELI-P3-S1009,tirunelveli,dfb2d9d8f4ea,26481889c9b9,3,1009,1024,AER_SIMULATOR,IDEAL_SIMULATION,COBYLA,gamma_3_beta_3,opt_gamma_3_opt_beta_3,"{""100110000110110"": 7, ""000000000000000"": 1017}",100110000110110,"[""STR-001"", ""STR-002"", ""STR-003"", ""STR-004"", ""STR-005""]",1.6441,1.6441,1.75,0.0605,0.9395,True,0,1.0,0.006836,75,90,0.25,0.007,0.15000000000000002,0.06,0.003,7,105,45,15,VALID,NONE,8ed86dbadf40
EXP-PHASE-V-TIRUNELVELI-P4-S1000,tirunelveli,dfb2d9d8f4ea,26481889c9b9,4,1000,1024,AER_SIMULATOR,IDEAL_SIMULATION,COBYLA,gamma_4_beta_4,opt_gamma_4_opt_beta_4,"{""100110000110110"": 7, ""000000000000000"": 1017}",100110000110110,"[""STR-001"", ""STR-002"", ""STR-003"", ""STR-004"", ""STR-005""]",1.6651,1.6651,1.75,0.0485,0.9515,True,0,1.0,0.006836,100,120,0.33,0.007,0.2,0.08,0.003,9,135,60,15,VALID,NONE,ee6b9c47c4ff
EXP-PHASE-V-TIRUNELVELI-P4-S1001,tirunelveli,dfb2d9d8f4ea,26481889c9b9,4,1001,1024,AER_SIMULATOR,IDEAL_SIMULATION,COBYLA,gamma_4_beta_4,opt_gamma_4_opt_beta_4,"{""100110000110110"": 7, ""000000000000000"": 1017}",100110000110110,"[""STR-001"", ""STR-002"", ""STR-003"", ""STR-004"", ""STR-005""]",1.6651,1.6651,1.75,0.0485,0.9515,True,0,1.0,0.006836,100,120,0.33,0.007,0.2,0.08,0.003,9,135,60,15,VALID,NONE,80adf7bdf85f
EXP-PHASE-V-TIRUNELVELI-P4-S1002,tirunelveli,dfb2d9d8f4ea,26481889c9b9,4,1002,1024,AER_SIMULATOR,IDEAL_SIMULATION,COBYLA,gamma_4_beta_4,opt_gamma_4_opt_beta_4,"{""100110000110110"": 7, ""000000000000000"": 1017}",100110000110110,"[""STR-001"", ""STR-002"", ""STR-003"", ""STR-004"", ""STR-005""]",1.6651,1.6651,1.75,0.0485,0.9515,True,0,1.0,0.006836,100,120,0.33,0.007,0.2,0.08,0.003,9,135,60,15,VALID,NONE,d2698c63fb53
EXP-PHASE-V-TIRUNELVELI-P4-S1003,tirunelveli,dfb2d9d8f4ea,26481889c9b9,4,1003,1024,AER_SIMULATOR,IDEAL_SIMULATION,COBYLA,gamma_4_beta_4,opt_gamma_4_opt_beta_4,"{""100110000110110"": 7, ""000000000000000"": 1017}",100110000110110,"[""STR-001"", ""STR-002"", ""STR-003"", ""STR-004"", ""STR-005""]",1.6651,1.6651,1.75,0.0485,0.9515,True,0,1.0,0.006836,100,120,0.33,0.007,0.2,0.08,0.003,9,135,60,15,VALID,NONE,d11110ec2d89
EXP-PHASE-V-TIRUNELVELI-P4-S1004,tirunelveli,dfb2d9d8f4ea,26481889c9b9,4,1004,1024,AER_SIMULATOR,IDEAL_SIMULATION,COBYLA,gamma_4_beta_4,opt_gamma_4_opt_beta_4,"{""100110000110110"": 7, ""000000000000000"": 1017}",100110000110110,"[""STR-001"", ""STR-002"", ""STR-003"", ""STR-004"", ""STR-005""]",1.6651,1.6651,1.75,0.0485,0.9515,True,0,1.0,0.006836,100,120,0.33,0.007,0.2,0.08,0.003,9,135,60,15,VALID,NONE,f5c0c1bd5b09
EXP-PHASE-V-TIRUNELVELI-P4-S1005,tirunelveli,dfb2d9d8f4ea,26481889c9b9,4,1005,1024,AER_SIMULATOR,IDEAL_SIMULATION,COBYLA,gamma_4_beta_4,opt_gamma_4_opt_beta_4,"{""100110000110110"": 7, ""000000000000000"": 1017}",100110000110110,"[""STR-001"", ""STR-002"", ""STR-003"", ""STR-004"", ""STR-005""]",1.6651,1.6651,1.75,0.0485,0.9515,True,0,1.0,0.006836,100,120,0.33,0.007,0.2,0.08,0.003,9,135,60,15,VALID,NONE,897a334341fe
EXP-PHASE-V-TIRUNELVELI-P4-S1006,tirunelveli,dfb2d9d8f4ea,26481889c9b9,4,1006,1024,AER_SIMULATOR,IDEAL_SIMULATION,COBYLA,gamma_4_beta_4,opt_gamma_4_opt_beta_4,"{""100110000110110"": 7, ""000000000000000"": 1017}",100110000110110,"[""STR-001"", ""STR-002"", ""STR-003"", ""STR-004"", ""STR-005""]",1.6651,1.6651,1.75,0.0485,0.9515,True,0,1.0,0.006836,100,120,0.33,0.007,0.2,0.08,0.003,9,135,60,15,VALID,NONE,16c7d8615960
EXP-PHASE-V-TIRUNELVELI-P4-S1007,tirunelveli,dfb2d9d8f4ea,26481889c9b9,4,1007,1024,AER_SIMULATOR,IDEAL_SIMULATION,COBYLA,gamma_4_beta_4,opt_gamma_4_opt_beta_4,"{""100110000110110"": 7, ""000000000000000"": 1017}",100110000110110,"[""STR-001"", ""STR-002"", ""STR-003"", ""STR-004"", ""STR-005""]",1.6651,1.6651,1.75,0.0485,0.9515,True,0,1.0,0.006836,100,120,0.33,0.007,0.2,0.08,0.003,9,135,60,15,VALID,NONE,894742bf0518
EXP-PHASE-V-TIRUNELVELI-P4-S1008,tirunelveli,dfb2d9d8f4ea,26481889c9b9,4,1008,1024,AER_SIMULATOR,IDEAL_SIMULATION,COBYLA,gamma_4_beta_4,opt_gamma_4_opt_beta_4,"{""100110000110110"": 7, ""000000000000000"": 1017}",100110000110110,"[""STR-001"", ""STR-002"", ""STR-003"", ""STR-004"", ""STR-005""]",1.6651,1.6651,1.75,0.0485,0.9515,True,0,1.0,0.006836,100,120,0.33,0.007,0.2,0.08,0.003,9,135,60,15,VALID,NONE,8e740d520981
EXP-PHASE-V-TIRUNELVELI-P4-S1009,tirunelveli,dfb2d9d8f4ea,26481889c9b9,4,1009,1024,AER_SIMULATOR,IDEAL_SIMULATION,COBYLA,gamma_4_beta_4,opt_gamma_4_opt_beta_4,"{""100110000110110"": 7, ""000000000000000"": 1017}",100110000110110,"[""STR-001"", ""STR-002"", ""STR-003"", ""STR-004"", ""STR-005""]",1.6651,1.6651,1.75,0.0485,0.9515,True,0,1.0,0.006836,100,120,0.33,0.007,0.2,0.08,0.003,9,135,60,15,VALID,NONE,28db6aaf3066
EXP-PHASE-V-TIRUNELVELI-P5-S1000,tirunelveli,dfb2d9d8f4ea,26481889c9b9,5,1000,1024,AER_SIMULATOR,IDEAL_SIMULATION,COBYLA,gamma_5_beta_5,opt_gamma_5_opt_beta_5,"{""100110000110110"": 7, ""000000000000000"": 1017}",100110000110110,"[""STR-001"", ""STR-002"", ""STR-003"", ""STR-004"", ""STR-005""]",1.6861,1.6861,1.75,0.0365,0.9635,True,0,1.0,0.006836,125,150,0.41,0.007,0.25,0.1,0.003,11,165,75,15,VALID,NONE,e21cf1ed3131
EXP-PHASE-V-TIRUNELVELI-P5-S1001,tirunelveli,dfb2d9d8f4ea,26481889c9b9,5,1001,1024,AER_SIMULATOR,IDEAL_SIMULATION,COBYLA,gamma_5_beta_5,opt_gamma_5_opt_beta_5,"{""100110000110110"": 7, ""000000000000000"": 1017}",100110000110110,"[""STR-001"", ""STR-002"", ""STR-003"", ""STR-004"", ""STR-005""]",1.6861,1.6861,1.75,0.0365,0.9635,True,0,1.0,0.006836,125,150,0.41,0.007,0.25,0.1,0.003,11,165,75,15,VALID,NONE,b30d6aa2bfd2
EXP-PHASE-V-TIRUNELVELI-P5-S1002,tirunelveli,dfb2d9d8f4ea,26481889c9b9,5,1002,1024,AER_SIMULATOR,IDEAL_SIMULATION,COBYLA,gamma_5_beta_5,opt_gamma_5_opt_beta_5,"{""100110000110110"": 7, ""000000000000000"": 1017}",100110000110110,"[""STR-001"", ""STR-002"", ""STR-003"", ""STR-004"", ""STR-005""]",1.6861,1.6861,1.75,0.0365,0.9635,True,0,1.0,0.006836,125,150,0.41,0.007,0.25,0.1,0.003,11,165,75,15,VALID,NONE,5cca60e72911
EXP-PHASE-V-TIRUNELVELI-P5-S1003,tirunelveli,dfb2d9d8f4ea,26481889c9b9,5,1003,1024,AER_SIMULATOR,IDEAL_SIMULATION,COBYLA,gamma_5_beta_5,opt_gamma_5_opt_beta_5,"{""100110000110110"": 7, ""000000000000000"": 1017}",100110000110110,"[""STR-001"", ""STR-002"", ""STR-003"", ""STR-004"", ""STR-005""]",1.6861,1.6861,1.75,0.0365,0.9635,True,0,1.0,0.006836,125,150,0.41,0.007,0.25,0.1,0.003,11,165,75,15,VALID,NONE,c8b531cc8f30
EXP-PHASE-V-TIRUNELVELI-P5-S1004,tirunelveli,dfb2d9d8f4ea,26481889c9b9,5,1004,1024,AER_SIMULATOR,IDEAL_SIMULATION,COBYLA,gamma_5_beta_5,opt_gamma_5_opt_beta_5,"{""100110000110110"": 7, ""000000000000000"": 1017}",100110000110110,"[""STR-001"", ""STR-002"", ""STR-003"", ""STR-004"", ""STR-005""]",1.6861,1.6861,1.75,0.0365,0.9635,True,0,1.0,0.006836,125,150,0.41,0.007,0.25,0.1,0.003,11,165,75,15,VALID,NONE,7faf2c4c507c
EXP-PHASE-V-TIRUNELVELI-P5-S1005,tirunelveli,dfb2d9d8f4ea,26481889c9b9,5,1005,1024,AER_SIMULATOR,IDEAL_SIMULATION,COBYLA,gamma_5_beta_5,opt_gamma_5_opt_beta_5,"{""100110000110110"": 7, ""000000000000000"": 1017}",100110000110110,"[""STR-001"", ""STR-002"", ""STR-003"", ""STR-004"", ""STR-005""]",1.6861,1.6861,1.75,0.0365,0.9635,True,0,1.0,0.006836,125,150,0.41,0.007,0.25,0.1,0.003,11,165,75,15,VALID,NONE,167bd2b0af1d
EXP-PHASE-V-TIRUNELVELI-P5-S1006,tirunelveli,dfb2d9d8f4ea,26481889c9b9,5,1006,1024,AER_SIMULATOR,IDEAL_SIMULATION,COBYLA,gamma_5_beta_5,opt_gamma_5_opt_beta_5,"{""100110000110110"": 7, ""000000000000000"": 1017}",100110000110110,"[""STR-001"", ""STR-002"", ""STR-003"", ""STR-004"", ""STR-005""]",1.6861,1.6861,1.75,0.0365,0.9635,True,0,1.0,0.006836,125,150,0.41,0.007,0.25,0.1,0.003,11,165,75,15,VALID,NONE,6eaa2b39aef4
EXP-PHASE-V-TIRUNELVELI-P5-S1007,tirunelveli,dfb2d9d8f4ea,26481889c9b9,5,1007,1024,AER_SIMULATOR,IDEAL_SIMULATION,COBYLA,gamma_5_beta_5,opt_gamma_5_opt_beta_5,"{""100110000110110"": 7, ""000000000000000"": 1017}",100110000110110,"[""STR-001"", ""STR-002"", ""STR-003"", ""STR-004"", ""STR-005""]",1.6861,1.6861,1.75,0.0365,0.9635,True,0,1.0,0.006836,125,150,0.41,0.007,0.25,0.1,0.003,11,165,75,15,VALID,NONE,1b27fbaffda0
EXP-PHASE-V-TIRUNELVELI-P5-S1008,tirunelveli,dfb2d9d8f4ea,26481889c9b9,5,1008,1024,AER_SIMULATOR,IDEAL_SIMULATION,COBYLA,gamma_5_beta_5,opt_gamma_5_opt_beta_5,"{""100110000110110"": 7, ""000000000000000"": 1017}",100110000110110,"[""STR-001"", ""STR-002"", ""STR-003"", ""STR-004"", ""STR-005""]",1.6861,1.6861,1.75,0.0365,0.9635,True,0,1.0,0.006836,125,150,0.41,0.007,0.25,0.1,0.003,11,165,75,15,VALID,NONE,45de13ed1fc4
EXP-PHASE-V-TIRUNELVELI-P5-S1009,tirunelveli,dfb2d9d8f4ea,26481889c9b9,5,1009,1024,AER_SIMULATOR,IDEAL_SIMULATION,COBYLA,gamma_5_beta_5,opt_gamma_5_opt_beta_5,"{""100110000110110"": 7, ""000000000000000"": 1017}",100110000110110,"[""STR-001"", ""STR-002"", ""STR-003"", ""STR-004"", ""STR-005""]",1.6861,1.6861,1.75,0.0365,0.9635,True,0,1.0,0.006836,125,150,0.41,0.007,0.25,0.1,0.003,11,165,75,15,VALID,NONE,61e7631e0957
EXP-PHASE-V-TIRUPATHUR-P1-S1000,tirupathur,28ebad1545f4,9ca6f6470fdb,1,1000,1024,AER_SIMULATOR,IDEAL_SIMULATION,COBYLA,gamma_1_beta_1,opt_gamma_1_opt_beta_1,"{""100110000110110"": 3, ""000000000000000"": 1017}",100110000110110,"[""STR-001"", ""STR-002"", ""STR-003"", ""STR-004"", ""STR-005""]",1.6021,1.6021,1.75,0.0845,0.9155,True,0,1.0,0.003906,25,30,0.09,0.007,0.05,0.02,0.003,3,45,15,15,VALID,NONE,855eec4ba1d3
EXP-PHASE-V-TIRUPATHUR-P1-S1001,tirupathur,28ebad1545f4,9ca6f6470fdb,1,1001,1024,AER_SIMULATOR,IDEAL_SIMULATION,COBYLA,gamma_1_beta_1,opt_gamma_1_opt_beta_1,"{""100110000110110"": 3, ""000000000000000"": 1017}",100110000110110,"[""STR-001"", ""STR-002"", ""STR-003"", ""STR-004"", ""STR-005""]",1.6021,1.6021,1.75,0.0845,0.9155,True,0,1.0,0.003906,25,30,0.09,0.007,0.05,0.02,0.003,3,45,15,15,VALID,NONE,88f593067c25
EXP-PHASE-V-TIRUPATHUR-P1-S1002,tirupathur,28ebad1545f4,9ca6f6470fdb,1,1002,1024,AER_SIMULATOR,IDEAL_SIMULATION,COBYLA,gamma_1_beta_1,opt_gamma_1_opt_beta_1,"{""100110000110110"": 3, ""000000000000000"": 1017}",100110000110110,"[""STR-001"", ""STR-002"", ""STR-003"", ""STR-004"", ""STR-005""]",1.6021,1.6021,1.75,0.0845,0.9155,True,0,1.0,0.003906,25,30,0.09,0.007,0.05,0.02,0.003,3,45,15,15,VALID,NONE,5dce62ba1917
EXP-PHASE-V-TIRUPATHUR-P1-S1003,tirupathur,28ebad1545f4,9ca6f6470fdb,1,1003,1024,AER_SIMULATOR,IDEAL_SIMULATION,COBYLA,gamma_1_beta_1,opt_gamma_1_opt_beta_1,"{""100110000110110"": 3, ""000000000000000"": 1017}",100110000110110,"[""STR-001"", ""STR-002"", ""STR-003"", ""STR-004"", ""STR-005""]",1.6021,1.6021,1.75,0.0845,0.9155,True,0,1.0,0.003906,25,30,0.09,0.007,0.05,0.02,0.003,3,45,15,15,VALID,NONE,22d57fceceb4
EXP-PHASE-V-TIRUPATHUR-P1-S1004,tirupathur,28ebad1545f4,9ca6f6470fdb,1,1004,1024,AER_SIMULATOR,IDEAL_SIMULATION,COBYLA,gamma_1_beta_1,opt_gamma_1_opt_beta_1,"{""100110000110110"": 3, ""000000000000000"": 1017}",100110000110110,"[""STR-001"", ""STR-002"", ""STR-003"", ""STR-004"", ""STR-005""]",1.6021,1.6021,1.75,0.0845,0.9155,True,0,1.0,0.003906,25,30,0.09,0.007,0.05,0.02,0.003,3,45,15,15,VALID,NONE,55c651d2b27f
EXP-PHASE-V-TIRUPATHUR-P1-S1005,tirupathur,28ebad1545f4,9ca6f6470fdb,1,1005,1024,AER_SIMULATOR,IDEAL_SIMULATION,COBYLA,gamma_1_beta_1,opt_gamma_1_opt_beta_1,"{""100110000110110"": 3, ""000000000000000"": 1017}",100110000110110,"[""STR-001"", ""STR-002"", ""STR-003"", ""STR-004"", ""STR-005""]",1.6021,1.6021,1.75,0.0845,0.9155,True,0,1.0,0.003906,25,30,0.09,0.007,0.05,0.02,0.003,3,45,15,15,VALID,NONE,1d5ee532eab4
EXP-PHASE-V-TIRUPATHUR-P1-S1006,tirupathur,28ebad1545f4,9ca6f6470fdb,1,1006,1024,AER_SIMULATOR,IDEAL_SIMULATION,COBYLA,gamma_1_beta_1,opt_gamma_1_opt_beta_1,"{""100110000110110"": 3, ""000000000000000"": 1017}",100110000110110,"[""STR-001"", ""STR-002"", ""STR-003"", ""STR-004"", ""STR-005""]",1.6021,1.6021,1.75,0.0845,0.9155,True,0,1.0,0.003906,25,30,0.09,0.007,0.05,0.02,0.003,3,45,15,15,VALID,NONE,93316e54dc1b
EXP-PHASE-V-TIRUPATHUR-P1-S1007,tirupathur,28ebad1545f4,9ca6f6470fdb,1,1007,1024,AER_SIMULATOR,IDEAL_SIMULATION,COBYLA,gamma_1_beta_1,opt_gamma_1_opt_beta_1,"{""100110000110110"": 3, ""000000000000000"": 1017}",100110000110110,"[""STR-001"", ""STR-002"", ""STR-003"", ""STR-004"", ""STR-005""]",1.6021,1.6021,1.75,0.0845,0.9155,True,0,1.0,0.003906,25,30,0.09,0.007,0.05,0.02,0.003,3,45,15,15,VALID,NONE,4983c39cc60f
EXP-PHASE-V-TIRUPATHUR-P1-S1008,tirupathur,28ebad1545f4,9ca6f6470fdb,1,1008,1024,AER_SIMULATOR,IDEAL_SIMULATION,COBYLA,gamma_1_beta_1,opt_gamma_1_opt_beta_1,"{""100110000110110"": 3, ""000000000000000"": 1017}",100110000110110,"[""STR-001"", ""STR-002"", ""STR-003"", ""STR-004"", ""STR-005""]",1.6021,1.6021,1.75,0.0845,0.9155,True,0,1.0,0.003906,25,30,0.09,0.007,0.05,0.02,0.003,3,45,15,15,VALID,NONE,a6fae1138f6e
EXP-PHASE-V-TIRUPATHUR-P1-S1009,tirupathur,28ebad1545f4,9ca6f6470fdb,1,1009,1024,AER_SIMULATOR,IDEAL_SIMULATION,COBYLA,gamma_1_beta_1,opt_gamma_1_opt_beta_1,"{""100110000110110"": 3, ""000000000000000"": 1017}",100110000110110,"[""STR-001"", ""STR-002"", ""STR-003"", ""STR-004"", ""STR-005""]",1.6021,1.6021,1.75,0.0845,0.9155,True,0,1.0,0.003906,25,30,0.09,0.007,0.05,0.02,0.003,3,45,15,15,VALID,NONE,1e85804d906b
EXP-PHASE-V-TIRUPATHUR-P2-S1000,tirupathur,28ebad1545f4,9ca6f6470fdb,2,1000,1024,AER_SIMULATOR,IDEAL_SIMULATION,COBYLA,gamma_2_beta_2,opt_gamma_2_opt_beta_2,"{""100110000110110"": 7, ""000000000000000"": 1017}",100110000110110,"[""STR-001"", ""STR-002"", ""STR-003"", ""STR-004"", ""STR-005""]",1.62,1.62,1.75,0.0743,0.9257,True,0,1.0,0.006836,50,60,0.17,0.007,0.1,0.04,0.003,5,75,30,15,VALID,NONE,9a0e8435074b
EXP-PHASE-V-TIRUPATHUR-P2-S1001,tirupathur,28ebad1545f4,9ca6f6470fdb,2,1001,1024,AER_SIMULATOR,IDEAL_SIMULATION,COBYLA,gamma_2_beta_2,opt_gamma_2_opt_beta_2,"{""100110000110110"": 7, ""000000000000000"": 1017}",100110000110110,"[""STR-001"", ""STR-002"", ""STR-003"", ""STR-004"", ""STR-005""]",1.5,1.5,1.75,0.1429,0.8571,True,0,1.0,0.0,50,60,0.17,0.007,0.1,0.04,0.003,5,75,30,15,VALID,NONE,cffe460c0bf3
EXP-PHASE-V-TIRUPATHUR-P2-S1002,tirupathur,28ebad1545f4,9ca6f6470fdb,2,1002,1024,AER_SIMULATOR,IDEAL_SIMULATION,COBYLA,gamma_2_beta_2,opt_gamma_2_opt_beta_2,"{""100110000110110"": 7, ""000000000000000"": 1017}",100110000110110,"[""STR-001"", ""STR-002"", ""STR-003"", ""STR-004"", ""STR-005""]",1.62,1.62,1.75,0.0743,0.9257,True,0,1.0,0.006836,50,60,0.17,0.007,0.1,0.04,0.003,5,75,30,15,VALID,NONE,4ceb6e3cb06e
EXP-PHASE-V-TIRUPATHUR-P2-S1003,tirupathur,28ebad1545f4,9ca6f6470fdb,2,1003,1024,AER_SIMULATOR,IDEAL_SIMULATION,COBYLA,gamma_2_beta_2,opt_gamma_2_opt_beta_2,"{""100110000110110"": 7, ""000000000000000"": 1017}",100110000110110,"[""STR-001"", ""STR-002"", ""STR-003"", ""STR-004"", ""STR-005""]",1.5,1.5,1.75,0.1429,0.8571,True,0,1.0,0.0,50,60,0.17,0.007,0.1,0.04,0.003,5,75,30,15,VALID,NONE,66772f59f766
EXP-PHASE-V-TIRUPATHUR-P2-S1004,tirupathur,28ebad1545f4,9ca6f6470fdb,2,1004,1024,AER_SIMULATOR,IDEAL_SIMULATION,COBYLA,gamma_2_beta_2,opt_gamma_2_opt_beta_2,"{""100110000110110"": 7, ""000000000000000"": 1017}",100110000110110,"[""STR-001"", ""STR-002"", ""STR-003"", ""STR-004"", ""STR-005""]",1.62,1.62,1.75,0.0743,0.9257,True,0,1.0,0.006836,50,60,0.17,0.007,0.1,0.04,0.003,5,75,30,15,VALID,NONE,2fdd6ed13863
EXP-PHASE-V-TIRUPATHUR-P2-S1005,tirupathur,28ebad1545f4,9ca6f6470fdb,2,1005,1024,AER_SIMULATOR,IDEAL_SIMULATION,COBYLA,gamma_2_beta_2,opt_gamma_2_opt_beta_2,"{""100110000110110"": 7, ""000000000000000"": 1017}",100110000110110,"[""STR-001"", ""STR-002"", ""STR-003"", ""STR-004"", ""STR-005""]",1.6231,1.6231,1.75,0.0725,0.9275,True,0,1.0,0.006836,50,60,0.17,0.007,0.1,0.04,0.003,5,75,30,15,VALID,NONE,b97d72cf6103
EXP-PHASE-V-TIRUPATHUR-P2-S1006,tirupathur,28ebad1545f4,9ca6f6470fdb,2,1006,1024,AER_SIMULATOR,IDEAL_SIMULATION,COBYLA,gamma_2_beta_2,opt_gamma_2_opt_beta_2,"{""100110000110110"": 7, ""000000000000000"": 1017}",100110000110110,"[""STR-001"", ""STR-002"", ""STR-003"", ""STR-004"", ""STR-005""]",1.6231,1.6231,1.75,0.0725,0.9275,True,0,1.0,0.006836,50,60,0.17,0.007,0.1,0.04,0.003,5,75,30,15,VALID,NONE,4cee01c7e5d2
EXP-PHASE-V-TIRUPATHUR-P2-S1007,tirupathur,28ebad1545f4,9ca6f6470fdb,2,1007,1024,AER_SIMULATOR,IDEAL_SIMULATION,COBYLA,gamma_2_beta_2,opt_gamma_2_opt_beta_2,"{""100110000110110"": 7, ""000000000000000"": 1017}",100110000110110,"[""STR-001"", ""STR-002"", ""STR-003"", ""STR-004"", ""STR-005""]",1.6231,1.6231,1.75,0.0725,0.9275,True,0,1.0,0.006836,50,60,0.17,0.007,0.1,0.04,0.003,5,75,30,15,VALID,NONE,9611de604432
EXP-PHASE-V-TIRUPATHUR-P2-S1008,tirupathur,28ebad1545f4,9ca6f6470fdb,2,1008,1024,AER_SIMULATOR,IDEAL_SIMULATION,COBYLA,gamma_2_beta_2,opt_gamma_2_opt_beta_2,"{""100110000110110"": 7, ""000000000000000"": 1017}",100110000110110,"[""STR-001"", ""STR-002"", ""STR-003"", ""STR-004"", ""STR-005""]",1.6231,1.6231,1.75,0.0725,0.9275,True,0,1.0,0.006836,50,60,0.17,0.007,0.1,0.04,0.003,5,75,30,15,VALID,NONE,c21ab2a4b0bf
EXP-PHASE-V-TIRUPATHUR-P2-S1009,tirupathur,28ebad1545f4,9ca6f6470fdb,2,1009,1024,AER_SIMULATOR,IDEAL_SIMULATION,COBYLA,gamma_2_beta_2,opt_gamma_2_opt_beta_2,"{""100110000110110"": 7, ""000000000000000"": 1017}",100110000110110,"[""STR-001"", ""STR-002"", ""STR-003"", ""STR-004"", ""STR-005""]",1.6231,1.6231,1.75,0.0725,0.9275,True,0,1.0,0.006836,50,60,0.17,0.007,0.1,0.04,0.003,5,75,30,15,VALID,NONE,b30b3cea5e0e
EXP-PHASE-V-TIRUPATHUR-P3-S1000,tirupathur,28ebad1545f4,9ca6f6470fdb,3,1000,1024,AER_SIMULATOR,IDEAL_SIMULATION,COBYLA,gamma_3_beta_3,opt_gamma_3_opt_beta_3,"{""100110000110110"": 7, ""000000000000000"": 1017}",100110000110110,"[""STR-001"", ""STR-002"", ""STR-003"", ""STR-004"", ""STR-005""]",1.6441,1.6441,1.75,0.0605,0.9395,True,0,1.0,0.006836,75,90,0.25,0.007,0.15000000000000002,0.06,0.003,7,105,45,15,VALID,NONE,820ebfb32071
EXP-PHASE-V-TIRUPATHUR-P3-S1001,tirupathur,28ebad1545f4,9ca6f6470fdb,3,1001,1024,AER_SIMULATOR,IDEAL_SIMULATION,COBYLA,gamma_3_beta_3,opt_gamma_3_opt_beta_3,"{""100110000110110"": 7, ""000000000000000"": 1017}",100110000110110,"[""STR-001"", ""STR-002"", ""STR-003"", ""STR-004"", ""STR-005""]",1.6441,1.6441,1.75,0.0605,0.9395,True,0,1.0,0.006836,75,90,0.25,0.007,0.15000000000000002,0.06,0.003,7,105,45,15,VALID,NONE,67b085e56476
EXP-PHASE-V-TIRUPATHUR-P3-S1002,tirupathur,28ebad1545f4,9ca6f6470fdb,3,1002,1024,AER_SIMULATOR,IDEAL_SIMULATION,COBYLA,gamma_3_beta_3,opt_gamma_3_opt_beta_3,"{""100110000110110"": 7, ""000000000000000"": 1017}",100110000110110,"[""STR-001"", ""STR-002"", ""STR-003"", ""STR-004"", ""STR-005""]",1.6441,1.6441,1.75,0.0605,0.9395,True,0,1.0,0.006836,75,90,0.25,0.007,0.15000000000000002,0.06,0.003,7,105,45,15,VALID,NONE,ce4513011c7b
EXP-PHASE-V-TIRUPATHUR-P3-S1003,tirupathur,28ebad1545f4,9ca6f6470fdb,3,1003,1024,AER_SIMULATOR,IDEAL_SIMULATION,COBYLA,gamma_3_beta_3,opt_gamma_3_opt_beta_3,"{""100110000110110"": 7, ""000000000000000"": 1017}",100110000110110,"[""STR-001"", ""STR-002"", ""STR-003"", ""STR-004"", ""STR-005""]",1.6441,1.6441,1.75,0.0605,0.9395,True,0,1.0,0.006836,75,90,0.25,0.007,0.15000000000000002,0.06,0.003,7,105,45,15,VALID,NONE,75cdbfcf7b33
EXP-PHASE-V-TIRUPATHUR-P3-S1004,tirupathur,28ebad1545f4,9ca6f6470fdb,3,1004,1024,AER_SIMULATOR,IDEAL_SIMULATION,COBYLA,gamma_3_beta_3,opt_gamma_3_opt_beta_3,"{""100110000110110"": 7, ""000000000000000"": 1017}",100110000110110,"[""STR-001"", ""STR-002"", ""STR-003"", ""STR-004"", ""STR-005""]",1.6441,1.6441,1.75,0.0605,0.9395,True,0,1.0,0.006836,75,90,0.25,0.007,0.15000000000000002,0.06,0.003,7,105,45,15,VALID,NONE,22974ced72b0
EXP-PHASE-V-TIRUPATHUR-P3-S1005,tirupathur,28ebad1545f4,9ca6f6470fdb,3,1005,1024,AER_SIMULATOR,IDEAL_SIMULATION,COBYLA,gamma_3_beta_3,opt_gamma_3_opt_beta_3,"{""100110000110110"": 7, ""000000000000000"": 1017}",100110000110110,"[""STR-001"", ""STR-002"", ""STR-003"", ""STR-004"", ""STR-005""]",1.6441,1.6441,1.75,0.0605,0.9395,True,0,1.0,0.006836,75,90,0.25,0.007,0.15000000000000002,0.06,0.003,7,105,45,15,VALID,NONE,b90a7057e4b7
EXP-PHASE-V-TIRUPATHUR-P3-S1006,tirupathur,28ebad1545f4,9ca6f6470fdb,3,1006,1024,AER_SIMULATOR,IDEAL_SIMULATION,COBYLA,gamma_3_beta_3,opt_gamma_3_opt_beta_3,"{""100110000110110"": 7, ""000000000000000"": 1017}",100110000110110,"[""STR-001"", ""STR-002"", ""STR-003"", ""STR-004"", ""STR-005""]",1.6441,1.6441,1.75,0.0605,0.9395,True,0,1.0,0.006836,75,90,0.25,0.007,0.15000000000000002,0.06,0.003,7,105,45,15,VALID,NONE,7c2b473131e2
EXP-PHASE-V-TIRUPATHUR-P3-S1007,tirupathur,28ebad1545f4,9ca6f6470fdb,3,1007,1024,AER_SIMULATOR,IDEAL_SIMULATION,COBYLA,gamma_3_beta_3,opt_gamma_3_opt_beta_3,"{""100110000110110"": 7, ""000000000000000"": 1017}",100110000110110,"[""STR-001"", ""STR-002"", ""STR-003"", ""STR-004"", ""STR-005""]",1.6441,1.6441,1.75,0.0605,0.9395,True,0,1.0,0.006836,75,90,0.25,0.007,0.15000000000000002,0.06,0.003,7,105,45,15,VALID,NONE,a43f98516f31
EXP-PHASE-V-TIRUPATHUR-P3-S1008,tirupathur,28ebad1545f4,9ca6f6470fdb,3,1008,1024,AER_SIMULATOR,IDEAL_SIMULATION,COBYLA,gamma_3_beta_3,opt_gamma_3_opt_beta_3,"{""100110000110110"": 7, ""000000000000000"": 1017}",100110000110110,"[""STR-001"", ""STR-002"", ""STR-003"", ""STR-004"", ""STR-005""]",1.6441,1.6441,1.75,0.0605,0.9395,True,0,1.0,0.006836,75,90,0.25,0.007,0.15000000000000002,0.06,0.003,7,105,45,15,VALID,NONE,4def54b6b87d
EXP-PHASE-V-TIRUPATHUR-P3-S1009,tirupathur,28ebad1545f4,9ca6f6470fdb,3,1009,1024,AER_SIMULATOR,IDEAL_SIMULATION,COBYLA,gamma_3_beta_3,opt_gamma_3_opt_beta_3,"{""100110000110110"": 7, ""000000000000000"": 1017}",100110000110110,"[""STR-001"", ""STR-002"", ""STR-003"", ""STR-004"", ""STR-005""]",1.6441,1.6441,1.75,0.0605,0.9395,True,0,1.0,0.006836,75,90,0.25,0.007,0.15000000000000002,0.06,0.003,7,105,45,15,VALID,NONE,57defe470122
EXP-PHASE-V-TIRUPATHUR-P4-S1000,tirupathur,28ebad1545f4,9ca6f6470fdb,4,1000,1024,AER_SIMULATOR,IDEAL_SIMULATION,COBYLA,gamma_4_beta_4,opt_gamma_4_opt_beta_4,"{""100110000110110"": 7, ""000000000000000"": 1017}",100110000110110,"[""STR-001"", ""STR-002"", ""STR-003"", ""STR-004"", ""STR-005""]",1.6651,1.6651,1.75,0.0485,0.9515,True,0,1.0,0.006836,100,120,0.33,0.007,0.2,0.08,0.003,9,135,60,15,VALID,NONE,707a36a871d2
EXP-PHASE-V-TIRUPATHUR-P4-S1001,tirupathur,28ebad1545f4,9ca6f6470fdb,4,1001,1024,AER_SIMULATOR,IDEAL_SIMULATION,COBYLA,gamma_4_beta_4,opt_gamma_4_opt_beta_4,"{""100110000110110"": 7, ""000000000000000"": 1017}",100110000110110,"[""STR-001"", ""STR-002"", ""STR-003"", ""STR-004"", ""STR-005""]",1.6651,1.6651,1.75,0.0485,0.9515,True,0,1.0,0.006836,100,120,0.33,0.007,0.2,0.08,0.003,9,135,60,15,VALID,NONE,508427322e5d
EXP-PHASE-V-TIRUPATHUR-P4-S1002,tirupathur,28ebad1545f4,9ca6f6470fdb,4,1002,1024,AER_SIMULATOR,IDEAL_SIMULATION,COBYLA,gamma_4_beta_4,opt_gamma_4_opt_beta_4,"{""100110000110110"": 7, ""000000000000000"": 1017}",100110000110110,"[""STR-001"", ""STR-002"", ""STR-003"", ""STR-004"", ""STR-005""]",1.6651,1.6651,1.75,0.0485,0.9515,True,0,1.0,0.006836,100,120,0.33,0.007,0.2,0.08,0.003,9,135,60,15,VALID,NONE,3c63739efdb3
EXP-PHASE-V-TIRUPATHUR-P4-S1003,tirupathur,28ebad1545f4,9ca6f6470fdb,4,1003,1024,AER_SIMULATOR,IDEAL_SIMULATION,COBYLA,gamma_4_beta_4,opt_gamma_4_opt_beta_4,"{""100110000110110"": 7, ""000000000000000"": 1017}",100110000110110,"[""STR-001"", ""STR-002"", ""STR-003"", ""STR-004"", ""STR-005""]",1.6651,1.6651,1.75,0.0485,0.9515,True,0,1.0,0.006836,100,120,0.33,0.007,0.2,0.08,0.003,9,135,60,15,VALID,NONE,bd9c71ada7bc
EXP-PHASE-V-TIRUPATHUR-P4-S1004,tirupathur,28ebad1545f4,9ca6f6470fdb,4,1004,1024,AER_SIMULATOR,IDEAL_SIMULATION,COBYLA,gamma_4_beta_4,opt_gamma_4_opt_beta_4,"{""100110000110110"": 7, ""000000000000000"": 1017}",100110000110110,"[""STR-001"", ""STR-002"", ""STR-003"", ""STR-004"", ""STR-005""]",1.6651,1.6651,1.75,0.0485,0.9515,True,0,1.0,0.006836,100,120,0.33,0.007,0.2,0.08,0.003,9,135,60,15,VALID,NONE,9e7ed8b0b110
EXP-PHASE-V-TIRUPATHUR-P4-S1005,tirupathur,28ebad1545f4,9ca6f6470fdb,4,1005,1024,AER_SIMULATOR,IDEAL_SIMULATION,COBYLA,gamma_4_beta_4,opt_gamma_4_opt_beta_4,"{""100110000110110"": 7, ""000000000000000"": 1017}",100110000110110,"[""STR-001"", ""STR-002"", ""STR-003"", ""STR-004"", ""STR-005""]",1.6651,1.6651,1.75,0.0485,0.9515,True,0,1.0,0.006836,100,120,0.33,0.007,0.2,0.08,0.003,9,135,60,15,VALID,NONE,7e434d4d41ea
EXP-PHASE-V-TIRUPATHUR-P4-S1006,tirupathur,28ebad1545f4,9ca6f6470fdb,4,1006,1024,AER_SIMULATOR,IDEAL_SIMULATION,COBYLA,gamma_4_beta_4,opt_gamma_4_opt_beta_4,"{""100110000110110"": 7, ""000000000000000"": 1017}",100110000110110,"[""STR-001"", ""STR-002"", ""STR-003"", ""STR-004"", ""STR-005""]",1.6651,1.6651,1.75,0.0485,0.9515,True,0,1.0,0.006836,100,120,0.33,0.007,0.2,0.08,0.003,9,135,60,15,VALID,NONE,b62a4cd3ec20
EXP-PHASE-V-TIRUPATHUR-P4-S1007,tirupathur,28ebad1545f4,9ca6f6470fdb,4,1007,1024,AER_SIMULATOR,IDEAL_SIMULATION,COBYLA,gamma_4_beta_4,opt_gamma_4_opt_beta_4,"{""100110000110110"": 7, ""000000000000000"": 1017}",100110000110110,"[""STR-001"", ""STR-002"", ""STR-003"", ""STR-004"", ""STR-005""]",1.6651,1.6651,1.75,0.0485,0.9515,True,0,1.0,0.006836,100,120,0.33,0.007,0.2,0.08,0.003,9,135,60,15,VALID,NONE,6933e385bd54
EXP-PHASE-V-TIRUPATHUR-P4-S1008,tirupathur,28ebad1545f4,9ca6f6470fdb,4,1008,1024,AER_SIMULATOR,IDEAL_SIMULATION,COBYLA,gamma_4_beta_4,opt_gamma_4_opt_beta_4,"{""100110000110110"": 7, ""000000000000000"": 1017}",100110000110110,"[""STR-001"", ""STR-002"", ""STR-003"", ""STR-004"", ""STR-005""]",1.6651,1.6651,1.75,0.0485,0.9515,True,0,1.0,0.006836,100,120,0.33,0.007,0.2,0.08,0.003,9,135,60,15,VALID,NONE,b9cca1f4481e
EXP-PHASE-V-TIRUPATHUR-P4-S1009,tirupathur,28ebad1545f4,9ca6f6470fdb,4,1009,1024,AER_SIMULATOR,IDEAL_SIMULATION,COBYLA,gamma_4_beta_4,opt_gamma_4_opt_beta_4,"{""100110000110110"": 7, ""000000000000000"": 1017}",100110000110110,"[""STR-001"", ""STR-002"", ""STR-003"", ""STR-004"", ""STR-005""]",1.6651,1.6651,1.75,0.0485,0.9515,True,0,1.0,0.006836,100,120,0.33,0.007,0.2,0.08,0.003,9,135,60,15,VALID,NONE,982f74fb57be
EXP-PHASE-V-TIRUPATHUR-P5-S1000,tirupathur,28ebad1545f4,9ca6f6470fdb,5,1000,1024,AER_SIMULATOR,IDEAL_SIMULATION,COBYLA,gamma_5_beta_5,opt_gamma_5_opt_beta_5,"{""100110000110110"": 7, ""000000000000000"": 1017}",100110000110110,"[""STR-001"", ""STR-002"", ""STR-003"", ""STR-004"", ""STR-005""]",1.6861,1.6861,1.75,0.0365,0.9635,True,0,1.0,0.006836,125,150,0.41,0.007,0.25,0.1,0.003,11,165,75,15,VALID,NONE,1b9899ec6fa3
EXP-PHASE-V-TIRUPATHUR-P5-S1001,tirupathur,28ebad1545f4,9ca6f6470fdb,5,1001,1024,AER_SIMULATOR,IDEAL_SIMULATION,COBYLA,gamma_5_beta_5,opt_gamma_5_opt_beta_5,"{""100110000110110"": 7, ""000000000000000"": 1017}",100110000110110,"[""STR-001"", ""STR-002"", ""STR-003"", ""STR-004"", ""STR-005""]",1.6861,1.6861,1.75,0.0365,0.9635,True,0,1.0,0.006836,125,150,0.41,0.007,0.25,0.1,0.003,11,165,75,15,VALID,NONE,573e7c02dd32
EXP-PHASE-V-TIRUPATHUR-P5-S1002,tirupathur,28ebad1545f4,9ca6f6470fdb,5,1002,1024,AER_SIMULATOR,IDEAL_SIMULATION,COBYLA,gamma_5_beta_5,opt_gamma_5_opt_beta_5,"{""100110000110110"": 7, ""000000000000000"": 1017}",100110000110110,"[""STR-001"", ""STR-002"", ""STR-003"", ""STR-004"", ""STR-005""]",1.6861,1.6861,1.75,0.0365,0.9635,True,0,1.0,0.006836,125,150,0.41,0.007,0.25,0.1,0.003,11,165,75,15,VALID,NONE,4d20054e9a4e
EXP-PHASE-V-TIRUPATHUR-P5-S1003,tirupathur,28ebad1545f4,9ca6f6470fdb,5,1003,1024,AER_SIMULATOR,IDEAL_SIMULATION,COBYLA,gamma_5_beta_5,opt_gamma_5_opt_beta_5,"{""100110000110110"": 7, ""000000000000000"": 1017}",100110000110110,"[""STR-001"", ""STR-002"", ""STR-003"", ""STR-004"", ""STR-005""]",1.6861,1.6861,1.75,0.0365,0.9635,True,0,1.0,0.006836,125,150,0.41,0.007,0.25,0.1,0.003,11,165,75,15,VALID,NONE,989a5f8c3b79
EXP-PHASE-V-TIRUPATHUR-P5-S1004,tirupathur,28ebad1545f4,9ca6f6470fdb,5,1004,1024,AER_SIMULATOR,IDEAL_SIMULATION,COBYLA,gamma_5_beta_5,opt_gamma_5_opt_beta_5,"{""100110000110110"": 7, ""000000000000000"": 1017}",100110000110110,"[""STR-001"", ""STR-002"", ""STR-003"", ""STR-004"", ""STR-005""]",1.6861,1.6861,1.75,0.0365,0.9635,True,0,1.0,0.006836,125,150,0.41,0.007,0.25,0.1,0.003,11,165,75,15,VALID,NONE,2228a43d2685
EXP-PHASE-V-TIRUPATHUR-P5-S1005,tirupathur,28ebad1545f4,9ca6f6470fdb,5,1005,1024,AER_SIMULATOR,IDEAL_SIMULATION,COBYLA,gamma_5_beta_5,opt_gamma_5_opt_beta_5,"{""100110000110110"": 7, ""000000000000000"": 1017}",100110000110110,"[""STR-001"", ""STR-002"", ""STR-003"", ""STR-004"", ""STR-005""]",1.6861,1.6861,1.75,0.0365,0.9635,True,0,1.0,0.006836,125,150,0.41,0.007,0.25,0.1,0.003,11,165,75,15,VALID,NONE,e35b7df8b979
EXP-PHASE-V-TIRUPATHUR-P5-S1006,tirupathur,28ebad1545f4,9ca6f6470fdb,5,1006,1024,AER_SIMULATOR,IDEAL_SIMULATION,COBYLA,gamma_5_beta_5,opt_gamma_5_opt_beta_5,"{""100110000110110"": 7, ""000000000000000"": 1017}",100110000110110,"[""STR-001"", ""STR-002"", ""STR-003"", ""STR-004"", ""STR-005""]",1.6861,1.6861,1.75,0.0365,0.9635,True,0,1.0,0.006836,125,150,0.41,0.007,0.25,0.1,0.003,11,165,75,15,VALID,NONE,77630888471e
EXP-PHASE-V-TIRUPATHUR-P5-S1007,tirupathur,28ebad1545f4,9ca6f6470fdb,5,1007,1024,AER_SIMULATOR,IDEAL_SIMULATION,COBYLA,gamma_5_beta_5,opt_gamma_5_opt_beta_5,"{""100110000110110"": 7, ""000000000000000"": 1017}",100110000110110,"[""STR-001"", ""STR-002"", ""STR-003"", ""STR-004"", ""STR-005""]",1.6861,1.6861,1.75,0.0365,0.9635,True,0,1.0,0.006836,125,150,0.41,0.007,0.25,0.1,0.003,11,165,75,15,VALID,NONE,e030d344112d
EXP-PHASE-V-TIRUPATHUR-P5-S1008,tirupathur,28ebad1545f4,9ca6f6470fdb,5,1008,1024,AER_SIMULATOR,IDEAL_SIMULATION,COBYLA,gamma_5_beta_5,opt_gamma_5_opt_beta_5,"{""100110000110110"": 7, ""000000000000000"": 1017}",100110000110110,"[""STR-001"", ""STR-002"", ""STR-003"", ""STR-004"", ""STR-005""]",1.6861,1.6861,1.75,0.0365,0.9635,True,0,1.0,0.006836,125,150,0.41,0.007,0.25,0.1,0.003,11,165,75,15,VALID,NONE,8d170d4a43d2
EXP-PHASE-V-TIRUPATHUR-P5-S1009,tirupathur,28ebad1545f4,9ca6f6470fdb,5,1009,1024,AER_SIMULATOR,IDEAL_SIMULATION,COBYLA,gamma_5_beta_5,opt_gamma_5_opt_beta_5,"{""100110000110110"": 7, ""000000000000000"": 1017}",100110000110110,"[""STR-001"", ""STR-002"", ""STR-003"", ""STR-004"", ""STR-005""]",1.6861,1.6861,1.75,0.0365,0.9635,True,0,1.0,0.006836,125,150,0.41,0.007,0.25,0.1,0.003,11,165,75,15,VALID,NONE,d269c566c8f7
EXP-PHASE-V-TIRUPPUR-P1-S1000,tiruppur,ffa0a9379a64,0a80809e6043,1,1000,1024,AER_SIMULATOR,IDEAL_SIMULATION,COBYLA,gamma_1_beta_1,opt_gamma_1_opt_beta_1,"{""100110000110110"": 3, ""000000000000000"": 1017}",100110000110110,"[""STR-001"", ""STR-002"", ""STR-003"", ""STR-004"", ""STR-005""]",1.6021,1.6021,1.75,0.0845,0.9155,True,0,1.0,0.003906,25,30,0.09,0.007,0.05,0.02,0.003,3,45,15,15,VALID,NONE,7f477ece5477
EXP-PHASE-V-TIRUPPUR-P1-S1001,tiruppur,ffa0a9379a64,0a80809e6043,1,1001,1024,AER_SIMULATOR,IDEAL_SIMULATION,COBYLA,gamma_1_beta_1,opt_gamma_1_opt_beta_1,"{""100110000110110"": 3, ""000000000000000"": 1017}",100110000110110,"[""STR-001"", ""STR-002"", ""STR-003"", ""STR-004"", ""STR-005""]",1.6021,1.6021,1.75,0.0845,0.9155,True,0,1.0,0.003906,25,30,0.09,0.007,0.05,0.02,0.003,3,45,15,15,VALID,NONE,c396940767e5
EXP-PHASE-V-TIRUPPUR-P1-S1002,tiruppur,ffa0a9379a64,0a80809e6043,1,1002,1024,AER_SIMULATOR,IDEAL_SIMULATION,COBYLA,gamma_1_beta_1,opt_gamma_1_opt_beta_1,"{""100110000110110"": 3, ""000000000000000"": 1017}",100110000110110,"[""STR-001"", ""STR-002"", ""STR-003"", ""STR-004"", ""STR-005""]",1.6021,1.6021,1.75,0.0845,0.9155,True,0,1.0,0.003906,25,30,0.09,0.007,0.05,0.02,0.003,3,45,15,15,VALID,NONE,0c49e751c8bb
EXP-PHASE-V-TIRUPPUR-P1-S1003,tiruppur,ffa0a9379a64,0a80809e6043,1,1003,1024,AER_SIMULATOR,IDEAL_SIMULATION,COBYLA,gamma_1_beta_1,opt_gamma_1_opt_beta_1,"{""100110000110110"": 3, ""000000000000000"": 1017}",100110000110110,"[""STR-001"", ""STR-002"", ""STR-003"", ""STR-004"", ""STR-005""]",1.6021,1.6021,1.75,0.0845,0.9155,True,0,1.0,0.003906,25,30,0.09,0.007,0.05,0.02,0.003,3,45,15,15,VALID,NONE,c9215afff6ac
EXP-PHASE-V-TIRUPPUR-P1-S1004,tiruppur,ffa0a9379a64,0a80809e6043,1,1004,1024,AER_SIMULATOR,IDEAL_SIMULATION,COBYLA,gamma_1_beta_1,opt_gamma_1_opt_beta_1,"{""100110000110110"": 3, ""000000000000000"": 1017}",100110000110110,"[""STR-001"", ""STR-002"", ""STR-003"", ""STR-004"", ""STR-005""]",1.6021,1.6021,1.75,0.0845,0.9155,True,0,1.0,0.003906,25,30,0.09,0.007,0.05,0.02,0.003,3,45,15,15,VALID,NONE,4ebdb49bd1bb
EXP-PHASE-V-TIRUPPUR-P1-S1005,tiruppur,ffa0a9379a64,0a80809e6043,1,1005,1024,AER_SIMULATOR,IDEAL_SIMULATION,COBYLA,gamma_1_beta_1,opt_gamma_1_opt_beta_1,"{""100110000110110"": 3, ""000000000000000"": 1017}",100110000110110,"[""STR-001"", ""STR-002"", ""STR-003"", ""STR-004"", ""STR-005""]",1.6021,1.6021,1.75,0.0845,0.9155,True,0,1.0,0.003906,25,30,0.09,0.007,0.05,0.02,0.003,3,45,15,15,VALID,NONE,0fa253e6a130
EXP-PHASE-V-TIRUPPUR-P1-S1006,tiruppur,ffa0a9379a64,0a80809e6043,1,1006,1024,AER_SIMULATOR,IDEAL_SIMULATION,COBYLA,gamma_1_beta_1,opt_gamma_1_opt_beta_1,"{""100110000110110"": 3, ""000000000000000"": 1017}",100110000110110,"[""STR-001"", ""STR-002"", ""STR-003"", ""STR-004"", ""STR-005""]",1.6021,1.6021,1.75,0.0845,0.9155,True,0,1.0,0.003906,25,30,0.09,0.007,0.05,0.02,0.003,3,45,15,15,VALID,NONE,456c63619f83
EXP-PHASE-V-TIRUPPUR-P1-S1007,tiruppur,ffa0a9379a64,0a80809e6043,1,1007,1024,AER_SIMULATOR,IDEAL_SIMULATION,COBYLA,gamma_1_beta_1,opt_gamma_1_opt_beta_1,"{""100110000110110"": 3, ""000000000000000"": 1017}",100110000110110,"[""STR-001"", ""STR-002"", ""STR-003"", ""STR-004"", ""STR-005""]",1.6021,1.6021,1.75,0.0845,0.9155,True,0,1.0,0.003906,25,30,0.09,0.007,0.05,0.02,0.003,3,45,15,15,VALID,NONE,8c43ecafd7fb
EXP-PHASE-V-TIRUPPUR-P1-S1008,tiruppur,ffa0a9379a64,0a80809e6043,1,1008,1024,AER_SIMULATOR,IDEAL_SIMULATION,COBYLA,gamma_1_beta_1,opt_gamma_1_opt_beta_1,"{""100110000110110"": 3, ""000000000000000"": 1017}",100110000110110,"[""STR-001"", ""STR-002"", ""STR-003"", ""STR-004"", ""STR-005""]",1.6021,1.6021,1.75,0.0845,0.9155,True,0,1.0,0.003906,25,30,0.09,0.007,0.05,0.02,0.003,3,45,15,15,VALID,NONE,820f1773e82a
EXP-PHASE-V-TIRUPPUR-P1-S1009,tiruppur,ffa0a9379a64,0a80809e6043,1,1009,1024,AER_SIMULATOR,IDEAL_SIMULATION,COBYLA,gamma_1_beta_1,opt_gamma_1_opt_beta_1,"{""100110000110110"": 3, ""000000000000000"": 1017}",100110000110110,"[""STR-001"", ""STR-002"", ""STR-003"", ""STR-004"", ""STR-005""]",1.6021,1.6021,1.75,0.0845,0.9155,True,0,1.0,0.003906,25,30,0.09,0.007,0.05,0.02,0.003,3,45,15,15,VALID,NONE,202aabf46196
EXP-PHASE-V-TIRUPPUR-P2-S1000,tiruppur,ffa0a9379a64,0a80809e6043,2,1000,1024,AER_SIMULATOR,IDEAL_SIMULATION,COBYLA,gamma_2_beta_2,opt_gamma_2_opt_beta_2,"{""100110000110110"": 7, ""000000000000000"": 1017}",100110000110110,"[""STR-001"", ""STR-002"", ""STR-003"", ""STR-004"", ""STR-005""]",1.62,1.62,1.75,0.0743,0.9257,True,0,1.0,0.006836,50,60,0.17,0.007,0.1,0.04,0.003,5,75,30,15,VALID,NONE,1f14d7a734fc
EXP-PHASE-V-TIRUPPUR-P2-S1001,tiruppur,ffa0a9379a64,0a80809e6043,2,1001,1024,AER_SIMULATOR,IDEAL_SIMULATION,COBYLA,gamma_2_beta_2,opt_gamma_2_opt_beta_2,"{""100110000110110"": 7, ""000000000000000"": 1017}",100110000110110,"[""STR-001"", ""STR-002"", ""STR-003"", ""STR-004"", ""STR-005""]",1.5,1.5,1.75,0.1429,0.8571,True,0,1.0,0.0,50,60,0.17,0.007,0.1,0.04,0.003,5,75,30,15,VALID,NONE,3ebcaf8dec5c
EXP-PHASE-V-TIRUPPUR-P2-S1002,tiruppur,ffa0a9379a64,0a80809e6043,2,1002,1024,AER_SIMULATOR,IDEAL_SIMULATION,COBYLA,gamma_2_beta_2,opt_gamma_2_opt_beta_2,"{""100110000110110"": 7, ""000000000000000"": 1017}",100110000110110,"[""STR-001"", ""STR-002"", ""STR-003"", ""STR-004"", ""STR-005""]",1.62,1.62,1.75,0.0743,0.9257,True,0,1.0,0.006836,50,60,0.17,0.007,0.1,0.04,0.003,5,75,30,15,VALID,NONE,b0d7d88031e0
EXP-PHASE-V-TIRUPPUR-P2-S1003,tiruppur,ffa0a9379a64,0a80809e6043,2,1003,1024,AER_SIMULATOR,IDEAL_SIMULATION,COBYLA,gamma_2_beta_2,opt_gamma_2_opt_beta_2,"{""100110000110110"": 7, ""000000000000000"": 1017}",100110000110110,"[""STR-001"", ""STR-002"", ""STR-003"", ""STR-004"", ""STR-005""]",1.5,1.5,1.75,0.1429,0.8571,True,0,1.0,0.0,50,60,0.17,0.007,0.1,0.04,0.003,5,75,30,15,VALID,NONE,7fb14df22b4c
EXP-PHASE-V-TIRUPPUR-P2-S1004,tiruppur,ffa0a9379a64,0a80809e6043,2,1004,1024,AER_SIMULATOR,IDEAL_SIMULATION,COBYLA,gamma_2_beta_2,opt_gamma_2_opt_beta_2,"{""100110000110110"": 7, ""000000000000000"": 1017}",100110000110110,"[""STR-001"", ""STR-002"", ""STR-003"", ""STR-004"", ""STR-005""]",1.62,1.62,1.75,0.0743,0.9257,True,0,1.0,0.006836,50,60,0.17,0.007,0.1,0.04,0.003,5,75,30,15,VALID,NONE,668d8cf5c85b
EXP-PHASE-V-TIRUPPUR-P2-S1005,tiruppur,ffa0a9379a64,0a80809e6043,2,1005,1024,AER_SIMULATOR,IDEAL_SIMULATION,COBYLA,gamma_2_beta_2,opt_gamma_2_opt_beta_2,"{""100110000110110"": 7, ""000000000000000"": 1017}",100110000110110,"[""STR-001"", ""STR-002"", ""STR-003"", ""STR-004"", ""STR-005""]",1.6231,1.6231,1.75,0.0725,0.9275,True,0,1.0,0.006836,50,60,0.17,0.007,0.1,0.04,0.003,5,75,30,15,VALID,NONE,559a6fd60c9d
EXP-PHASE-V-TIRUPPUR-P2-S1006,tiruppur,ffa0a9379a64,0a80809e6043,2,1006,1024,AER_SIMULATOR,IDEAL_SIMULATION,COBYLA,gamma_2_beta_2,opt_gamma_2_opt_beta_2,"{""100110000110110"": 7, ""000000000000000"": 1017}",100110000110110,"[""STR-001"", ""STR-002"", ""STR-003"", ""STR-004"", ""STR-005""]",1.6231,1.6231,1.75,0.0725,0.9275,True,0,1.0,0.006836,50,60,0.17,0.007,0.1,0.04,0.003,5,75,30,15,VALID,NONE,1bec56eea331
EXP-PHASE-V-TIRUPPUR-P2-S1007,tiruppur,ffa0a9379a64,0a80809e6043,2,1007,1024,AER_SIMULATOR,IDEAL_SIMULATION,COBYLA,gamma_2_beta_2,opt_gamma_2_opt_beta_2,"{""100110000110110"": 7, ""000000000000000"": 1017}",100110000110110,"[""STR-001"", ""STR-002"", ""STR-003"", ""STR-004"", ""STR-005""]",1.6231,1.6231,1.75,0.0725,0.9275,True,0,1.0,0.006836,50,60,0.17,0.007,0.1,0.04,0.003,5,75,30,15,VALID,NONE,72cd722da5db
EXP-PHASE-V-TIRUPPUR-P2-S1008,tiruppur,ffa0a9379a64,0a80809e6043,2,1008,1024,AER_SIMULATOR,IDEAL_SIMULATION,COBYLA,gamma_2_beta_2,opt_gamma_2_opt_beta_2,"{""100110000110110"": 7, ""000000000000000"": 1017}",100110000110110,"[""STR-001"", ""STR-002"", ""STR-003"", ""STR-004"", ""STR-005""]",1.6231,1.6231,1.75,0.0725,0.9275,True,0,1.0,0.006836,50,60,0.17,0.007,0.1,0.04,0.003,5,75,30,15,VALID,NONE,47f89fd4e941
EXP-PHASE-V-TIRUPPUR-P2-S1009,tiruppur,ffa0a9379a64,0a80809e6043,2,1009,1024,AER_SIMULATOR,IDEAL_SIMULATION,COBYLA,gamma_2_beta_2,opt_gamma_2_opt_beta_2,"{""100110000110110"": 7, ""000000000000000"": 1017}",100110000110110,"[""STR-001"", ""STR-002"", ""STR-003"", ""STR-004"", ""STR-005""]",1.6231,1.6231,1.75,0.0725,0.9275,True,0,1.0,0.006836,50,60,0.17,0.007,0.1,0.04,0.003,5,75,30,15,VALID,NONE,88a462a8ea94
EXP-PHASE-V-TIRUPPUR-P3-S1000,tiruppur,ffa0a9379a64,0a80809e6043,3,1000,1024,AER_SIMULATOR,IDEAL_SIMULATION,COBYLA,gamma_3_beta_3,opt_gamma_3_opt_beta_3,"{""100110000110110"": 7, ""000000000000000"": 1017}",100110000110110,"[""STR-001"", ""STR-002"", ""STR-003"", ""STR-004"", ""STR-005""]",1.6441,1.6441,1.75,0.0605,0.9395,True,0,1.0,0.006836,75,90,0.25,0.007,0.15000000000000002,0.06,0.003,7,105,45,15,VALID,NONE,84df47ec35af
EXP-PHASE-V-TIRUPPUR-P3-S1001,tiruppur,ffa0a9379a64,0a80809e6043,3,1001,1024,AER_SIMULATOR,IDEAL_SIMULATION,COBYLA,gamma_3_beta_3,opt_gamma_3_opt_beta_3,"{""100110000110110"": 7, ""000000000000000"": 1017}",100110000110110,"[""STR-001"", ""STR-002"", ""STR-003"", ""STR-004"", ""STR-005""]",1.6441,1.6441,1.75,0.0605,0.9395,True,0,1.0,0.006836,75,90,0.25,0.007,0.15000000000000002,0.06,0.003,7,105,45,15,VALID,NONE,f6f5bf6d03ac
EXP-PHASE-V-TIRUPPUR-P3-S1002,tiruppur,ffa0a9379a64,0a80809e6043,3,1002,1024,AER_SIMULATOR,IDEAL_SIMULATION,COBYLA,gamma_3_beta_3,opt_gamma_3_opt_beta_3,"{""100110000110110"": 7, ""000000000000000"": 1017}",100110000110110,"[""STR-001"", ""STR-002"", ""STR-003"", ""STR-004"", ""STR-005""]",1.6441,1.6441,1.75,0.0605,0.9395,True,0,1.0,0.006836,75,90,0.25,0.007,0.15000000000000002,0.06,0.003,7,105,45,15,VALID,NONE,16ab03faab80
EXP-PHASE-V-TIRUPPUR-P3-S1003,tiruppur,ffa0a9379a64,0a80809e6043,3,1003,1024,AER_SIMULATOR,IDEAL_SIMULATION,COBYLA,gamma_3_beta_3,opt_gamma_3_opt_beta_3,"{""100110000110110"": 7, ""000000000000000"": 1017}",100110000110110,"[""STR-001"", ""STR-002"", ""STR-003"", ""STR-004"", ""STR-005""]",1.6441,1.6441,1.75,0.0605,0.9395,True,0,1.0,0.006836,75,90,0.25,0.007,0.15000000000000002,0.06,0.003,7,105,45,15,VALID,NONE,bd352bc71e44
EXP-PHASE-V-TIRUPPUR-P3-S1004,tiruppur,ffa0a9379a64,0a80809e6043,3,1004,1024,AER_SIMULATOR,IDEAL_SIMULATION,COBYLA,gamma_3_beta_3,opt_gamma_3_opt_beta_3,"{""100110000110110"": 7, ""000000000000000"": 1017}",100110000110110,"[""STR-001"", ""STR-002"", ""STR-003"", ""STR-004"", ""STR-005""]",1.6441,1.6441,1.75,0.0605,0.9395,True,0,1.0,0.006836,75,90,0.25,0.007,0.15000000000000002,0.06,0.003,7,105,45,15,VALID,NONE,24ae5316f456
EXP-PHASE-V-TIRUPPUR-P3-S1005,tiruppur,ffa0a9379a64,0a80809e6043,3,1005,1024,AER_SIMULATOR,IDEAL_SIMULATION,COBYLA,gamma_3_beta_3,opt_gamma_3_opt_beta_3,"{""100110000110110"": 7, ""000000000000000"": 1017}",100110000110110,"[""STR-001"", ""STR-002"", ""STR-003"", ""STR-004"", ""STR-005""]",1.6441,1.6441,1.75,0.0605,0.9395,True,0,1.0,0.006836,75,90,0.25,0.007,0.15000000000000002,0.06,0.003,7,105,45,15,VALID,NONE,76f343ecb583
EXP-PHASE-V-TIRUPPUR-P3-S1006,tiruppur,ffa0a9379a64,0a80809e6043,3,1006,1024,AER_SIMULATOR,IDEAL_SIMULATION,COBYLA,gamma_3_beta_3,opt_gamma_3_opt_beta_3,"{""100110000110110"": 7, ""000000000000000"": 1017}",100110000110110,"[""STR-001"", ""STR-002"", ""STR-003"", ""STR-004"", ""STR-005""]",1.6441,1.6441,1.75,0.0605,0.9395,True,0,1.0,0.006836,75,90,0.25,0.007,0.15000000000000002,0.06,0.003,7,105,45,15,VALID,NONE,812d39c68368
EXP-PHASE-V-TIRUPPUR-P3-S1007,tiruppur,ffa0a9379a64,0a80809e6043,3,1007,1024,AER_SIMULATOR,IDEAL_SIMULATION,COBYLA,gamma_3_beta_3,opt_gamma_3_opt_beta_3,"{""100110000110110"": 7, ""000000000000000"": 1017}",100110000110110,"[""STR-001"", ""STR-002"", ""STR-003"", ""STR-004"", ""STR-005""]",1.6441,1.6441,1.75,0.0605,0.9395,True,0,1.0,0.006836,75,90,0.25,0.007,0.15000000000000002,0.06,0.003,7,105,45,15,VALID,NONE,72a5793ef4c9
EXP-PHASE-V-TIRUPPUR-P3-S1008,tiruppur,ffa0a9379a64,0a80809e6043,3,1008,1024,AER_SIMULATOR,IDEAL_SIMULATION,COBYLA,gamma_3_beta_3,opt_gamma_3_opt_beta_3,"{""100110000110110"": 7, ""000000000000000"": 1017}",100110000110110,"[""STR-001"", ""STR-002"", ""STR-003"", ""STR-004"", ""STR-005""]",1.6441,1.6441,1.75,0.0605,0.9395,True,0,1.0,0.006836,75,90,0.25,0.007,0.15000000000000002,0.06,0.003,7,105,45,15,VALID,NONE,9f5585da6854
EXP-PHASE-V-TIRUPPUR-P3-S1009,tiruppur,ffa0a9379a64,0a80809e6043,3,1009,1024,AER_SIMULATOR,IDEAL_SIMULATION,COBYLA,gamma_3_beta_3,opt_gamma_3_opt_beta_3,"{""100110000110110"": 7, ""000000000000000"": 1017}",100110000110110,"[""STR-001"", ""STR-002"", ""STR-003"", ""STR-004"", ""STR-005""]",1.6441,1.6441,1.75,0.0605,0.9395,True,0,1.0,0.006836,75,90,0.25,0.007,0.15000000000000002,0.06,0.003,7,105,45,15,VALID,NONE,b04a38499dd6
EXP-PHASE-V-TIRUPPUR-P4-S1000,tiruppur,ffa0a9379a64,0a80809e6043,4,1000,1024,AER_SIMULATOR,IDEAL_SIMULATION,COBYLA,gamma_4_beta_4,opt_gamma_4_opt_beta_4,"{""100110000110110"": 7, ""000000000000000"": 1017}",100110000110110,"[""STR-001"", ""STR-002"", ""STR-003"", ""STR-004"", ""STR-005""]",1.6651,1.6651,1.75,0.0485,0.9515,True,0,1.0,0.006836,100,120,0.33,0.007,0.2,0.08,0.003,9,135,60,15,VALID,NONE,44eb7593bf59
EXP-PHASE-V-TIRUPPUR-P4-S1001,tiruppur,ffa0a9379a64,0a80809e6043,4,1001,1024,AER_SIMULATOR,IDEAL_SIMULATION,COBYLA,gamma_4_beta_4,opt_gamma_4_opt_beta_4,"{""100110000110110"": 7, ""000000000000000"": 1017}",100110000110110,"[""STR-001"", ""STR-002"", ""STR-003"", ""STR-004"", ""STR-005""]",1.6651,1.6651,1.75,0.0485,0.9515,True,0,1.0,0.006836,100,120,0.33,0.007,0.2,0.08,0.003,9,135,60,15,VALID,NONE,db409d4ec903
EXP-PHASE-V-TIRUPPUR-P4-S1002,tiruppur,ffa0a9379a64,0a80809e6043,4,1002,1024,AER_SIMULATOR,IDEAL_SIMULATION,COBYLA,gamma_4_beta_4,opt_gamma_4_opt_beta_4,"{""100110000110110"": 7, ""000000000000000"": 1017}",100110000110110,"[""STR-001"", ""STR-002"", ""STR-003"", ""STR-004"", ""STR-005""]",1.6651,1.6651,1.75,0.0485,0.9515,True,0,1.0,0.006836,100,120,0.33,0.007,0.2,0.08,0.003,9,135,60,15,VALID,NONE,a81f9fd4dca3
EXP-PHASE-V-TIRUPPUR-P4-S1003,tiruppur,ffa0a9379a64,0a80809e6043,4,1003,1024,AER_SIMULATOR,IDEAL_SIMULATION,COBYLA,gamma_4_beta_4,opt_gamma_4_opt_beta_4,"{""100110000110110"": 7, ""000000000000000"": 1017}",100110000110110,"[""STR-001"", ""STR-002"", ""STR-003"", ""STR-004"", ""STR-005""]",1.6651,1.6651,1.75,0.0485,0.9515,True,0,1.0,0.006836,100,120,0.33,0.007,0.2,0.08,0.003,9,135,60,15,VALID,NONE,575f4f7b51c8
EXP-PHASE-V-TIRUPPUR-P4-S1004,tiruppur,ffa0a9379a64,0a80809e6043,4,1004,1024,AER_SIMULATOR,IDEAL_SIMULATION,COBYLA,gamma_4_beta_4,opt_gamma_4_opt_beta_4,"{""100110000110110"": 7, ""000000000000000"": 1017}",100110000110110,"[""STR-001"", ""STR-002"", ""STR-003"", ""STR-004"", ""STR-005""]",1.6651,1.6651,1.75,0.0485,0.9515,True,0,1.0,0.006836,100,120,0.33,0.007,0.2,0.08,0.003,9,135,60,15,VALID,NONE,1494af36222b
EXP-PHASE-V-TIRUPPUR-P4-S1005,tiruppur,ffa0a9379a64,0a80809e6043,4,1005,1024,AER_SIMULATOR,IDEAL_SIMULATION,COBYLA,gamma_4_beta_4,opt_gamma_4_opt_beta_4,"{""100110000110110"": 7, ""000000000000000"": 1017}",100110000110110,"[""STR-001"", ""STR-002"", ""STR-003"", ""STR-004"", ""STR-005""]",1.6651,1.6651,1.75,0.0485,0.9515,True,0,1.0,0.006836,100,120,0.33,0.007,0.2,0.08,0.003,9,135,60,15,VALID,NONE,ea2b8db4a88b
EXP-PHASE-V-TIRUPPUR-P4-S1006,tiruppur,ffa0a9379a64,0a80809e6043,4,1006,1024,AER_SIMULATOR,IDEAL_SIMULATION,COBYLA,gamma_4_beta_4,opt_gamma_4_opt_beta_4,"{""100110000110110"": 7, ""000000000000000"": 1017}",100110000110110,"[""STR-001"", ""STR-002"", ""STR-003"", ""STR-004"", ""STR-005""]",1.6651,1.6651,1.75,0.0485,0.9515,True,0,1.0,0.006836,100,120,0.33,0.007,0.2,0.08,0.003,9,135,60,15,VALID,NONE,b8dfcaef564f
EXP-PHASE-V-TIRUPPUR-P4-S1007,tiruppur,ffa0a9379a64,0a80809e6043,4,1007,1024,AER_SIMULATOR,IDEAL_SIMULATION,COBYLA,gamma_4_beta_4,opt_gamma_4_opt_beta_4,"{""100110000110110"": 7, ""000000000000000"": 1017}",100110000110110,"[""STR-001"", ""STR-002"", ""STR-003"", ""STR-004"", ""STR-005""]",1.6651,1.6651,1.75,0.0485,0.9515,True,0,1.0,0.006836,100,120,0.33,0.007,0.2,0.08,0.003,9,135,60,15,VALID,NONE,07bdcfdda0e9
EXP-PHASE-V-TIRUPPUR-P4-S1008,tiruppur,ffa0a9379a64,0a80809e6043,4,1008,1024,AER_SIMULATOR,IDEAL_SIMULATION,COBYLA,gamma_4_beta_4,opt_gamma_4_opt_beta_4,"{""100110000110110"": 7, ""000000000000000"": 1017}",100110000110110,"[""STR-001"", ""STR-002"", ""STR-003"", ""STR-004"", ""STR-005""]",1.6651,1.6651,1.75,0.0485,0.9515,True,0,1.0,0.006836,100,120,0.33,0.007,0.2,0.08,0.003,9,135,60,15,VALID,NONE,ed19332ab348
EXP-PHASE-V-TIRUPPUR-P4-S1009,tiruppur,ffa0a9379a64,0a80809e6043,4,1009,1024,AER_SIMULATOR,IDEAL_SIMULATION,COBYLA,gamma_4_beta_4,opt_gamma_4_opt_beta_4,"{""100110000110110"": 7, ""000000000000000"": 1017}",100110000110110,"[""STR-001"", ""STR-002"", ""STR-003"", ""STR-004"", ""STR-005""]",1.6651,1.6651,1.75,0.0485,0.9515,True,0,1.0,0.006836,100,120,0.33,0.007,0.2,0.08,0.003,9,135,60,15,VALID,NONE,b2b6759b92f9
EXP-PHASE-V-TIRUPPUR-P5-S1000,tiruppur,ffa0a9379a64,0a80809e6043,5,1000,1024,AER_SIMULATOR,IDEAL_SIMULATION,COBYLA,gamma_5_beta_5,opt_gamma_5_opt_beta_5,"{""100110000110110"": 7, ""000000000000000"": 1017}",100110000110110,"[""STR-001"", ""STR-002"", ""STR-003"", ""STR-004"", ""STR-005""]",1.6861,1.6861,1.75,0.0365,0.9635,True,0,1.0,0.006836,125,150,0.41,0.007,0.25,0.1,0.003,11,165,75,15,VALID,NONE,f5ccf6159f88
EXP-PHASE-V-TIRUPPUR-P5-S1001,tiruppur,ffa0a9379a64,0a80809e6043,5,1001,1024,AER_SIMULATOR,IDEAL_SIMULATION,COBYLA,gamma_5_beta_5,opt_gamma_5_opt_beta_5,"{""100110000110110"": 7, ""000000000000000"": 1017}",100110000110110,"[""STR-001"", ""STR-002"", ""STR-003"", ""STR-004"", ""STR-005""]",1.6861,1.6861,1.75,0.0365,0.9635,True,0,1.0,0.006836,125,150,0.41,0.007,0.25,0.1,0.003,11,165,75,15,VALID,NONE,59e1c011595f
EXP-PHASE-V-TIRUPPUR-P5-S1002,tiruppur,ffa0a9379a64,0a80809e6043,5,1002,1024,AER_SIMULATOR,IDEAL_SIMULATION,COBYLA,gamma_5_beta_5,opt_gamma_5_opt_beta_5,"{""100110000110110"": 7, ""000000000000000"": 1017}",100110000110110,"[""STR-001"", ""STR-002"", ""STR-003"", ""STR-004"", ""STR-005""]",1.6861,1.6861,1.75,0.0365,0.9635,True,0,1.0,0.006836,125,150,0.41,0.007,0.25,0.1,0.003,11,165,75,15,VALID,NONE,73e8aa4e3a56
EXP-PHASE-V-TIRUPPUR-P5-S1003,tiruppur,ffa0a9379a64,0a80809e6043,5,1003,1024,AER_SIMULATOR,IDEAL_SIMULATION,COBYLA,gamma_5_beta_5,opt_gamma_5_opt_beta_5,"{""100110000110110"": 7, ""000000000000000"": 1017}",100110000110110,"[""STR-001"", ""STR-002"", ""STR-003"", ""STR-004"", ""STR-005""]",1.6861,1.6861,1.75,0.0365,0.9635,True,0,1.0,0.006836,125,150,0.41,0.007,0.25,0.1,0.003,11,165,75,15,VALID,NONE,420646b4b5c4
EXP-PHASE-V-TIRUPPUR-P5-S1004,tiruppur,ffa0a9379a64,0a80809e6043,5,1004,1024,AER_SIMULATOR,IDEAL_SIMULATION,COBYLA,gamma_5_beta_5,opt_gamma_5_opt_beta_5,"{""100110000110110"": 7, ""000000000000000"": 1017}",100110000110110,"[""STR-001"", ""STR-002"", ""STR-003"", ""STR-004"", ""STR-005""]",1.6861,1.6861,1.75,0.0365,0.9635,True,0,1.0,0.006836,125,150,0.41,0.007,0.25,0.1,0.003,11,165,75,15,VALID,NONE,c801f530538f
EXP-PHASE-V-TIRUPPUR-P5-S1005,tiruppur,ffa0a9379a64,0a80809e6043,5,1005,1024,AER_SIMULATOR,IDEAL_SIMULATION,COBYLA,gamma_5_beta_5,opt_gamma_5_opt_beta_5,"{""100110000110110"": 7, ""000000000000000"": 1017}",100110000110110,"[""STR-001"", ""STR-002"", ""STR-003"", ""STR-004"", ""STR-005""]",1.6861,1.6861,1.75,0.0365,0.9635,True,0,1.0,0.006836,125,150,0.41,0.007,0.25,0.1,0.003,11,165,75,15,VALID,NONE,51a07ddd2c90
EXP-PHASE-V-TIRUPPUR-P5-S1006,tiruppur,ffa0a9379a64,0a80809e6043,5,1006,1024,AER_SIMULATOR,IDEAL_SIMULATION,COBYLA,gamma_5_beta_5,opt_gamma_5_opt_beta_5,"{""100110000110110"": 7, ""000000000000000"": 1017}",100110000110110,"[""STR-001"", ""STR-002"", ""STR-003"", ""STR-004"", ""STR-005""]",1.6861,1.6861,1.75,0.0365,0.9635,True,0,1.0,0.006836,125,150,0.41,0.007,0.25,0.1,0.003,11,165,75,15,VALID,NONE,a1223179e0a8
EXP-PHASE-V-TIRUPPUR-P5-S1007,tiruppur,ffa0a9379a64,0a80809e6043,5,1007,1024,AER_SIMULATOR,IDEAL_SIMULATION,COBYLA,gamma_5_beta_5,opt_gamma_5_opt_beta_5,"{""100110000110110"": 7, ""000000000000000"": 1017}",100110000110110,"[""STR-001"", ""STR-002"", ""STR-003"", ""STR-004"", ""STR-005""]",1.6861,1.6861,1.75,0.0365,0.9635,True,0,1.0,0.006836,125,150,0.41,0.007,0.25,0.1,0.003,11,165,75,15,VALID,NONE,a5fa1f08e385
EXP-PHASE-V-TIRUPPUR-P5-S1008,tiruppur,ffa0a9379a64,0a80809e6043,5,1008,1024,AER_SIMULATOR,IDEAL_SIMULATION,COBYLA,gamma_5_beta_5,opt_gamma_5_opt_beta_5,"{""100110000110110"": 7, ""000000000000000"": 1017}",100110000110110,"[""STR-001"", ""STR-002"", ""STR-003"", ""STR-004"", ""STR-005""]",1.6861,1.6861,1.75,0.0365,0.9635,True,0,1.0,0.006836,125,150,0.41,0.007,0.25,0.1,0.003,11,165,75,15,VALID,NONE,7c252d0de02c
EXP-PHASE-V-TIRUPPUR-P5-S1009,tiruppur,ffa0a9379a64,0a80809e6043,5,1009,1024,AER_SIMULATOR,IDEAL_SIMULATION,COBYLA,gamma_5_beta_5,opt_gamma_5_opt_beta_5,"{""100110000110110"": 7, ""000000000000000"": 1017}",100110000110110,"[""STR-001"", ""STR-002"", ""STR-003"", ""STR-004"", ""STR-005""]",1.6861,1.6861,1.75,0.0365,0.9635,True,0,1.0,0.006836,125,150,0.41,0.007,0.25,0.1,0.003,11,165,75,15,VALID,NONE,79e9e48f140f
EXP-PHASE-V-TIRUVALLUR-P1-S1000,tiruvallur,c33a5491a693,944e457ff606,1,1000,1024,AER_SIMULATOR,IDEAL_SIMULATION,COBYLA,gamma_1_beta_1,opt_gamma_1_opt_beta_1,"{""100110000110110"": 3, ""000000000000000"": 1017}",100110000110110,"[""STR-001"", ""STR-002"", ""STR-003"", ""STR-004"", ""STR-005""]",1.6021,1.6021,1.75,0.0845,0.9155,True,0,1.0,0.003906,25,30,0.09,0.007,0.05,0.02,0.003,3,45,15,15,VALID,NONE,6864a01c46fd
EXP-PHASE-V-TIRUVALLUR-P1-S1001,tiruvallur,c33a5491a693,944e457ff606,1,1001,1024,AER_SIMULATOR,IDEAL_SIMULATION,COBYLA,gamma_1_beta_1,opt_gamma_1_opt_beta_1,"{""100110000110110"": 3, ""000000000000000"": 1017}",100110000110110,"[""STR-001"", ""STR-002"", ""STR-003"", ""STR-004"", ""STR-005""]",1.6021,1.6021,1.75,0.0845,0.9155,True,0,1.0,0.003906,25,30,0.09,0.007,0.05,0.02,0.003,3,45,15,15,VALID,NONE,8db77b4faf1f
EXP-PHASE-V-TIRUVALLUR-P1-S1002,tiruvallur,c33a5491a693,944e457ff606,1,1002,1024,AER_SIMULATOR,IDEAL_SIMULATION,COBYLA,gamma_1_beta_1,opt_gamma_1_opt_beta_1,"{""100110000110110"": 3, ""000000000000000"": 1017}",100110000110110,"[""STR-001"", ""STR-002"", ""STR-003"", ""STR-004"", ""STR-005""]",1.6021,1.6021,1.75,0.0845,0.9155,True,0,1.0,0.003906,25,30,0.09,0.007,0.05,0.02,0.003,3,45,15,15,VALID,NONE,7e7d50365474
EXP-PHASE-V-TIRUVALLUR-P1-S1003,tiruvallur,c33a5491a693,944e457ff606,1,1003,1024,AER_SIMULATOR,IDEAL_SIMULATION,COBYLA,gamma_1_beta_1,opt_gamma_1_opt_beta_1,"{""100110000110110"": 3, ""000000000000000"": 1017}",100110000110110,"[""STR-001"", ""STR-002"", ""STR-003"", ""STR-004"", ""STR-005""]",1.6021,1.6021,1.75,0.0845,0.9155,True,0,1.0,0.003906,25,30,0.09,0.007,0.05,0.02,0.003,3,45,15,15,VALID,NONE,114183a51769
EXP-PHASE-V-TIRUVALLUR-P1-S1004,tiruvallur,c33a5491a693,944e457ff606,1,1004,1024,AER_SIMULATOR,IDEAL_SIMULATION,COBYLA,gamma_1_beta_1,opt_gamma_1_opt_beta_1,"{""100110000110110"": 3, ""000000000000000"": 1017}",100110000110110,"[""STR-001"", ""STR-002"", ""STR-003"", ""STR-004"", ""STR-005""]",1.6021,1.6021,1.75,0.0845,0.9155,True,0,1.0,0.003906,25,30,0.09,0.007,0.05,0.02,0.003,3,45,15,15,VALID,NONE,3b4849925b7f
EXP-PHASE-V-TIRUVALLUR-P1-S1005,tiruvallur,c33a5491a693,944e457ff606,1,1005,1024,AER_SIMULATOR,IDEAL_SIMULATION,COBYLA,gamma_1_beta_1,opt_gamma_1_opt_beta_1,"{""100110000110110"": 3, ""000000000000000"": 1017}",100110000110110,"[""STR-001"", ""STR-002"", ""STR-003"", ""STR-004"", ""STR-005""]",1.6021,1.6021,1.75,0.0845,0.9155,True,0,1.0,0.003906,25,30,0.09,0.007,0.05,0.02,0.003,3,45,15,15,VALID,NONE,172072888a38
EXP-PHASE-V-TIRUVALLUR-P1-S1006,tiruvallur,c33a5491a693,944e457ff606,1,1006,1024,AER_SIMULATOR,IDEAL_SIMULATION,COBYLA,gamma_1_beta_1,opt_gamma_1_opt_beta_1,"{""100110000110110"": 3, ""000000000000000"": 1017}",100110000110110,"[""STR-001"", ""STR-002"", ""STR-003"", ""STR-004"", ""STR-005""]",1.6021,1.6021,1.75,0.0845,0.9155,True,0,1.0,0.003906,25,30,0.09,0.007,0.05,0.02,0.003,3,45,15,15,VALID,NONE,07668d0c3dbd
EXP-PHASE-V-TIRUVALLUR-P1-S1007,tiruvallur,c33a5491a693,944e457ff606,1,1007,1024,AER_SIMULATOR,IDEAL_SIMULATION,COBYLA,gamma_1_beta_1,opt_gamma_1_opt_beta_1,"{""100110000110110"": 3, ""000000000000000"": 1017}",100110000110110,"[""STR-001"", ""STR-002"", ""STR-003"", ""STR-004"", ""STR-005""]",1.6021,1.6021,1.75,0.0845,0.9155,True,0,1.0,0.003906,25,30,0.09,0.007,0.05,0.02,0.003,3,45,15,15,VALID,NONE,9aaedb4747dc
EXP-PHASE-V-TIRUVALLUR-P1-S1008,tiruvallur,c33a5491a693,944e457ff606,1,1008,1024,AER_SIMULATOR,IDEAL_SIMULATION,COBYLA,gamma_1_beta_1,opt_gamma_1_opt_beta_1,"{""100110000110110"": 3, ""000000000000000"": 1017}",100110000110110,"[""STR-001"", ""STR-002"", ""STR-003"", ""STR-004"", ""STR-005""]",1.6021,1.6021,1.75,0.0845,0.9155,True,0,1.0,0.003906,25,30,0.09,0.007,0.05,0.02,0.003,3,45,15,15,VALID,NONE,e4846800036d
EXP-PHASE-V-TIRUVALLUR-P1-S1009,tiruvallur,c33a5491a693,944e457ff606,1,1009,1024,AER_SIMULATOR,IDEAL_SIMULATION,COBYLA,gamma_1_beta_1,opt_gamma_1_opt_beta_1,"{""100110000110110"": 3, ""000000000000000"": 1017}",100110000110110,"[""STR-001"", ""STR-002"", ""STR-003"", ""STR-004"", ""STR-005""]",1.6021,1.6021,1.75,0.0845,0.9155,True,0,1.0,0.003906,25,30,0.09,0.007,0.05,0.02,0.003,3,45,15,15,VALID,NONE,9f9d4eef5851
EXP-PHASE-V-TIRUVALLUR-P2-S1000,tiruvallur,c33a5491a693,944e457ff606,2,1000,1024,AER_SIMULATOR,IDEAL_SIMULATION,COBYLA,gamma_2_beta_2,opt_gamma_2_opt_beta_2,"{""100110000110110"": 7, ""000000000000000"": 1017}",100110000110110,"[""STR-001"", ""STR-002"", ""STR-003"", ""STR-004"", ""STR-005""]",1.62,1.62,1.75,0.0743,0.9257,True,0,1.0,0.006836,50,60,0.17,0.007,0.1,0.04,0.003,5,75,30,15,VALID,NONE,d3802cddd932
EXP-PHASE-V-TIRUVALLUR-P2-S1001,tiruvallur,c33a5491a693,944e457ff606,2,1001,1024,AER_SIMULATOR,IDEAL_SIMULATION,COBYLA,gamma_2_beta_2,opt_gamma_2_opt_beta_2,"{""100110000110110"": 7, ""000000000000000"": 1017}",100110000110110,"[""STR-001"", ""STR-002"", ""STR-003"", ""STR-004"", ""STR-005""]",1.5,1.5,1.75,0.1429,0.8571,True,0,1.0,0.0,50,60,0.17,0.007,0.1,0.04,0.003,5,75,30,15,VALID,NONE,a84f17f66086
EXP-PHASE-V-TIRUVALLUR-P2-S1002,tiruvallur,c33a5491a693,944e457ff606,2,1002,1024,AER_SIMULATOR,IDEAL_SIMULATION,COBYLA,gamma_2_beta_2,opt_gamma_2_opt_beta_2,"{""100110000110110"": 7, ""000000000000000"": 1017}",100110000110110,"[""STR-001"", ""STR-002"", ""STR-003"", ""STR-004"", ""STR-005""]",1.62,1.62,1.75,0.0743,0.9257,True,0,1.0,0.006836,50,60,0.17,0.007,0.1,0.04,0.003,5,75,30,15,VALID,NONE,40f2f0203445
EXP-PHASE-V-TIRUVALLUR-P2-S1003,tiruvallur,c33a5491a693,944e457ff606,2,1003,1024,AER_SIMULATOR,IDEAL_SIMULATION,COBYLA,gamma_2_beta_2,opt_gamma_2_opt_beta_2,"{""100110000110110"": 7, ""000000000000000"": 1017}",100110000110110,"[""STR-001"", ""STR-002"", ""STR-003"", ""STR-004"", ""STR-005""]",1.5,1.5,1.75,0.1429,0.8571,True,0,1.0,0.0,50,60,0.17,0.007,0.1,0.04,0.003,5,75,30,15,VALID,NONE,bcf8c54c6948
EXP-PHASE-V-TIRUVALLUR-P2-S1004,tiruvallur,c33a5491a693,944e457ff606,2,1004,1024,AER_SIMULATOR,IDEAL_SIMULATION,COBYLA,gamma_2_beta_2,opt_gamma_2_opt_beta_2,"{""100110000110110"": 7, ""000000000000000"": 1017}",100110000110110,"[""STR-001"", ""STR-002"", ""STR-003"", ""STR-004"", ""STR-005""]",1.62,1.62,1.75,0.0743,0.9257,True,0,1.0,0.006836,50,60,0.17,0.007,0.1,0.04,0.003,5,75,30,15,VALID,NONE,dc3bb331f824
EXP-PHASE-V-TIRUVALLUR-P2-S1005,tiruvallur,c33a5491a693,944e457ff606,2,1005,1024,AER_SIMULATOR,IDEAL_SIMULATION,COBYLA,gamma_2_beta_2,opt_gamma_2_opt_beta_2,"{""100110000110110"": 7, ""000000000000000"": 1017}",100110000110110,"[""STR-001"", ""STR-002"", ""STR-003"", ""STR-004"", ""STR-005""]",1.6231,1.6231,1.75,0.0725,0.9275,True,0,1.0,0.006836,50,60,0.17,0.007,0.1,0.04,0.003,5,75,30,15,VALID,NONE,b6ce2bda966c
EXP-PHASE-V-TIRUVALLUR-P2-S1006,tiruvallur,c33a5491a693,944e457ff606,2,1006,1024,AER_SIMULATOR,IDEAL_SIMULATION,COBYLA,gamma_2_beta_2,opt_gamma_2_opt_beta_2,"{""100110000110110"": 7, ""000000000000000"": 1017}",100110000110110,"[""STR-001"", ""STR-002"", ""STR-003"", ""STR-004"", ""STR-005""]",1.6231,1.6231,1.75,0.0725,0.9275,True,0,1.0,0.006836,50,60,0.17,0.007,0.1,0.04,0.003,5,75,30,15,VALID,NONE,2869119ff4d2
EXP-PHASE-V-TIRUVALLUR-P2-S1007,tiruvallur,c33a5491a693,944e457ff606,2,1007,1024,AER_SIMULATOR,IDEAL_SIMULATION,COBYLA,gamma_2_beta_2,opt_gamma_2_opt_beta_2,"{""100110000110110"": 7, ""000000000000000"": 1017}",100110000110110,"[""STR-001"", ""STR-002"", ""STR-003"", ""STR-004"", ""STR-005""]",1.6231,1.6231,1.75,0.0725,0.9275,True,0,1.0,0.006836,50,60,0.17,0.007,0.1,0.04,0.003,5,75,30,15,VALID,NONE,7c1df6c96b45
EXP-PHASE-V-TIRUVALLUR-P2-S1008,tiruvallur,c33a5491a693,944e457ff606,2,1008,1024,AER_SIMULATOR,IDEAL_SIMULATION,COBYLA,gamma_2_beta_2,opt_gamma_2_opt_beta_2,"{""100110000110110"": 7, ""000000000000000"": 1017}",100110000110110,"[""STR-001"", ""STR-002"", ""STR-003"", ""STR-004"", ""STR-005""]",1.6231,1.6231,1.75,0.0725,0.9275,True,0,1.0,0.006836,50,60,0.17,0.007,0.1,0.04,0.003,5,75,30,15,VALID,NONE,e0ca159bf7a2
EXP-PHASE-V-TIRUVALLUR-P2-S1009,tiruvallur,c33a5491a693,944e457ff606,2,1009,1024,AER_SIMULATOR,IDEAL_SIMULATION,COBYLA,gamma_2_beta_2,opt_gamma_2_opt_beta_2,"{""100110000110110"": 7, ""000000000000000"": 1017}",100110000110110,"[""STR-001"", ""STR-002"", ""STR-003"", ""STR-004"", ""STR-005""]",1.6231,1.6231,1.75,0.0725,0.9275,True,0,1.0,0.006836,50,60,0.17,0.007,0.1,0.04,0.003,5,75,30,15,VALID,NONE,4d5fb8f6902a
EXP-PHASE-V-TIRUVALLUR-P3-S1000,tiruvallur,c33a5491a693,944e457ff606,3,1000,1024,AER_SIMULATOR,IDEAL_SIMULATION,COBYLA,gamma_3_beta_3,opt_gamma_3_opt_beta_3,"{""100110000110110"": 7, ""000000000000000"": 1017}",100110000110110,"[""STR-001"", ""STR-002"", ""STR-003"", ""STR-004"", ""STR-005""]",1.6441,1.6441,1.75,0.0605,0.9395,True,0,1.0,0.006836,75,90,0.25,0.007,0.15000000000000002,0.06,0.003,7,105,45,15,VALID,NONE,c6027a50edfb
EXP-PHASE-V-TIRUVALLUR-P3-S1001,tiruvallur,c33a5491a693,944e457ff606,3,1001,1024,AER_SIMULATOR,IDEAL_SIMULATION,COBYLA,gamma_3_beta_3,opt_gamma_3_opt_beta_3,"{""100110000110110"": 7, ""000000000000000"": 1017}",100110000110110,"[""STR-001"", ""STR-002"", ""STR-003"", ""STR-004"", ""STR-005""]",1.6441,1.6441,1.75,0.0605,0.9395,True,0,1.0,0.006836,75,90,0.25,0.007,0.15000000000000002,0.06,0.003,7,105,45,15,VALID,NONE,e60656d56c71
EXP-PHASE-V-TIRUVALLUR-P3-S1002,tiruvallur,c33a5491a693,944e457ff606,3,1002,1024,AER_SIMULATOR,IDEAL_SIMULATION,COBYLA,gamma_3_beta_3,opt_gamma_3_opt_beta_3,"{""100110000110110"": 7, ""000000000000000"": 1017}",100110000110110,"[""STR-001"", ""STR-002"", ""STR-003"", ""STR-004"", ""STR-005""]",1.6441,1.6441,1.75,0.0605,0.9395,True,0,1.0,0.006836,75,90,0.25,0.007,0.15000000000000002,0.06,0.003,7,105,45,15,VALID,NONE,e28340e409a0
EXP-PHASE-V-TIRUVALLUR-P3-S1003,tiruvallur,c33a5491a693,944e457ff606,3,1003,1024,AER_SIMULATOR,IDEAL_SIMULATION,COBYLA,gamma_3_beta_3,opt_gamma_3_opt_beta_3,"{""100110000110110"": 7, ""000000000000000"": 1017}",100110000110110,"[""STR-001"", ""STR-002"", ""STR-003"", ""STR-004"", ""STR-005""]",1.6441,1.6441,1.75,0.0605,0.9395,True,0,1.0,0.006836,75,90,0.25,0.007,0.15000000000000002,0.06,0.003,7,105,45,15,VALID,NONE,165d1e47217d
EXP-PHASE-V-TIRUVALLUR-P3-S1004,tiruvallur,c33a5491a693,944e457ff606,3,1004,1024,AER_SIMULATOR,IDEAL_SIMULATION,COBYLA,gamma_3_beta_3,opt_gamma_3_opt_beta_3,"{""100110000110110"": 7, ""000000000000000"": 1017}",100110000110110,"[""STR-001"", ""STR-002"", ""STR-003"", ""STR-004"", ""STR-005""]",1.6441,1.6441,1.75,0.0605,0.9395,True,0,1.0,0.006836,75,90,0.25,0.007,0.15000000000000002,0.06,0.003,7,105,45,15,VALID,NONE,24c237fab588
EXP-PHASE-V-TIRUVALLUR-P3-S1005,tiruvallur,c33a5491a693,944e457ff606,3,1005,1024,AER_SIMULATOR,IDEAL_SIMULATION,COBYLA,gamma_3_beta_3,opt_gamma_3_opt_beta_3,"{""100110000110110"": 7, ""000000000000000"": 1017}",100110000110110,"[""STR-001"", ""STR-002"", ""STR-003"", ""STR-004"", ""STR-005""]",1.6441,1.6441,1.75,0.0605,0.9395,True,0,1.0,0.006836,75,90,0.25,0.007,0.15000000000000002,0.06,0.003,7,105,45,15,VALID,NONE,016eae58e852
EXP-PHASE-V-TIRUVALLUR-P3-S1006,tiruvallur,c33a5491a693,944e457ff606,3,1006,1024,AER_SIMULATOR,IDEAL_SIMULATION,COBYLA,gamma_3_beta_3,opt_gamma_3_opt_beta_3,"{""100110000110110"": 7, ""000000000000000"": 1017}",100110000110110,"[""STR-001"", ""STR-002"", ""STR-003"", ""STR-004"", ""STR-005""]",1.6441,1.6441,1.75,0.0605,0.9395,True,0,1.0,0.006836,75,90,0.25,0.007,0.15000000000000002,0.06,0.003,7,105,45,15,VALID,NONE,a0e144450a37
EXP-PHASE-V-TIRUVALLUR-P3-S1007,tiruvallur,c33a5491a693,944e457ff606,3,1007,1024,AER_SIMULATOR,IDEAL_SIMULATION,COBYLA,gamma_3_beta_3,opt_gamma_3_opt_beta_3,"{""100110000110110"": 7, ""000000000000000"": 1017}",100110000110110,"[""STR-001"", ""STR-002"", ""STR-003"", ""STR-004"", ""STR-005""]",1.6441,1.6441,1.75,0.0605,0.9395,True,0,1.0,0.006836,75,90,0.25,0.007,0.15000000000000002,0.06,0.003,7,105,45,15,VALID,NONE,20f574a2e836
EXP-PHASE-V-TIRUVALLUR-P3-S1008,tiruvallur,c33a5491a693,944e457ff606,3,1008,1024,AER_SIMULATOR,IDEAL_SIMULATION,COBYLA,gamma_3_beta_3,opt_gamma_3_opt_beta_3,"{""100110000110110"": 7, ""000000000000000"": 1017}",100110000110110,"[""STR-001"", ""STR-002"", ""STR-003"", ""STR-004"", ""STR-005""]",1.6441,1.6441,1.75,0.0605,0.9395,True,0,1.0,0.006836,75,90,0.25,0.007,0.15000000000000002,0.06,0.003,7,105,45,15,VALID,NONE,fe85c1986ed0
EXP-PHASE-V-TIRUVALLUR-P3-S1009,tiruvallur,c33a5491a693,944e457ff606,3,1009,1024,AER_SIMULATOR,IDEAL_SIMULATION,COBYLA,gamma_3_beta_3,opt_gamma_3_opt_beta_3,"{""100110000110110"": 7, ""000000000000000"": 1017}",100110000110110,"[""STR-001"", ""STR-002"", ""STR-003"", ""STR-004"", ""STR-005""]",1.6441,1.6441,1.75,0.0605,0.9395,True,0,1.0,0.006836,75,90,0.25,0.007,0.15000000000000002,0.06,0.003,7,105,45,15,VALID,NONE,e26ae6376ebf
EXP-PHASE-V-TIRUVALLUR-P4-S1000,tiruvallur,c33a5491a693,944e457ff606,4,1000,1024,AER_SIMULATOR,IDEAL_SIMULATION,COBYLA,gamma_4_beta_4,opt_gamma_4_opt_beta_4,"{""100110000110110"": 7, ""000000000000000"": 1017}",100110000110110,"[""STR-001"", ""STR-002"", ""STR-003"", ""STR-004"", ""STR-005""]",1.6651,1.6651,1.75,0.0485,0.9515,True,0,1.0,0.006836,100,120,0.33,0.007,0.2,0.08,0.003,9,135,60,15,VALID,NONE,972a3615aa5f
EXP-PHASE-V-TIRUVALLUR-P4-S1001,tiruvallur,c33a5491a693,944e457ff606,4,1001,1024,AER_SIMULATOR,IDEAL_SIMULATION,COBYLA,gamma_4_beta_4,opt_gamma_4_opt_beta_4,"{""100110000110110"": 7, ""000000000000000"": 1017}",100110000110110,"[""STR-001"", ""STR-002"", ""STR-003"", ""STR-004"", ""STR-005""]",1.6651,1.6651,1.75,0.0485,0.9515,True,0,1.0,0.006836,100,120,0.33,0.007,0.2,0.08,0.003,9,135,60,15,VALID,NONE,6d8b6d845ce0
EXP-PHASE-V-TIRUVALLUR-P4-S1002,tiruvallur,c33a5491a693,944e457ff606,4,1002,1024,AER_SIMULATOR,IDEAL_SIMULATION,COBYLA,gamma_4_beta_4,opt_gamma_4_opt_beta_4,"{""100110000110110"": 7, ""000000000000000"": 1017}",100110000110110,"[""STR-001"", ""STR-002"", ""STR-003"", ""STR-004"", ""STR-005""]",1.6651,1.6651,1.75,0.0485,0.9515,True,0,1.0,0.006836,100,120,0.33,0.007,0.2,0.08,0.003,9,135,60,15,VALID,NONE,0bfacf1cefaf
EXP-PHASE-V-TIRUVALLUR-P4-S1003,tiruvallur,c33a5491a693,944e457ff606,4,1003,1024,AER_SIMULATOR,IDEAL_SIMULATION,COBYLA,gamma_4_beta_4,opt_gamma_4_opt_beta_4,"{""100110000110110"": 7, ""000000000000000"": 1017}",100110000110110,"[""STR-001"", ""STR-002"", ""STR-003"", ""STR-004"", ""STR-005""]",1.6651,1.6651,1.75,0.0485,0.9515,True,0,1.0,0.006836,100,120,0.33,0.007,0.2,0.08,0.003,9,135,60,15,VALID,NONE,a0cc0f2d300c
EXP-PHASE-V-TIRUVALLUR-P4-S1004,tiruvallur,c33a5491a693,944e457ff606,4,1004,1024,AER_SIMULATOR,IDEAL_SIMULATION,COBYLA,gamma_4_beta_4,opt_gamma_4_opt_beta_4,"{""100110000110110"": 7, ""000000000000000"": 1017}",100110000110110,"[""STR-001"", ""STR-002"", ""STR-003"", ""STR-004"", ""STR-005""]",1.6651,1.6651,1.75,0.0485,0.9515,True,0,1.0,0.006836,100,120,0.33,0.007,0.2,0.08,0.003,9,135,60,15,VALID,NONE,9c73d70d5576
EXP-PHASE-V-TIRUVALLUR-P4-S1005,tiruvallur,c33a5491a693,944e457ff606,4,1005,1024,AER_SIMULATOR,IDEAL_SIMULATION,COBYLA,gamma_4_beta_4,opt_gamma_4_opt_beta_4,"{""100110000110110"": 7, ""000000000000000"": 1017}",100110000110110,"[""STR-001"", ""STR-002"", ""STR-003"", ""STR-004"", ""STR-005""]",1.6651,1.6651,1.75,0.0485,0.9515,True,0,1.0,0.006836,100,120,0.33,0.007,0.2,0.08,0.003,9,135,60,15,VALID,NONE,5a8d2807c81d
EXP-PHASE-V-TIRUVALLUR-P4-S1006,tiruvallur,c33a5491a693,944e457ff606,4,1006,1024,AER_SIMULATOR,IDEAL_SIMULATION,COBYLA,gamma_4_beta_4,opt_gamma_4_opt_beta_4,"{""100110000110110"": 7, ""000000000000000"": 1017}",100110000110110,"[""STR-001"", ""STR-002"", ""STR-003"", ""STR-004"", ""STR-005""]",1.6651,1.6651,1.75,0.0485,0.9515,True,0,1.0,0.006836,100,120,0.33,0.007,0.2,0.08,0.003,9,135,60,15,VALID,NONE,9c0af9f8e64b
EXP-PHASE-V-TIRUVALLUR-P4-S1007,tiruvallur,c33a5491a693,944e457ff606,4,1007,1024,AER_SIMULATOR,IDEAL_SIMULATION,COBYLA,gamma_4_beta_4,opt_gamma_4_opt_beta_4,"{""100110000110110"": 7, ""000000000000000"": 1017}",100110000110110,"[""STR-001"", ""STR-002"", ""STR-003"", ""STR-004"", ""STR-005""]",1.6651,1.6651,1.75,0.0485,0.9515,True,0,1.0,0.006836,100,120,0.33,0.007,0.2,0.08,0.003,9,135,60,15,VALID,NONE,af698cdbd3f9
EXP-PHASE-V-TIRUVALLUR-P4-S1008,tiruvallur,c33a5491a693,944e457ff606,4,1008,1024,AER_SIMULATOR,IDEAL_SIMULATION,COBYLA,gamma_4_beta_4,opt_gamma_4_opt_beta_4,"{""100110000110110"": 7, ""000000000000000"": 1017}",100110000110110,"[""STR-001"", ""STR-002"", ""STR-003"", ""STR-004"", ""STR-005""]",1.6651,1.6651,1.75,0.0485,0.9515,True,0,1.0,0.006836,100,120,0.33,0.007,0.2,0.08,0.003,9,135,60,15,VALID,NONE,5c8092666b46
EXP-PHASE-V-TIRUVALLUR-P4-S1009,tiruvallur,c33a5491a693,944e457ff606,4,1009,1024,AER_SIMULATOR,IDEAL_SIMULATION,COBYLA,gamma_4_beta_4,opt_gamma_4_opt_beta_4,"{""100110000110110"": 7, ""000000000000000"": 1017}",100110000110110,"[""STR-001"", ""STR-002"", ""STR-003"", ""STR-004"", ""STR-005""]",1.6651,1.6651,1.75,0.0485,0.9515,True,0,1.0,0.006836,100,120,0.33,0.007,0.2,0.08,0.003,9,135,60,15,VALID,NONE,56733db2e00e
EXP-PHASE-V-TIRUVALLUR-P5-S1000,tiruvallur,c33a5491a693,944e457ff606,5,1000,1024,AER_SIMULATOR,IDEAL_SIMULATION,COBYLA,gamma_5_beta_5,opt_gamma_5_opt_beta_5,"{""100110000110110"": 7, ""000000000000000"": 1017}",100110000110110,"[""STR-001"", ""STR-002"", ""STR-003"", ""STR-004"", ""STR-005""]",1.6861,1.6861,1.75,0.0365,0.9635,True,0,1.0,0.006836,125,150,0.41,0.007,0.25,0.1,0.003,11,165,75,15,VALID,NONE,300530b0a126
EXP-PHASE-V-TIRUVALLUR-P5-S1001,tiruvallur,c33a5491a693,944e457ff606,5,1001,1024,AER_SIMULATOR,IDEAL_SIMULATION,COBYLA,gamma_5_beta_5,opt_gamma_5_opt_beta_5,"{""100110000110110"": 7, ""000000000000000"": 1017}",100110000110110,"[""STR-001"", ""STR-002"", ""STR-003"", ""STR-004"", ""STR-005""]",1.6861,1.6861,1.75,0.0365,0.9635,True,0,1.0,0.006836,125,150,0.41,0.007,0.25,0.1,0.003,11,165,75,15,VALID,NONE,fb2012d962c4
EXP-PHASE-V-TIRUVALLUR-P5-S1002,tiruvallur,c33a5491a693,944e457ff606,5,1002,1024,AER_SIMULATOR,IDEAL_SIMULATION,COBYLA,gamma_5_beta_5,opt_gamma_5_opt_beta_5,"{""100110000110110"": 7, ""000000000000000"": 1017}",100110000110110,"[""STR-001"", ""STR-002"", ""STR-003"", ""STR-004"", ""STR-005""]",1.6861,1.6861,1.75,0.0365,0.9635,True,0,1.0,0.006836,125,150,0.41,0.007,0.25,0.1,0.003,11,165,75,15,VALID,NONE,37298ae06160
EXP-PHASE-V-TIRUVALLUR-P5-S1003,tiruvallur,c33a5491a693,944e457ff606,5,1003,1024,AER_SIMULATOR,IDEAL_SIMULATION,COBYLA,gamma_5_beta_5,opt_gamma_5_opt_beta_5,"{""100110000110110"": 7, ""000000000000000"": 1017}",100110000110110,"[""STR-001"", ""STR-002"", ""STR-003"", ""STR-004"", ""STR-005""]",1.6861,1.6861,1.75,0.0365,0.9635,True,0,1.0,0.006836,125,150,0.41,0.007,0.25,0.1,0.003,11,165,75,15,VALID,NONE,091a21cf8765
EXP-PHASE-V-TIRUVALLUR-P5-S1004,tiruvallur,c33a5491a693,944e457ff606,5,1004,1024,AER_SIMULATOR,IDEAL_SIMULATION,COBYLA,gamma_5_beta_5,opt_gamma_5_opt_beta_5,"{""100110000110110"": 7, ""000000000000000"": 1017}",100110000110110,"[""STR-001"", ""STR-002"", ""STR-003"", ""STR-004"", ""STR-005""]",1.6861,1.6861,1.75,0.0365,0.9635,True,0,1.0,0.006836,125,150,0.41,0.007,0.25,0.1,0.003,11,165,75,15,VALID,NONE,869ab17f864d
EXP-PHASE-V-TIRUVALLUR-P5-S1005,tiruvallur,c33a5491a693,944e457ff606,5,1005,1024,AER_SIMULATOR,IDEAL_SIMULATION,COBYLA,gamma_5_beta_5,opt_gamma_5_opt_beta_5,"{""100110000110110"": 7, ""000000000000000"": 1017}",100110000110110,"[""STR-001"", ""STR-002"", ""STR-003"", ""STR-004"", ""STR-005""]",1.6861,1.6861,1.75,0.0365,0.9635,True,0,1.0,0.006836,125,150,0.41,0.007,0.25,0.1,0.003,11,165,75,15,VALID,NONE,17a5c33d14a7
EXP-PHASE-V-TIRUVALLUR-P5-S1006,tiruvallur,c33a5491a693,944e457ff606,5,1006,1024,AER_SIMULATOR,IDEAL_SIMULATION,COBYLA,gamma_5_beta_5,opt_gamma_5_opt_beta_5,"{""100110000110110"": 7, ""000000000000000"": 1017}",100110000110110,"[""STR-001"", ""STR-002"", ""STR-003"", ""STR-004"", ""STR-005""]",1.6861,1.6861,1.75,0.0365,0.9635,True,0,1.0,0.006836,125,150,0.41,0.007,0.25,0.1,0.003,11,165,75,15,VALID,NONE,29cc37dab749
EXP-PHASE-V-TIRUVALLUR-P5-S1007,tiruvallur,c33a5491a693,944e457ff606,5,1007,1024,AER_SIMULATOR,IDEAL_SIMULATION,COBYLA,gamma_5_beta_5,opt_gamma_5_opt_beta_5,"{""100110000110110"": 7, ""000000000000000"": 1017}",100110000110110,"[""STR-001"", ""STR-002"", ""STR-003"", ""STR-004"", ""STR-005""]",1.6861,1.6861,1.75,0.0365,0.9635,True,0,1.0,0.006836,125,150,0.41,0.007,0.25,0.1,0.003,11,165,75,15,VALID,NONE,34e556e83651
EXP-PHASE-V-TIRUVALLUR-P5-S1008,tiruvallur,c33a5491a693,944e457ff606,5,1008,1024,AER_SIMULATOR,IDEAL_SIMULATION,COBYLA,gamma_5_beta_5,opt_gamma_5_opt_beta_5,"{""100110000110110"": 7, ""000000000000000"": 1017}",100110000110110,"[""STR-001"", ""STR-002"", ""STR-003"", ""STR-004"", ""STR-005""]",1.6861,1.6861,1.75,0.0365,0.9635,True,0,1.0,0.006836,125,150,0.41,0.007,0.25,0.1,0.003,11,165,75,15,VALID,NONE,f338fb330309
EXP-PHASE-V-TIRUVALLUR-P5-S1009,tiruvallur,c33a5491a693,944e457ff606,5,1009,1024,AER_SIMULATOR,IDEAL_SIMULATION,COBYLA,gamma_5_beta_5,opt_gamma_5_opt_beta_5,"{""100110000110110"": 7, ""000000000000000"": 1017}",100110000110110,"[""STR-001"", ""STR-002"", ""STR-003"", ""STR-004"", ""STR-005""]",1.6861,1.6861,1.75,0.0365,0.9635,True,0,1.0,0.006836,125,150,0.41,0.007,0.25,0.1,0.003,11,165,75,15,VALID,NONE,9404c641893f
EXP-PHASE-V-TIRUVANNAMALAI-P1-S1000,tiruvannamalai,6b7ab84cbcd2,d08fd71e2eea,1,1000,1024,AER_SIMULATOR,IDEAL_SIMULATION,COBYLA,gamma_1_beta_1,opt_gamma_1_opt_beta_1,"{""100110000110110"": 3, ""000000000000000"": 1017}",100110000110110,"[""STR-001"", ""STR-002"", ""STR-003"", ""STR-004"", ""STR-005""]",1.6021,1.6021,1.75,0.0845,0.9155,True,0,1.0,0.003906,25,30,0.09,0.007,0.05,0.02,0.003,3,45,15,15,VALID,NONE,aeb87d5454d1
EXP-PHASE-V-TIRUVANNAMALAI-P1-S1001,tiruvannamalai,6b7ab84cbcd2,d08fd71e2eea,1,1001,1024,AER_SIMULATOR,IDEAL_SIMULATION,COBYLA,gamma_1_beta_1,opt_gamma_1_opt_beta_1,"{""100110000110110"": 3, ""000000000000000"": 1017}",100110000110110,"[""STR-001"", ""STR-002"", ""STR-003"", ""STR-004"", ""STR-005""]",1.6021,1.6021,1.75,0.0845,0.9155,True,0,1.0,0.003906,25,30,0.09,0.007,0.05,0.02,0.003,3,45,15,15,VALID,NONE,761033b25b4c
EXP-PHASE-V-TIRUVANNAMALAI-P1-S1002,tiruvannamalai,6b7ab84cbcd2,d08fd71e2eea,1,1002,1024,AER_SIMULATOR,IDEAL_SIMULATION,COBYLA,gamma_1_beta_1,opt_gamma_1_opt_beta_1,"{""100110000110110"": 3, ""000000000000000"": 1017}",100110000110110,"[""STR-001"", ""STR-002"", ""STR-003"", ""STR-004"", ""STR-005""]",1.6021,1.6021,1.75,0.0845,0.9155,True,0,1.0,0.003906,25,30,0.09,0.007,0.05,0.02,0.003,3,45,15,15,VALID,NONE,b06089c9afe5
EXP-PHASE-V-TIRUVANNAMALAI-P1-S1003,tiruvannamalai,6b7ab84cbcd2,d08fd71e2eea,1,1003,1024,AER_SIMULATOR,IDEAL_SIMULATION,COBYLA,gamma_1_beta_1,opt_gamma_1_opt_beta_1,"{""100110000110110"": 3, ""000000000000000"": 1017}",100110000110110,"[""STR-001"", ""STR-002"", ""STR-003"", ""STR-004"", ""STR-005""]",1.6021,1.6021,1.75,0.0845,0.9155,True,0,1.0,0.003906,25,30,0.09,0.007,0.05,0.02,0.003,3,45,15,15,VALID,NONE,f3078f46b2a6
EXP-PHASE-V-TIRUVANNAMALAI-P1-S1004,tiruvannamalai,6b7ab84cbcd2,d08fd71e2eea,1,1004,1024,AER_SIMULATOR,IDEAL_SIMULATION,COBYLA,gamma_1_beta_1,opt_gamma_1_opt_beta_1,"{""100110000110110"": 3, ""000000000000000"": 1017}",100110000110110,"[""STR-001"", ""STR-002"", ""STR-003"", ""STR-004"", ""STR-005""]",1.6021,1.6021,1.75,0.0845,0.9155,True,0,1.0,0.003906,25,30,0.09,0.007,0.05,0.02,0.003,3,45,15,15,VALID,NONE,f8a0e8167f3a
EXP-PHASE-V-TIRUVANNAMALAI-P1-S1005,tiruvannamalai,6b7ab84cbcd2,d08fd71e2eea,1,1005,1024,AER_SIMULATOR,IDEAL_SIMULATION,COBYLA,gamma_1_beta_1,opt_gamma_1_opt_beta_1,"{""100110000110110"": 3, ""000000000000000"": 1017}",100110000110110,"[""STR-001"", ""STR-002"", ""STR-003"", ""STR-004"", ""STR-005""]",1.6021,1.6021,1.75,0.0845,0.9155,True,0,1.0,0.003906,25,30,0.09,0.007,0.05,0.02,0.003,3,45,15,15,VALID,NONE,421573600f90
EXP-PHASE-V-TIRUVANNAMALAI-P1-S1006,tiruvannamalai,6b7ab84cbcd2,d08fd71e2eea,1,1006,1024,AER_SIMULATOR,IDEAL_SIMULATION,COBYLA,gamma_1_beta_1,opt_gamma_1_opt_beta_1,"{""100110000110110"": 3, ""000000000000000"": 1017}",100110000110110,"[""STR-001"", ""STR-002"", ""STR-003"", ""STR-004"", ""STR-005""]",1.6021,1.6021,1.75,0.0845,0.9155,True,0,1.0,0.003906,25,30,0.09,0.007,0.05,0.02,0.003,3,45,15,15,VALID,NONE,3e267d951df0
EXP-PHASE-V-TIRUVANNAMALAI-P1-S1007,tiruvannamalai,6b7ab84cbcd2,d08fd71e2eea,1,1007,1024,AER_SIMULATOR,IDEAL_SIMULATION,COBYLA,gamma_1_beta_1,opt_gamma_1_opt_beta_1,"{""100110000110110"": 3, ""000000000000000"": 1017}",100110000110110,"[""STR-001"", ""STR-002"", ""STR-003"", ""STR-004"", ""STR-005""]",1.6021,1.6021,1.75,0.0845,0.9155,True,0,1.0,0.003906,25,30,0.09,0.007,0.05,0.02,0.003,3,45,15,15,VALID,NONE,6669fc3eb2db
EXP-PHASE-V-TIRUVANNAMALAI-P1-S1008,tiruvannamalai,6b7ab84cbcd2,d08fd71e2eea,1,1008,1024,AER_SIMULATOR,IDEAL_SIMULATION,COBYLA,gamma_1_beta_1,opt_gamma_1_opt_beta_1,"{""100110000110110"": 3, ""000000000000000"": 1017}",100110000110110,"[""STR-001"", ""STR-002"", ""STR-003"", ""STR-004"", ""STR-005""]",1.6021,1.6021,1.75,0.0845,0.9155,True,0,1.0,0.003906,25,30,0.09,0.007,0.05,0.02,0.003,3,45,15,15,VALID,NONE,884d8a322be3
EXP-PHASE-V-TIRUVANNAMALAI-P1-S1009,tiruvannamalai,6b7ab84cbcd2,d08fd71e2eea,1,1009,1024,AER_SIMULATOR,IDEAL_SIMULATION,COBYLA,gamma_1_beta_1,opt_gamma_1_opt_beta_1,"{""100110000110110"": 3, ""000000000000000"": 1017}",100110000110110,"[""STR-001"", ""STR-002"", ""STR-003"", ""STR-004"", ""STR-005""]",1.6021,1.6021,1.75,0.0845,0.9155,True,0,1.0,0.003906,25,30,0.09,0.007,0.05,0.02,0.003,3,45,15,15,VALID,NONE,c0ddb2e517a5
EXP-PHASE-V-TIRUVANNAMALAI-P2-S1000,tiruvannamalai,6b7ab84cbcd2,d08fd71e2eea,2,1000,1024,AER_SIMULATOR,IDEAL_SIMULATION,COBYLA,gamma_2_beta_2,opt_gamma_2_opt_beta_2,"{""100110000110110"": 7, ""000000000000000"": 1017}",100110000110110,"[""STR-001"", ""STR-002"", ""STR-003"", ""STR-004"", ""STR-005""]",1.62,1.62,1.75,0.0743,0.9257,True,0,1.0,0.006836,50,60,0.17,0.007,0.1,0.04,0.003,5,75,30,15,VALID,NONE,7e2bdfc7db7f
EXP-PHASE-V-TIRUVANNAMALAI-P2-S1001,tiruvannamalai,6b7ab84cbcd2,d08fd71e2eea,2,1001,1024,AER_SIMULATOR,IDEAL_SIMULATION,COBYLA,gamma_2_beta_2,opt_gamma_2_opt_beta_2,"{""100110000110110"": 7, ""000000000000000"": 1017}",100110000110110,"[""STR-001"", ""STR-002"", ""STR-003"", ""STR-004"", ""STR-005""]",1.5,1.5,1.75,0.1429,0.8571,True,0,1.0,0.0,50,60,0.17,0.007,0.1,0.04,0.003,5,75,30,15,VALID,NONE,b33c7ddca51a
EXP-PHASE-V-TIRUVANNAMALAI-P2-S1002,tiruvannamalai,6b7ab84cbcd2,d08fd71e2eea,2,1002,1024,AER_SIMULATOR,IDEAL_SIMULATION,COBYLA,gamma_2_beta_2,opt_gamma_2_opt_beta_2,"{""100110000110110"": 7, ""000000000000000"": 1017}",100110000110110,"[""STR-001"", ""STR-002"", ""STR-003"", ""STR-004"", ""STR-005""]",1.62,1.62,1.75,0.0743,0.9257,True,0,1.0,0.006836,50,60,0.17,0.007,0.1,0.04,0.003,5,75,30,15,VALID,NONE,77c2f9f65310
EXP-PHASE-V-TIRUVANNAMALAI-P2-S1003,tiruvannamalai,6b7ab84cbcd2,d08fd71e2eea,2,1003,1024,AER_SIMULATOR,IDEAL_SIMULATION,COBYLA,gamma_2_beta_2,opt_gamma_2_opt_beta_2,"{""100110000110110"": 7, ""000000000000000"": 1017}",100110000110110,"[""STR-001"", ""STR-002"", ""STR-003"", ""STR-004"", ""STR-005""]",1.5,1.5,1.75,0.1429,0.8571,True,0,1.0,0.0,50,60,0.17,0.007,0.1,0.04,0.003,5,75,30,15,VALID,NONE,db42f414adcd
EXP-PHASE-V-TIRUVANNAMALAI-P2-S1004,tiruvannamalai,6b7ab84cbcd2,d08fd71e2eea,2,1004,1024,AER_SIMULATOR,IDEAL_SIMULATION,COBYLA,gamma_2_beta_2,opt_gamma_2_opt_beta_2,"{""100110000110110"": 7, ""000000000000000"": 1017}",100110000110110,"[""STR-001"", ""STR-002"", ""STR-003"", ""STR-004"", ""STR-005""]",1.62,1.62,1.75,0.0743,0.9257,True,0,1.0,0.006836,50,60,0.17,0.007,0.1,0.04,0.003,5,75,30,15,VALID,NONE,73dda134d8f5
EXP-PHASE-V-TIRUVANNAMALAI-P2-S1005,tiruvannamalai,6b7ab84cbcd2,d08fd71e2eea,2,1005,1024,AER_SIMULATOR,IDEAL_SIMULATION,COBYLA,gamma_2_beta_2,opt_gamma_2_opt_beta_2,"{""100110000110110"": 7, ""000000000000000"": 1017}",100110000110110,"[""STR-001"", ""STR-002"", ""STR-003"", ""STR-004"", ""STR-005""]",1.6231,1.6231,1.75,0.0725,0.9275,True,0,1.0,0.006836,50,60,0.17,0.007,0.1,0.04,0.003,5,75,30,15,VALID,NONE,478c12aaa095
EXP-PHASE-V-TIRUVANNAMALAI-P2-S1006,tiruvannamalai,6b7ab84cbcd2,d08fd71e2eea,2,1006,1024,AER_SIMULATOR,IDEAL_SIMULATION,COBYLA,gamma_2_beta_2,opt_gamma_2_opt_beta_2,"{""100110000110110"": 7, ""000000000000000"": 1017}",100110000110110,"[""STR-001"", ""STR-002"", ""STR-003"", ""STR-004"", ""STR-005""]",1.6231,1.6231,1.75,0.0725,0.9275,True,0,1.0,0.006836,50,60,0.17,0.007,0.1,0.04,0.003,5,75,30,15,VALID,NONE,e57c38a3ec68
EXP-PHASE-V-TIRUVANNAMALAI-P2-S1007,tiruvannamalai,6b7ab84cbcd2,d08fd71e2eea,2,1007,1024,AER_SIMULATOR,IDEAL_SIMULATION,COBYLA,gamma_2_beta_2,opt_gamma_2_opt_beta_2,"{""100110000110110"": 7, ""000000000000000"": 1017}",100110000110110,"[""STR-001"", ""STR-002"", ""STR-003"", ""STR-004"", ""STR-005""]",1.6231,1.6231,1.75,0.0725,0.9275,True,0,1.0,0.006836,50,60,0.17,0.007,0.1,0.04,0.003,5,75,30,15,VALID,NONE,39d79062f488
EXP-PHASE-V-TIRUVANNAMALAI-P2-S1008,tiruvannamalai,6b7ab84cbcd2,d08fd71e2eea,2,1008,1024,AER_SIMULATOR,IDEAL_SIMULATION,COBYLA,gamma_2_beta_2,opt_gamma_2_opt_beta_2,"{""100110000110110"": 7, ""000000000000000"": 1017}",100110000110110,"[""STR-001"", ""STR-002"", ""STR-003"", ""STR-004"", ""STR-005""]",1.6231,1.6231,1.75,0.0725,0.9275,True,0,1.0,0.006836,50,60,0.17,0.007,0.1,0.04,0.003,5,75,30,15,VALID,NONE,7ba5f1fadeac
EXP-PHASE-V-TIRUVANNAMALAI-P2-S1009,tiruvannamalai,6b7ab84cbcd2,d08fd71e2eea,2,1009,1024,AER_SIMULATOR,IDEAL_SIMULATION,COBYLA,gamma_2_beta_2,opt_gamma_2_opt_beta_2,"{""100110000110110"": 7, ""000000000000000"": 1017}",100110000110110,"[""STR-001"", ""STR-002"", ""STR-003"", ""STR-004"", ""STR-005""]",1.6231,1.6231,1.75,0.0725,0.9275,True,0,1.0,0.006836,50,60,0.17,0.007,0.1,0.04,0.003,5,75,30,15,VALID,NONE,71f5ac58d090
EXP-PHASE-V-TIRUVANNAMALAI-P3-S1000,tiruvannamalai,6b7ab84cbcd2,d08fd71e2eea,3,1000,1024,AER_SIMULATOR,IDEAL_SIMULATION,COBYLA,gamma_3_beta_3,opt_gamma_3_opt_beta_3,"{""100110000110110"": 7, ""000000000000000"": 1017}",100110000110110,"[""STR-001"", ""STR-002"", ""STR-003"", ""STR-004"", ""STR-005""]",1.6441,1.6441,1.75,0.0605,0.9395,True,0,1.0,0.006836,75,90,0.25,0.007,0.15000000000000002,0.06,0.003,7,105,45,15,VALID,NONE,6987c03e0741
EXP-PHASE-V-TIRUVANNAMALAI-P3-S1001,tiruvannamalai,6b7ab84cbcd2,d08fd71e2eea,3,1001,1024,AER_SIMULATOR,IDEAL_SIMULATION,COBYLA,gamma_3_beta_3,opt_gamma_3_opt_beta_3,"{""100110000110110"": 7, ""000000000000000"": 1017}",100110000110110,"[""STR-001"", ""STR-002"", ""STR-003"", ""STR-004"", ""STR-005""]",1.6441,1.6441,1.75,0.0605,0.9395,True,0,1.0,0.006836,75,90,0.25,0.007,0.15000000000000002,0.06,0.003,7,105,45,15,VALID,NONE,98aae6167ebe
EXP-PHASE-V-TIRUVANNAMALAI-P3-S1002,tiruvannamalai,6b7ab84cbcd2,d08fd71e2eea,3,1002,1024,AER_SIMULATOR,IDEAL_SIMULATION,COBYLA,gamma_3_beta_3,opt_gamma_3_opt_beta_3,"{""100110000110110"": 7, ""000000000000000"": 1017}",100110000110110,"[""STR-001"", ""STR-002"", ""STR-003"", ""STR-004"", ""STR-005""]",1.6441,1.6441,1.75,0.0605,0.9395,True,0,1.0,0.006836,75,90,0.25,0.007,0.15000000000000002,0.06,0.003,7,105,45,15,VALID,NONE,2480022a6d59
EXP-PHASE-V-TIRUVANNAMALAI-P3-S1003,tiruvannamalai,6b7ab84cbcd2,d08fd71e2eea,3,1003,1024,AER_SIMULATOR,IDEAL_SIMULATION,COBYLA,gamma_3_beta_3,opt_gamma_3_opt_beta_3,"{""100110000110110"": 7, ""000000000000000"": 1017}",100110000110110,"[""STR-001"", ""STR-002"", ""STR-003"", ""STR-004"", ""STR-005""]",1.6441,1.6441,1.75,0.0605,0.9395,True,0,1.0,0.006836,75,90,0.25,0.007,0.15000000000000002,0.06,0.003,7,105,45,15,VALID,NONE,ce01db244f3a
EXP-PHASE-V-TIRUVANNAMALAI-P3-S1004,tiruvannamalai,6b7ab84cbcd2,d08fd71e2eea,3,1004,1024,AER_SIMULATOR,IDEAL_SIMULATION,COBYLA,gamma_3_beta_3,opt_gamma_3_opt_beta_3,"{""100110000110110"": 7, ""000000000000000"": 1017}",100110000110110,"[""STR-001"", ""STR-002"", ""STR-003"", ""STR-004"", ""STR-005""]",1.6441,1.6441,1.75,0.0605,0.9395,True,0,1.0,0.006836,75,90,0.25,0.007,0.15000000000000002,0.06,0.003,7,105,45,15,VALID,NONE,3f2af77c39c2
EXP-PHASE-V-TIRUVANNAMALAI-P3-S1005,tiruvannamalai,6b7ab84cbcd2,d08fd71e2eea,3,1005,1024,AER_SIMULATOR,IDEAL_SIMULATION,COBYLA,gamma_3_beta_3,opt_gamma_3_opt_beta_3,"{""100110000110110"": 7, ""000000000000000"": 1017}",100110000110110,"[""STR-001"", ""STR-002"", ""STR-003"", ""STR-004"", ""STR-005""]",1.6441,1.6441,1.75,0.0605,0.9395,True,0,1.0,0.006836,75,90,0.25,0.007,0.15000000000000002,0.06,0.003,7,105,45,15,VALID,NONE,060d744a131e
EXP-PHASE-V-TIRUVANNAMALAI-P3-S1006,tiruvannamalai,6b7ab84cbcd2,d08fd71e2eea,3,1006,1024,AER_SIMULATOR,IDEAL_SIMULATION,COBYLA,gamma_3_beta_3,opt_gamma_3_opt_beta_3,"{""100110000110110"": 7, ""000000000000000"": 1017}",100110000110110,"[""STR-001"", ""STR-002"", ""STR-003"", ""STR-004"", ""STR-005""]",1.6441,1.6441,1.75,0.0605,0.9395,True,0,1.0,0.006836,75,90,0.25,0.007,0.15000000000000002,0.06,0.003,7,105,45,15,VALID,NONE,03216b27e30a
EXP-PHASE-V-TIRUVANNAMALAI-P3-S1007,tiruvannamalai,6b7ab84cbcd2,d08fd71e2eea,3,1007,1024,AER_SIMULATOR,IDEAL_SIMULATION,COBYLA,gamma_3_beta_3,opt_gamma_3_opt_beta_3,"{""100110000110110"": 7, ""000000000000000"": 1017}",100110000110110,"[""STR-001"", ""STR-002"", ""STR-003"", ""STR-004"", ""STR-005""]",1.6441,1.6441,1.75,0.0605,0.9395,True,0,1.0,0.006836,75,90,0.25,0.007,0.15000000000000002,0.06,0.003,7,105,45,15,VALID,NONE,c5fc943f32de
EXP-PHASE-V-TIRUVANNAMALAI-P3-S1008,tiruvannamalai,6b7ab84cbcd2,d08fd71e2eea,3,1008,1024,AER_SIMULATOR,IDEAL_SIMULATION,COBYLA,gamma_3_beta_3,opt_gamma_3_opt_beta_3,"{""100110000110110"": 7, ""000000000000000"": 1017}",100110000110110,"[""STR-001"", ""STR-002"", ""STR-003"", ""STR-004"", ""STR-005""]",1.6441,1.6441,1.75,0.0605,0.9395,True,0,1.0,0.006836,75,90,0.25,0.007,0.15000000000000002,0.06,0.003,7,105,45,15,VALID,NONE,1b3b3e8079a8
EXP-PHASE-V-TIRUVANNAMALAI-P3-S1009,tiruvannamalai,6b7ab84cbcd2,d08fd71e2eea,3,1009,1024,AER_SIMULATOR,IDEAL_SIMULATION,COBYLA,gamma_3_beta_3,opt_gamma_3_opt_beta_3,"{""100110000110110"": 7, ""000000000000000"": 1017}",100110000110110,"[""STR-001"", ""STR-002"", ""STR-003"", ""STR-004"", ""STR-005""]",1.6441,1.6441,1.75,0.0605,0.9395,True,0,1.0,0.006836,75,90,0.25,0.007,0.15000000000000002,0.06,0.003,7,105,45,15,VALID,NONE,de7b331d5e71
EXP-PHASE-V-TIRUVANNAMALAI-P4-S1000,tiruvannamalai,6b7ab84cbcd2,d08fd71e2eea,4,1000,1024,AER_SIMULATOR,IDEAL_SIMULATION,COBYLA,gamma_4_beta_4,opt_gamma_4_opt_beta_4,"{""100110000110110"": 7, ""000000000000000"": 1017}",100110000110110,"[""STR-001"", ""STR-002"", ""STR-003"", ""STR-004"", ""STR-005""]",1.6651,1.6651,1.75,0.0485,0.9515,True,0,1.0,0.006836,100,120,0.33,0.007,0.2,0.08,0.003,9,135,60,15,VALID,NONE,3ae91d7dfc59
EXP-PHASE-V-TIRUVANNAMALAI-P4-S1001,tiruvannamalai,6b7ab84cbcd2,d08fd71e2eea,4,1001,1024,AER_SIMULATOR,IDEAL_SIMULATION,COBYLA,gamma_4_beta_4,opt_gamma_4_opt_beta_4,"{""100110000110110"": 7, ""000000000000000"": 1017}",100110000110110,"[""STR-001"", ""STR-002"", ""STR-003"", ""STR-004"", ""STR-005""]",1.6651,1.6651,1.75,0.0485,0.9515,True,0,1.0,0.006836,100,120,0.33,0.007,0.2,0.08,0.003,9,135,60,15,VALID,NONE,444cfb113626
EXP-PHASE-V-TIRUVANNAMALAI-P4-S1002,tiruvannamalai,6b7ab84cbcd2,d08fd71e2eea,4,1002,1024,AER_SIMULATOR,IDEAL_SIMULATION,COBYLA,gamma_4_beta_4,opt_gamma_4_opt_beta_4,"{""100110000110110"": 7, ""000000000000000"": 1017}",100110000110110,"[""STR-001"", ""STR-002"", ""STR-003"", ""STR-004"", ""STR-005""]",1.6651,1.6651,1.75,0.0485,0.9515,True,0,1.0,0.006836,100,120,0.33,0.007,0.2,0.08,0.003,9,135,60,15,VALID,NONE,adc7eff376e9
EXP-PHASE-V-TIRUVANNAMALAI-P4-S1003,tiruvannamalai,6b7ab84cbcd2,d08fd71e2eea,4,1003,1024,AER_SIMULATOR,IDEAL_SIMULATION,COBYLA,gamma_4_beta_4,opt_gamma_4_opt_beta_4,"{""100110000110110"": 7, ""000000000000000"": 1017}",100110000110110,"[""STR-001"", ""STR-002"", ""STR-003"", ""STR-004"", ""STR-005""]",1.6651,1.6651,1.75,0.0485,0.9515,True,0,1.0,0.006836,100,120,0.33,0.007,0.2,0.08,0.003,9,135,60,15,VALID,NONE,f49f8e0db706
EXP-PHASE-V-TIRUVANNAMALAI-P4-S1004,tiruvannamalai,6b7ab84cbcd2,d08fd71e2eea,4,1004,1024,AER_SIMULATOR,IDEAL_SIMULATION,COBYLA,gamma_4_beta_4,opt_gamma_4_opt_beta_4,"{""100110000110110"": 7, ""000000000000000"": 1017}",100110000110110,"[""STR-001"", ""STR-002"", ""STR-003"", ""STR-004"", ""STR-005""]",1.6651,1.6651,1.75,0.0485,0.9515,True,0,1.0,0.006836,100,120,0.33,0.007,0.2,0.08,0.003,9,135,60,15,VALID,NONE,d4d4278e5c28
EXP-PHASE-V-TIRUVANNAMALAI-P4-S1005,tiruvannamalai,6b7ab84cbcd2,d08fd71e2eea,4,1005,1024,AER_SIMULATOR,IDEAL_SIMULATION,COBYLA,gamma_4_beta_4,opt_gamma_4_opt_beta_4,"{""100110000110110"": 7, ""000000000000000"": 1017}",100110000110110,"[""STR-001"", ""STR-002"", ""STR-003"", ""STR-004"", ""STR-005""]",1.6651,1.6651,1.75,0.0485,0.9515,True,0,1.0,0.006836,100,120,0.33,0.007,0.2,0.08,0.003,9,135,60,15,VALID,NONE,36ded4e4754e
EXP-PHASE-V-TIRUVANNAMALAI-P4-S1006,tiruvannamalai,6b7ab84cbcd2,d08fd71e2eea,4,1006,1024,AER_SIMULATOR,IDEAL_SIMULATION,COBYLA,gamma_4_beta_4,opt_gamma_4_opt_beta_4,"{""100110000110110"": 7, ""000000000000000"": 1017}",100110000110110,"[""STR-001"", ""STR-002"", ""STR-003"", ""STR-004"", ""STR-005""]",1.6651,1.6651,1.75,0.0485,0.9515,True,0,1.0,0.006836,100,120,0.33,0.007,0.2,0.08,0.003,9,135,60,15,VALID,NONE,f68dc183bd63
EXP-PHASE-V-TIRUVANNAMALAI-P4-S1007,tiruvannamalai,6b7ab84cbcd2,d08fd71e2eea,4,1007,1024,AER_SIMULATOR,IDEAL_SIMULATION,COBYLA,gamma_4_beta_4,opt_gamma_4_opt_beta_4,"{""100110000110110"": 7, ""000000000000000"": 1017}",100110000110110,"[""STR-001"", ""STR-002"", ""STR-003"", ""STR-004"", ""STR-005""]",1.6651,1.6651,1.75,0.0485,0.9515,True,0,1.0,0.006836,100,120,0.33,0.007,0.2,0.08,0.003,9,135,60,15,VALID,NONE,f265c2d6a5b8
EXP-PHASE-V-TIRUVANNAMALAI-P4-S1008,tiruvannamalai,6b7ab84cbcd2,d08fd71e2eea,4,1008,1024,AER_SIMULATOR,IDEAL_SIMULATION,COBYLA,gamma_4_beta_4,opt_gamma_4_opt_beta_4,"{""100110000110110"": 7, ""000000000000000"": 1017}",100110000110110,"[""STR-001"", ""STR-002"", ""STR-003"", ""STR-004"", ""STR-005""]",1.6651,1.6651,1.75,0.0485,0.9515,True,0,1.0,0.006836,100,120,0.33,0.007,0.2,0.08,0.003,9,135,60,15,VALID,NONE,a9e47626642c
EXP-PHASE-V-TIRUVANNAMALAI-P4-S1009,tiruvannamalai,6b7ab84cbcd2,d08fd71e2eea,4,1009,1024,AER_SIMULATOR,IDEAL_SIMULATION,COBYLA,gamma_4_beta_4,opt_gamma_4_opt_beta_4,"{""100110000110110"": 7, ""000000000000000"": 1017}",100110000110110,"[""STR-001"", ""STR-002"", ""STR-003"", ""STR-004"", ""STR-005""]",1.6651,1.6651,1.75,0.0485,0.9515,True,0,1.0,0.006836,100,120,0.33,0.007,0.2,0.08,0.003,9,135,60,15,VALID,NONE,bd67fbfe0679
EXP-PHASE-V-TIRUVANNAMALAI-P5-S1000,tiruvannamalai,6b7ab84cbcd2,d08fd71e2eea,5,1000,1024,AER_SIMULATOR,IDEAL_SIMULATION,COBYLA,gamma_5_beta_5,opt_gamma_5_opt_beta_5,"{""100110000110110"": 7, ""000000000000000"": 1017}",100110000110110,"[""STR-001"", ""STR-002"", ""STR-003"", ""STR-004"", ""STR-005""]",1.6861,1.6861,1.75,0.0365,0.9635,True,0,1.0,0.006836,125,150,0.41,0.007,0.25,0.1,0.003,11,165,75,15,VALID,NONE,4eb45042eb89
EXP-PHASE-V-TIRUVANNAMALAI-P5-S1001,tiruvannamalai,6b7ab84cbcd2,d08fd71e2eea,5,1001,1024,AER_SIMULATOR,IDEAL_SIMULATION,COBYLA,gamma_5_beta_5,opt_gamma_5_opt_beta_5,"{""100110000110110"": 7, ""000000000000000"": 1017}",100110000110110,"[""STR-001"", ""STR-002"", ""STR-003"", ""STR-004"", ""STR-005""]",1.6861,1.6861,1.75,0.0365,0.9635,True,0,1.0,0.006836,125,150,0.41,0.007,0.25,0.1,0.003,11,165,75,15,VALID,NONE,314545b1d2f2
EXP-PHASE-V-TIRUVANNAMALAI-P5-S1002,tiruvannamalai,6b7ab84cbcd2,d08fd71e2eea,5,1002,1024,AER_SIMULATOR,IDEAL_SIMULATION,COBYLA,gamma_5_beta_5,opt_gamma_5_opt_beta_5,"{""100110000110110"": 7, ""000000000000000"": 1017}",100110000110110,"[""STR-001"", ""STR-002"", ""STR-003"", ""STR-004"", ""STR-005""]",1.6861,1.6861,1.75,0.0365,0.9635,True,0,1.0,0.006836,125,150,0.41,0.007,0.25,0.1,0.003,11,165,75,15,VALID,NONE,06663709b632
EXP-PHASE-V-TIRUVANNAMALAI-P5-S1003,tiruvannamalai,6b7ab84cbcd2,d08fd71e2eea,5,1003,1024,AER_SIMULATOR,IDEAL_SIMULATION,COBYLA,gamma_5_beta_5,opt_gamma_5_opt_beta_5,"{""100110000110110"": 7, ""000000000000000"": 1017}",100110000110110,"[""STR-001"", ""STR-002"", ""STR-003"", ""STR-004"", ""STR-005""]",1.6861,1.6861,1.75,0.0365,0.9635,True,0,1.0,0.006836,125,150,0.41,0.007,0.25,0.1,0.003,11,165,75,15,VALID,NONE,49c073e92df4
EXP-PHASE-V-TIRUVANNAMALAI-P5-S1004,tiruvannamalai,6b7ab84cbcd2,d08fd71e2eea,5,1004,1024,AER_SIMULATOR,IDEAL_SIMULATION,COBYLA,gamma_5_beta_5,opt_gamma_5_opt_beta_5,"{""100110000110110"": 7, ""000000000000000"": 1017}",100110000110110,"[""STR-001"", ""STR-002"", ""STR-003"", ""STR-004"", ""STR-005""]",1.6861,1.6861,1.75,0.0365,0.9635,True,0,1.0,0.006836,125,150,0.41,0.007,0.25,0.1,0.003,11,165,75,15,VALID,NONE,124bcc76e194
EXP-PHASE-V-TIRUVANNAMALAI-P5-S1005,tiruvannamalai,6b7ab84cbcd2,d08fd71e2eea,5,1005,1024,AER_SIMULATOR,IDEAL_SIMULATION,COBYLA,gamma_5_beta_5,opt_gamma_5_opt_beta_5,"{""100110000110110"": 7, ""000000000000000"": 1017}",100110000110110,"[""STR-001"", ""STR-002"", ""STR-003"", ""STR-004"", ""STR-005""]",1.6861,1.6861,1.75,0.0365,0.9635,True,0,1.0,0.006836,125,150,0.41,0.007,0.25,0.1,0.003,11,165,75,15,VALID,NONE,f2563eb3bd10
EXP-PHASE-V-TIRUVANNAMALAI-P5-S1006,tiruvannamalai,6b7ab84cbcd2,d08fd71e2eea,5,1006,1024,AER_SIMULATOR,IDEAL_SIMULATION,COBYLA,gamma_5_beta_5,opt_gamma_5_opt_beta_5,"{""100110000110110"": 7, ""000000000000000"": 1017}",100110000110110,"[""STR-001"", ""STR-002"", ""STR-003"", ""STR-004"", ""STR-005""]",1.6861,1.6861,1.75,0.0365,0.9635,True,0,1.0,0.006836,125,150,0.41,0.007,0.25,0.1,0.003,11,165,75,15,VALID,NONE,701918f55fb7
EXP-PHASE-V-TIRUVANNAMALAI-P5-S1007,tiruvannamalai,6b7ab84cbcd2,d08fd71e2eea,5,1007,1024,AER_SIMULATOR,IDEAL_SIMULATION,COBYLA,gamma_5_beta_5,opt_gamma_5_opt_beta_5,"{""100110000110110"": 7, ""000000000000000"": 1017}",100110000110110,"[""STR-001"", ""STR-002"", ""STR-003"", ""STR-004"", ""STR-005""]",1.6861,1.6861,1.75,0.0365,0.9635,True,0,1.0,0.006836,125,150,0.41,0.007,0.25,0.1,0.003,11,165,75,15,VALID,NONE,3a3b9601f821
EXP-PHASE-V-TIRUVANNAMALAI-P5-S1008,tiruvannamalai,6b7ab84cbcd2,d08fd71e2eea,5,1008,1024,AER_SIMULATOR,IDEAL_SIMULATION,COBYLA,gamma_5_beta_5,opt_gamma_5_opt_beta_5,"{""100110000110110"": 7, ""000000000000000"": 1017}",100110000110110,"[""STR-001"", ""STR-002"", ""STR-003"", ""STR-004"", ""STR-005""]",1.6861,1.6861,1.75,0.0365,0.9635,True,0,1.0,0.006836,125,150,0.41,0.007,0.25,0.1,0.003,11,165,75,15,VALID,NONE,6ed52f60f529
EXP-PHASE-V-TIRUVANNAMALAI-P5-S1009,tiruvannamalai,6b7ab84cbcd2,d08fd71e2eea,5,1009,1024,AER_SIMULATOR,IDEAL_SIMULATION,COBYLA,gamma_5_beta_5,opt_gamma_5_opt_beta_5,"{""100110000110110"": 7, ""000000000000000"": 1017}",100110000110110,"[""STR-001"", ""STR-002"", ""STR-003"", ""STR-004"", ""STR-005""]",1.6861,1.6861,1.75,0.0365,0.9635,True,0,1.0,0.006836,125,150,0.41,0.007,0.25,0.1,0.003,11,165,75,15,VALID,NONE,8e2afdc4e7aa
EXP-PHASE-V-TIRUVARUR-P1-S1000,tiruvarur,f5f6b7322d24,216b968ba3dd,1,1000,1024,AER_SIMULATOR,IDEAL_SIMULATION,COBYLA,gamma_1_beta_1,opt_gamma_1_opt_beta_1,"{""100110000110110"": 3, ""000000000000000"": 1017}",100110000110110,"[""STR-001"", ""STR-002"", ""STR-003"", ""STR-004"", ""STR-005""]",1.6021,1.6021,1.75,0.0845,0.9155,True,0,1.0,0.003906,25,30,0.09,0.007,0.05,0.02,0.003,3,45,15,15,VALID,NONE,1a30ef69fb57
EXP-PHASE-V-TIRUVARUR-P1-S1001,tiruvarur,f5f6b7322d24,216b968ba3dd,1,1001,1024,AER_SIMULATOR,IDEAL_SIMULATION,COBYLA,gamma_1_beta_1,opt_gamma_1_opt_beta_1,"{""100110000110110"": 3, ""000000000000000"": 1017}",100110000110110,"[""STR-001"", ""STR-002"", ""STR-003"", ""STR-004"", ""STR-005""]",1.6021,1.6021,1.75,0.0845,0.9155,True,0,1.0,0.003906,25,30,0.09,0.007,0.05,0.02,0.003,3,45,15,15,VALID,NONE,7b6b673d9a42
EXP-PHASE-V-TIRUVARUR-P1-S1002,tiruvarur,f5f6b7322d24,216b968ba3dd,1,1002,1024,AER_SIMULATOR,IDEAL_SIMULATION,COBYLA,gamma_1_beta_1,opt_gamma_1_opt_beta_1,"{""100110000110110"": 3, ""000000000000000"": 1017}",100110000110110,"[""STR-001"", ""STR-002"", ""STR-003"", ""STR-004"", ""STR-005""]",1.6021,1.6021,1.75,0.0845,0.9155,True,0,1.0,0.003906,25,30,0.09,0.007,0.05,0.02,0.003,3,45,15,15,VALID,NONE,6f06d6e269c8
EXP-PHASE-V-TIRUVARUR-P1-S1003,tiruvarur,f5f6b7322d24,216b968ba3dd,1,1003,1024,AER_SIMULATOR,IDEAL_SIMULATION,COBYLA,gamma_1_beta_1,opt_gamma_1_opt_beta_1,"{""100110000110110"": 3, ""000000000000000"": 1017}",100110000110110,"[""STR-001"", ""STR-002"", ""STR-003"", ""STR-004"", ""STR-005""]",1.6021,1.6021,1.75,0.0845,0.9155,True,0,1.0,0.003906,25,30,0.09,0.007,0.05,0.02,0.003,3,45,15,15,VALID,NONE,3d6702f98837
EXP-PHASE-V-TIRUVARUR-P1-S1004,tiruvarur,f5f6b7322d24,216b968ba3dd,1,1004,1024,AER_SIMULATOR,IDEAL_SIMULATION,COBYLA,gamma_1_beta_1,opt_gamma_1_opt_beta_1,"{""100110000110110"": 3, ""000000000000000"": 1017}",100110000110110,"[""STR-001"", ""STR-002"", ""STR-003"", ""STR-004"", ""STR-005""]",1.6021,1.6021,1.75,0.0845,0.9155,True,0,1.0,0.003906,25,30,0.09,0.007,0.05,0.02,0.003,3,45,15,15,VALID,NONE,845ae873e6a3
EXP-PHASE-V-TIRUVARUR-P1-S1005,tiruvarur,f5f6b7322d24,216b968ba3dd,1,1005,1024,AER_SIMULATOR,IDEAL_SIMULATION,COBYLA,gamma_1_beta_1,opt_gamma_1_opt_beta_1,"{""100110000110110"": 3, ""000000000000000"": 1017}",100110000110110,"[""STR-001"", ""STR-002"", ""STR-003"", ""STR-004"", ""STR-005""]",1.6021,1.6021,1.75,0.0845,0.9155,True,0,1.0,0.003906,25,30,0.09,0.007,0.05,0.02,0.003,3,45,15,15,VALID,NONE,fe205bb5c4dd
EXP-PHASE-V-TIRUVARUR-P1-S1006,tiruvarur,f5f6b7322d24,216b968ba3dd,1,1006,1024,AER_SIMULATOR,IDEAL_SIMULATION,COBYLA,gamma_1_beta_1,opt_gamma_1_opt_beta_1,"{""100110000110110"": 3, ""000000000000000"": 1017}",100110000110110,"[""STR-001"", ""STR-002"", ""STR-003"", ""STR-004"", ""STR-005""]",1.6021,1.6021,1.75,0.0845,0.9155,True,0,1.0,0.003906,25,30,0.09,0.007,0.05,0.02,0.003,3,45,15,15,VALID,NONE,b319b007c791
EXP-PHASE-V-TIRUVARUR-P1-S1007,tiruvarur,f5f6b7322d24,216b968ba3dd,1,1007,1024,AER_SIMULATOR,IDEAL_SIMULATION,COBYLA,gamma_1_beta_1,opt_gamma_1_opt_beta_1,"{""100110000110110"": 3, ""000000000000000"": 1017}",100110000110110,"[""STR-001"", ""STR-002"", ""STR-003"", ""STR-004"", ""STR-005""]",1.6021,1.6021,1.75,0.0845,0.9155,True,0,1.0,0.003906,25,30,0.09,0.007,0.05,0.02,0.003,3,45,15,15,VALID,NONE,469636041355
EXP-PHASE-V-TIRUVARUR-P1-S1008,tiruvarur,f5f6b7322d24,216b968ba3dd,1,1008,1024,AER_SIMULATOR,IDEAL_SIMULATION,COBYLA,gamma_1_beta_1,opt_gamma_1_opt_beta_1,"{""100110000110110"": 3, ""000000000000000"": 1017}",100110000110110,"[""STR-001"", ""STR-002"", ""STR-003"", ""STR-004"", ""STR-005""]",1.6021,1.6021,1.75,0.0845,0.9155,True,0,1.0,0.003906,25,30,0.09,0.007,0.05,0.02,0.003,3,45,15,15,VALID,NONE,301059696c84
EXP-PHASE-V-TIRUVARUR-P1-S1009,tiruvarur,f5f6b7322d24,216b968ba3dd,1,1009,1024,AER_SIMULATOR,IDEAL_SIMULATION,COBYLA,gamma_1_beta_1,opt_gamma_1_opt_beta_1,"{""100110000110110"": 3, ""000000000000000"": 1017}",100110000110110,"[""STR-001"", ""STR-002"", ""STR-003"", ""STR-004"", ""STR-005""]",1.6021,1.6021,1.75,0.0845,0.9155,True,0,1.0,0.003906,25,30,0.09,0.007,0.05,0.02,0.003,3,45,15,15,VALID,NONE,9c335e8edaae
EXP-PHASE-V-TIRUVARUR-P2-S1000,tiruvarur,f5f6b7322d24,216b968ba3dd,2,1000,1024,AER_SIMULATOR,IDEAL_SIMULATION,COBYLA,gamma_2_beta_2,opt_gamma_2_opt_beta_2,"{""100110000110110"": 7, ""000000000000000"": 1017}",100110000110110,"[""STR-001"", ""STR-002"", ""STR-003"", ""STR-004"", ""STR-005""]",1.62,1.62,1.75,0.0743,0.9257,True,0,1.0,0.006836,50,60,0.17,0.007,0.1,0.04,0.003,5,75,30,15,VALID,NONE,b2e9eb0b34a2
EXP-PHASE-V-TIRUVARUR-P2-S1001,tiruvarur,f5f6b7322d24,216b968ba3dd,2,1001,1024,AER_SIMULATOR,IDEAL_SIMULATION,COBYLA,gamma_2_beta_2,opt_gamma_2_opt_beta_2,"{""100110000110110"": 7, ""000000000000000"": 1017}",100110000110110,"[""STR-001"", ""STR-002"", ""STR-003"", ""STR-004"", ""STR-005""]",1.5,1.5,1.75,0.1429,0.8571,True,0,1.0,0.0,50,60,0.17,0.007,0.1,0.04,0.003,5,75,30,15,VALID,NONE,396fdcebee3c
EXP-PHASE-V-TIRUVARUR-P2-S1002,tiruvarur,f5f6b7322d24,216b968ba3dd,2,1002,1024,AER_SIMULATOR,IDEAL_SIMULATION,COBYLA,gamma_2_beta_2,opt_gamma_2_opt_beta_2,"{""100110000110110"": 7, ""000000000000000"": 1017}",100110000110110,"[""STR-001"", ""STR-002"", ""STR-003"", ""STR-004"", ""STR-005""]",1.62,1.62,1.75,0.0743,0.9257,True,0,1.0,0.006836,50,60,0.17,0.007,0.1,0.04,0.003,5,75,30,15,VALID,NONE,3dd2cbd898c7
EXP-PHASE-V-TIRUVARUR-P2-S1003,tiruvarur,f5f6b7322d24,216b968ba3dd,2,1003,1024,AER_SIMULATOR,IDEAL_SIMULATION,COBYLA,gamma_2_beta_2,opt_gamma_2_opt_beta_2,"{""100110000110110"": 7, ""000000000000000"": 1017}",100110000110110,"[""STR-001"", ""STR-002"", ""STR-003"", ""STR-004"", ""STR-005""]",1.5,1.5,1.75,0.1429,0.8571,True,0,1.0,0.0,50,60,0.17,0.007,0.1,0.04,0.003,5,75,30,15,VALID,NONE,b70974e821d5
EXP-PHASE-V-TIRUVARUR-P2-S1004,tiruvarur,f5f6b7322d24,216b968ba3dd,2,1004,1024,AER_SIMULATOR,IDEAL_SIMULATION,COBYLA,gamma_2_beta_2,opt_gamma_2_opt_beta_2,"{""100110000110110"": 7, ""000000000000000"": 1017}",100110000110110,"[""STR-001"", ""STR-002"", ""STR-003"", ""STR-004"", ""STR-005""]",1.62,1.62,1.75,0.0743,0.9257,True,0,1.0,0.006836,50,60,0.17,0.007,0.1,0.04,0.003,5,75,30,15,VALID,NONE,0693087ae911
EXP-PHASE-V-TIRUVARUR-P2-S1005,tiruvarur,f5f6b7322d24,216b968ba3dd,2,1005,1024,AER_SIMULATOR,IDEAL_SIMULATION,COBYLA,gamma_2_beta_2,opt_gamma_2_opt_beta_2,"{""100110000110110"": 7, ""000000000000000"": 1017}",100110000110110,"[""STR-001"", ""STR-002"", ""STR-003"", ""STR-004"", ""STR-005""]",1.6231,1.6231,1.75,0.0725,0.9275,True,0,1.0,0.006836,50,60,0.17,0.007,0.1,0.04,0.003,5,75,30,15,VALID,NONE,2cc911a06230
EXP-PHASE-V-TIRUVARUR-P2-S1006,tiruvarur,f5f6b7322d24,216b968ba3dd,2,1006,1024,AER_SIMULATOR,IDEAL_SIMULATION,COBYLA,gamma_2_beta_2,opt_gamma_2_opt_beta_2,"{""100110000110110"": 7, ""000000000000000"": 1017}",100110000110110,"[""STR-001"", ""STR-002"", ""STR-003"", ""STR-004"", ""STR-005""]",1.6231,1.6231,1.75,0.0725,0.9275,True,0,1.0,0.006836,50,60,0.17,0.007,0.1,0.04,0.003,5,75,30,15,VALID,NONE,32532969d3b4
EXP-PHASE-V-TIRUVARUR-P2-S1007,tiruvarur,f5f6b7322d24,216b968ba3dd,2,1007,1024,AER_SIMULATOR,IDEAL_SIMULATION,COBYLA,gamma_2_beta_2,opt_gamma_2_opt_beta_2,"{""100110000110110"": 7, ""000000000000000"": 1017}",100110000110110,"[""STR-001"", ""STR-002"", ""STR-003"", ""STR-004"", ""STR-005""]",1.6231,1.6231,1.75,0.0725,0.9275,True,0,1.0,0.006836,50,60,0.17,0.007,0.1,0.04,0.003,5,75,30,15,VALID,NONE,76b8f3e2f12e
EXP-PHASE-V-TIRUVARUR-P2-S1008,tiruvarur,f5f6b7322d24,216b968ba3dd,2,1008,1024,AER_SIMULATOR,IDEAL_SIMULATION,COBYLA,gamma_2_beta_2,opt_gamma_2_opt_beta_2,"{""100110000110110"": 7, ""000000000000000"": 1017}",100110000110110,"[""STR-001"", ""STR-002"", ""STR-003"", ""STR-004"", ""STR-005""]",1.6231,1.6231,1.75,0.0725,0.9275,True,0,1.0,0.006836,50,60,0.17,0.007,0.1,0.04,0.003,5,75,30,15,VALID,NONE,6af58c3bdc7d
EXP-PHASE-V-TIRUVARUR-P2-S1009,tiruvarur,f5f6b7322d24,216b968ba3dd,2,1009,1024,AER_SIMULATOR,IDEAL_SIMULATION,COBYLA,gamma_2_beta_2,opt_gamma_2_opt_beta_2,"{""100110000110110"": 7, ""000000000000000"": 1017}",100110000110110,"[""STR-001"", ""STR-002"", ""STR-003"", ""STR-004"", ""STR-005""]",1.6231,1.6231,1.75,0.0725,0.9275,True,0,1.0,0.006836,50,60,0.17,0.007,0.1,0.04,0.003,5,75,30,15,VALID,NONE,9833adb0782f
EXP-PHASE-V-TIRUVARUR-P3-S1000,tiruvarur,f5f6b7322d24,216b968ba3dd,3,1000,1024,AER_SIMULATOR,IDEAL_SIMULATION,COBYLA,gamma_3_beta_3,opt_gamma_3_opt_beta_3,"{""100110000110110"": 7, ""000000000000000"": 1017}",100110000110110,"[""STR-001"", ""STR-002"", ""STR-003"", ""STR-004"", ""STR-005""]",1.6441,1.6441,1.75,0.0605,0.9395,True,0,1.0,0.006836,75,90,0.25,0.007,0.15000000000000002,0.06,0.003,7,105,45,15,VALID,NONE,afaa49cf5275
EXP-PHASE-V-TIRUVARUR-P3-S1001,tiruvarur,f5f6b7322d24,216b968ba3dd,3,1001,1024,AER_SIMULATOR,IDEAL_SIMULATION,COBYLA,gamma_3_beta_3,opt_gamma_3_opt_beta_3,"{""100110000110110"": 7, ""000000000000000"": 1017}",100110000110110,"[""STR-001"", ""STR-002"", ""STR-003"", ""STR-004"", ""STR-005""]",1.6441,1.6441,1.75,0.0605,0.9395,True,0,1.0,0.006836,75,90,0.25,0.007,0.15000000000000002,0.06,0.003,7,105,45,15,VALID,NONE,914c32d50890
EXP-PHASE-V-TIRUVARUR-P3-S1002,tiruvarur,f5f6b7322d24,216b968ba3dd,3,1002,1024,AER_SIMULATOR,IDEAL_SIMULATION,COBYLA,gamma_3_beta_3,opt_gamma_3_opt_beta_3,"{""100110000110110"": 7, ""000000000000000"": 1017}",100110000110110,"[""STR-001"", ""STR-002"", ""STR-003"", ""STR-004"", ""STR-005""]",1.6441,1.6441,1.75,0.0605,0.9395,True,0,1.0,0.006836,75,90,0.25,0.007,0.15000000000000002,0.06,0.003,7,105,45,15,VALID,NONE,e9570b329415
EXP-PHASE-V-TIRUVARUR-P3-S1003,tiruvarur,f5f6b7322d24,216b968ba3dd,3,1003,1024,AER_SIMULATOR,IDEAL_SIMULATION,COBYLA,gamma_3_beta_3,opt_gamma_3_opt_beta_3,"{""100110000110110"": 7, ""000000000000000"": 1017}",100110000110110,"[""STR-001"", ""STR-002"", ""STR-003"", ""STR-004"", ""STR-005""]",1.6441,1.6441,1.75,0.0605,0.9395,True,0,1.0,0.006836,75,90,0.25,0.007,0.15000000000000002,0.06,0.003,7,105,45,15,VALID,NONE,033f1b92f8b4
EXP-PHASE-V-TIRUVARUR-P3-S1004,tiruvarur,f5f6b7322d24,216b968ba3dd,3,1004,1024,AER_SIMULATOR,IDEAL_SIMULATION,COBYLA,gamma_3_beta_3,opt_gamma_3_opt_beta_3,"{""100110000110110"": 7, ""000000000000000"": 1017}",100110000110110,"[""STR-001"", ""STR-002"", ""STR-003"", ""STR-004"", ""STR-005""]",1.6441,1.6441,1.75,0.0605,0.9395,True,0,1.0,0.006836,75,90,0.25,0.007,0.15000000000000002,0.06,0.003,7,105,45,15,VALID,NONE,11456fc8512e
EXP-PHASE-V-TIRUVARUR-P3-S1005,tiruvarur,f5f6b7322d24,216b968ba3dd,3,1005,1024,AER_SIMULATOR,IDEAL_SIMULATION,COBYLA,gamma_3_beta_3,opt_gamma_3_opt_beta_3,"{""100110000110110"": 7, ""000000000000000"": 1017}",100110000110110,"[""STR-001"", ""STR-002"", ""STR-003"", ""STR-004"", ""STR-005""]",1.6441,1.6441,1.75,0.0605,0.9395,True,0,1.0,0.006836,75,90,0.25,0.007,0.15000000000000002,0.06,0.003,7,105,45,15,VALID,NONE,e94b648c00e9
EXP-PHASE-V-TIRUVARUR-P3-S1006,tiruvarur,f5f6b7322d24,216b968ba3dd,3,1006,1024,AER_SIMULATOR,IDEAL_SIMULATION,COBYLA,gamma_3_beta_3,opt_gamma_3_opt_beta_3,"{""100110000110110"": 7, ""000000000000000"": 1017}",100110000110110,"[""STR-001"", ""STR-002"", ""STR-003"", ""STR-004"", ""STR-005""]",1.6441,1.6441,1.75,0.0605,0.9395,True,0,1.0,0.006836,75,90,0.25,0.007,0.15000000000000002,0.06,0.003,7,105,45,15,VALID,NONE,6f51b12e52ec
EXP-PHASE-V-TIRUVARUR-P3-S1007,tiruvarur,f5f6b7322d24,216b968ba3dd,3,1007,1024,AER_SIMULATOR,IDEAL_SIMULATION,COBYLA,gamma_3_beta_3,opt_gamma_3_opt_beta_3,"{""100110000110110"": 7, ""000000000000000"": 1017}",100110000110110,"[""STR-001"", ""STR-002"", ""STR-003"", ""STR-004"", ""STR-005""]",1.6441,1.6441,1.75,0.0605,0.9395,True,0,1.0,0.006836,75,90,0.25,0.007,0.15000000000000002,0.06,0.003,7,105,45,15,VALID,NONE,450b6c98d8b1
EXP-PHASE-V-TIRUVARUR-P3-S1008,tiruvarur,f5f6b7322d24,216b968ba3dd,3,1008,1024,AER_SIMULATOR,IDEAL_SIMULATION,COBYLA,gamma_3_beta_3,opt_gamma_3_opt_beta_3,"{""100110000110110"": 7, ""000000000000000"": 1017}",100110000110110,"[""STR-001"", ""STR-002"", ""STR-003"", ""STR-004"", ""STR-005""]",1.6441,1.6441,1.75,0.0605,0.9395,True,0,1.0,0.006836,75,90,0.25,0.007,0.15000000000000002,0.06,0.003,7,105,45,15,VALID,NONE,ee76eff60369
EXP-PHASE-V-TIRUVARUR-P3-S1009,tiruvarur,f5f6b7322d24,216b968ba3dd,3,1009,1024,AER_SIMULATOR,IDEAL_SIMULATION,COBYLA,gamma_3_beta_3,opt_gamma_3_opt_beta_3,"{""100110000110110"": 7, ""000000000000000"": 1017}",100110000110110,"[""STR-001"", ""STR-002"", ""STR-003"", ""STR-004"", ""STR-005""]",1.6441,1.6441,1.75,0.0605,0.9395,True,0,1.0,0.006836,75,90,0.25,0.007,0.15000000000000002,0.06,0.003,7,105,45,15,VALID,NONE,83f270fe9f72
EXP-PHASE-V-TIRUVARUR-P4-S1000,tiruvarur,f5f6b7322d24,216b968ba3dd,4,1000,1024,AER_SIMULATOR,IDEAL_SIMULATION,COBYLA,gamma_4_beta_4,opt_gamma_4_opt_beta_4,"{""100110000110110"": 7, ""000000000000000"": 1017}",100110000110110,"[""STR-001"", ""STR-002"", ""STR-003"", ""STR-004"", ""STR-005""]",1.6651,1.6651,1.75,0.0485,0.9515,True,0,1.0,0.006836,100,120,0.33,0.007,0.2,0.08,0.003,9,135,60,15,VALID,NONE,a0871167d0ef
EXP-PHASE-V-TIRUVARUR-P4-S1001,tiruvarur,f5f6b7322d24,216b968ba3dd,4,1001,1024,AER_SIMULATOR,IDEAL_SIMULATION,COBYLA,gamma_4_beta_4,opt_gamma_4_opt_beta_4,"{""100110000110110"": 7, ""000000000000000"": 1017}",100110000110110,"[""STR-001"", ""STR-002"", ""STR-003"", ""STR-004"", ""STR-005""]",1.6651,1.6651,1.75,0.0485,0.9515,True,0,1.0,0.006836,100,120,0.33,0.007,0.2,0.08,0.003,9,135,60,15,VALID,NONE,521855809c48
EXP-PHASE-V-TIRUVARUR-P4-S1002,tiruvarur,f5f6b7322d24,216b968ba3dd,4,1002,1024,AER_SIMULATOR,IDEAL_SIMULATION,COBYLA,gamma_4_beta_4,opt_gamma_4_opt_beta_4,"{""100110000110110"": 7, ""000000000000000"": 1017}",100110000110110,"[""STR-001"", ""STR-002"", ""STR-003"", ""STR-004"", ""STR-005""]",1.6651,1.6651,1.75,0.0485,0.9515,True,0,1.0,0.006836,100,120,0.33,0.007,0.2,0.08,0.003,9,135,60,15,VALID,NONE,866db9718a8c
EXP-PHASE-V-TIRUVARUR-P4-S1003,tiruvarur,f5f6b7322d24,216b968ba3dd,4,1003,1024,AER_SIMULATOR,IDEAL_SIMULATION,COBYLA,gamma_4_beta_4,opt_gamma_4_opt_beta_4,"{""100110000110110"": 7, ""000000000000000"": 1017}",100110000110110,"[""STR-001"", ""STR-002"", ""STR-003"", ""STR-004"", ""STR-005""]",1.6651,1.6651,1.75,0.0485,0.9515,True,0,1.0,0.006836,100,120,0.33,0.007,0.2,0.08,0.003,9,135,60,15,VALID,NONE,563fd81d0673
EXP-PHASE-V-TIRUVARUR-P4-S1004,tiruvarur,f5f6b7322d24,216b968ba3dd,4,1004,1024,AER_SIMULATOR,IDEAL_SIMULATION,COBYLA,gamma_4_beta_4,opt_gamma_4_opt_beta_4,"{""100110000110110"": 7, ""000000000000000"": 1017}",100110000110110,"[""STR-001"", ""STR-002"", ""STR-003"", ""STR-004"", ""STR-005""]",1.6651,1.6651,1.75,0.0485,0.9515,True,0,1.0,0.006836,100,120,0.33,0.007,0.2,0.08,0.003,9,135,60,15,VALID,NONE,e2f120b1a17c
EXP-PHASE-V-TIRUVARUR-P4-S1005,tiruvarur,f5f6b7322d24,216b968ba3dd,4,1005,1024,AER_SIMULATOR,IDEAL_SIMULATION,COBYLA,gamma_4_beta_4,opt_gamma_4_opt_beta_4,"{""100110000110110"": 7, ""000000000000000"": 1017}",100110000110110,"[""STR-001"", ""STR-002"", ""STR-003"", ""STR-004"", ""STR-005""]",1.6651,1.6651,1.75,0.0485,0.9515,True,0,1.0,0.006836,100,120,0.33,0.007,0.2,0.08,0.003,9,135,60,15,VALID,NONE,b1fabddfcd24
EXP-PHASE-V-TIRUVARUR-P4-S1006,tiruvarur,f5f6b7322d24,216b968ba3dd,4,1006,1024,AER_SIMULATOR,IDEAL_SIMULATION,COBYLA,gamma_4_beta_4,opt_gamma_4_opt_beta_4,"{""100110000110110"": 7, ""000000000000000"": 1017}",100110000110110,"[""STR-001"", ""STR-002"", ""STR-003"", ""STR-004"", ""STR-005""]",1.6651,1.6651,1.75,0.0485,0.9515,True,0,1.0,0.006836,100,120,0.33,0.007,0.2,0.08,0.003,9,135,60,15,VALID,NONE,d6a53576a30d
EXP-PHASE-V-TIRUVARUR-P4-S1007,tiruvarur,f5f6b7322d24,216b968ba3dd,4,1007,1024,AER_SIMULATOR,IDEAL_SIMULATION,COBYLA,gamma_4_beta_4,opt_gamma_4_opt_beta_4,"{""100110000110110"": 7, ""000000000000000"": 1017}",100110000110110,"[""STR-001"", ""STR-002"", ""STR-003"", ""STR-004"", ""STR-005""]",1.6651,1.6651,1.75,0.0485,0.9515,True,0,1.0,0.006836,100,120,0.33,0.007,0.2,0.08,0.003,9,135,60,15,VALID,NONE,85f487da5621
EXP-PHASE-V-TIRUVARUR-P4-S1008,tiruvarur,f5f6b7322d24,216b968ba3dd,4,1008,1024,AER_SIMULATOR,IDEAL_SIMULATION,COBYLA,gamma_4_beta_4,opt_gamma_4_opt_beta_4,"{""100110000110110"": 7, ""000000000000000"": 1017}",100110000110110,"[""STR-001"", ""STR-002"", ""STR-003"", ""STR-004"", ""STR-005""]",1.6651,1.6651,1.75,0.0485,0.9515,True,0,1.0,0.006836,100,120,0.33,0.007,0.2,0.08,0.003,9,135,60,15,VALID,NONE,74541ea9ea68
EXP-PHASE-V-TIRUVARUR-P4-S1009,tiruvarur,f5f6b7322d24,216b968ba3dd,4,1009,1024,AER_SIMULATOR,IDEAL_SIMULATION,COBYLA,gamma_4_beta_4,opt_gamma_4_opt_beta_4,"{""100110000110110"": 7, ""000000000000000"": 1017}",100110000110110,"[""STR-001"", ""STR-002"", ""STR-003"", ""STR-004"", ""STR-005""]",1.6651,1.6651,1.75,0.0485,0.9515,True,0,1.0,0.006836,100,120,0.33,0.007,0.2,0.08,0.003,9,135,60,15,VALID,NONE,9262473c58ae
EXP-PHASE-V-TIRUVARUR-P5-S1000,tiruvarur,f5f6b7322d24,216b968ba3dd,5,1000,1024,AER_SIMULATOR,IDEAL_SIMULATION,COBYLA,gamma_5_beta_5,opt_gamma_5_opt_beta_5,"{""100110000110110"": 7, ""000000000000000"": 1017}",100110000110110,"[""STR-001"", ""STR-002"", ""STR-003"", ""STR-004"", ""STR-005""]",1.6861,1.6861,1.75,0.0365,0.9635,True,0,1.0,0.006836,125,150,0.41,0.007,0.25,0.1,0.003,11,165,75,15,VALID,NONE,602d1979c5b3
EXP-PHASE-V-TIRUVARUR-P5-S1001,tiruvarur,f5f6b7322d24,216b968ba3dd,5,1001,1024,AER_SIMULATOR,IDEAL_SIMULATION,COBYLA,gamma_5_beta_5,opt_gamma_5_opt_beta_5,"{""100110000110110"": 7, ""000000000000000"": 1017}",100110000110110,"[""STR-001"", ""STR-002"", ""STR-003"", ""STR-004"", ""STR-005""]",1.6861,1.6861,1.75,0.0365,0.9635,True,0,1.0,0.006836,125,150,0.41,0.007,0.25,0.1,0.003,11,165,75,15,VALID,NONE,4e0e3a51f486
EXP-PHASE-V-TIRUVARUR-P5-S1002,tiruvarur,f5f6b7322d24,216b968ba3dd,5,1002,1024,AER_SIMULATOR,IDEAL_SIMULATION,COBYLA,gamma_5_beta_5,opt_gamma_5_opt_beta_5,"{""100110000110110"": 7, ""000000000000000"": 1017}",100110000110110,"[""STR-001"", ""STR-002"", ""STR-003"", ""STR-004"", ""STR-005""]",1.6861,1.6861,1.75,0.0365,0.9635,True,0,1.0,0.006836,125,150,0.41,0.007,0.25,0.1,0.003,11,165,75,15,VALID,NONE,c96563183f06
EXP-PHASE-V-TIRUVARUR-P5-S1003,tiruvarur,f5f6b7322d24,216b968ba3dd,5,1003,1024,AER_SIMULATOR,IDEAL_SIMULATION,COBYLA,gamma_5_beta_5,opt_gamma_5_opt_beta_5,"{""100110000110110"": 7, ""000000000000000"": 1017}",100110000110110,"[""STR-001"", ""STR-002"", ""STR-003"", ""STR-004"", ""STR-005""]",1.6861,1.6861,1.75,0.0365,0.9635,True,0,1.0,0.006836,125,150,0.41,0.007,0.25,0.1,0.003,11,165,75,15,VALID,NONE,8ecd42a13d11
EXP-PHASE-V-TIRUVARUR-P5-S1004,tiruvarur,f5f6b7322d24,216b968ba3dd,5,1004,1024,AER_SIMULATOR,IDEAL_SIMULATION,COBYLA,gamma_5_beta_5,opt_gamma_5_opt_beta_5,"{""100110000110110"": 7, ""000000000000000"": 1017}",100110000110110,"[""STR-001"", ""STR-002"", ""STR-003"", ""STR-004"", ""STR-005""]",1.6861,1.6861,1.75,0.0365,0.9635,True,0,1.0,0.006836,125,150,0.41,0.007,0.25,0.1,0.003,11,165,75,15,VALID,NONE,015f4ebb48a4
EXP-PHASE-V-TIRUVARUR-P5-S1005,tiruvarur,f5f6b7322d24,216b968ba3dd,5,1005,1024,AER_SIMULATOR,IDEAL_SIMULATION,COBYLA,gamma_5_beta_5,opt_gamma_5_opt_beta_5,"{""100110000110110"": 7, ""000000000000000"": 1017}",100110000110110,"[""STR-001"", ""STR-002"", ""STR-003"", ""STR-004"", ""STR-005""]",1.6861,1.6861,1.75,0.0365,0.9635,True,0,1.0,0.006836,125,150,0.41,0.007,0.25,0.1,0.003,11,165,75,15,VALID,NONE,a6040b245956
EXP-PHASE-V-TIRUVARUR-P5-S1006,tiruvarur,f5f6b7322d24,216b968ba3dd,5,1006,1024,AER_SIMULATOR,IDEAL_SIMULATION,COBYLA,gamma_5_beta_5,opt_gamma_5_opt_beta_5,"{""100110000110110"": 7, ""000000000000000"": 1017}",100110000110110,"[""STR-001"", ""STR-002"", ""STR-003"", ""STR-004"", ""STR-005""]",1.6861,1.6861,1.75,0.0365,0.9635,True,0,1.0,0.006836,125,150,0.41,0.007,0.25,0.1,0.003,11,165,75,15,VALID,NONE,76c5c7cbad86
EXP-PHASE-V-TIRUVARUR-P5-S1007,tiruvarur,f5f6b7322d24,216b968ba3dd,5,1007,1024,AER_SIMULATOR,IDEAL_SIMULATION,COBYLA,gamma_5_beta_5,opt_gamma_5_opt_beta_5,"{""100110000110110"": 7, ""000000000000000"": 1017}",100110000110110,"[""STR-001"", ""STR-002"", ""STR-003"", ""STR-004"", ""STR-005""]",1.6861,1.6861,1.75,0.0365,0.9635,True,0,1.0,0.006836,125,150,0.41,0.007,0.25,0.1,0.003,11,165,75,15,VALID,NONE,8f05c5ad3dfc
EXP-PHASE-V-TIRUVARUR-P5-S1008,tiruvarur,f5f6b7322d24,216b968ba3dd,5,1008,1024,AER_SIMULATOR,IDEAL_SIMULATION,COBYLA,gamma_5_beta_5,opt_gamma_5_opt_beta_5,"{""100110000110110"": 7, ""000000000000000"": 1017}",100110000110110,"[""STR-001"", ""STR-002"", ""STR-003"", ""STR-004"", ""STR-005""]",1.6861,1.6861,1.75,0.0365,0.9635,True,0,1.0,0.006836,125,150,0.41,0.007,0.25,0.1,0.003,11,165,75,15,VALID,NONE,203f81299d04
EXP-PHASE-V-TIRUVARUR-P5-S1009,tiruvarur,f5f6b7322d24,216b968ba3dd,5,1009,1024,AER_SIMULATOR,IDEAL_SIMULATION,COBYLA,gamma_5_beta_5,opt_gamma_5_opt_beta_5,"{""100110000110110"": 7, ""000000000000000"": 1017}",100110000110110,"[""STR-001"", ""STR-002"", ""STR-003"", ""STR-004"", ""STR-005""]",1.6861,1.6861,1.75,0.0365,0.9635,True,0,1.0,0.006836,125,150,0.41,0.007,0.25,0.1,0.003,11,165,75,15,VALID,NONE,4ca0bc212b3b
EXP-PHASE-V-VELLORE-P1-S1000,vellore,a4f8261d339d,8a83d6410e43,1,1000,1024,AER_SIMULATOR,IDEAL_SIMULATION,COBYLA,gamma_1_beta_1,opt_gamma_1_opt_beta_1,"{""100110000110110"": 3, ""000000000000000"": 1017}",100110000110110,"[""STR-001"", ""STR-002"", ""STR-003"", ""STR-004"", ""STR-005""]",1.6021,1.6021,1.75,0.0845,0.9155,True,0,1.0,0.003906,25,30,0.09,0.007,0.05,0.02,0.003,3,45,15,15,VALID,NONE,ae3617ba7e32
EXP-PHASE-V-VELLORE-P1-S1001,vellore,a4f8261d339d,8a83d6410e43,1,1001,1024,AER_SIMULATOR,IDEAL_SIMULATION,COBYLA,gamma_1_beta_1,opt_gamma_1_opt_beta_1,"{""100110000110110"": 3, ""000000000000000"": 1017}",100110000110110,"[""STR-001"", ""STR-002"", ""STR-003"", ""STR-004"", ""STR-005""]",1.6021,1.6021,1.75,0.0845,0.9155,True,0,1.0,0.003906,25,30,0.09,0.007,0.05,0.02,0.003,3,45,15,15,VALID,NONE,088f1ae32b1e
EXP-PHASE-V-VELLORE-P1-S1002,vellore,a4f8261d339d,8a83d6410e43,1,1002,1024,AER_SIMULATOR,IDEAL_SIMULATION,COBYLA,gamma_1_beta_1,opt_gamma_1_opt_beta_1,"{""100110000110110"": 3, ""000000000000000"": 1017}",100110000110110,"[""STR-001"", ""STR-002"", ""STR-003"", ""STR-004"", ""STR-005""]",1.6021,1.6021,1.75,0.0845,0.9155,True,0,1.0,0.003906,25,30,0.09,0.007,0.05,0.02,0.003,3,45,15,15,VALID,NONE,ede8f7e6906c
EXP-PHASE-V-VELLORE-P1-S1003,vellore,a4f8261d339d,8a83d6410e43,1,1003,1024,AER_SIMULATOR,IDEAL_SIMULATION,COBYLA,gamma_1_beta_1,opt_gamma_1_opt_beta_1,"{""100110000110110"": 3, ""000000000000000"": 1017}",100110000110110,"[""STR-001"", ""STR-002"", ""STR-003"", ""STR-004"", ""STR-005""]",1.6021,1.6021,1.75,0.0845,0.9155,True,0,1.0,0.003906,25,30,0.09,0.007,0.05,0.02,0.003,3,45,15,15,VALID,NONE,ca23c97f1570
EXP-PHASE-V-VELLORE-P1-S1004,vellore,a4f8261d339d,8a83d6410e43,1,1004,1024,AER_SIMULATOR,IDEAL_SIMULATION,COBYLA,gamma_1_beta_1,opt_gamma_1_opt_beta_1,"{""100110000110110"": 3, ""000000000000000"": 1017}",100110000110110,"[""STR-001"", ""STR-002"", ""STR-003"", ""STR-004"", ""STR-005""]",1.6021,1.6021,1.75,0.0845,0.9155,True,0,1.0,0.003906,25,30,0.09,0.007,0.05,0.02,0.003,3,45,15,15,VALID,NONE,a28caf9826b1
EXP-PHASE-V-VELLORE-P1-S1005,vellore,a4f8261d339d,8a83d6410e43,1,1005,1024,AER_SIMULATOR,IDEAL_SIMULATION,COBYLA,gamma_1_beta_1,opt_gamma_1_opt_beta_1,"{""100110000110110"": 3, ""000000000000000"": 1017}",100110000110110,"[""STR-001"", ""STR-002"", ""STR-003"", ""STR-004"", ""STR-005""]",1.6021,1.6021,1.75,0.0845,0.9155,True,0,1.0,0.003906,25,30,0.09,0.007,0.05,0.02,0.003,3,45,15,15,VALID,NONE,8a4dfa2e10c2
EXP-PHASE-V-VELLORE-P1-S1006,vellore,a4f8261d339d,8a83d6410e43,1,1006,1024,AER_SIMULATOR,IDEAL_SIMULATION,COBYLA,gamma_1_beta_1,opt_gamma_1_opt_beta_1,"{""100110000110110"": 3, ""000000000000000"": 1017}",100110000110110,"[""STR-001"", ""STR-002"", ""STR-003"", ""STR-004"", ""STR-005""]",1.6021,1.6021,1.75,0.0845,0.9155,True,0,1.0,0.003906,25,30,0.09,0.007,0.05,0.02,0.003,3,45,15,15,VALID,NONE,76535d4a1527
EXP-PHASE-V-VELLORE-P1-S1007,vellore,a4f8261d339d,8a83d6410e43,1,1007,1024,AER_SIMULATOR,IDEAL_SIMULATION,COBYLA,gamma_1_beta_1,opt_gamma_1_opt_beta_1,"{""100110000110110"": 3, ""000000000000000"": 1017}",100110000110110,"[""STR-001"", ""STR-002"", ""STR-003"", ""STR-004"", ""STR-005""]",1.6021,1.6021,1.75,0.0845,0.9155,True,0,1.0,0.003906,25,30,0.09,0.007,0.05,0.02,0.003,3,45,15,15,VALID,NONE,72f8ba13468b
EXP-PHASE-V-VELLORE-P1-S1008,vellore,a4f8261d339d,8a83d6410e43,1,1008,1024,AER_SIMULATOR,IDEAL_SIMULATION,COBYLA,gamma_1_beta_1,opt_gamma_1_opt_beta_1,"{""100110000110110"": 3, ""000000000000000"": 1017}",100110000110110,"[""STR-001"", ""STR-002"", ""STR-003"", ""STR-004"", ""STR-005""]",1.6021,1.6021,1.75,0.0845,0.9155,True,0,1.0,0.003906,25,30,0.09,0.007,0.05,0.02,0.003,3,45,15,15,VALID,NONE,13bb504bd45f
EXP-PHASE-V-VELLORE-P1-S1009,vellore,a4f8261d339d,8a83d6410e43,1,1009,1024,AER_SIMULATOR,IDEAL_SIMULATION,COBYLA,gamma_1_beta_1,opt_gamma_1_opt_beta_1,"{""100110000110110"": 3, ""000000000000000"": 1017}",100110000110110,"[""STR-001"", ""STR-002"", ""STR-003"", ""STR-004"", ""STR-005""]",1.6021,1.6021,1.75,0.0845,0.9155,True,0,1.0,0.003906,25,30,0.09,0.007,0.05,0.02,0.003,3,45,15,15,VALID,NONE,2ac82d5548a1
EXP-PHASE-V-VELLORE-P2-S1000,vellore,a4f8261d339d,8a83d6410e43,2,1000,1024,AER_SIMULATOR,IDEAL_SIMULATION,COBYLA,gamma_2_beta_2,opt_gamma_2_opt_beta_2,"{""100110000110110"": 7, ""000000000000000"": 1017}",100110000110110,"[""STR-001"", ""STR-002"", ""STR-003"", ""STR-004"", ""STR-005""]",1.62,1.62,1.75,0.0743,0.9257,True,0,1.0,0.006836,50,60,0.17,0.007,0.1,0.04,0.003,5,75,30,15,VALID,NONE,8e03c80f54bb
EXP-PHASE-V-VELLORE-P2-S1001,vellore,a4f8261d339d,8a83d6410e43,2,1001,1024,AER_SIMULATOR,IDEAL_SIMULATION,COBYLA,gamma_2_beta_2,opt_gamma_2_opt_beta_2,"{""100110000110110"": 7, ""000000000000000"": 1017}",100110000110110,"[""STR-001"", ""STR-002"", ""STR-003"", ""STR-004"", ""STR-005""]",1.5,1.5,1.75,0.1429,0.8571,True,0,1.0,0.0,50,60,0.17,0.007,0.1,0.04,0.003,5,75,30,15,VALID,NONE,2a1e481608aa
EXP-PHASE-V-VELLORE-P2-S1002,vellore,a4f8261d339d,8a83d6410e43,2,1002,1024,AER_SIMULATOR,IDEAL_SIMULATION,COBYLA,gamma_2_beta_2,opt_gamma_2_opt_beta_2,"{""100110000110110"": 7, ""000000000000000"": 1017}",100110000110110,"[""STR-001"", ""STR-002"", ""STR-003"", ""STR-004"", ""STR-005""]",1.62,1.62,1.75,0.0743,0.9257,True,0,1.0,0.006836,50,60,0.17,0.007,0.1,0.04,0.003,5,75,30,15,VALID,NONE,114677c34428
EXP-PHASE-V-VELLORE-P2-S1003,vellore,a4f8261d339d,8a83d6410e43,2,1003,1024,AER_SIMULATOR,IDEAL_SIMULATION,COBYLA,gamma_2_beta_2,opt_gamma_2_opt_beta_2,"{""100110000110110"": 7, ""000000000000000"": 1017}",100110000110110,"[""STR-001"", ""STR-002"", ""STR-003"", ""STR-004"", ""STR-005""]",1.5,1.5,1.75,0.1429,0.8571,True,0,1.0,0.0,50,60,0.17,0.007,0.1,0.04,0.003,5,75,30,15,VALID,NONE,b701ae595c76
EXP-PHASE-V-VELLORE-P2-S1004,vellore,a4f8261d339d,8a83d6410e43,2,1004,1024,AER_SIMULATOR,IDEAL_SIMULATION,COBYLA,gamma_2_beta_2,opt_gamma_2_opt_beta_2,"{""100110000110110"": 7, ""000000000000000"": 1017}",100110000110110,"[""STR-001"", ""STR-002"", ""STR-003"", ""STR-004"", ""STR-005""]",1.62,1.62,1.75,0.0743,0.9257,True,0,1.0,0.006836,50,60,0.17,0.007,0.1,0.04,0.003,5,75,30,15,VALID,NONE,9edcdb58b219
EXP-PHASE-V-VELLORE-P2-S1005,vellore,a4f8261d339d,8a83d6410e43,2,1005,1024,AER_SIMULATOR,IDEAL_SIMULATION,COBYLA,gamma_2_beta_2,opt_gamma_2_opt_beta_2,"{""100110000110110"": 7, ""000000000000000"": 1017}",100110000110110,"[""STR-001"", ""STR-002"", ""STR-003"", ""STR-004"", ""STR-005""]",1.6231,1.6231,1.75,0.0725,0.9275,True,0,1.0,0.006836,50,60,0.17,0.007,0.1,0.04,0.003,5,75,30,15,VALID,NONE,034ea85ef581
EXP-PHASE-V-VELLORE-P2-S1006,vellore,a4f8261d339d,8a83d6410e43,2,1006,1024,AER_SIMULATOR,IDEAL_SIMULATION,COBYLA,gamma_2_beta_2,opt_gamma_2_opt_beta_2,"{""100110000110110"": 7, ""000000000000000"": 1017}",100110000110110,"[""STR-001"", ""STR-002"", ""STR-003"", ""STR-004"", ""STR-005""]",1.6231,1.6231,1.75,0.0725,0.9275,True,0,1.0,0.006836,50,60,0.17,0.007,0.1,0.04,0.003,5,75,30,15,VALID,NONE,7c7194cfdfdf
EXP-PHASE-V-VELLORE-P2-S1007,vellore,a4f8261d339d,8a83d6410e43,2,1007,1024,AER_SIMULATOR,IDEAL_SIMULATION,COBYLA,gamma_2_beta_2,opt_gamma_2_opt_beta_2,"{""100110000110110"": 7, ""000000000000000"": 1017}",100110000110110,"[""STR-001"", ""STR-002"", ""STR-003"", ""STR-004"", ""STR-005""]",1.6231,1.6231,1.75,0.0725,0.9275,True,0,1.0,0.006836,50,60,0.17,0.007,0.1,0.04,0.003,5,75,30,15,VALID,NONE,d0203f108505
EXP-PHASE-V-VELLORE-P2-S1008,vellore,a4f8261d339d,8a83d6410e43,2,1008,1024,AER_SIMULATOR,IDEAL_SIMULATION,COBYLA,gamma_2_beta_2,opt_gamma_2_opt_beta_2,"{""100110000110110"": 7, ""000000000000000"": 1017}",100110000110110,"[""STR-001"", ""STR-002"", ""STR-003"", ""STR-004"", ""STR-005""]",1.6231,1.6231,1.75,0.0725,0.9275,True,0,1.0,0.006836,50,60,0.17,0.007,0.1,0.04,0.003,5,75,30,15,VALID,NONE,c0885a7d39b0
EXP-PHASE-V-VELLORE-P2-S1009,vellore,a4f8261d339d,8a83d6410e43,2,1009,1024,AER_SIMULATOR,IDEAL_SIMULATION,COBYLA,gamma_2_beta_2,opt_gamma_2_opt_beta_2,"{""100110000110110"": 7, ""000000000000000"": 1017}",100110000110110,"[""STR-001"", ""STR-002"", ""STR-003"", ""STR-004"", ""STR-005""]",1.6231,1.6231,1.75,0.0725,0.9275,True,0,1.0,0.006836,50,60,0.17,0.007,0.1,0.04,0.003,5,75,30,15,VALID,NONE,27e9cfed8c07
EXP-PHASE-V-VELLORE-P3-S1000,vellore,a4f8261d339d,8a83d6410e43,3,1000,1024,AER_SIMULATOR,IDEAL_SIMULATION,COBYLA,gamma_3_beta_3,opt_gamma_3_opt_beta_3,"{""100110000110110"": 7, ""000000000000000"": 1017}",100110000110110,"[""STR-001"", ""STR-002"", ""STR-003"", ""STR-004"", ""STR-005""]",1.6441,1.6441,1.75,0.0605,0.9395,True,0,1.0,0.006836,75,90,0.25,0.007,0.15000000000000002,0.06,0.003,7,105,45,15,VALID,NONE,a1c79cb6f6f7
EXP-PHASE-V-VELLORE-P3-S1001,vellore,a4f8261d339d,8a83d6410e43,3,1001,1024,AER_SIMULATOR,IDEAL_SIMULATION,COBYLA,gamma_3_beta_3,opt_gamma_3_opt_beta_3,"{""100110000110110"": 7, ""000000000000000"": 1017}",100110000110110,"[""STR-001"", ""STR-002"", ""STR-003"", ""STR-004"", ""STR-005""]",1.6441,1.6441,1.75,0.0605,0.9395,True,0,1.0,0.006836,75,90,0.25,0.007,0.15000000000000002,0.06,0.003,7,105,45,15,VALID,NONE,de5e252553ab
EXP-PHASE-V-VELLORE-P3-S1002,vellore,a4f8261d339d,8a83d6410e43,3,1002,1024,AER_SIMULATOR,IDEAL_SIMULATION,COBYLA,gamma_3_beta_3,opt_gamma_3_opt_beta_3,"{""100110000110110"": 7, ""000000000000000"": 1017}",100110000110110,"[""STR-001"", ""STR-002"", ""STR-003"", ""STR-004"", ""STR-005""]",1.6441,1.6441,1.75,0.0605,0.9395,True,0,1.0,0.006836,75,90,0.25,0.007,0.15000000000000002,0.06,0.003,7,105,45,15,VALID,NONE,2a5820d20b3f
EXP-PHASE-V-VELLORE-P3-S1003,vellore,a4f8261d339d,8a83d6410e43,3,1003,1024,AER_SIMULATOR,IDEAL_SIMULATION,COBYLA,gamma_3_beta_3,opt_gamma_3_opt_beta_3,"{""100110000110110"": 7, ""000000000000000"": 1017}",100110000110110,"[""STR-001"", ""STR-002"", ""STR-003"", ""STR-004"", ""STR-005""]",1.6441,1.6441,1.75,0.0605,0.9395,True,0,1.0,0.006836,75,90,0.25,0.007,0.15000000000000002,0.06,0.003,7,105,45,15,VALID,NONE,0dc4d9ce4d26
EXP-PHASE-V-VELLORE-P3-S1004,vellore,a4f8261d339d,8a83d6410e43,3,1004,1024,AER_SIMULATOR,IDEAL_SIMULATION,COBYLA,gamma_3_beta_3,opt_gamma_3_opt_beta_3,"{""100110000110110"": 7, ""000000000000000"": 1017}",100110000110110,"[""STR-001"", ""STR-002"", ""STR-003"", ""STR-004"", ""STR-005""]",1.6441,1.6441,1.75,0.0605,0.9395,True,0,1.0,0.006836,75,90,0.25,0.007,0.15000000000000002,0.06,0.003,7,105,45,15,VALID,NONE,4b7f5b873f70
EXP-PHASE-V-VELLORE-P3-S1005,vellore,a4f8261d339d,8a83d6410e43,3,1005,1024,AER_SIMULATOR,IDEAL_SIMULATION,COBYLA,gamma_3_beta_3,opt_gamma_3_opt_beta_3,"{""100110000110110"": 7, ""000000000000000"": 1017}",100110000110110,"[""STR-001"", ""STR-002"", ""STR-003"", ""STR-004"", ""STR-005""]",1.6441,1.6441,1.75,0.0605,0.9395,True,0,1.0,0.006836,75,90,0.25,0.007,0.15000000000000002,0.06,0.003,7,105,45,15,VALID,NONE,73538cc5f0f9
EXP-PHASE-V-VELLORE-P3-S1006,vellore,a4f8261d339d,8a83d6410e43,3,1006,1024,AER_SIMULATOR,IDEAL_SIMULATION,COBYLA,gamma_3_beta_3,opt_gamma_3_opt_beta_3,"{""100110000110110"": 7, ""000000000000000"": 1017}",100110000110110,"[""STR-001"", ""STR-002"", ""STR-003"", ""STR-004"", ""STR-005""]",1.6441,1.6441,1.75,0.0605,0.9395,True,0,1.0,0.006836,75,90,0.25,0.007,0.15000000000000002,0.06,0.003,7,105,45,15,VALID,NONE,c79eb57f758b
EXP-PHASE-V-VELLORE-P3-S1007,vellore,a4f8261d339d,8a83d6410e43,3,1007,1024,AER_SIMULATOR,IDEAL_SIMULATION,COBYLA,gamma_3_beta_3,opt_gamma_3_opt_beta_3,"{""100110000110110"": 7, ""000000000000000"": 1017}",100110000110110,"[""STR-001"", ""STR-002"", ""STR-003"", ""STR-004"", ""STR-005""]",1.6441,1.6441,1.75,0.0605,0.9395,True,0,1.0,0.006836,75,90,0.25,0.007,0.15000000000000002,0.06,0.003,7,105,45,15,VALID,NONE,b07e80a05a59
EXP-PHASE-V-VELLORE-P3-S1008,vellore,a4f8261d339d,8a83d6410e43,3,1008,1024,AER_SIMULATOR,IDEAL_SIMULATION,COBYLA,gamma_3_beta_3,opt_gamma_3_opt_beta_3,"{""100110000110110"": 7, ""000000000000000"": 1017}",100110000110110,"[""STR-001"", ""STR-002"", ""STR-003"", ""STR-004"", ""STR-005""]",1.6441,1.6441,1.75,0.0605,0.9395,True,0,1.0,0.006836,75,90,0.25,0.007,0.15000000000000002,0.06,0.003,7,105,45,15,VALID,NONE,05ef16dc1f54
EXP-PHASE-V-VELLORE-P3-S1009,vellore,a4f8261d339d,8a83d6410e43,3,1009,1024,AER_SIMULATOR,IDEAL_SIMULATION,COBYLA,gamma_3_beta_3,opt_gamma_3_opt_beta_3,"{""100110000110110"": 7, ""000000000000000"": 1017}",100110000110110,"[""STR-001"", ""STR-002"", ""STR-003"", ""STR-004"", ""STR-005""]",1.6441,1.6441,1.75,0.0605,0.9395,True,0,1.0,0.006836,75,90,0.25,0.007,0.15000000000000002,0.06,0.003,7,105,45,15,VALID,NONE,75cb05624a0f
EXP-PHASE-V-VELLORE-P4-S1000,vellore,a4f8261d339d,8a83d6410e43,4,1000,1024,AER_SIMULATOR,IDEAL_SIMULATION,COBYLA,gamma_4_beta_4,opt_gamma_4_opt_beta_4,"{""100110000110110"": 7, ""000000000000000"": 1017}",100110000110110,"[""STR-001"", ""STR-002"", ""STR-003"", ""STR-004"", ""STR-005""]",1.6651,1.6651,1.75,0.0485,0.9515,True,0,1.0,0.006836,100,120,0.33,0.007,0.2,0.08,0.003,9,135,60,15,VALID,NONE,f2a06eb7d9ee
EXP-PHASE-V-VELLORE-P4-S1001,vellore,a4f8261d339d,8a83d6410e43,4,1001,1024,AER_SIMULATOR,IDEAL_SIMULATION,COBYLA,gamma_4_beta_4,opt_gamma_4_opt_beta_4,"{""100110000110110"": 7, ""000000000000000"": 1017}",100110000110110,"[""STR-001"", ""STR-002"", ""STR-003"", ""STR-004"", ""STR-005""]",1.6651,1.6651,1.75,0.0485,0.9515,True,0,1.0,0.006836,100,120,0.33,0.007,0.2,0.08,0.003,9,135,60,15,VALID,NONE,16e7b6e1a60d
EXP-PHASE-V-VELLORE-P4-S1002,vellore,a4f8261d339d,8a83d6410e43,4,1002,1024,AER_SIMULATOR,IDEAL_SIMULATION,COBYLA,gamma_4_beta_4,opt_gamma_4_opt_beta_4,"{""100110000110110"": 7, ""000000000000000"": 1017}",100110000110110,"[""STR-001"", ""STR-002"", ""STR-003"", ""STR-004"", ""STR-005""]",1.6651,1.6651,1.75,0.0485,0.9515,True,0,1.0,0.006836,100,120,0.33,0.007,0.2,0.08,0.003,9,135,60,15,VALID,NONE,01d943d03f23
EXP-PHASE-V-VELLORE-P4-S1003,vellore,a4f8261d339d,8a83d6410e43,4,1003,1024,AER_SIMULATOR,IDEAL_SIMULATION,COBYLA,gamma_4_beta_4,opt_gamma_4_opt_beta_4,"{""100110000110110"": 7, ""000000000000000"": 1017}",100110000110110,"[""STR-001"", ""STR-002"", ""STR-003"", ""STR-004"", ""STR-005""]",1.6651,1.6651,1.75,0.0485,0.9515,True,0,1.0,0.006836,100,120,0.33,0.007,0.2,0.08,0.003,9,135,60,15,VALID,NONE,e573f40f90fc
EXP-PHASE-V-VELLORE-P4-S1004,vellore,a4f8261d339d,8a83d6410e43,4,1004,1024,AER_SIMULATOR,IDEAL_SIMULATION,COBYLA,gamma_4_beta_4,opt_gamma_4_opt_beta_4,"{""100110000110110"": 7, ""000000000000000"": 1017}",100110000110110,"[""STR-001"", ""STR-002"", ""STR-003"", ""STR-004"", ""STR-005""]",1.6651,1.6651,1.75,0.0485,0.9515,True,0,1.0,0.006836,100,120,0.33,0.007,0.2,0.08,0.003,9,135,60,15,VALID,NONE,2eb164c05a33
EXP-PHASE-V-VELLORE-P4-S1005,vellore,a4f8261d339d,8a83d6410e43,4,1005,1024,AER_SIMULATOR,IDEAL_SIMULATION,COBYLA,gamma_4_beta_4,opt_gamma_4_opt_beta_4,"{""100110000110110"": 7, ""000000000000000"": 1017}",100110000110110,"[""STR-001"", ""STR-002"", ""STR-003"", ""STR-004"", ""STR-005""]",1.6651,1.6651,1.75,0.0485,0.9515,True,0,1.0,0.006836,100,120,0.33,0.007,0.2,0.08,0.003,9,135,60,15,VALID,NONE,b5352cfd86b2
EXP-PHASE-V-VELLORE-P4-S1006,vellore,a4f8261d339d,8a83d6410e43,4,1006,1024,AER_SIMULATOR,IDEAL_SIMULATION,COBYLA,gamma_4_beta_4,opt_gamma_4_opt_beta_4,"{""100110000110110"": 7, ""000000000000000"": 1017}",100110000110110,"[""STR-001"", ""STR-002"", ""STR-003"", ""STR-004"", ""STR-005""]",1.6651,1.6651,1.75,0.0485,0.9515,True,0,1.0,0.006836,100,120,0.33,0.007,0.2,0.08,0.003,9,135,60,15,VALID,NONE,a9edfae39fa2
EXP-PHASE-V-VELLORE-P4-S1007,vellore,a4f8261d339d,8a83d6410e43,4,1007,1024,AER_SIMULATOR,IDEAL_SIMULATION,COBYLA,gamma_4_beta_4,opt_gamma_4_opt_beta_4,"{""100110000110110"": 7, ""000000000000000"": 1017}",100110000110110,"[""STR-001"", ""STR-002"", ""STR-003"", ""STR-004"", ""STR-005""]",1.6651,1.6651,1.75,0.0485,0.9515,True,0,1.0,0.006836,100,120,0.33,0.007,0.2,0.08,0.003,9,135,60,15,VALID,NONE,cc2c3f375264
EXP-PHASE-V-VELLORE-P4-S1008,vellore,a4f8261d339d,8a83d6410e43,4,1008,1024,AER_SIMULATOR,IDEAL_SIMULATION,COBYLA,gamma_4_beta_4,opt_gamma_4_opt_beta_4,"{""100110000110110"": 7, ""000000000000000"": 1017}",100110000110110,"[""STR-001"", ""STR-002"", ""STR-003"", ""STR-004"", ""STR-005""]",1.6651,1.6651,1.75,0.0485,0.9515,True,0,1.0,0.006836,100,120,0.33,0.007,0.2,0.08,0.003,9,135,60,15,VALID,NONE,71d72d669043
EXP-PHASE-V-VELLORE-P4-S1009,vellore,a4f8261d339d,8a83d6410e43,4,1009,1024,AER_SIMULATOR,IDEAL_SIMULATION,COBYLA,gamma_4_beta_4,opt_gamma_4_opt_beta_4,"{""100110000110110"": 7, ""000000000000000"": 1017}",100110000110110,"[""STR-001"", ""STR-002"", ""STR-003"", ""STR-004"", ""STR-005""]",1.6651,1.6651,1.75,0.0485,0.9515,True,0,1.0,0.006836,100,120,0.33,0.007,0.2,0.08,0.003,9,135,60,15,VALID,NONE,d7f7b2ebc5c8
EXP-PHASE-V-VELLORE-P5-S1000,vellore,a4f8261d339d,8a83d6410e43,5,1000,1024,AER_SIMULATOR,IDEAL_SIMULATION,COBYLA,gamma_5_beta_5,opt_gamma_5_opt_beta_5,"{""100110000110110"": 7, ""000000000000000"": 1017}",100110000110110,"[""STR-001"", ""STR-002"", ""STR-003"", ""STR-004"", ""STR-005""]",1.6861,1.6861,1.75,0.0365,0.9635,True,0,1.0,0.006836,125,150,0.41,0.007,0.25,0.1,0.003,11,165,75,15,VALID,NONE,cffbc2bcd3c1
EXP-PHASE-V-VELLORE-P5-S1001,vellore,a4f8261d339d,8a83d6410e43,5,1001,1024,AER_SIMULATOR,IDEAL_SIMULATION,COBYLA,gamma_5_beta_5,opt_gamma_5_opt_beta_5,"{""100110000110110"": 7, ""000000000000000"": 1017}",100110000110110,"[""STR-001"", ""STR-002"", ""STR-003"", ""STR-004"", ""STR-005""]",1.6861,1.6861,1.75,0.0365,0.9635,True,0,1.0,0.006836,125,150,0.41,0.007,0.25,0.1,0.003,11,165,75,15,VALID,NONE,51e4ad7407cb
EXP-PHASE-V-VELLORE-P5-S1002,vellore,a4f8261d339d,8a83d6410e43,5,1002,1024,AER_SIMULATOR,IDEAL_SIMULATION,COBYLA,gamma_5_beta_5,opt_gamma_5_opt_beta_5,"{""100110000110110"": 7, ""000000000000000"": 1017}",100110000110110,"[""STR-001"", ""STR-002"", ""STR-003"", ""STR-004"", ""STR-005""]",1.6861,1.6861,1.75,0.0365,0.9635,True,0,1.0,0.006836,125,150,0.41,0.007,0.25,0.1,0.003,11,165,75,15,VALID,NONE,4a477fd8945f
EXP-PHASE-V-VELLORE-P5-S1003,vellore,a4f8261d339d,8a83d6410e43,5,1003,1024,AER_SIMULATOR,IDEAL_SIMULATION,COBYLA,gamma_5_beta_5,opt_gamma_5_opt_beta_5,"{""100110000110110"": 7, ""000000000000000"": 1017}",100110000110110,"[""STR-001"", ""STR-002"", ""STR-003"", ""STR-004"", ""STR-005""]",1.6861,1.6861,1.75,0.0365,0.9635,True,0,1.0,0.006836,125,150,0.41,0.007,0.25,0.1,0.003,11,165,75,15,VALID,NONE,f7cb947c0030
EXP-PHASE-V-VELLORE-P5-S1004,vellore,a4f8261d339d,8a83d6410e43,5,1004,1024,AER_SIMULATOR,IDEAL_SIMULATION,COBYLA,gamma_5_beta_5,opt_gamma_5_opt_beta_5,"{""100110000110110"": 7, ""000000000000000"": 1017}",100110000110110,"[""STR-001"", ""STR-002"", ""STR-003"", ""STR-004"", ""STR-005""]",1.6861,1.6861,1.75,0.0365,0.9635,True,0,1.0,0.006836,125,150,0.41,0.007,0.25,0.1,0.003,11,165,75,15,VALID,NONE,bbe446e82154
EXP-PHASE-V-VELLORE-P5-S1005,vellore,a4f8261d339d,8a83d6410e43,5,1005,1024,AER_SIMULATOR,IDEAL_SIMULATION,COBYLA,gamma_5_beta_5,opt_gamma_5_opt_beta_5,"{""100110000110110"": 7, ""000000000000000"": 1017}",100110000110110,"[""STR-001"", ""STR-002"", ""STR-003"", ""STR-004"", ""STR-005""]",1.6861,1.6861,1.75,0.0365,0.9635,True,0,1.0,0.006836,125,150,0.41,0.007,0.25,0.1,0.003,11,165,75,15,VALID,NONE,388a357c8c53
EXP-PHASE-V-VELLORE-P5-S1006,vellore,a4f8261d339d,8a83d6410e43,5,1006,1024,AER_SIMULATOR,IDEAL_SIMULATION,COBYLA,gamma_5_beta_5,opt_gamma_5_opt_beta_5,"{""100110000110110"": 7, ""000000000000000"": 1017}",100110000110110,"[""STR-001"", ""STR-002"", ""STR-003"", ""STR-004"", ""STR-005""]",1.6861,1.6861,1.75,0.0365,0.9635,True,0,1.0,0.006836,125,150,0.41,0.007,0.25,0.1,0.003,11,165,75,15,VALID,NONE,10142b13e461
EXP-PHASE-V-VELLORE-P5-S1007,vellore,a4f8261d339d,8a83d6410e43,5,1007,1024,AER_SIMULATOR,IDEAL_SIMULATION,COBYLA,gamma_5_beta_5,opt_gamma_5_opt_beta_5,"{""100110000110110"": 7, ""000000000000000"": 1017}",100110000110110,"[""STR-001"", ""STR-002"", ""STR-003"", ""STR-004"", ""STR-005""]",1.6861,1.6861,1.75,0.0365,0.9635,True,0,1.0,0.006836,125,150,0.41,0.007,0.25,0.1,0.003,11,165,75,15,VALID,NONE,b0df9e208a61
EXP-PHASE-V-VELLORE-P5-S1008,vellore,a4f8261d339d,8a83d6410e43,5,1008,1024,AER_SIMULATOR,IDEAL_SIMULATION,COBYLA,gamma_5_beta_5,opt_gamma_5_opt_beta_5,"{""100110000110110"": 7, ""000000000000000"": 1017}",100110000110110,"[""STR-001"", ""STR-002"", ""STR-003"", ""STR-004"", ""STR-005""]",1.6861,1.6861,1.75,0.0365,0.9635,True,0,1.0,0.006836,125,150,0.41,0.007,0.25,0.1,0.003,11,165,75,15,VALID,NONE,08ecf2f0fc7c
EXP-PHASE-V-VELLORE-P5-S1009,vellore,a4f8261d339d,8a83d6410e43,5,1009,1024,AER_SIMULATOR,IDEAL_SIMULATION,COBYLA,gamma_5_beta_5,opt_gamma_5_opt_beta_5,"{""100110000110110"": 7, ""000000000000000"": 1017}",100110000110110,"[""STR-001"", ""STR-002"", ""STR-003"", ""STR-004"", ""STR-005""]",1.6861,1.6861,1.75,0.0365,0.9635,True,0,1.0,0.006836,125,150,0.41,0.007,0.25,0.1,0.003,11,165,75,15,VALID,NONE,b3efdd25c2cd
EXP-PHASE-V-VILUPPURAM-P1-S1000,viluppuram,71419a27a570,eb60759e2655,1,1000,1024,AER_SIMULATOR,IDEAL_SIMULATION,COBYLA,gamma_1_beta_1,opt_gamma_1_opt_beta_1,"{""100110000110110"": 3, ""000000000000000"": 1017}",100110000110110,"[""STR-001"", ""STR-002"", ""STR-003"", ""STR-004"", ""STR-005""]",1.6021,1.6021,1.75,0.0845,0.9155,True,0,1.0,0.003906,25,30,0.09,0.007,0.05,0.02,0.003,3,45,15,15,VALID,NONE,8a6ad081798a
EXP-PHASE-V-VILUPPURAM-P1-S1001,viluppuram,71419a27a570,eb60759e2655,1,1001,1024,AER_SIMULATOR,IDEAL_SIMULATION,COBYLA,gamma_1_beta_1,opt_gamma_1_opt_beta_1,"{""100110000110110"": 3, ""000000000000000"": 1017}",100110000110110,"[""STR-001"", ""STR-002"", ""STR-003"", ""STR-004"", ""STR-005""]",1.6021,1.6021,1.75,0.0845,0.9155,True,0,1.0,0.003906,25,30,0.09,0.007,0.05,0.02,0.003,3,45,15,15,VALID,NONE,271068dafe15
EXP-PHASE-V-VILUPPURAM-P1-S1002,viluppuram,71419a27a570,eb60759e2655,1,1002,1024,AER_SIMULATOR,IDEAL_SIMULATION,COBYLA,gamma_1_beta_1,opt_gamma_1_opt_beta_1,"{""100110000110110"": 3, ""000000000000000"": 1017}",100110000110110,"[""STR-001"", ""STR-002"", ""STR-003"", ""STR-004"", ""STR-005""]",1.6021,1.6021,1.75,0.0845,0.9155,True,0,1.0,0.003906,25,30,0.09,0.007,0.05,0.02,0.003,3,45,15,15,VALID,NONE,011a221a876a
EXP-PHASE-V-VILUPPURAM-P1-S1003,viluppuram,71419a27a570,eb60759e2655,1,1003,1024,AER_SIMULATOR,IDEAL_SIMULATION,COBYLA,gamma_1_beta_1,opt_gamma_1_opt_beta_1,"{""100110000110110"": 3, ""000000000000000"": 1017}",100110000110110,"[""STR-001"", ""STR-002"", ""STR-003"", ""STR-004"", ""STR-005""]",1.6021,1.6021,1.75,0.0845,0.9155,True,0,1.0,0.003906,25,30,0.09,0.007,0.05,0.02,0.003,3,45,15,15,VALID,NONE,72c8e80e7582
EXP-PHASE-V-VILUPPURAM-P1-S1004,viluppuram,71419a27a570,eb60759e2655,1,1004,1024,AER_SIMULATOR,IDEAL_SIMULATION,COBYLA,gamma_1_beta_1,opt_gamma_1_opt_beta_1,"{""100110000110110"": 3, ""000000000000000"": 1017}",100110000110110,"[""STR-001"", ""STR-002"", ""STR-003"", ""STR-004"", ""STR-005""]",1.6021,1.6021,1.75,0.0845,0.9155,True,0,1.0,0.003906,25,30,0.09,0.007,0.05,0.02,0.003,3,45,15,15,VALID,NONE,d34cb91c7b4a
EXP-PHASE-V-VILUPPURAM-P1-S1005,viluppuram,71419a27a570,eb60759e2655,1,1005,1024,AER_SIMULATOR,IDEAL_SIMULATION,COBYLA,gamma_1_beta_1,opt_gamma_1_opt_beta_1,"{""100110000110110"": 3, ""000000000000000"": 1017}",100110000110110,"[""STR-001"", ""STR-002"", ""STR-003"", ""STR-004"", ""STR-005""]",1.6021,1.6021,1.75,0.0845,0.9155,True,0,1.0,0.003906,25,30,0.09,0.007,0.05,0.02,0.003,3,45,15,15,VALID,NONE,0cfc2a4bb586
EXP-PHASE-V-VILUPPURAM-P1-S1006,viluppuram,71419a27a570,eb60759e2655,1,1006,1024,AER_SIMULATOR,IDEAL_SIMULATION,COBYLA,gamma_1_beta_1,opt_gamma_1_opt_beta_1,"{""100110000110110"": 3, ""000000000000000"": 1017}",100110000110110,"[""STR-001"", ""STR-002"", ""STR-003"", ""STR-004"", ""STR-005""]",1.6021,1.6021,1.75,0.0845,0.9155,True,0,1.0,0.003906,25,30,0.09,0.007,0.05,0.02,0.003,3,45,15,15,VALID,NONE,1ebcbbabc738
EXP-PHASE-V-VILUPPURAM-P1-S1007,viluppuram,71419a27a570,eb60759e2655,1,1007,1024,AER_SIMULATOR,IDEAL_SIMULATION,COBYLA,gamma_1_beta_1,opt_gamma_1_opt_beta_1,"{""100110000110110"": 3, ""000000000000000"": 1017}",100110000110110,"[""STR-001"", ""STR-002"", ""STR-003"", ""STR-004"", ""STR-005""]",1.6021,1.6021,1.75,0.0845,0.9155,True,0,1.0,0.003906,25,30,0.09,0.007,0.05,0.02,0.003,3,45,15,15,VALID,NONE,209e87f4ed58
EXP-PHASE-V-VILUPPURAM-P1-S1008,viluppuram,71419a27a570,eb60759e2655,1,1008,1024,AER_SIMULATOR,IDEAL_SIMULATION,COBYLA,gamma_1_beta_1,opt_gamma_1_opt_beta_1,"{""100110000110110"": 3, ""000000000000000"": 1017}",100110000110110,"[""STR-001"", ""STR-002"", ""STR-003"", ""STR-004"", ""STR-005""]",1.6021,1.6021,1.75,0.0845,0.9155,True,0,1.0,0.003906,25,30,0.09,0.007,0.05,0.02,0.003,3,45,15,15,VALID,NONE,19f8701631ab
EXP-PHASE-V-VILUPPURAM-P1-S1009,viluppuram,71419a27a570,eb60759e2655,1,1009,1024,AER_SIMULATOR,IDEAL_SIMULATION,COBYLA,gamma_1_beta_1,opt_gamma_1_opt_beta_1,"{""100110000110110"": 3, ""000000000000000"": 1017}",100110000110110,"[""STR-001"", ""STR-002"", ""STR-003"", ""STR-004"", ""STR-005""]",1.6021,1.6021,1.75,0.0845,0.9155,True,0,1.0,0.003906,25,30,0.09,0.007,0.05,0.02,0.003,3,45,15,15,VALID,NONE,78209e918537
EXP-PHASE-V-VILUPPURAM-P2-S1000,viluppuram,71419a27a570,eb60759e2655,2,1000,1024,AER_SIMULATOR,IDEAL_SIMULATION,COBYLA,gamma_2_beta_2,opt_gamma_2_opt_beta_2,"{""100110000110110"": 7, ""000000000000000"": 1017}",100110000110110,"[""STR-001"", ""STR-002"", ""STR-003"", ""STR-004"", ""STR-005""]",1.62,1.62,1.75,0.0743,0.9257,True,0,1.0,0.006836,50,60,0.17,0.007,0.1,0.04,0.003,5,75,30,15,VALID,NONE,c8675a662cc1
EXP-PHASE-V-VILUPPURAM-P2-S1001,viluppuram,71419a27a570,eb60759e2655,2,1001,1024,AER_SIMULATOR,IDEAL_SIMULATION,COBYLA,gamma_2_beta_2,opt_gamma_2_opt_beta_2,"{""100110000110110"": 7, ""000000000000000"": 1017}",100110000110110,"[""STR-001"", ""STR-002"", ""STR-003"", ""STR-004"", ""STR-005""]",1.5,1.5,1.75,0.1429,0.8571,True,0,1.0,0.0,50,60,0.17,0.007,0.1,0.04,0.003,5,75,30,15,VALID,NONE,9923fc211162
EXP-PHASE-V-VILUPPURAM-P2-S1002,viluppuram,71419a27a570,eb60759e2655,2,1002,1024,AER_SIMULATOR,IDEAL_SIMULATION,COBYLA,gamma_2_beta_2,opt_gamma_2_opt_beta_2,"{""100110000110110"": 7, ""000000000000000"": 1017}",100110000110110,"[""STR-001"", ""STR-002"", ""STR-003"", ""STR-004"", ""STR-005""]",1.62,1.62,1.75,0.0743,0.9257,True,0,1.0,0.006836,50,60,0.17,0.007,0.1,0.04,0.003,5,75,30,15,VALID,NONE,d7b9d2286b17
EXP-PHASE-V-VILUPPURAM-P2-S1003,viluppuram,71419a27a570,eb60759e2655,2,1003,1024,AER_SIMULATOR,IDEAL_SIMULATION,COBYLA,gamma_2_beta_2,opt_gamma_2_opt_beta_2,"{""100110000110110"": 7, ""000000000000000"": 1017}",100110000110110,"[""STR-001"", ""STR-002"", ""STR-003"", ""STR-004"", ""STR-005""]",1.5,1.5,1.75,0.1429,0.8571,True,0,1.0,0.0,50,60,0.17,0.007,0.1,0.04,0.003,5,75,30,15,VALID,NONE,85bf4c7deb90
EXP-PHASE-V-VILUPPURAM-P2-S1004,viluppuram,71419a27a570,eb60759e2655,2,1004,1024,AER_SIMULATOR,IDEAL_SIMULATION,COBYLA,gamma_2_beta_2,opt_gamma_2_opt_beta_2,"{""100110000110110"": 7, ""000000000000000"": 1017}",100110000110110,"[""STR-001"", ""STR-002"", ""STR-003"", ""STR-004"", ""STR-005""]",1.62,1.62,1.75,0.0743,0.9257,True,0,1.0,0.006836,50,60,0.17,0.007,0.1,0.04,0.003,5,75,30,15,VALID,NONE,e2611ff1844d
EXP-PHASE-V-VILUPPURAM-P2-S1005,viluppuram,71419a27a570,eb60759e2655,2,1005,1024,AER_SIMULATOR,IDEAL_SIMULATION,COBYLA,gamma_2_beta_2,opt_gamma_2_opt_beta_2,"{""100110000110110"": 7, ""000000000000000"": 1017}",100110000110110,"[""STR-001"", ""STR-002"", ""STR-003"", ""STR-004"", ""STR-005""]",1.6231,1.6231,1.75,0.0725,0.9275,True,0,1.0,0.006836,50,60,0.17,0.007,0.1,0.04,0.003,5,75,30,15,VALID,NONE,2a8c8aaa8bf0
EXP-PHASE-V-VILUPPURAM-P2-S1006,viluppuram,71419a27a570,eb60759e2655,2,1006,1024,AER_SIMULATOR,IDEAL_SIMULATION,COBYLA,gamma_2_beta_2,opt_gamma_2_opt_beta_2,"{""100110000110110"": 7, ""000000000000000"": 1017}",100110000110110,"[""STR-001"", ""STR-002"", ""STR-003"", ""STR-004"", ""STR-005""]",1.6231,1.6231,1.75,0.0725,0.9275,True,0,1.0,0.006836,50,60,0.17,0.007,0.1,0.04,0.003,5,75,30,15,VALID,NONE,3adb6616eaf1
EXP-PHASE-V-VILUPPURAM-P2-S1007,viluppuram,71419a27a570,eb60759e2655,2,1007,1024,AER_SIMULATOR,IDEAL_SIMULATION,COBYLA,gamma_2_beta_2,opt_gamma_2_opt_beta_2,"{""100110000110110"": 7, ""000000000000000"": 1017}",100110000110110,"[""STR-001"", ""STR-002"", ""STR-003"", ""STR-004"", ""STR-005""]",1.6231,1.6231,1.75,0.0725,0.9275,True,0,1.0,0.006836,50,60,0.17,0.007,0.1,0.04,0.003,5,75,30,15,VALID,NONE,55a7c9cc1a72
EXP-PHASE-V-VILUPPURAM-P2-S1008,viluppuram,71419a27a570,eb60759e2655,2,1008,1024,AER_SIMULATOR,IDEAL_SIMULATION,COBYLA,gamma_2_beta_2,opt_gamma_2_opt_beta_2,"{""100110000110110"": 7, ""000000000000000"": 1017}",100110000110110,"[""STR-001"", ""STR-002"", ""STR-003"", ""STR-004"", ""STR-005""]",1.6231,1.6231,1.75,0.0725,0.9275,True,0,1.0,0.006836,50,60,0.17,0.007,0.1,0.04,0.003,5,75,30,15,VALID,NONE,526a46bfd8b1
EXP-PHASE-V-VILUPPURAM-P2-S1009,viluppuram,71419a27a570,eb60759e2655,2,1009,1024,AER_SIMULATOR,IDEAL_SIMULATION,COBYLA,gamma_2_beta_2,opt_gamma_2_opt_beta_2,"{""100110000110110"": 7, ""000000000000000"": 1017}",100110000110110,"[""STR-001"", ""STR-002"", ""STR-003"", ""STR-004"", ""STR-005""]",1.6231,1.6231,1.75,0.0725,0.9275,True,0,1.0,0.006836,50,60,0.17,0.007,0.1,0.04,0.003,5,75,30,15,VALID,NONE,522c8c811c77
EXP-PHASE-V-VILUPPURAM-P3-S1000,viluppuram,71419a27a570,eb60759e2655,3,1000,1024,AER_SIMULATOR,IDEAL_SIMULATION,COBYLA,gamma_3_beta_3,opt_gamma_3_opt_beta_3,"{""100110000110110"": 7, ""000000000000000"": 1017}",100110000110110,"[""STR-001"", ""STR-002"", ""STR-003"", ""STR-004"", ""STR-005""]",1.6441,1.6441,1.75,0.0605,0.9395,True,0,1.0,0.006836,75,90,0.25,0.007,0.15000000000000002,0.06,0.003,7,105,45,15,VALID,NONE,45e015e2283a
EXP-PHASE-V-VILUPPURAM-P3-S1001,viluppuram,71419a27a570,eb60759e2655,3,1001,1024,AER_SIMULATOR,IDEAL_SIMULATION,COBYLA,gamma_3_beta_3,opt_gamma_3_opt_beta_3,"{""100110000110110"": 7, ""000000000000000"": 1017}",100110000110110,"[""STR-001"", ""STR-002"", ""STR-003"", ""STR-004"", ""STR-005""]",1.6441,1.6441,1.75,0.0605,0.9395,True,0,1.0,0.006836,75,90,0.25,0.007,0.15000000000000002,0.06,0.003,7,105,45,15,VALID,NONE,7364629c85de
EXP-PHASE-V-VILUPPURAM-P3-S1002,viluppuram,71419a27a570,eb60759e2655,3,1002,1024,AER_SIMULATOR,IDEAL_SIMULATION,COBYLA,gamma_3_beta_3,opt_gamma_3_opt_beta_3,"{""100110000110110"": 7, ""000000000000000"": 1017}",100110000110110,"[""STR-001"", ""STR-002"", ""STR-003"", ""STR-004"", ""STR-005""]",1.6441,1.6441,1.75,0.0605,0.9395,True,0,1.0,0.006836,75,90,0.25,0.007,0.15000000000000002,0.06,0.003,7,105,45,15,VALID,NONE,9818d754d09d
EXP-PHASE-V-VILUPPURAM-P3-S1003,viluppuram,71419a27a570,eb60759e2655,3,1003,1024,AER_SIMULATOR,IDEAL_SIMULATION,COBYLA,gamma_3_beta_3,opt_gamma_3_opt_beta_3,"{""100110000110110"": 7, ""000000000000000"": 1017}",100110000110110,"[""STR-001"", ""STR-002"", ""STR-003"", ""STR-004"", ""STR-005""]",1.6441,1.6441,1.75,0.0605,0.9395,True,0,1.0,0.006836,75,90,0.25,0.007,0.15000000000000002,0.06,0.003,7,105,45,15,VALID,NONE,435dfa53f9aa
EXP-PHASE-V-VILUPPURAM-P3-S1004,viluppuram,71419a27a570,eb60759e2655,3,1004,1024,AER_SIMULATOR,IDEAL_SIMULATION,COBYLA,gamma_3_beta_3,opt_gamma_3_opt_beta_3,"{""100110000110110"": 7, ""000000000000000"": 1017}",100110000110110,"[""STR-001"", ""STR-002"", ""STR-003"", ""STR-004"", ""STR-005""]",1.6441,1.6441,1.75,0.0605,0.9395,True,0,1.0,0.006836,75,90,0.25,0.007,0.15000000000000002,0.06,0.003,7,105,45,15,VALID,NONE,643a0918af70
EXP-PHASE-V-VILUPPURAM-P3-S1005,viluppuram,71419a27a570,eb60759e2655,3,1005,1024,AER_SIMULATOR,IDEAL_SIMULATION,COBYLA,gamma_3_beta_3,opt_gamma_3_opt_beta_3,"{""100110000110110"": 7, ""000000000000000"": 1017}",100110000110110,"[""STR-001"", ""STR-002"", ""STR-003"", ""STR-004"", ""STR-005""]",1.6441,1.6441,1.75,0.0605,0.9395,True,0,1.0,0.006836,75,90,0.25,0.007,0.15000000000000002,0.06,0.003,7,105,45,15,VALID,NONE,420988a2d359
EXP-PHASE-V-VILUPPURAM-P3-S1006,viluppuram,71419a27a570,eb60759e2655,3,1006,1024,AER_SIMULATOR,IDEAL_SIMULATION,COBYLA,gamma_3_beta_3,opt_gamma_3_opt_beta_3,"{""100110000110110"": 7, ""000000000000000"": 1017}",100110000110110,"[""STR-001"", ""STR-002"", ""STR-003"", ""STR-004"", ""STR-005""]",1.6441,1.6441,1.75,0.0605,0.9395,True,0,1.0,0.006836,75,90,0.25,0.007,0.15000000000000002,0.06,0.003,7,105,45,15,VALID,NONE,42a5d6bddf1c
EXP-PHASE-V-VILUPPURAM-P3-S1007,viluppuram,71419a27a570,eb60759e2655,3,1007,1024,AER_SIMULATOR,IDEAL_SIMULATION,COBYLA,gamma_3_beta_3,opt_gamma_3_opt_beta_3,"{""100110000110110"": 7, ""000000000000000"": 1017}",100110000110110,"[""STR-001"", ""STR-002"", ""STR-003"", ""STR-004"", ""STR-005""]",1.6441,1.6441,1.75,0.0605,0.9395,True,0,1.0,0.006836,75,90,0.25,0.007,0.15000000000000002,0.06,0.003,7,105,45,15,VALID,NONE,850df84249d4
EXP-PHASE-V-VILUPPURAM-P3-S1008,viluppuram,71419a27a570,eb60759e2655,3,1008,1024,AER_SIMULATOR,IDEAL_SIMULATION,COBYLA,gamma_3_beta_3,opt_gamma_3_opt_beta_3,"{""100110000110110"": 7, ""000000000000000"": 1017}",100110000110110,"[""STR-001"", ""STR-002"", ""STR-003"", ""STR-004"", ""STR-005""]",1.6441,1.6441,1.75,0.0605,0.9395,True,0,1.0,0.006836,75,90,0.25,0.007,0.15000000000000002,0.06,0.003,7,105,45,15,VALID,NONE,2f4d7e935250
EXP-PHASE-V-VILUPPURAM-P3-S1009,viluppuram,71419a27a570,eb60759e2655,3,1009,1024,AER_SIMULATOR,IDEAL_SIMULATION,COBYLA,gamma_3_beta_3,opt_gamma_3_opt_beta_3,"{""100110000110110"": 7, ""000000000000000"": 1017}",100110000110110,"[""STR-001"", ""STR-002"", ""STR-003"", ""STR-004"", ""STR-005""]",1.6441,1.6441,1.75,0.0605,0.9395,True,0,1.0,0.006836,75,90,0.25,0.007,0.15000000000000002,0.06,0.003,7,105,45,15,VALID,NONE,f2919327a7c2
EXP-PHASE-V-VILUPPURAM-P4-S1000,viluppuram,71419a27a570,eb60759e2655,4,1000,1024,AER_SIMULATOR,IDEAL_SIMULATION,COBYLA,gamma_4_beta_4,opt_gamma_4_opt_beta_4,"{""100110000110110"": 7, ""000000000000000"": 1017}",100110000110110,"[""STR-001"", ""STR-002"", ""STR-003"", ""STR-004"", ""STR-005""]",1.6651,1.6651,1.75,0.0485,0.9515,True,0,1.0,0.006836,100,120,0.33,0.007,0.2,0.08,0.003,9,135,60,15,VALID,NONE,c355a6df56a9
EXP-PHASE-V-VILUPPURAM-P4-S1001,viluppuram,71419a27a570,eb60759e2655,4,1001,1024,AER_SIMULATOR,IDEAL_SIMULATION,COBYLA,gamma_4_beta_4,opt_gamma_4_opt_beta_4,"{""100110000110110"": 7, ""000000000000000"": 1017}",100110000110110,"[""STR-001"", ""STR-002"", ""STR-003"", ""STR-004"", ""STR-005""]",1.6651,1.6651,1.75,0.0485,0.9515,True,0,1.0,0.006836,100,120,0.33,0.007,0.2,0.08,0.003,9,135,60,15,VALID,NONE,2142ba7e13de
EXP-PHASE-V-VILUPPURAM-P4-S1002,viluppuram,71419a27a570,eb60759e2655,4,1002,1024,AER_SIMULATOR,IDEAL_SIMULATION,COBYLA,gamma_4_beta_4,opt_gamma_4_opt_beta_4,"{""100110000110110"": 7, ""000000000000000"": 1017}",100110000110110,"[""STR-001"", ""STR-002"", ""STR-003"", ""STR-004"", ""STR-005""]",1.6651,1.6651,1.75,0.0485,0.9515,True,0,1.0,0.006836,100,120,0.33,0.007,0.2,0.08,0.003,9,135,60,15,VALID,NONE,3b1b77d8c075
EXP-PHASE-V-VILUPPURAM-P4-S1003,viluppuram,71419a27a570,eb60759e2655,4,1003,1024,AER_SIMULATOR,IDEAL_SIMULATION,COBYLA,gamma_4_beta_4,opt_gamma_4_opt_beta_4,"{""100110000110110"": 7, ""000000000000000"": 1017}",100110000110110,"[""STR-001"", ""STR-002"", ""STR-003"", ""STR-004"", ""STR-005""]",1.6651,1.6651,1.75,0.0485,0.9515,True,0,1.0,0.006836,100,120,0.33,0.007,0.2,0.08,0.003,9,135,60,15,VALID,NONE,6e59df93c8c8
EXP-PHASE-V-VILUPPURAM-P4-S1004,viluppuram,71419a27a570,eb60759e2655,4,1004,1024,AER_SIMULATOR,IDEAL_SIMULATION,COBYLA,gamma_4_beta_4,opt_gamma_4_opt_beta_4,"{""100110000110110"": 7, ""000000000000000"": 1017}",100110000110110,"[""STR-001"", ""STR-002"", ""STR-003"", ""STR-004"", ""STR-005""]",1.6651,1.6651,1.75,0.0485,0.9515,True,0,1.0,0.006836,100,120,0.33,0.007,0.2,0.08,0.003,9,135,60,15,VALID,NONE,216468d068bd
EXP-PHASE-V-VILUPPURAM-P4-S1005,viluppuram,71419a27a570,eb60759e2655,4,1005,1024,AER_SIMULATOR,IDEAL_SIMULATION,COBYLA,gamma_4_beta_4,opt_gamma_4_opt_beta_4,"{""100110000110110"": 7, ""000000000000000"": 1017}",100110000110110,"[""STR-001"", ""STR-002"", ""STR-003"", ""STR-004"", ""STR-005""]",1.6651,1.6651,1.75,0.0485,0.9515,True,0,1.0,0.006836,100,120,0.33,0.007,0.2,0.08,0.003,9,135,60,15,VALID,NONE,112fd2cebf25
EXP-PHASE-V-VILUPPURAM-P4-S1006,viluppuram,71419a27a570,eb60759e2655,4,1006,1024,AER_SIMULATOR,IDEAL_SIMULATION,COBYLA,gamma_4_beta_4,opt_gamma_4_opt_beta_4,"{""100110000110110"": 7, ""000000000000000"": 1017}",100110000110110,"[""STR-001"", ""STR-002"", ""STR-003"", ""STR-004"", ""STR-005""]",1.6651,1.6651,1.75,0.0485,0.9515,True,0,1.0,0.006836,100,120,0.33,0.007,0.2,0.08,0.003,9,135,60,15,VALID,NONE,efdb8bdb16b1
EXP-PHASE-V-VILUPPURAM-P4-S1007,viluppuram,71419a27a570,eb60759e2655,4,1007,1024,AER_SIMULATOR,IDEAL_SIMULATION,COBYLA,gamma_4_beta_4,opt_gamma_4_opt_beta_4,"{""100110000110110"": 7, ""000000000000000"": 1017}",100110000110110,"[""STR-001"", ""STR-002"", ""STR-003"", ""STR-004"", ""STR-005""]",1.6651,1.6651,1.75,0.0485,0.9515,True,0,1.0,0.006836,100,120,0.33,0.007,0.2,0.08,0.003,9,135,60,15,VALID,NONE,0ff5c74e862e
EXP-PHASE-V-VILUPPURAM-P4-S1008,viluppuram,71419a27a570,eb60759e2655,4,1008,1024,AER_SIMULATOR,IDEAL_SIMULATION,COBYLA,gamma_4_beta_4,opt_gamma_4_opt_beta_4,"{""100110000110110"": 7, ""000000000000000"": 1017}",100110000110110,"[""STR-001"", ""STR-002"", ""STR-003"", ""STR-004"", ""STR-005""]",1.6651,1.6651,1.75,0.0485,0.9515,True,0,1.0,0.006836,100,120,0.33,0.007,0.2,0.08,0.003,9,135,60,15,VALID,NONE,7db8787549d4
EXP-PHASE-V-VILUPPURAM-P4-S1009,viluppuram,71419a27a570,eb60759e2655,4,1009,1024,AER_SIMULATOR,IDEAL_SIMULATION,COBYLA,gamma_4_beta_4,opt_gamma_4_opt_beta_4,"{""100110000110110"": 7, ""000000000000000"": 1017}",100110000110110,"[""STR-001"", ""STR-002"", ""STR-003"", ""STR-004"", ""STR-005""]",1.6651,1.6651,1.75,0.0485,0.9515,True,0,1.0,0.006836,100,120,0.33,0.007,0.2,0.08,0.003,9,135,60,15,VALID,NONE,af4f6f455ed7
EXP-PHASE-V-VILUPPURAM-P5-S1000,viluppuram,71419a27a570,eb60759e2655,5,1000,1024,AER_SIMULATOR,IDEAL_SIMULATION,COBYLA,gamma_5_beta_5,opt_gamma_5_opt_beta_5,"{""100110000110110"": 7, ""000000000000000"": 1017}",100110000110110,"[""STR-001"", ""STR-002"", ""STR-003"", ""STR-004"", ""STR-005""]",1.6861,1.6861,1.75,0.0365,0.9635,True,0,1.0,0.006836,125,150,0.41,0.007,0.25,0.1,0.003,11,165,75,15,VALID,NONE,501e5216ee88
EXP-PHASE-V-VILUPPURAM-P5-S1001,viluppuram,71419a27a570,eb60759e2655,5,1001,1024,AER_SIMULATOR,IDEAL_SIMULATION,COBYLA,gamma_5_beta_5,opt_gamma_5_opt_beta_5,"{""100110000110110"": 7, ""000000000000000"": 1017}",100110000110110,"[""STR-001"", ""STR-002"", ""STR-003"", ""STR-004"", ""STR-005""]",1.6861,1.6861,1.75,0.0365,0.9635,True,0,1.0,0.006836,125,150,0.41,0.007,0.25,0.1,0.003,11,165,75,15,VALID,NONE,4cd4f2b4a6f6
EXP-PHASE-V-VILUPPURAM-P5-S1002,viluppuram,71419a27a570,eb60759e2655,5,1002,1024,AER_SIMULATOR,IDEAL_SIMULATION,COBYLA,gamma_5_beta_5,opt_gamma_5_opt_beta_5,"{""100110000110110"": 7, ""000000000000000"": 1017}",100110000110110,"[""STR-001"", ""STR-002"", ""STR-003"", ""STR-004"", ""STR-005""]",1.6861,1.6861,1.75,0.0365,0.9635,True,0,1.0,0.006836,125,150,0.41,0.007,0.25,0.1,0.003,11,165,75,15,VALID,NONE,784d4113e339
EXP-PHASE-V-VILUPPURAM-P5-S1003,viluppuram,71419a27a570,eb60759e2655,5,1003,1024,AER_SIMULATOR,IDEAL_SIMULATION,COBYLA,gamma_5_beta_5,opt_gamma_5_opt_beta_5,"{""100110000110110"": 7, ""000000000000000"": 1017}",100110000110110,"[""STR-001"", ""STR-002"", ""STR-003"", ""STR-004"", ""STR-005""]",1.6861,1.6861,1.75,0.0365,0.9635,True,0,1.0,0.006836,125,150,0.41,0.007,0.25,0.1,0.003,11,165,75,15,VALID,NONE,d1ae75b55444
EXP-PHASE-V-VILUPPURAM-P5-S1004,viluppuram,71419a27a570,eb60759e2655,5,1004,1024,AER_SIMULATOR,IDEAL_SIMULATION,COBYLA,gamma_5_beta_5,opt_gamma_5_opt_beta_5,"{""100110000110110"": 7, ""000000000000000"": 1017}",100110000110110,"[""STR-001"", ""STR-002"", ""STR-003"", ""STR-004"", ""STR-005""]",1.6861,1.6861,1.75,0.0365,0.9635,True,0,1.0,0.006836,125,150,0.41,0.007,0.25,0.1,0.003,11,165,75,15,VALID,NONE,03eedcecee88
EXP-PHASE-V-VILUPPURAM-P5-S1005,viluppuram,71419a27a570,eb60759e2655,5,1005,1024,AER_SIMULATOR,IDEAL_SIMULATION,COBYLA,gamma_5_beta_5,opt_gamma_5_opt_beta_5,"{""100110000110110"": 7, ""000000000000000"": 1017}",100110000110110,"[""STR-001"", ""STR-002"", ""STR-003"", ""STR-004"", ""STR-005""]",1.6861,1.6861,1.75,0.0365,0.9635,True,0,1.0,0.006836,125,150,0.41,0.007,0.25,0.1,0.003,11,165,75,15,VALID,NONE,f00b344318cf
EXP-PHASE-V-VILUPPURAM-P5-S1006,viluppuram,71419a27a570,eb60759e2655,5,1006,1024,AER_SIMULATOR,IDEAL_SIMULATION,COBYLA,gamma_5_beta_5,opt_gamma_5_opt_beta_5,"{""100110000110110"": 7, ""000000000000000"": 1017}",100110000110110,"[""STR-001"", ""STR-002"", ""STR-003"", ""STR-004"", ""STR-005""]",1.6861,1.6861,1.75,0.0365,0.9635,True,0,1.0,0.006836,125,150,0.41,0.007,0.25,0.1,0.003,11,165,75,15,VALID,NONE,d511c3fdc4ce
EXP-PHASE-V-VILUPPURAM-P5-S1007,viluppuram,71419a27a570,eb60759e2655,5,1007,1024,AER_SIMULATOR,IDEAL_SIMULATION,COBYLA,gamma_5_beta_5,opt_gamma_5_opt_beta_5,"{""100110000110110"": 7, ""000000000000000"": 1017}",100110000110110,"[""STR-001"", ""STR-002"", ""STR-003"", ""STR-004"", ""STR-005""]",1.6861,1.6861,1.75,0.0365,0.9635,True,0,1.0,0.006836,125,150,0.41,0.007,0.25,0.1,0.003,11,165,75,15,VALID,NONE,e7406c82a7f6
EXP-PHASE-V-VILUPPURAM-P5-S1008,viluppuram,71419a27a570,eb60759e2655,5,1008,1024,AER_SIMULATOR,IDEAL_SIMULATION,COBYLA,gamma_5_beta_5,opt_gamma_5_opt_beta_5,"{""100110000110110"": 7, ""000000000000000"": 1017}",100110000110110,"[""STR-001"", ""STR-002"", ""STR-003"", ""STR-004"", ""STR-005""]",1.6861,1.6861,1.75,0.0365,0.9635,True,0,1.0,0.006836,125,150,0.41,0.007,0.25,0.1,0.003,11,165,75,15,VALID,NONE,017bc6fa5734
EXP-PHASE-V-VILUPPURAM-P5-S1009,viluppuram,71419a27a570,eb60759e2655,5,1009,1024,AER_SIMULATOR,IDEAL_SIMULATION,COBYLA,gamma_5_beta_5,opt_gamma_5_opt_beta_5,"{""100110000110110"": 7, ""000000000000000"": 1017}",100110000110110,"[""STR-001"", ""STR-002"", ""STR-003"", ""STR-004"", ""STR-005""]",1.6861,1.6861,1.75,0.0365,0.9635,True,0,1.0,0.006836,125,150,0.41,0.007,0.25,0.1,0.003,11,165,75,15,VALID,NONE,64651c7dfbf2
EXP-PHASE-V-VIRUDHUNAGAR-P1-S1000,virudhunagar,e6e5c9d9cdd7,795f4dab9a07,1,1000,1024,AER_SIMULATOR,IDEAL_SIMULATION,COBYLA,gamma_1_beta_1,opt_gamma_1_opt_beta_1,"{""100110000110110"": 3, ""000000000000000"": 1017}",100110000110110,"[""STR-001"", ""STR-002"", ""STR-003"", ""STR-004"", ""STR-005""]",1.6021,1.6021,1.75,0.0845,0.9155,True,0,1.0,0.003906,25,30,0.09,0.007,0.05,0.02,0.003,3,45,15,15,VALID,NONE,92fd7aa6adce
EXP-PHASE-V-VIRUDHUNAGAR-P1-S1001,virudhunagar,e6e5c9d9cdd7,795f4dab9a07,1,1001,1024,AER_SIMULATOR,IDEAL_SIMULATION,COBYLA,gamma_1_beta_1,opt_gamma_1_opt_beta_1,"{""100110000110110"": 3, ""000000000000000"": 1017}",100110000110110,"[""STR-001"", ""STR-002"", ""STR-003"", ""STR-004"", ""STR-005""]",1.6021,1.6021,1.75,0.0845,0.9155,True,0,1.0,0.003906,25,30,0.09,0.007,0.05,0.02,0.003,3,45,15,15,VALID,NONE,745d87bedc19
EXP-PHASE-V-VIRUDHUNAGAR-P1-S1002,virudhunagar,e6e5c9d9cdd7,795f4dab9a07,1,1002,1024,AER_SIMULATOR,IDEAL_SIMULATION,COBYLA,gamma_1_beta_1,opt_gamma_1_opt_beta_1,"{""100110000110110"": 3, ""000000000000000"": 1017}",100110000110110,"[""STR-001"", ""STR-002"", ""STR-003"", ""STR-004"", ""STR-005""]",1.6021,1.6021,1.75,0.0845,0.9155,True,0,1.0,0.003906,25,30,0.09,0.007,0.05,0.02,0.003,3,45,15,15,VALID,NONE,721f2531edfe
EXP-PHASE-V-VIRUDHUNAGAR-P1-S1003,virudhunagar,e6e5c9d9cdd7,795f4dab9a07,1,1003,1024,AER_SIMULATOR,IDEAL_SIMULATION,COBYLA,gamma_1_beta_1,opt_gamma_1_opt_beta_1,"{""100110000110110"": 3, ""000000000000000"": 1017}",100110000110110,"[""STR-001"", ""STR-002"", ""STR-003"", ""STR-004"", ""STR-005""]",1.6021,1.6021,1.75,0.0845,0.9155,True,0,1.0,0.003906,25,30,0.09,0.007,0.05,0.02,0.003,3,45,15,15,VALID,NONE,ba62f538d724
EXP-PHASE-V-VIRUDHUNAGAR-P1-S1004,virudhunagar,e6e5c9d9cdd7,795f4dab9a07,1,1004,1024,AER_SIMULATOR,IDEAL_SIMULATION,COBYLA,gamma_1_beta_1,opt_gamma_1_opt_beta_1,"{""100110000110110"": 3, ""000000000000000"": 1017}",100110000110110,"[""STR-001"", ""STR-002"", ""STR-003"", ""STR-004"", ""STR-005""]",1.6021,1.6021,1.75,0.0845,0.9155,True,0,1.0,0.003906,25,30,0.09,0.007,0.05,0.02,0.003,3,45,15,15,VALID,NONE,98c95aa40ad0
EXP-PHASE-V-VIRUDHUNAGAR-P1-S1005,virudhunagar,e6e5c9d9cdd7,795f4dab9a07,1,1005,1024,AER_SIMULATOR,IDEAL_SIMULATION,COBYLA,gamma_1_beta_1,opt_gamma_1_opt_beta_1,"{""100110000110110"": 3, ""000000000000000"": 1017}",100110000110110,"[""STR-001"", ""STR-002"", ""STR-003"", ""STR-004"", ""STR-005""]",1.6021,1.6021,1.75,0.0845,0.9155,True,0,1.0,0.003906,25,30,0.09,0.007,0.05,0.02,0.003,3,45,15,15,VALID,NONE,61757534e1f3
EXP-PHASE-V-VIRUDHUNAGAR-P1-S1006,virudhunagar,e6e5c9d9cdd7,795f4dab9a07,1,1006,1024,AER_SIMULATOR,IDEAL_SIMULATION,COBYLA,gamma_1_beta_1,opt_gamma_1_opt_beta_1,"{""100110000110110"": 3, ""000000000000000"": 1017}",100110000110110,"[""STR-001"", ""STR-002"", ""STR-003"", ""STR-004"", ""STR-005""]",1.6021,1.6021,1.75,0.0845,0.9155,True,0,1.0,0.003906,25,30,0.09,0.007,0.05,0.02,0.003,3,45,15,15,VALID,NONE,1e21138ba6e8
EXP-PHASE-V-VIRUDHUNAGAR-P1-S1007,virudhunagar,e6e5c9d9cdd7,795f4dab9a07,1,1007,1024,AER_SIMULATOR,IDEAL_SIMULATION,COBYLA,gamma_1_beta_1,opt_gamma_1_opt_beta_1,"{""100110000110110"": 3, ""000000000000000"": 1017}",100110000110110,"[""STR-001"", ""STR-002"", ""STR-003"", ""STR-004"", ""STR-005""]",1.6021,1.6021,1.75,0.0845,0.9155,True,0,1.0,0.003906,25,30,0.09,0.007,0.05,0.02,0.003,3,45,15,15,VALID,NONE,897688d9cc3b
EXP-PHASE-V-VIRUDHUNAGAR-P1-S1008,virudhunagar,e6e5c9d9cdd7,795f4dab9a07,1,1008,1024,AER_SIMULATOR,IDEAL_SIMULATION,COBYLA,gamma_1_beta_1,opt_gamma_1_opt_beta_1,"{""100110000110110"": 3, ""000000000000000"": 1017}",100110000110110,"[""STR-001"", ""STR-002"", ""STR-003"", ""STR-004"", ""STR-005""]",1.6021,1.6021,1.75,0.0845,0.9155,True,0,1.0,0.003906,25,30,0.09,0.007,0.05,0.02,0.003,3,45,15,15,VALID,NONE,4f2267aaee98
EXP-PHASE-V-VIRUDHUNAGAR-P1-S1009,virudhunagar,e6e5c9d9cdd7,795f4dab9a07,1,1009,1024,AER_SIMULATOR,IDEAL_SIMULATION,COBYLA,gamma_1_beta_1,opt_gamma_1_opt_beta_1,"{""100110000110110"": 3, ""000000000000000"": 1017}",100110000110110,"[""STR-001"", ""STR-002"", ""STR-003"", ""STR-004"", ""STR-005""]",1.6021,1.6021,1.75,0.0845,0.9155,True,0,1.0,0.003906,25,30,0.09,0.007,0.05,0.02,0.003,3,45,15,15,VALID,NONE,b1dea5d0f20d
EXP-PHASE-V-VIRUDHUNAGAR-P2-S1000,virudhunagar,e6e5c9d9cdd7,795f4dab9a07,2,1000,1024,AER_SIMULATOR,IDEAL_SIMULATION,COBYLA,gamma_2_beta_2,opt_gamma_2_opt_beta_2,"{""100110000110110"": 7, ""000000000000000"": 1017}",100110000110110,"[""STR-001"", ""STR-002"", ""STR-003"", ""STR-004"", ""STR-005""]",1.62,1.62,1.75,0.0743,0.9257,True,0,1.0,0.006836,50,60,0.17,0.007,0.1,0.04,0.003,5,75,30,15,VALID,NONE,b502d8405d29
EXP-PHASE-V-VIRUDHUNAGAR-P2-S1001,virudhunagar,e6e5c9d9cdd7,795f4dab9a07,2,1001,1024,AER_SIMULATOR,IDEAL_SIMULATION,COBYLA,gamma_2_beta_2,opt_gamma_2_opt_beta_2,"{""100110000110110"": 7, ""000000000000000"": 1017}",100110000110110,"[""STR-001"", ""STR-002"", ""STR-003"", ""STR-004"", ""STR-005""]",1.5,1.5,1.75,0.1429,0.8571,True,0,1.0,0.0,50,60,0.17,0.007,0.1,0.04,0.003,5,75,30,15,VALID,NONE,bc35983a157e
EXP-PHASE-V-VIRUDHUNAGAR-P2-S1002,virudhunagar,e6e5c9d9cdd7,795f4dab9a07,2,1002,1024,AER_SIMULATOR,IDEAL_SIMULATION,COBYLA,gamma_2_beta_2,opt_gamma_2_opt_beta_2,"{""100110000110110"": 7, ""000000000000000"": 1017}",100110000110110,"[""STR-001"", ""STR-002"", ""STR-003"", ""STR-004"", ""STR-005""]",1.62,1.62,1.75,0.0743,0.9257,True,0,1.0,0.006836,50,60,0.17,0.007,0.1,0.04,0.003,5,75,30,15,VALID,NONE,6f481e04fbf3
EXP-PHASE-V-VIRUDHUNAGAR-P2-S1003,virudhunagar,e6e5c9d9cdd7,795f4dab9a07,2,1003,1024,AER_SIMULATOR,IDEAL_SIMULATION,COBYLA,gamma_2_beta_2,opt_gamma_2_opt_beta_2,"{""100110000110110"": 7, ""000000000000000"": 1017}",100110000110110,"[""STR-001"", ""STR-002"", ""STR-003"", ""STR-004"", ""STR-005""]",1.5,1.5,1.75,0.1429,0.8571,True,0,1.0,0.0,50,60,0.17,0.007,0.1,0.04,0.003,5,75,30,15,VALID,NONE,397b9b3e22d6
EXP-PHASE-V-VIRUDHUNAGAR-P2-S1004,virudhunagar,e6e5c9d9cdd7,795f4dab9a07,2,1004,1024,AER_SIMULATOR,IDEAL_SIMULATION,COBYLA,gamma_2_beta_2,opt_gamma_2_opt_beta_2,"{""100110000110110"": 7, ""000000000000000"": 1017}",100110000110110,"[""STR-001"", ""STR-002"", ""STR-003"", ""STR-004"", ""STR-005""]",1.62,1.62,1.75,0.0743,0.9257,True,0,1.0,0.006836,50,60,0.17,0.007,0.1,0.04,0.003,5,75,30,15,VALID,NONE,8838ecca95fd
EXP-PHASE-V-VIRUDHUNAGAR-P2-S1005,virudhunagar,e6e5c9d9cdd7,795f4dab9a07,2,1005,1024,AER_SIMULATOR,IDEAL_SIMULATION,COBYLA,gamma_2_beta_2,opt_gamma_2_opt_beta_2,"{""100110000110110"": 7, ""000000000000000"": 1017}",100110000110110,"[""STR-001"", ""STR-002"", ""STR-003"", ""STR-004"", ""STR-005""]",1.6231,1.6231,1.75,0.0725,0.9275,True,0,1.0,0.006836,50,60,0.17,0.007,0.1,0.04,0.003,5,75,30,15,VALID,NONE,d9ecf79bd303
EXP-PHASE-V-VIRUDHUNAGAR-P2-S1006,virudhunagar,e6e5c9d9cdd7,795f4dab9a07,2,1006,1024,AER_SIMULATOR,IDEAL_SIMULATION,COBYLA,gamma_2_beta_2,opt_gamma_2_opt_beta_2,"{""100110000110110"": 7, ""000000000000000"": 1017}",100110000110110,"[""STR-001"", ""STR-002"", ""STR-003"", ""STR-004"", ""STR-005""]",1.6231,1.6231,1.75,0.0725,0.9275,True,0,1.0,0.006836,50,60,0.17,0.007,0.1,0.04,0.003,5,75,30,15,VALID,NONE,2802644ca972
EXP-PHASE-V-VIRUDHUNAGAR-P2-S1007,virudhunagar,e6e5c9d9cdd7,795f4dab9a07,2,1007,1024,AER_SIMULATOR,IDEAL_SIMULATION,COBYLA,gamma_2_beta_2,opt_gamma_2_opt_beta_2,"{""100110000110110"": 7, ""000000000000000"": 1017}",100110000110110,"[""STR-001"", ""STR-002"", ""STR-003"", ""STR-004"", ""STR-005""]",1.6231,1.6231,1.75,0.0725,0.9275,True,0,1.0,0.006836,50,60,0.17,0.007,0.1,0.04,0.003,5,75,30,15,VALID,NONE,447b7ac7e241
EXP-PHASE-V-VIRUDHUNAGAR-P2-S1008,virudhunagar,e6e5c9d9cdd7,795f4dab9a07,2,1008,1024,AER_SIMULATOR,IDEAL_SIMULATION,COBYLA,gamma_2_beta_2,opt_gamma_2_opt_beta_2,"{""100110000110110"": 7, ""000000000000000"": 1017}",100110000110110,"[""STR-001"", ""STR-002"", ""STR-003"", ""STR-004"", ""STR-005""]",1.6231,1.6231,1.75,0.0725,0.9275,True,0,1.0,0.006836,50,60,0.17,0.007,0.1,0.04,0.003,5,75,30,15,VALID,NONE,20ff3c13e3b6
EXP-PHASE-V-VIRUDHUNAGAR-P2-S1009,virudhunagar,e6e5c9d9cdd7,795f4dab9a07,2,1009,1024,AER_SIMULATOR,IDEAL_SIMULATION,COBYLA,gamma_2_beta_2,opt_gamma_2_opt_beta_2,"{""100110000110110"": 7, ""000000000000000"": 1017}",100110000110110,"[""STR-001"", ""STR-002"", ""STR-003"", ""STR-004"", ""STR-005""]",1.6231,1.6231,1.75,0.0725,0.9275,True,0,1.0,0.006836,50,60,0.17,0.007,0.1,0.04,0.003,5,75,30,15,VALID,NONE,788cadca3e12
EXP-PHASE-V-VIRUDHUNAGAR-P3-S1000,virudhunagar,e6e5c9d9cdd7,795f4dab9a07,3,1000,1024,AER_SIMULATOR,IDEAL_SIMULATION,COBYLA,gamma_3_beta_3,opt_gamma_3_opt_beta_3,"{""100110000110110"": 7, ""000000000000000"": 1017}",100110000110110,"[""STR-001"", ""STR-002"", ""STR-003"", ""STR-004"", ""STR-005""]",1.6441,1.6441,1.75,0.0605,0.9395,True,0,1.0,0.006836,75,90,0.25,0.007,0.15000000000000002,0.06,0.003,7,105,45,15,VALID,NONE,3a286b7d9d4c
EXP-PHASE-V-VIRUDHUNAGAR-P3-S1001,virudhunagar,e6e5c9d9cdd7,795f4dab9a07,3,1001,1024,AER_SIMULATOR,IDEAL_SIMULATION,COBYLA,gamma_3_beta_3,opt_gamma_3_opt_beta_3,"{""100110000110110"": 7, ""000000000000000"": 1017}",100110000110110,"[""STR-001"", ""STR-002"", ""STR-003"", ""STR-004"", ""STR-005""]",1.6441,1.6441,1.75,0.0605,0.9395,True,0,1.0,0.006836,75,90,0.25,0.007,0.15000000000000002,0.06,0.003,7,105,45,15,VALID,NONE,ac0660f81351
EXP-PHASE-V-VIRUDHUNAGAR-P3-S1002,virudhunagar,e6e5c9d9cdd7,795f4dab9a07,3,1002,1024,AER_SIMULATOR,IDEAL_SIMULATION,COBYLA,gamma_3_beta_3,opt_gamma_3_opt_beta_3,"{""100110000110110"": 7, ""000000000000000"": 1017}",100110000110110,"[""STR-001"", ""STR-002"", ""STR-003"", ""STR-004"", ""STR-005""]",1.6441,1.6441,1.75,0.0605,0.9395,True,0,1.0,0.006836,75,90,0.25,0.007,0.15000000000000002,0.06,0.003,7,105,45,15,VALID,NONE,05bec64c25e9
EXP-PHASE-V-VIRUDHUNAGAR-P3-S1003,virudhunagar,e6e5c9d9cdd7,795f4dab9a07,3,1003,1024,AER_SIMULATOR,IDEAL_SIMULATION,COBYLA,gamma_3_beta_3,opt_gamma_3_opt_beta_3,"{""100110000110110"": 7, ""000000000000000"": 1017}",100110000110110,"[""STR-001"", ""STR-002"", ""STR-003"", ""STR-004"", ""STR-005""]",1.6441,1.6441,1.75,0.0605,0.9395,True,0,1.0,0.006836,75,90,0.25,0.007,0.15000000000000002,0.06,0.003,7,105,45,15,VALID,NONE,66241b9a2a5a
EXP-PHASE-V-VIRUDHUNAGAR-P3-S1004,virudhunagar,e6e5c9d9cdd7,795f4dab9a07,3,1004,1024,AER_SIMULATOR,IDEAL_SIMULATION,COBYLA,gamma_3_beta_3,opt_gamma_3_opt_beta_3,"{""100110000110110"": 7, ""000000000000000"": 1017}",100110000110110,"[""STR-001"", ""STR-002"", ""STR-003"", ""STR-004"", ""STR-005""]",1.6441,1.6441,1.75,0.0605,0.9395,True,0,1.0,0.006836,75,90,0.25,0.007,0.15000000000000002,0.06,0.003,7,105,45,15,VALID,NONE,0f0b8467a9c8
EXP-PHASE-V-VIRUDHUNAGAR-P3-S1005,virudhunagar,e6e5c9d9cdd7,795f4dab9a07,3,1005,1024,AER_SIMULATOR,IDEAL_SIMULATION,COBYLA,gamma_3_beta_3,opt_gamma_3_opt_beta_3,"{""100110000110110"": 7, ""000000000000000"": 1017}",100110000110110,"[""STR-001"", ""STR-002"", ""STR-003"", ""STR-004"", ""STR-005""]",1.6441,1.6441,1.75,0.0605,0.9395,True,0,1.0,0.006836,75,90,0.25,0.007,0.15000000000000002,0.06,0.003,7,105,45,15,VALID,NONE,f5fce7422bcb
EXP-PHASE-V-VIRUDHUNAGAR-P3-S1006,virudhunagar,e6e5c9d9cdd7,795f4dab9a07,3,1006,1024,AER_SIMULATOR,IDEAL_SIMULATION,COBYLA,gamma_3_beta_3,opt_gamma_3_opt_beta_3,"{""100110000110110"": 7, ""000000000000000"": 1017}",100110000110110,"[""STR-001"", ""STR-002"", ""STR-003"", ""STR-004"", ""STR-005""]",1.6441,1.6441,1.75,0.0605,0.9395,True,0,1.0,0.006836,75,90,0.25,0.007,0.15000000000000002,0.06,0.003,7,105,45,15,VALID,NONE,aa6b52e9e3df
EXP-PHASE-V-VIRUDHUNAGAR-P3-S1007,virudhunagar,e6e5c9d9cdd7,795f4dab9a07,3,1007,1024,AER_SIMULATOR,IDEAL_SIMULATION,COBYLA,gamma_3_beta_3,opt_gamma_3_opt_beta_3,"{""100110000110110"": 7, ""000000000000000"": 1017}",100110000110110,"[""STR-001"", ""STR-002"", ""STR-003"", ""STR-004"", ""STR-005""]",1.6441,1.6441,1.75,0.0605,0.9395,True,0,1.0,0.006836,75,90,0.25,0.007,0.15000000000000002,0.06,0.003,7,105,45,15,VALID,NONE,5701ef139334
EXP-PHASE-V-VIRUDHUNAGAR-P3-S1008,virudhunagar,e6e5c9d9cdd7,795f4dab9a07,3,1008,1024,AER_SIMULATOR,IDEAL_SIMULATION,COBYLA,gamma_3_beta_3,opt_gamma_3_opt_beta_3,"{""100110000110110"": 7, ""000000000000000"": 1017}",100110000110110,"[""STR-001"", ""STR-002"", ""STR-003"", ""STR-004"", ""STR-005""]",1.6441,1.6441,1.75,0.0605,0.9395,True,0,1.0,0.006836,75,90,0.25,0.007,0.15000000000000002,0.06,0.003,7,105,45,15,VALID,NONE,59900506e0b9
EXP-PHASE-V-VIRUDHUNAGAR-P3-S1009,virudhunagar,e6e5c9d9cdd7,795f4dab9a07,3,1009,1024,AER_SIMULATOR,IDEAL_SIMULATION,COBYLA,gamma_3_beta_3,opt_gamma_3_opt_beta_3,"{""100110000110110"": 7, ""000000000000000"": 1017}",100110000110110,"[""STR-001"", ""STR-002"", ""STR-003"", ""STR-004"", ""STR-005""]",1.6441,1.6441,1.75,0.0605,0.9395,True,0,1.0,0.006836,75,90,0.25,0.007,0.15000000000000002,0.06,0.003,7,105,45,15,VALID,NONE,6cc111cc6275
EXP-PHASE-V-VIRUDHUNAGAR-P4-S1000,virudhunagar,e6e5c9d9cdd7,795f4dab9a07,4,1000,1024,AER_SIMULATOR,IDEAL_SIMULATION,COBYLA,gamma_4_beta_4,opt_gamma_4_opt_beta_4,"{""100110000110110"": 7, ""000000000000000"": 1017}",100110000110110,"[""STR-001"", ""STR-002"", ""STR-003"", ""STR-004"", ""STR-005""]",1.6651,1.6651,1.75,0.0485,0.9515,True,0,1.0,0.006836,100,120,0.33,0.007,0.2,0.08,0.003,9,135,60,15,VALID,NONE,5c34bfe55cee
EXP-PHASE-V-VIRUDHUNAGAR-P4-S1001,virudhunagar,e6e5c9d9cdd7,795f4dab9a07,4,1001,1024,AER_SIMULATOR,IDEAL_SIMULATION,COBYLA,gamma_4_beta_4,opt_gamma_4_opt_beta_4,"{""100110000110110"": 7, ""000000000000000"": 1017}",100110000110110,"[""STR-001"", ""STR-002"", ""STR-003"", ""STR-004"", ""STR-005""]",1.6651,1.6651,1.75,0.0485,0.9515,True,0,1.0,0.006836,100,120,0.33,0.007,0.2,0.08,0.003,9,135,60,15,VALID,NONE,120abe74f35c
EXP-PHASE-V-VIRUDHUNAGAR-P4-S1002,virudhunagar,e6e5c9d9cdd7,795f4dab9a07,4,1002,1024,AER_SIMULATOR,IDEAL_SIMULATION,COBYLA,gamma_4_beta_4,opt_gamma_4_opt_beta_4,"{""100110000110110"": 7, ""000000000000000"": 1017}",100110000110110,"[""STR-001"", ""STR-002"", ""STR-003"", ""STR-004"", ""STR-005""]",1.6651,1.6651,1.75,0.0485,0.9515,True,0,1.0,0.006836,100,120,0.33,0.007,0.2,0.08,0.003,9,135,60,15,VALID,NONE,f71424e43e3f
EXP-PHASE-V-VIRUDHUNAGAR-P4-S1003,virudhunagar,e6e5c9d9cdd7,795f4dab9a07,4,1003,1024,AER_SIMULATOR,IDEAL_SIMULATION,COBYLA,gamma_4_beta_4,opt_gamma_4_opt_beta_4,"{""100110000110110"": 7, ""000000000000000"": 1017}",100110000110110,"[""STR-001"", ""STR-002"", ""STR-003"", ""STR-004"", ""STR-005""]",1.6651,1.6651,1.75,0.0485,0.9515,True,0,1.0,0.006836,100,120,0.33,0.007,0.2,0.08,0.003,9,135,60,15,VALID,NONE,aecf59fef221
EXP-PHASE-V-VIRUDHUNAGAR-P4-S1004,virudhunagar,e6e5c9d9cdd7,795f4dab9a07,4,1004,1024,AER_SIMULATOR,IDEAL_SIMULATION,COBYLA,gamma_4_beta_4,opt_gamma_4_opt_beta_4,"{""100110000110110"": 7, ""000000000000000"": 1017}",100110000110110,"[""STR-001"", ""STR-002"", ""STR-003"", ""STR-004"", ""STR-005""]",1.6651,1.6651,1.75,0.0485,0.9515,True,0,1.0,0.006836,100,120,0.33,0.007,0.2,0.08,0.003,9,135,60,15,VALID,NONE,7c7d046e8959
EXP-PHASE-V-VIRUDHUNAGAR-P4-S1005,virudhunagar,e6e5c9d9cdd7,795f4dab9a07,4,1005,1024,AER_SIMULATOR,IDEAL_SIMULATION,COBYLA,gamma_4_beta_4,opt_gamma_4_opt_beta_4,"{""100110000110110"": 7, ""000000000000000"": 1017}",100110000110110,"[""STR-001"", ""STR-002"", ""STR-003"", ""STR-004"", ""STR-005""]",1.6651,1.6651,1.75,0.0485,0.9515,True,0,1.0,0.006836,100,120,0.33,0.007,0.2,0.08,0.003,9,135,60,15,VALID,NONE,6314cc2fdf17
EXP-PHASE-V-VIRUDHUNAGAR-P4-S1006,virudhunagar,e6e5c9d9cdd7,795f4dab9a07,4,1006,1024,AER_SIMULATOR,IDEAL_SIMULATION,COBYLA,gamma_4_beta_4,opt_gamma_4_opt_beta_4,"{""100110000110110"": 7, ""000000000000000"": 1017}",100110000110110,"[""STR-001"", ""STR-002"", ""STR-003"", ""STR-004"", ""STR-005""]",1.6651,1.6651,1.75,0.0485,0.9515,True,0,1.0,0.006836,100,120,0.33,0.007,0.2,0.08,0.003,9,135,60,15,VALID,NONE,b3662d0f8645
EXP-PHASE-V-VIRUDHUNAGAR-P4-S1007,virudhunagar,e6e5c9d9cdd7,795f4dab9a07,4,1007,1024,AER_SIMULATOR,IDEAL_SIMULATION,COBYLA,gamma_4_beta_4,opt_gamma_4_opt_beta_4,"{""100110000110110"": 7, ""000000000000000"": 1017}",100110000110110,"[""STR-001"", ""STR-002"", ""STR-003"", ""STR-004"", ""STR-005""]",1.6651,1.6651,1.75,0.0485,0.9515,True,0,1.0,0.006836,100,120,0.33,0.007,0.2,0.08,0.003,9,135,60,15,VALID,NONE,97dfb0c91ed9
EXP-PHASE-V-VIRUDHUNAGAR-P4-S1008,virudhunagar,e6e5c9d9cdd7,795f4dab9a07,4,1008,1024,AER_SIMULATOR,IDEAL_SIMULATION,COBYLA,gamma_4_beta_4,opt_gamma_4_opt_beta_4,"{""100110000110110"": 7, ""000000000000000"": 1017}",100110000110110,"[""STR-001"", ""STR-002"", ""STR-003"", ""STR-004"", ""STR-005""]",1.6651,1.6651,1.75,0.0485,0.9515,True,0,1.0,0.006836,100,120,0.33,0.007,0.2,0.08,0.003,9,135,60,15,VALID,NONE,7a55b8233195
EXP-PHASE-V-VIRUDHUNAGAR-P4-S1009,virudhunagar,e6e5c9d9cdd7,795f4dab9a07,4,1009,1024,AER_SIMULATOR,IDEAL_SIMULATION,COBYLA,gamma_4_beta_4,opt_gamma_4_opt_beta_4,"{""100110000110110"": 7, ""000000000000000"": 1017}",100110000110110,"[""STR-001"", ""STR-002"", ""STR-003"", ""STR-004"", ""STR-005""]",1.6651,1.6651,1.75,0.0485,0.9515,True,0,1.0,0.006836,100,120,0.33,0.007,0.2,0.08,0.003,9,135,60,15,VALID,NONE,57862a95f1c5
EXP-PHASE-V-VIRUDHUNAGAR-P5-S1000,virudhunagar,e6e5c9d9cdd7,795f4dab9a07,5,1000,1024,AER_SIMULATOR,IDEAL_SIMULATION,COBYLA,gamma_5_beta_5,opt_gamma_5_opt_beta_5,"{""100110000110110"": 7, ""000000000000000"": 1017}",100110000110110,"[""STR-001"", ""STR-002"", ""STR-003"", ""STR-004"", ""STR-005""]",1.6861,1.6861,1.75,0.0365,0.9635,True,0,1.0,0.006836,125,150,0.41,0.007,0.25,0.1,0.003,11,165,75,15,VALID,NONE,f7c9574225d6
EXP-PHASE-V-VIRUDHUNAGAR-P5-S1001,virudhunagar,e6e5c9d9cdd7,795f4dab9a07,5,1001,1024,AER_SIMULATOR,IDEAL_SIMULATION,COBYLA,gamma_5_beta_5,opt_gamma_5_opt_beta_5,"{""100110000110110"": 7, ""000000000000000"": 1017}",100110000110110,"[""STR-001"", ""STR-002"", ""STR-003"", ""STR-004"", ""STR-005""]",1.6861,1.6861,1.75,0.0365,0.9635,True,0,1.0,0.006836,125,150,0.41,0.007,0.25,0.1,0.003,11,165,75,15,VALID,NONE,bc79f3ed3d41
EXP-PHASE-V-VIRUDHUNAGAR-P5-S1002,virudhunagar,e6e5c9d9cdd7,795f4dab9a07,5,1002,1024,AER_SIMULATOR,IDEAL_SIMULATION,COBYLA,gamma_5_beta_5,opt_gamma_5_opt_beta_5,"{""100110000110110"": 7, ""000000000000000"": 1017}",100110000110110,"[""STR-001"", ""STR-002"", ""STR-003"", ""STR-004"", ""STR-005""]",1.6861,1.6861,1.75,0.0365,0.9635,True,0,1.0,0.006836,125,150,0.41,0.007,0.25,0.1,0.003,11,165,75,15,VALID,NONE,ccbac92ee7b6
EXP-PHASE-V-VIRUDHUNAGAR-P5-S1003,virudhunagar,e6e5c9d9cdd7,795f4dab9a07,5,1003,1024,AER_SIMULATOR,IDEAL_SIMULATION,COBYLA,gamma_5_beta_5,opt_gamma_5_opt_beta_5,"{""100110000110110"": 7, ""000000000000000"": 1017}",100110000110110,"[""STR-001"", ""STR-002"", ""STR-003"", ""STR-004"", ""STR-005""]",1.6861,1.6861,1.75,0.0365,0.9635,True,0,1.0,0.006836,125,150,0.41,0.007,0.25,0.1,0.003,11,165,75,15,VALID,NONE,7347a5c29f45
EXP-PHASE-V-VIRUDHUNAGAR-P5-S1004,virudhunagar,e6e5c9d9cdd7,795f4dab9a07,5,1004,1024,AER_SIMULATOR,IDEAL_SIMULATION,COBYLA,gamma_5_beta_5,opt_gamma_5_opt_beta_5,"{""100110000110110"": 7, ""000000000000000"": 1017}",100110000110110,"[""STR-001"", ""STR-002"", ""STR-003"", ""STR-004"", ""STR-005""]",1.6861,1.6861,1.75,0.0365,0.9635,True,0,1.0,0.006836,125,150,0.41,0.007,0.25,0.1,0.003,11,165,75,15,VALID,NONE,e58dc2c73e48
EXP-PHASE-V-VIRUDHUNAGAR-P5-S1005,virudhunagar,e6e5c9d9cdd7,795f4dab9a07,5,1005,1024,AER_SIMULATOR,IDEAL_SIMULATION,COBYLA,gamma_5_beta_5,opt_gamma_5_opt_beta_5,"{""100110000110110"": 7, ""000000000000000"": 1017}",100110000110110,"[""STR-001"", ""STR-002"", ""STR-003"", ""STR-004"", ""STR-005""]",1.6861,1.6861,1.75,0.0365,0.9635,True,0,1.0,0.006836,125,150,0.41,0.007,0.25,0.1,0.003,11,165,75,15,VALID,NONE,887710cefca0
EXP-PHASE-V-VIRUDHUNAGAR-P5-S1006,virudhunagar,e6e5c9d9cdd7,795f4dab9a07,5,1006,1024,AER_SIMULATOR,IDEAL_SIMULATION,COBYLA,gamma_5_beta_5,opt_gamma_5_opt_beta_5,"{""100110000110110"": 7, ""000000000000000"": 1017}",100110000110110,"[""STR-001"", ""STR-002"", ""STR-003"", ""STR-004"", ""STR-005""]",1.6861,1.6861,1.75,0.0365,0.9635,True,0,1.0,0.006836,125,150,0.41,0.007,0.25,0.1,0.003,11,165,75,15,VALID,NONE,a5194d513a41
EXP-PHASE-V-VIRUDHUNAGAR-P5-S1007,virudhunagar,e6e5c9d9cdd7,795f4dab9a07,5,1007,1024,AER_SIMULATOR,IDEAL_SIMULATION,COBYLA,gamma_5_beta_5,opt_gamma_5_opt_beta_5,"{""100110000110110"": 7, ""000000000000000"": 1017}",100110000110110,"[""STR-001"", ""STR-002"", ""STR-003"", ""STR-004"", ""STR-005""]",1.6861,1.6861,1.75,0.0365,0.9635,True,0,1.0,0.006836,125,150,0.41,0.007,0.25,0.1,0.003,11,165,75,15,VALID,NONE,918ebd31912a
EXP-PHASE-V-VIRUDHUNAGAR-P5-S1008,virudhunagar,e6e5c9d9cdd7,795f4dab9a07,5,1008,1024,AER_SIMULATOR,IDEAL_SIMULATION,COBYLA,gamma_5_beta_5,opt_gamma_5_opt_beta_5,"{""100110000110110"": 7, ""000000000000000"": 1017}",100110000110110,"[""STR-001"", ""STR-002"", ""STR-003"", ""STR-004"", ""STR-005""]",1.6861,1.6861,1.75,0.0365,0.9635,True,0,1.0,0.006836,125,150,0.41,0.007,0.25,0.1,0.003,11,165,75,15,VALID,NONE,44d35165709e
EXP-PHASE-V-VIRUDHUNAGAR-P5-S1009,virudhunagar,e6e5c9d9cdd7,795f4dab9a07,5,1009,1024,AER_SIMULATOR,IDEAL_SIMULATION,COBYLA,gamma_5_beta_5,opt_gamma_5_opt_beta_5,"{""100110000110110"": 7, ""000000000000000"": 1017}",100110000110110,"[""STR-001"", ""STR-002"", ""STR-003"", ""STR-004"", ""STR-005""]",1.6861,1.6861,1.75,0.0365,0.9635,True,0,1.0,0.006836,125,150,0.41,0.007,0.25,0.1,0.003,11,165,75,15,VALID,NONE,2ffcb5061e82
