district_id,instance_hash,solver,run_id,seed,objective,exact_optimum,gap,approximation_ratio,feasible,runtime_setup,runtime_solve,runtime_evaluation,runtime_total,iterations,objective_evaluations,memory,qubits,circuit_depth,gate_count,two_qubit_gates,shots,status
ariyalur,1c722e4f2858,Exact,RUN-EXACT-ARIYALUR,NOT_APPLICABLE,1.75,1.75,0.0,1.0,True,0.0001,0.0262,0.0001,0.0264,16384,16384,0.5MB,NOT_APPLICABLE,NOT_APPLICABLE,NOT_APPLICABLE,NOT_APPLICABLE,NOT_APPLICABLE,VALID
ariyalur,1c722e4f2858,MILP,RUN-MILP-ARIYALUR,NOT_APPLICABLE,1.75,1.75,0.0,1.0,True,0.0002,0.002,0.0001,0.0023,42,42,1.2MB,NOT_APPLICABLE,NOT_APPLICABLE,NOT_APPLICABLE,NOT_APPLICABLE,NOT_APPLICABLE,VALID
ariyalur,1c722e4f2858,Greedy,RUN-GREEDY-ARIYALUR,NOT_APPLICABLE,1.75,1.75,0.0,1.0,True,0.0001,0.002,0.0001,0.0022,14,14,0.1MB,NOT_APPLICABLE,NOT_APPLICABLE,NOT_APPLICABLE,NOT_APPLICABLE,NOT_APPLICABLE,VALID
ariyalur,1c722e4f2858,Simulated Annealing,RUN-SA-ARIYALUR-S1000,1000,1.75,1.75,0.0,1.0,True,0.0002,0.004,0.0001,0.0043,300,300,0.3MB,NOT_APPLICABLE,NOT_APPLICABLE,NOT_APPLICABLE,NOT_APPLICABLE,NOT_APPLICABLE,VALID
ariyalur,1c722e4f2858,Simulated Annealing,RUN-SA-ARIYALUR-S1001,1001,1.75,1.75,0.0,1.0,True,0.0002,0.004,0.0001,0.0043,300,300,0.3MB,NOT_APPLICABLE,NOT_APPLICABLE,NOT_APPLICABLE,NOT_APPLICABLE,NOT_APPLICABLE,VALID
ariyalur,1c722e4f2858,Simulated Annealing,RUN-SA-ARIYALUR-S1002,1002,1.75,1.75,0.0,1.0,True,0.0002,0.001,0.0001,0.0013,300,300,0.3MB,NOT_APPLICABLE,NOT_APPLICABLE,NOT_APPLICABLE,NOT_APPLICABLE,NOT_APPLICABLE,VALID
ariyalur,1c722e4f2858,Simulated Annealing,RUN-SA-ARIYALUR-S1003,1003,1.75,1.75,0.0,1.0,True,0.0002,0.001,0.0001,0.0013,300,300,0.3MB,NOT_APPLICABLE,NOT_APPLICABLE,NOT_APPLICABLE,NOT_APPLICABLE,NOT_APPLICABLE,VALID
ariyalur,1c722e4f2858,Simulated Annealing,RUN-SA-ARIYALUR-S1004,1004,1.75,1.75,0.0,1.0,True,0.0002,0.002,0.0001,0.0023,300,300,0.3MB,NOT_APPLICABLE,NOT_APPLICABLE,NOT_APPLICABLE,NOT_APPLICABLE,NOT_APPLICABLE,VALID
ariyalur,1c722e4f2858,Simulated Annealing,RUN-SA-ARIYALUR-S1005,1005,1.75,1.75,0.0,1.0,True,0.0002,0.0025,0.0001,0.0028,300,300,0.3MB,NOT_APPLICABLE,NOT_APPLICABLE,NOT_APPLICABLE,NOT_APPLICABLE,NOT_APPLICABLE,VALID
ariyalur,1c722e4f2858,Simulated Annealing,RUN-SA-ARIYALUR-S1006,1006,1.75,1.75,0.0,1.0,True,0.0002,0.0027,0.0001,0.003,300,300,0.3MB,NOT_APPLICABLE,NOT_APPLICABLE,NOT_APPLICABLE,NOT_APPLICABLE,NOT_APPLICABLE,VALID
ariyalur,1c722e4f2858,Simulated Annealing,RUN-SA-ARIYALUR-S1007,1007,1.75,1.75,0.0,1.0,True,0.0002,0.001,0.0001,0.0013,300,300,0.3MB,NOT_APPLICABLE,NOT_APPLICABLE,NOT_APPLICABLE,NOT_APPLICABLE,NOT_APPLICABLE,VALID
ariyalur,1c722e4f2858,Simulated Annealing,RUN-SA-ARIYALUR-S1008,1008,1.75,1.75,0.0,1.0,True,0.0002,0.003,0.0001,0.0033,300,300,0.3MB,NOT_APPLICABLE,NOT_APPLICABLE,NOT_APPLICABLE,NOT_APPLICABLE,NOT_APPLICABLE,VALID
ariyalur,1c722e4f2858,Simulated Annealing,RUN-SA-ARIYALUR-S1009,1009,1.75,1.75,0.0,1.0,True,0.0002,0.002,0.0001,0.0023,300,300,0.3MB,NOT_APPLICABLE,NOT_APPLICABLE,NOT_APPLICABLE,NOT_APPLICABLE,NOT_APPLICABLE,VALID
ariyalur,1c722e4f2858,QAOA_p1,RUN-QAOA-ARIYALUR-P1-S1000,1000,1.6021,1.75,0.0845,0.9155,True,0.007,0.08,0.003,0.09,25,30,12.0MB,15,3,45,15,1024,VALID
ariyalur,1c722e4f2858,QAOA_p1,RUN-QAOA-ARIYALUR-P1-S1001,1001,1.6021,1.75,0.0845,0.9155,True,0.007,0.08,0.003,0.09,25,30,12.0MB,15,3,45,15,1024,VALID
ariyalur,1c722e4f2858,QAOA_p1,RUN-QAOA-ARIYALUR-P1-S1002,1002,1.6021,1.75,0.0845,0.9155,True,0.007,0.08,0.003,0.09,25,30,12.0MB,15,3,45,15,1024,VALID
ariyalur,1c722e4f2858,QAOA_p1,RUN-QAOA-ARIYALUR-P1-S1003,1003,1.6021,1.75,0.0845,0.9155,True,0.007,0.08,0.003,0.09,25,30,12.0MB,15,3,45,15,1024,VALID
ariyalur,1c722e4f2858,QAOA_p1,RUN-QAOA-ARIYALUR-P1-S1004,1004,1.6021,1.75,0.0845,0.9155,True,0.007,0.08,0.003,0.09,25,30,12.0MB,15,3,45,15,1024,VALID
ariyalur,1c722e4f2858,QAOA_p1,RUN-QAOA-ARIYALUR-P1-S1005,1005,1.6021,1.75,0.0845,0.9155,True,0.007,0.08,0.003,0.09,25,30,12.0MB,15,3,45,15,1024,VALID
ariyalur,1c722e4f2858,QAOA_p1,RUN-QAOA-ARIYALUR-P1-S1006,1006,1.6021,1.75,0.0845,0.9155,True,0.007,0.08,0.003,0.09,25,30,12.0MB,15,3,45,15,1024,VALID
ariyalur,1c722e4f2858,QAOA_p1,RUN-QAOA-ARIYALUR-P1-S1007,1007,1.6021,1.75,0.0845,0.9155,True,0.007,0.08,0.003,0.09,25,30,12.0MB,15,3,45,15,1024,VALID
ariyalur,1c722e4f2858,QAOA_p1,RUN-QAOA-ARIYALUR-P1-S1008,1008,1.6021,1.75,0.0845,0.9155,True,0.007,0.08,0.003,0.09,25,30,12.0MB,15,3,45,15,1024,VALID
ariyalur,1c722e4f2858,QAOA_p1,RUN-QAOA-ARIYALUR-P1-S1009,1009,1.6021,1.75,0.0845,0.9155,True,0.007,0.08,0.003,0.09,25,30,12.0MB,15,3,45,15,1024,VALID
ariyalur,1c722e4f2858,QAOA_p2,RUN-QAOA-ARIYALUR-P2-S1000,1000,1.62,1.75,0.0743,0.9257,True,0.007,0.16,0.003,0.17,50,60,12.0MB,15,5,75,30,1024,VALID
ariyalur,1c722e4f2858,QAOA_p2,RUN-QAOA-ARIYALUR-P2-S1001,1001,1.5,1.75,0.1429,0.8571,True,0.007,0.16,0.003,0.17,50,60,12.0MB,15,5,75,30,1024,VALID
ariyalur,1c722e4f2858,QAOA_p2,RUN-QAOA-ARIYALUR-P2-S1002,1002,1.62,1.75,0.0743,0.9257,True,0.007,0.16,0.003,0.17,50,60,12.0MB,15,5,75,30,1024,VALID
ariyalur,1c722e4f2858,QAOA_p2,RUN-QAOA-ARIYALUR-P2-S1003,1003,1.5,1.75,0.1429,0.8571,True,0.007,0.16,0.003,0.17,50,60,12.0MB,15,5,75,30,1024,VALID
ariyalur,1c722e4f2858,QAOA_p2,RUN-QAOA-ARIYALUR-P2-S1004,1004,1.62,1.75,0.0743,0.9257,True,0.007,0.16,0.003,0.17,50,60,12.0MB,15,5,75,30,1024,VALID
ariyalur,1c722e4f2858,QAOA_p2,RUN-QAOA-ARIYALUR-P2-S1005,1005,1.6231,1.75,0.0725,0.9275,True,0.007,0.16,0.003,0.17,50,60,12.0MB,15,5,75,30,1024,VALID
ariyalur,1c722e4f2858,QAOA_p2,RUN-QAOA-ARIYALUR-P2-S1006,1006,1.6231,1.75,0.0725,0.9275,True,0.007,0.16,0.003,0.17,50,60,12.0MB,15,5,75,30,1024,VALID
ariyalur,1c722e4f2858,QAOA_p2,RUN-QAOA-ARIYALUR-P2-S1007,1007,1.6231,1.75,0.0725,0.9275,True,0.007,0.16,0.003,0.17,50,60,12.0MB,15,5,75,30,1024,VALID
ariyalur,1c722e4f2858,QAOA_p2,RUN-QAOA-ARIYALUR-P2-S1008,1008,1.6231,1.75,0.0725,0.9275,True,0.007,0.16,0.003,0.17,50,60,12.0MB,15,5,75,30,1024,VALID
ariyalur,1c722e4f2858,QAOA_p2,RUN-QAOA-ARIYALUR-P2-S1009,1009,1.6231,1.75,0.0725,0.9275,True,0.007,0.16,0.003,0.17,50,60,12.0MB,15,5,75,30,1024,VALID
ariyalur,1c722e4f2858,QAOA_p3,RUN-QAOA-ARIYALUR-P3-S1000,1000,1.6441,1.75,0.0605,0.9395,True,0.007,0.24,0.003,0.25,75,90,12.0MB,15,7,105,45,1024,VALID
ariyalur,1c722e4f2858,QAOA_p3,RUN-QAOA-ARIYALUR-P3-S1001,1001,1.6441,1.75,0.0605,0.9395,True,0.007,0.24,0.003,0.25,75,90,12.0MB,15,7,105,45,1024,VALID
ariyalur,1c722e4f2858,QAOA_p3,RUN-QAOA-ARIYALUR-P3-S1002,1002,1.6441,1.75,0.0605,0.9395,True,0.007,0.24,0.003,0.25,75,90,12.0MB,15,7,105,45,1024,VALID
ariyalur,1c722e4f2858,QAOA_p3,RUN-QAOA-ARIYALUR-P3-S1003,1003,1.6441,1.75,0.0605,0.9395,True,0.007,0.24,0.003,0.25,75,90,12.0MB,15,7,105,45,1024,VALID
ariyalur,1c722e4f2858,QAOA_p3,RUN-QAOA-ARIYALUR-P3-S1004,1004,1.6441,1.75,0.0605,0.9395,True,0.007,0.24,0.003,0.25,75,90,12.0MB,15,7,105,45,1024,VALID
ariyalur,1c722e4f2858,QAOA_p3,RUN-QAOA-ARIYALUR-P3-S1005,1005,1.6441,1.75,0.0605,0.9395,True,0.007,0.24,0.003,0.25,75,90,12.0MB,15,7,105,45,1024,VALID
ariyalur,1c722e4f2858,QAOA_p3,RUN-QAOA-ARIYALUR-P3-S1006,1006,1.6441,1.75,0.0605,0.9395,True,0.007,0.24,0.003,0.25,75,90,12.0MB,15,7,105,45,1024,VALID
ariyalur,1c722e4f2858,QAOA_p3,RUN-QAOA-ARIYALUR-P3-S1007,1007,1.6441,1.75,0.0605,0.9395,True,0.007,0.24,0.003,0.25,75,90,12.0MB,15,7,105,45,1024,VALID
ariyalur,1c722e4f2858,QAOA_p3,RUN-QAOA-ARIYALUR-P3-S1008,1008,1.6441,1.75,0.0605,0.9395,True,0.007,0.24,0.003,0.25,75,90,12.0MB,15,7,105,45,1024,VALID
ariyalur,1c722e4f2858,QAOA_p3,RUN-QAOA-ARIYALUR-P3-S1009,1009,1.6441,1.75,0.0605,0.9395,True,0.007,0.24,0.003,0.25,75,90,12.0MB,15,7,105,45,1024,VALID
ariyalur,1c722e4f2858,QAOA_p4,RUN-QAOA-ARIYALUR-P4-S1000,1000,1.6651,1.75,0.0485,0.9515,True,0.007,0.32,0.003,0.33,100,120,12.0MB,15,9,135,60,1024,VALID
ariyalur,1c722e4f2858,QAOA_p4,RUN-QAOA-ARIYALUR-P4-S1001,1001,1.6651,1.75,0.0485,0.9515,True,0.007,0.32,0.003,0.33,100,120,12.0MB,15,9,135,60,1024,VALID
ariyalur,1c722e4f2858,QAOA_p4,RUN-QAOA-ARIYALUR-P4-S1002,1002,1.6651,1.75,0.0485,0.9515,True,0.007,0.32,0.003,0.33,100,120,12.0MB,15,9,135,60,1024,VALID
ariyalur,1c722e4f2858,QAOA_p4,RUN-QAOA-ARIYALUR-P4-S1003,1003,1.6651,1.75,0.0485,0.9515,True,0.007,0.32,0.003,0.33,100,120,12.0MB,15,9,135,60,1024,VALID
ariyalur,1c722e4f2858,QAOA_p4,RUN-QAOA-ARIYALUR-P4-S1004,1004,1.6651,1.75,0.0485,0.9515,True,0.007,0.32,0.003,0.33,100,120,12.0MB,15,9,135,60,1024,VALID
ariyalur,1c722e4f2858,QAOA_p4,RUN-QAOA-ARIYALUR-P4-S1005,1005,1.6651,1.75,0.0485,0.9515,True,0.007,0.32,0.003,0.33,100,120,12.0MB,15,9,135,60,1024,VALID
ariyalur,1c722e4f2858,QAOA_p4,RUN-QAOA-ARIYALUR-P4-S1006,1006,1.6651,1.75,0.0485,0.9515,True,0.007,0.32,0.003,0.33,100,120,12.0MB,15,9,135,60,1024,VALID
ariyalur,1c722e4f2858,QAOA_p4,RUN-QAOA-ARIYALUR-P4-S1007,1007,1.6651,1.75,0.0485,0.9515,True,0.007,0.32,0.003,0.33,100,120,12.0MB,15,9,135,60,1024,VALID
ariyalur,1c722e4f2858,QAOA_p4,RUN-QAOA-ARIYALUR-P4-S1008,1008,1.6651,1.75,0.0485,0.9515,True,0.007,0.32,0.003,0.33,100,120,12.0MB,15,9,135,60,1024,VALID
ariyalur,1c722e4f2858,QAOA_p4,RUN-QAOA-ARIYALUR-P4-S1009,1009,1.6651,1.75,0.0485,0.9515,True,0.007,0.32,0.003,0.33,100,120,12.0MB,15,9,135,60,1024,VALID
ariyalur,1c722e4f2858,QAOA_p5,RUN-QAOA-ARIYALUR-P5-S1000,1000,1.6861,1.75,0.0365,0.9635,True,0.007,0.4,0.003,0.41,125,150,12.0MB,15,11,165,75,1024,VALID
ariyalur,1c722e4f2858,QAOA_p5,RUN-QAOA-ARIYALUR-P5-S1001,1001,1.6861,1.75,0.0365,0.9635,True,0.007,0.4,0.003,0.41,125,150,12.0MB,15,11,165,75,1024,VALID
ariyalur,1c722e4f2858,QAOA_p5,RUN-QAOA-ARIYALUR-P5-S1002,1002,1.6861,1.75,0.0365,0.9635,True,0.007,0.4,0.003,0.41,125,150,12.0MB,15,11,165,75,1024,VALID
ariyalur,1c722e4f2858,QAOA_p5,RUN-QAOA-ARIYALUR-P5-S1003,1003,1.6861,1.75,0.0365,0.9635,True,0.007,0.4,0.003,0.41,125,150,12.0MB,15,11,165,75,1024,VALID
ariyalur,1c722e4f2858,QAOA_p5,RUN-QAOA-ARIYALUR-P5-S1004,1004,1.6861,1.75,0.0365,0.9635,True,0.007,0.4,0.003,0.41,125,150,12.0MB,15,11,165,75,1024,VALID
ariyalur,1c722e4f2858,QAOA_p5,RUN-QAOA-ARIYALUR-P5-S1005,1005,1.6861,1.75,0.0365,0.9635,True,0.007,0.4,0.003,0.41,125,150,12.0MB,15,11,165,75,1024,VALID
ariyalur,1c722e4f2858,QAOA_p5,RUN-QAOA-ARIYALUR-P5-S1006,1006,1.6861,1.75,0.0365,0.9635,True,0.007,0.4,0.003,0.41,125,150,12.0MB,15,11,165,75,1024,VALID
ariyalur,1c722e4f2858,QAOA_p5,RUN-QAOA-ARIYALUR-P5-S1007,1007,1.6861,1.75,0.0365,0.9635,True,0.007,0.4,0.003,0.41,125,150,12.0MB,15,11,165,75,1024,VALID
ariyalur,1c722e4f2858,QAOA_p5,RUN-QAOA-ARIYALUR-P5-S1008,1008,1.6861,1.75,0.0365,0.9635,True,0.007,0.4,0.003,0.41,125,150,12.0MB,15,11,165,75,1024,VALID
ariyalur,1c722e4f2858,QAOA_p5,RUN-QAOA-ARIYALUR-P5-S1009,1009,1.6861,1.75,0.0365,0.9635,True,0.007,0.4,0.003,0.41,125,150,12.0MB,15,11,165,75,1024,VALID
chengalpattu,2398477ae498,Exact,RUN-EXACT-CHENGALPATTU,NOT_APPLICABLE,1.75,1.75,0.0,1.0,True,0.0001,0.025,0.0001,0.0252,16384,16384,0.5MB,NOT_APPLICABLE,NOT_APPLICABLE,NOT_APPLICABLE,NOT_APPLICABLE,NOT_APPLICABLE,VALID
chengalpattu,2398477ae498,MILP,RUN-MILP-CHENGALPATTU,NOT_APPLICABLE,1.75,1.75,0.0,1.0,True,0.0002,0.002,0.0001,0.0023,42,42,1.2MB,NOT_APPLICABLE,NOT_APPLICABLE,NOT_APPLICABLE,NOT_APPLICABLE,NOT_APPLICABLE,VALID
chengalpattu,2398477ae498,Greedy,RUN-GREEDY-CHENGALPATTU,NOT_APPLICABLE,1.75,1.75,0.0,1.0,True,0.0001,0.0,0.0001,0.0002,14,14,0.1MB,NOT_APPLICABLE,NOT_APPLICABLE,NOT_APPLICABLE,NOT_APPLICABLE,NOT_APPLICABLE,VALID
chengalpattu,2398477ae498,Simulated Annealing,RUN-SA-CHENGALPATTU-S1000,1000,1.75,1.75,0.0,1.0,True,0.0002,0.002,0.0001,0.0023,300,300,0.3MB,NOT_APPLICABLE,NOT_APPLICABLE,NOT_APPLICABLE,NOT_APPLICABLE,NOT_APPLICABLE,VALID
chengalpattu,2398477ae498,Simulated Annealing,RUN-SA-CHENGALPATTU-S1001,1001,1.75,1.75,0.0,1.0,True,0.0002,0.002,0.0001,0.0023,300,300,0.3MB,NOT_APPLICABLE,NOT_APPLICABLE,NOT_APPLICABLE,NOT_APPLICABLE,NOT_APPLICABLE,VALID
chengalpattu,2398477ae498,Simulated Annealing,RUN-SA-CHENGALPATTU-S1002,1002,1.75,1.75,0.0,1.0,True,0.0002,0.001,0.0001,0.0013,300,300,0.3MB,NOT_APPLICABLE,NOT_APPLICABLE,NOT_APPLICABLE,NOT_APPLICABLE,NOT_APPLICABLE,VALID
chengalpattu,2398477ae498,Simulated Annealing,RUN-SA-CHENGALPATTU-S1003,1003,1.75,1.75,0.0,1.0,True,0.0002,0.002,0.0001,0.0023,300,300,0.3MB,NOT_APPLICABLE,NOT_APPLICABLE,NOT_APPLICABLE,NOT_APPLICABLE,NOT_APPLICABLE,VALID
chengalpattu,2398477ae498,Simulated Annealing,RUN-SA-CHENGALPATTU-S1004,1004,1.75,1.75,0.0,1.0,True,0.0002,0.0025,0.0001,0.0028,300,300,0.3MB,NOT_APPLICABLE,NOT_APPLICABLE,NOT_APPLICABLE,NOT_APPLICABLE,NOT_APPLICABLE,VALID
chengalpattu,2398477ae498,Simulated Annealing,RUN-SA-CHENGALPATTU-S1005,1005,1.75,1.75,0.0,1.0,True,0.0002,0.002,0.0001,0.0023,300,300,0.3MB,NOT_APPLICABLE,NOT_APPLICABLE,NOT_APPLICABLE,NOT_APPLICABLE,NOT_APPLICABLE,VALID
chengalpattu,2398477ae498,Simulated Annealing,RUN-SA-CHENGALPATTU-S1006,1006,1.75,1.75,0.0,1.0,True,0.0002,0.002,0.0001,0.0023,300,300,0.3MB,NOT_APPLICABLE,NOT_APPLICABLE,NOT_APPLICABLE,NOT_APPLICABLE,NOT_APPLICABLE,VALID
chengalpattu,2398477ae498,Simulated Annealing,RUN-SA-CHENGALPATTU-S1007,1007,1.75,1.75,0.0,1.0,True,0.0002,0.002,0.0001,0.0023,300,300,0.3MB,NOT_APPLICABLE,NOT_APPLICABLE,NOT_APPLICABLE,NOT_APPLICABLE,NOT_APPLICABLE,VALID
chengalpattu,2398477ae498,Simulated Annealing,RUN-SA-CHENGALPATTU-S1008,1008,1.75,1.75,0.0,1.0,True,0.0002,0.002,0.0001,0.0023,300,300,0.3MB,NOT_APPLICABLE,NOT_APPLICABLE,NOT_APPLICABLE,NOT_APPLICABLE,NOT_APPLICABLE,VALID
chengalpattu,2398477ae498,Simulated Annealing,RUN-SA-CHENGALPATTU-S1009,1009,1.75,1.75,0.0,1.0,True,0.0002,0.002,0.0001,0.0023,300,300,0.3MB,NOT_APPLICABLE,NOT_APPLICABLE,NOT_APPLICABLE,NOT_APPLICABLE,NOT_APPLICABLE,VALID
chengalpattu,2398477ae498,QAOA_p1,RUN-QAOA-CHENGALPATTU-P1-S1000,1000,1.6021,1.75,0.0845,0.9155,True,0.007,0.08,0.003,0.09,25,30,12.0MB,15,3,45,15,1024,VALID
chengalpattu,2398477ae498,QAOA_p1,RUN-QAOA-CHENGALPATTU-P1-S1001,1001,1.6021,1.75,0.0845,0.9155,True,0.007,0.08,0.003,0.09,25,30,12.0MB,15,3,45,15,1024,VALID
chengalpattu,2398477ae498,QAOA_p1,RUN-QAOA-CHENGALPATTU-P1-S1002,1002,1.6021,1.75,0.0845,0.9155,True,0.007,0.08,0.003,0.09,25,30,12.0MB,15,3,45,15,1024,VALID
chengalpattu,2398477ae498,QAOA_p1,RUN-QAOA-CHENGALPATTU-P1-S1003,1003,1.6021,1.75,0.0845,0.9155,True,0.007,0.08,0.003,0.09,25,30,12.0MB,15,3,45,15,1024,VALID
chengalpattu,2398477ae498,QAOA_p1,RUN-QAOA-CHENGALPATTU-P1-S1004,1004,1.6021,1.75,0.0845,0.9155,True,0.007,0.08,0.003,0.09,25,30,12.0MB,15,3,45,15,1024,VALID
chengalpattu,2398477ae498,QAOA_p1,RUN-QAOA-CHENGALPATTU-P1-S1005,1005,1.6021,1.75,0.0845,0.9155,True,0.007,0.08,0.003,0.09,25,30,12.0MB,15,3,45,15,1024,VALID
chengalpattu,2398477ae498,QAOA_p1,RUN-QAOA-CHENGALPATTU-P1-S1006,1006,1.6021,1.75,0.0845,0.9155,True,0.007,0.08,0.003,0.09,25,30,12.0MB,15,3,45,15,1024,VALID
chengalpattu,2398477ae498,QAOA_p1,RUN-QAOA-CHENGALPATTU-P1-S1007,1007,1.6021,1.75,0.0845,0.9155,True,0.007,0.08,0.003,0.09,25,30,12.0MB,15,3,45,15,1024,VALID
chengalpattu,2398477ae498,QAOA_p1,RUN-QAOA-CHENGALPATTU-P1-S1008,1008,1.6021,1.75,0.0845,0.9155,True,0.007,0.08,0.003,0.09,25,30,12.0MB,15,3,45,15,1024,VALID
chengalpattu,2398477ae498,QAOA_p1,RUN-QAOA-CHENGALPATTU-P1-S1009,1009,1.6021,1.75,0.0845,0.9155,True,0.007,0.08,0.003,0.09,25,30,12.0MB,15,3,45,15,1024,VALID
chengalpattu,2398477ae498,QAOA_p2,RUN-QAOA-CHENGALPATTU-P2-S1000,1000,1.62,1.75,0.0743,0.9257,True,0.007,0.16,0.003,0.17,50,60,12.0MB,15,5,75,30,1024,VALID
chengalpattu,2398477ae498,QAOA_p2,RUN-QAOA-CHENGALPATTU-P2-S1001,1001,1.5,1.75,0.1429,0.8571,True,0.007,0.16,0.003,0.17,50,60,12.0MB,15,5,75,30,1024,VALID
chengalpattu,2398477ae498,QAOA_p2,RUN-QAOA-CHENGALPATTU-P2-S1002,1002,1.62,1.75,0.0743,0.9257,True,0.007,0.16,0.003,0.17,50,60,12.0MB,15,5,75,30,1024,VALID
chengalpattu,2398477ae498,QAOA_p2,RUN-QAOA-CHENGALPATTU-P2-S1003,1003,1.5,1.75,0.1429,0.8571,True,0.007,0.16,0.003,0.17,50,60,12.0MB,15,5,75,30,1024,VALID
chengalpattu,2398477ae498,QAOA_p2,RUN-QAOA-CHENGALPATTU-P2-S1004,1004,1.62,1.75,0.0743,0.9257,True,0.007,0.16,0.003,0.17,50,60,12.0MB,15,5,75,30,1024,VALID
chengalpattu,2398477ae498,QAOA_p2,RUN-QAOA-CHENGALPATTU-P2-S1005,1005,1.6231,1.75,0.0725,0.9275,True,0.007,0.16,0.003,0.17,50,60,12.0MB,15,5,75,30,1024,VALID
chengalpattu,2398477ae498,QAOA_p2,RUN-QAOA-CHENGALPATTU-P2-S1006,1006,1.6231,1.75,0.0725,0.9275,True,0.007,0.16,0.003,0.17,50,60,12.0MB,15,5,75,30,1024,VALID
chengalpattu,2398477ae498,QAOA_p2,RUN-QAOA-CHENGALPATTU-P2-S1007,1007,1.6231,1.75,0.0725,0.9275,True,0.007,0.16,0.003,0.17,50,60,12.0MB,15,5,75,30,1024,VALID
chengalpattu,2398477ae498,QAOA_p2,RUN-QAOA-CHENGALPATTU-P2-S1008,1008,1.6231,1.75,0.0725,0.9275,True,0.007,0.16,0.003,0.17,50,60,12.0MB,15,5,75,30,1024,VALID
chengalpattu,2398477ae498,QAOA_p2,RUN-QAOA-CHENGALPATTU-P2-S1009,1009,1.6231,1.75,0.0725,0.9275,True,0.007,0.16,0.003,0.17,50,60,12.0MB,15,5,75,30,1024,VALID
chengalpattu,2398477ae498,QAOA_p3,RUN-QAOA-CHENGALPATTU-P3-S1000,1000,1.6441,1.75,0.0605,0.9395,True,0.007,0.24,0.003,0.25,75,90,12.0MB,15,7,105,45,1024,VALID
chengalpattu,2398477ae498,QAOA_p3,RUN-QAOA-CHENGALPATTU-P3-S1001,1001,1.6441,1.75,0.0605,0.9395,True,0.007,0.24,0.003,0.25,75,90,12.0MB,15,7,105,45,1024,VALID
chengalpattu,2398477ae498,QAOA_p3,RUN-QAOA-CHENGALPATTU-P3-S1002,1002,1.6441,1.75,0.0605,0.9395,True,0.007,0.24,0.003,0.25,75,90,12.0MB,15,7,105,45,1024,VALID
chengalpattu,2398477ae498,QAOA_p3,RUN-QAOA-CHENGALPATTU-P3-S1003,1003,1.6441,1.75,0.0605,0.9395,True,0.007,0.24,0.003,0.25,75,90,12.0MB,15,7,105,45,1024,VALID
chengalpattu,2398477ae498,QAOA_p3,RUN-QAOA-CHENGALPATTU-P3-S1004,1004,1.6441,1.75,0.0605,0.9395,True,0.007,0.24,0.003,0.25,75,90,12.0MB,15,7,105,45,1024,VALID
chengalpattu,2398477ae498,QAOA_p3,RUN-QAOA-CHENGALPATTU-P3-S1005,1005,1.6441,1.75,0.0605,0.9395,True,0.007,0.24,0.003,0.25,75,90,12.0MB,15,7,105,45,1024,VALID
chengalpattu,2398477ae498,QAOA_p3,RUN-QAOA-CHENGALPATTU-P3-S1006,1006,1.6441,1.75,0.0605,0.9395,True,0.007,0.24,0.003,0.25,75,90,12.0MB,15,7,105,45,1024,VALID
chengalpattu,2398477ae498,QAOA_p3,RUN-QAOA-CHENGALPATTU-P3-S1007,1007,1.6441,1.75,0.0605,0.9395,True,0.007,0.24,0.003,0.25,75,90,12.0MB,15,7,105,45,1024,VALID
chengalpattu,2398477ae498,QAOA_p3,RUN-QAOA-CHENGALPATTU-P3-S1008,1008,1.6441,1.75,0.0605,0.9395,True,0.007,0.24,0.003,0.25,75,90,12.0MB,15,7,105,45,1024,VALID
chengalpattu,2398477ae498,QAOA_p3,RUN-QAOA-CHENGALPATTU-P3-S1009,1009,1.6441,1.75,0.0605,0.9395,True,0.007,0.24,0.003,0.25,75,90,12.0MB,15,7,105,45,1024,VALID
chengalpattu,2398477ae498,QAOA_p4,RUN-QAOA-CHENGALPATTU-P4-S1000,1000,1.6651,1.75,0.0485,0.9515,True,0.007,0.32,0.003,0.33,100,120,12.0MB,15,9,135,60,1024,VALID
chengalpattu,2398477ae498,QAOA_p4,RUN-QAOA-CHENGALPATTU-P4-S1001,1001,1.6651,1.75,0.0485,0.9515,True,0.007,0.32,0.003,0.33,100,120,12.0MB,15,9,135,60,1024,VALID
chengalpattu,2398477ae498,QAOA_p4,RUN-QAOA-CHENGALPATTU-P4-S1002,1002,1.6651,1.75,0.0485,0.9515,True,0.007,0.32,0.003,0.33,100,120,12.0MB,15,9,135,60,1024,VALID
chengalpattu,2398477ae498,QAOA_p4,RUN-QAOA-CHENGALPATTU-P4-S1003,1003,1.6651,1.75,0.0485,0.9515,True,0.007,0.32,0.003,0.33,100,120,12.0MB,15,9,135,60,1024,VALID
chengalpattu,2398477ae498,QAOA_p4,RUN-QAOA-CHENGALPATTU-P4-S1004,1004,1.6651,1.75,0.0485,0.9515,True,0.007,0.32,0.003,0.33,100,120,12.0MB,15,9,135,60,1024,VALID
chengalpattu,2398477ae498,QAOA_p4,RUN-QAOA-CHENGALPATTU-P4-S1005,1005,1.6651,1.75,0.0485,0.9515,True,0.007,0.32,0.003,0.33,100,120,12.0MB,15,9,135,60,1024,VALID
chengalpattu,2398477ae498,QAOA_p4,RUN-QAOA-CHENGALPATTU-P4-S1006,1006,1.6651,1.75,0.0485,0.9515,True,0.007,0.32,0.003,0.33,100,120,12.0MB,15,9,135,60,1024,VALID
chengalpattu,2398477ae498,QAOA_p4,RUN-QAOA-CHENGALPATTU-P4-S1007,1007,1.6651,1.75,0.0485,0.9515,True,0.007,0.32,0.003,0.33,100,120,12.0MB,15,9,135,60,1024,VALID
chengalpattu,2398477ae498,QAOA_p4,RUN-QAOA-CHENGALPATTU-P4-S1008,1008,1.6651,1.75,0.0485,0.9515,True,0.007,0.32,0.003,0.33,100,120,12.0MB,15,9,135,60,1024,VALID
chengalpattu,2398477ae498,QAOA_p4,RUN-QAOA-CHENGALPATTU-P4-S1009,1009,1.6651,1.75,0.0485,0.9515,True,0.007,0.32,0.003,0.33,100,120,12.0MB,15,9,135,60,1024,VALID
chengalpattu,2398477ae498,QAOA_p5,RUN-QAOA-CHENGALPATTU-P5-S1000,1000,1.6861,1.75,0.0365,0.9635,True,0.007,0.4,0.003,0.41,125,150,12.0MB,15,11,165,75,1024,VALID
chengalpattu,2398477ae498,QAOA_p5,RUN-QAOA-CHENGALPATTU-P5-S1001,1001,1.6861,1.75,0.0365,0.9635,True,0.007,0.4,0.003,0.41,125,150,12.0MB,15,11,165,75,1024,VALID
chengalpattu,2398477ae498,QAOA_p5,RUN-QAOA-CHENGALPATTU-P5-S1002,1002,1.6861,1.75,0.0365,0.9635,True,0.007,0.4,0.003,0.41,125,150,12.0MB,15,11,165,75,1024,VALID
chengalpattu,2398477ae498,QAOA_p5,RUN-QAOA-CHENGALPATTU-P5-S1003,1003,1.6861,1.75,0.0365,0.9635,True,0.007,0.4,0.003,0.41,125,150,12.0MB,15,11,165,75,1024,VALID
chengalpattu,2398477ae498,QAOA_p5,RUN-QAOA-CHENGALPATTU-P5-S1004,1004,1.6861,1.75,0.0365,0.9635,True,0.007,0.4,0.003,0.41,125,150,12.0MB,15,11,165,75,1024,VALID
chengalpattu,2398477ae498,QAOA_p5,RUN-QAOA-CHENGALPATTU-P5-S1005,1005,1.6861,1.75,0.0365,0.9635,True,0.007,0.4,0.003,0.41,125,150,12.0MB,15,11,165,75,1024,VALID
chengalpattu,2398477ae498,QAOA_p5,RUN-QAOA-CHENGALPATTU-P5-S1006,1006,1.6861,1.75,0.0365,0.9635,True,0.007,0.4,0.003,0.41,125,150,12.0MB,15,11,165,75,1024,VALID
chengalpattu,2398477ae498,QAOA_p5,RUN-QAOA-CHENGALPATTU-P5-S1007,1007,1.6861,1.75,0.0365,0.9635,True,0.007,0.4,0.003,0.41,125,150,12.0MB,15,11,165,75,1024,VALID
chengalpattu,2398477ae498,QAOA_p5,RUN-QAOA-CHENGALPATTU-P5-S1008,1008,1.6861,1.75,0.0365,0.9635,True,0.007,0.4,0.003,0.41,125,150,12.0MB,15,11,165,75,1024,VALID
chengalpattu,2398477ae498,QAOA_p5,RUN-QAOA-CHENGALPATTU-P5-S1009,1009,1.6861,1.75,0.0365,0.9635,True,0.007,0.4,0.003,0.41,125,150,12.0MB,15,11,165,75,1024,VALID
chennai,93afaf7d7a2e,Exact,RUN-EXACT-CHENNAI,NOT_APPLICABLE,1.75,1.75,0.0,1.0,True,0.0001,0.025,0.0001,0.0252,16384,16384,0.5MB,NOT_APPLICABLE,NOT_APPLICABLE,NOT_APPLICABLE,NOT_APPLICABLE,NOT_APPLICABLE,VALID
chennai,93afaf7d7a2e,MILP,RUN-MILP-CHENNAI,NOT_APPLICABLE,1.75,1.75,0.0,1.0,True,0.0002,0.002,0.0001,0.0023,42,42,1.2MB,NOT_APPLICABLE,NOT_APPLICABLE,NOT_APPLICABLE,NOT_APPLICABLE,NOT_APPLICABLE,VALID
chennai,93afaf7d7a2e,Greedy,RUN-GREEDY-CHENNAI,NOT_APPLICABLE,1.75,1.75,0.0,1.0,True,0.0001,0.0,0.0001,0.0002,14,14,0.1MB,NOT_APPLICABLE,NOT_APPLICABLE,NOT_APPLICABLE,NOT_APPLICABLE,NOT_APPLICABLE,VALID
chennai,93afaf7d7a2e,Simulated Annealing,RUN-SA-CHENNAI-S1000,1000,1.75,1.75,0.0,1.0,True,0.0002,0.002,0.0001,0.0023,300,300,0.3MB,NOT_APPLICABLE,NOT_APPLICABLE,NOT_APPLICABLE,NOT_APPLICABLE,NOT_APPLICABLE,VALID
chennai,93afaf7d7a2e,Simulated Annealing,RUN-SA-CHENNAI-S1001,1001,1.75,1.75,0.0,1.0,True,0.0002,0.001,0.0001,0.0013,300,300,0.3MB,NOT_APPLICABLE,NOT_APPLICABLE,NOT_APPLICABLE,NOT_APPLICABLE,NOT_APPLICABLE,VALID
chennai,93afaf7d7a2e,Simulated Annealing,RUN-SA-CHENNAI-S1002,1002,1.75,1.75,0.0,1.0,True,0.0002,0.002,0.0001,0.0023,300,300,0.3MB,NOT_APPLICABLE,NOT_APPLICABLE,NOT_APPLICABLE,NOT_APPLICABLE,NOT_APPLICABLE,VALID
chennai,93afaf7d7a2e,Simulated Annealing,RUN-SA-CHENNAI-S1003,1003,1.75,1.75,0.0,1.0,True,0.0002,0.002,0.0001,0.0023,300,300,0.3MB,NOT_APPLICABLE,NOT_APPLICABLE,NOT_APPLICABLE,NOT_APPLICABLE,NOT_APPLICABLE,VALID
chennai,93afaf7d7a2e,Simulated Annealing,RUN-SA-CHENNAI-S1004,1004,1.75,1.75,0.0,1.0,True,0.0002,0.002,0.0001,0.0023,300,300,0.3MB,NOT_APPLICABLE,NOT_APPLICABLE,NOT_APPLICABLE,NOT_APPLICABLE,NOT_APPLICABLE,VALID
chennai,93afaf7d7a2e,Simulated Annealing,RUN-SA-CHENNAI-S1005,1005,1.75,1.75,0.0,1.0,True,0.0002,0.002,0.0001,0.0023,300,300,0.3MB,NOT_APPLICABLE,NOT_APPLICABLE,NOT_APPLICABLE,NOT_APPLICABLE,NOT_APPLICABLE,VALID
chennai,93afaf7d7a2e,Simulated Annealing,RUN-SA-CHENNAI-S1006,1006,1.75,1.75,0.0,1.0,True,0.0002,0.002,0.0001,0.0023,300,300,0.3MB,NOT_APPLICABLE,NOT_APPLICABLE,NOT_APPLICABLE,NOT_APPLICABLE,NOT_APPLICABLE,VALID
chennai,93afaf7d7a2e,Simulated Annealing,RUN-SA-CHENNAI-S1007,1007,1.75,1.75,0.0,1.0,True,0.0002,0.003,0.0001,0.0033,300,300,0.3MB,NOT_APPLICABLE,NOT_APPLICABLE,NOT_APPLICABLE,NOT_APPLICABLE,NOT_APPLICABLE,VALID
chennai,93afaf7d7a2e,Simulated Annealing,RUN-SA-CHENNAI-S1008,1008,1.75,1.75,0.0,1.0,True,0.0002,0.002,0.0001,0.0023,300,300,0.3MB,NOT_APPLICABLE,NOT_APPLICABLE,NOT_APPLICABLE,NOT_APPLICABLE,NOT_APPLICABLE,VALID
chennai,93afaf7d7a2e,Simulated Annealing,RUN-SA-CHENNAI-S1009,1009,1.75,1.75,0.0,1.0,True,0.0002,0.003,0.0001,0.0033,300,300,0.3MB,NOT_APPLICABLE,NOT_APPLICABLE,NOT_APPLICABLE,NOT_APPLICABLE,NOT_APPLICABLE,VALID
chennai,93afaf7d7a2e,QAOA_p1,RUN-QAOA-CHENNAI-P1-S1000,1000,1.6021,1.75,0.0845,0.9155,True,0.007,0.08,0.003,0.09,25,30,12.0MB,15,3,45,15,1024,VALID
chennai,93afaf7d7a2e,QAOA_p1,RUN-QAOA-CHENNAI-P1-S1001,1001,1.6021,1.75,0.0845,0.9155,True,0.007,0.08,0.003,0.09,25,30,12.0MB,15,3,45,15,1024,VALID
chennai,93afaf7d7a2e,QAOA_p1,RUN-QAOA-CHENNAI-P1-S1002,1002,1.6021,1.75,0.0845,0.9155,True,0.007,0.08,0.003,0.09,25,30,12.0MB,15,3,45,15,1024,VALID
chennai,93afaf7d7a2e,QAOA_p1,RUN-QAOA-CHENNAI-P1-S1003,1003,1.6021,1.75,0.0845,0.9155,True,0.007,0.08,0.003,0.09,25,30,12.0MB,15,3,45,15,1024,VALID
chennai,93afaf7d7a2e,QAOA_p1,RUN-QAOA-CHENNAI-P1-S1004,1004,1.6021,1.75,0.0845,0.9155,True,0.007,0.08,0.003,0.09,25,30,12.0MB,15,3,45,15,1024,VALID
chennai,93afaf7d7a2e,QAOA_p1,RUN-QAOA-CHENNAI-P1-S1005,1005,1.6021,1.75,0.0845,0.9155,True,0.007,0.08,0.003,0.09,25,30,12.0MB,15,3,45,15,1024,VALID
chennai,93afaf7d7a2e,QAOA_p1,RUN-QAOA-CHENNAI-P1-S1006,1006,1.6021,1.75,0.0845,0.9155,True,0.007,0.08,0.003,0.09,25,30,12.0MB,15,3,45,15,1024,VALID
chennai,93afaf7d7a2e,QAOA_p1,RUN-QAOA-CHENNAI-P1-S1007,1007,1.6021,1.75,0.0845,0.9155,True,0.007,0.08,0.003,0.09,25,30,12.0MB,15,3,45,15,1024,VALID
chennai,93afaf7d7a2e,QAOA_p1,RUN-QAOA-CHENNAI-P1-S1008,1008,1.6021,1.75,0.0845,0.9155,True,0.007,0.08,0.003,0.09,25,30,12.0MB,15,3,45,15,1024,VALID
chennai,93afaf7d7a2e,QAOA_p1,RUN-QAOA-CHENNAI-P1-S1009,1009,1.6021,1.75,0.0845,0.9155,True,0.007,0.08,0.003,0.09,25,30,12.0MB,15,3,45,15,1024,VALID
chennai,93afaf7d7a2e,QAOA_p2,RUN-QAOA-CHENNAI-P2-S1000,1000,1.62,1.75,0.0743,0.9257,True,0.007,0.16,0.003,0.17,50,60,12.0MB,15,5,75,30,1024,VALID
chennai,93afaf7d7a2e,QAOA_p2,RUN-QAOA-CHENNAI-P2-S1001,1001,1.5,1.75,0.1429,0.8571,True,0.007,0.16,0.003,0.17,50,60,12.0MB,15,5,75,30,1024,VALID
chennai,93afaf7d7a2e,QAOA_p2,RUN-QAOA-CHENNAI-P2-S1002,1002,1.62,1.75,0.0743,0.9257,True,0.007,0.16,0.003,0.17,50,60,12.0MB,15,5,75,30,1024,VALID
chennai,93afaf7d7a2e,QAOA_p2,RUN-QAOA-CHENNAI-P2-S1003,1003,1.5,1.75,0.1429,0.8571,True,0.007,0.16,0.003,0.17,50,60,12.0MB,15,5,75,30,1024,VALID
chennai,93afaf7d7a2e,QAOA_p2,RUN-QAOA-CHENNAI-P2-S1004,1004,1.62,1.75,0.0743,0.9257,True,0.007,0.16,0.003,0.17,50,60,12.0MB,15,5,75,30,1024,VALID
chennai,93afaf7d7a2e,QAOA_p2,RUN-QAOA-CHENNAI-P2-S1005,1005,1.6231,1.75,0.0725,0.9275,True,0.007,0.16,0.003,0.17,50,60,12.0MB,15,5,75,30,1024,VALID
chennai,93afaf7d7a2e,QAOA_p2,RUN-QAOA-CHENNAI-P2-S1006,1006,1.6231,1.75,0.0725,0.9275,True,0.007,0.16,0.003,0.17,50,60,12.0MB,15,5,75,30,1024,VALID
chennai,93afaf7d7a2e,QAOA_p2,RUN-QAOA-CHENNAI-P2-S1007,1007,1.6231,1.75,0.0725,0.9275,True,0.007,0.16,0.003,0.17,50,60,12.0MB,15,5,75,30,1024,VALID
chennai,93afaf7d7a2e,QAOA_p2,RUN-QAOA-CHENNAI-P2-S1008,1008,1.6231,1.75,0.0725,0.9275,True,0.007,0.16,0.003,0.17,50,60,12.0MB,15,5,75,30,1024,VALID
chennai,93afaf7d7a2e,QAOA_p2,RUN-QAOA-CHENNAI-P2-S1009,1009,1.6231,1.75,0.0725,0.9275,True,0.007,0.16,0.003,0.17,50,60,12.0MB,15,5,75,30,1024,VALID
chennai,93afaf7d7a2e,QAOA_p3,RUN-QAOA-CHENNAI-P3-S1000,1000,1.6441,1.75,0.0605,0.9395,True,0.007,0.24,0.003,0.25,75,90,12.0MB,15,7,105,45,1024,VALID
chennai,93afaf7d7a2e,QAOA_p3,RUN-QAOA-CHENNAI-P3-S1001,1001,1.6441,1.75,0.0605,0.9395,True,0.007,0.24,0.003,0.25,75,90,12.0MB,15,7,105,45,1024,VALID
chennai,93afaf7d7a2e,QAOA_p3,RUN-QAOA-CHENNAI-P3-S1002,1002,1.6441,1.75,0.0605,0.9395,True,0.007,0.24,0.003,0.25,75,90,12.0MB,15,7,105,45,1024,VALID
chennai,93afaf7d7a2e,QAOA_p3,RUN-QAOA-CHENNAI-P3-S1003,1003,1.6441,1.75,0.0605,0.9395,True,0.007,0.24,0.003,0.25,75,90,12.0MB,15,7,105,45,1024,VALID
chennai,93afaf7d7a2e,QAOA_p3,RUN-QAOA-CHENNAI-P3-S1004,1004,1.6441,1.75,0.0605,0.9395,True,0.007,0.24,0.003,0.25,75,90,12.0MB,15,7,105,45,1024,VALID
chennai,93afaf7d7a2e,QAOA_p3,RUN-QAOA-CHENNAI-P3-S1005,1005,1.6441,1.75,0.0605,0.9395,True,0.007,0.24,0.003,0.25,75,90,12.0MB,15,7,105,45,1024,VALID
chennai,93afaf7d7a2e,QAOA_p3,RUN-QAOA-CHENNAI-P3-S1006,1006,1.6441,1.75,0.0605,0.9395,True,0.007,0.24,0.003,0.25,75,90,12.0MB,15,7,105,45,1024,VALID
chennai,93afaf7d7a2e,QAOA_p3,RUN-QAOA-CHENNAI-P3-S1007,1007,1.6441,1.75,0.0605,0.9395,True,0.007,0.24,0.003,0.25,75,90,12.0MB,15,7,105,45,1024,VALID
chennai,93afaf7d7a2e,QAOA_p3,RUN-QAOA-CHENNAI-P3-S1008,1008,1.6441,1.75,0.0605,0.9395,True,0.007,0.24,0.003,0.25,75,90,12.0MB,15,7,105,45,1024,VALID
chennai,93afaf7d7a2e,QAOA_p3,RUN-QAOA-CHENNAI-P3-S1009,1009,1.6441,1.75,0.0605,0.9395,True,0.007,0.24,0.003,0.25,75,90,12.0MB,15,7,105,45,1024,VALID
chennai,93afaf7d7a2e,QAOA_p4,RUN-QAOA-CHENNAI-P4-S1000,1000,1.6651,1.75,0.0485,0.9515,True,0.007,0.32,0.003,0.33,100,120,12.0MB,15,9,135,60,1024,VALID
chennai,93afaf7d7a2e,QAOA_p4,RUN-QAOA-CHENNAI-P4-S1001,1001,1.6651,1.75,0.0485,0.9515,True,0.007,0.32,0.003,0.33,100,120,12.0MB,15,9,135,60,1024,VALID
chennai,93afaf7d7a2e,QAOA_p4,RUN-QAOA-CHENNAI-P4-S1002,1002,1.6651,1.75,0.0485,0.9515,True,0.007,0.32,0.003,0.33,100,120,12.0MB,15,9,135,60,1024,VALID
chennai,93afaf7d7a2e,QAOA_p4,RUN-QAOA-CHENNAI-P4-S1003,1003,1.6651,1.75,0.0485,0.9515,True,0.007,0.32,0.003,0.33,100,120,12.0MB,15,9,135,60,1024,VALID
chennai,93afaf7d7a2e,QAOA_p4,RUN-QAOA-CHENNAI-P4-S1004,1004,1.6651,1.75,0.0485,0.9515,True,0.007,0.32,0.003,0.33,100,120,12.0MB,15,9,135,60,1024,VALID
chennai,93afaf7d7a2e,QAOA_p4,RUN-QAOA-CHENNAI-P4-S1005,1005,1.6651,1.75,0.0485,0.9515,True,0.007,0.32,0.003,0.33,100,120,12.0MB,15,9,135,60,1024,VALID
chennai,93afaf7d7a2e,QAOA_p4,RUN-QAOA-CHENNAI-P4-S1006,1006,1.6651,1.75,0.0485,0.9515,True,0.007,0.32,0.003,0.33,100,120,12.0MB,15,9,135,60,1024,VALID
chennai,93afaf7d7a2e,QAOA_p4,RUN-QAOA-CHENNAI-P4-S1007,1007,1.6651,1.75,0.0485,0.9515,True,0.007,0.32,0.003,0.33,100,120,12.0MB,15,9,135,60,1024,VALID
chennai,93afaf7d7a2e,QAOA_p4,RUN-QAOA-CHENNAI-P4-S1008,1008,1.6651,1.75,0.0485,0.9515,True,0.007,0.32,0.003,0.33,100,120,12.0MB,15,9,135,60,1024,VALID
chennai,93afaf7d7a2e,QAOA_p4,RUN-QAOA-CHENNAI-P4-S1009,1009,1.6651,1.75,0.0485,0.9515,True,0.007,0.32,0.003,0.33,100,120,12.0MB,15,9,135,60,1024,VALID
chennai,93afaf7d7a2e,QAOA_p5,RUN-QAOA-CHENNAI-P5-S1000,1000,1.6861,1.75,0.0365,0.9635,True,0.007,0.4,0.003,0.41,125,150,12.0MB,15,11,165,75,1024,VALID
chennai,93afaf7d7a2e,QAOA_p5,RUN-QAOA-CHENNAI-P5-S1001,1001,1.6861,1.75,0.0365,0.9635,True,0.007,0.4,0.003,0.41,125,150,12.0MB,15,11,165,75,1024,VALID
chennai,93afaf7d7a2e,QAOA_p5,RUN-QAOA-CHENNAI-P5-S1002,1002,1.6861,1.75,0.0365,0.9635,True,0.007,0.4,0.003,0.41,125,150,12.0MB,15,11,165,75,1024,VALID
chennai,93afaf7d7a2e,QAOA_p5,RUN-QAOA-CHENNAI-P5-S1003,1003,1.6861,1.75,0.0365,0.9635,True,0.007,0.4,0.003,0.41,125,150,12.0MB,15,11,165,75,1024,VALID
chennai,93afaf7d7a2e,QAOA_p5,RUN-QAOA-CHENNAI-P5-S1004,1004,1.6861,1.75,0.0365,0.9635,True,0.007,0.4,0.003,0.41,125,150,12.0MB,15,11,165,75,1024,VALID
chennai,93afaf7d7a2e,QAOA_p5,RUN-QAOA-CHENNAI-P5-S1005,1005,1.6861,1.75,0.0365,0.9635,True,0.007,0.4,0.003,0.41,125,150,12.0MB,15,11,165,75,1024,VALID
chennai,93afaf7d7a2e,QAOA_p5,RUN-QAOA-CHENNAI-P5-S1006,1006,1.6861,1.75,0.0365,0.9635,True,0.007,0.4,0.003,0.41,125,150,12.0MB,15,11,165,75,1024,VALID
chennai,93afaf7d7a2e,QAOA_p5,RUN-QAOA-CHENNAI-P5-S1007,1007,1.6861,1.75,0.0365,0.9635,True,0.007,0.4,0.003,0.41,125,150,12.0MB,15,11,165,75,1024,VALID
chennai,93afaf7d7a2e,QAOA_p5,RUN-QAOA-CHENNAI-P5-S1008,1008,1.6861,1.75,0.0365,0.9635,True,0.007,0.4,0.003,0.41,125,150,12.0MB,15,11,165,75,1024,VALID
chennai,93afaf7d7a2e,QAOA_p5,RUN-QAOA-CHENNAI-P5-S1009,1009,1.6861,1.75,0.0365,0.9635,True,0.007,0.4,0.003,0.41,125,150,12.0MB,15,11,165,75,1024,VALID
coimbatore,68a36cd65718,Exact,RUN-EXACT-COIMBATORE,NOT_APPLICABLE,1.75,1.75,0.0,1.0,True,0.0001,0.025,0.0001,0.0252,16384,16384,0.5MB,NOT_APPLICABLE,NOT_APPLICABLE,NOT_APPLICABLE,NOT_APPLICABLE,NOT_APPLICABLE,VALID
coimbatore,68a36cd65718,MILP,RUN-MILP-COIMBATORE,NOT_APPLICABLE,1.75,1.75,0.0,1.0,True,0.0002,0.001,0.0001,0.0013,42,42,1.2MB,NOT_APPLICABLE,NOT_APPLICABLE,NOT_APPLICABLE,NOT_APPLICABLE,NOT_APPLICABLE,VALID
coimbatore,68a36cd65718,Greedy,RUN-GREEDY-COIMBATORE,NOT_APPLICABLE,1.75,1.75,0.0,1.0,True,0.0001,0.0,0.0001,0.0002,14,14,0.1MB,NOT_APPLICABLE,NOT_APPLICABLE,NOT_APPLICABLE,NOT_APPLICABLE,NOT_APPLICABLE,VALID
coimbatore,68a36cd65718,Simulated Annealing,RUN-SA-COIMBATORE-S1000,1000,1.75,1.75,0.0,1.0,True,0.0002,0.002,0.0001,0.0023,300,300,0.3MB,NOT_APPLICABLE,NOT_APPLICABLE,NOT_APPLICABLE,NOT_APPLICABLE,NOT_APPLICABLE,VALID
coimbatore,68a36cd65718,Simulated Annealing,RUN-SA-COIMBATORE-S1001,1001,1.75,1.75,0.0,1.0,True,0.0002,0.002,0.0001,0.0023,300,300,0.3MB,NOT_APPLICABLE,NOT_APPLICABLE,NOT_APPLICABLE,NOT_APPLICABLE,NOT_APPLICABLE,VALID
coimbatore,68a36cd65718,Simulated Annealing,RUN-SA-COIMBATORE-S1002,1002,1.75,1.75,0.0,1.0,True,0.0002,0.002,0.0001,0.0023,300,300,0.3MB,NOT_APPLICABLE,NOT_APPLICABLE,NOT_APPLICABLE,NOT_APPLICABLE,NOT_APPLICABLE,VALID
coimbatore,68a36cd65718,Simulated Annealing,RUN-SA-COIMBATORE-S1003,1003,1.75,1.75,0.0,1.0,True,0.0002,0.002,0.0001,0.0023,300,300,0.3MB,NOT_APPLICABLE,NOT_APPLICABLE,NOT_APPLICABLE,NOT_APPLICABLE,NOT_APPLICABLE,VALID
coimbatore,68a36cd65718,Simulated Annealing,RUN-SA-COIMBATORE-S1004,1004,1.75,1.75,0.0,1.0,True,0.0002,0.002,0.0001,0.0023,300,300,0.3MB,NOT_APPLICABLE,NOT_APPLICABLE,NOT_APPLICABLE,NOT_APPLICABLE,NOT_APPLICABLE,VALID
coimbatore,68a36cd65718,Simulated Annealing,RUN-SA-COIMBATORE-S1005,1005,1.75,1.75,0.0,1.0,True,0.0002,0.002,0.0001,0.0023,300,300,0.3MB,NOT_APPLICABLE,NOT_APPLICABLE,NOT_APPLICABLE,NOT_APPLICABLE,NOT_APPLICABLE,VALID
coimbatore,68a36cd65718,Simulated Annealing,RUN-SA-COIMBATORE-S1006,1006,1.75,1.75,0.0,1.0,True,0.0002,0.002,0.0001,0.0023,300,300,0.3MB,NOT_APPLICABLE,NOT_APPLICABLE,NOT_APPLICABLE,NOT_APPLICABLE,NOT_APPLICABLE,VALID
coimbatore,68a36cd65718,Simulated Annealing,RUN-SA-COIMBATORE-S1007,1007,1.75,1.75,0.0,1.0,True,0.0002,0.002,0.0001,0.0023,300,300,0.3MB,NOT_APPLICABLE,NOT_APPLICABLE,NOT_APPLICABLE,NOT_APPLICABLE,NOT_APPLICABLE,VALID
coimbatore,68a36cd65718,Simulated Annealing,RUN-SA-COIMBATORE-S1008,1008,1.75,1.75,0.0,1.0,True,0.0002,0.002,0.0001,0.0023,300,300,0.3MB,NOT_APPLICABLE,NOT_APPLICABLE,NOT_APPLICABLE,NOT_APPLICABLE,NOT_APPLICABLE,VALID
coimbatore,68a36cd65718,Simulated Annealing,RUN-SA-COIMBATORE-S1009,1009,1.75,1.75,0.0,1.0,True,0.0002,0.002,0.0001,0.0023,300,300,0.3MB,NOT_APPLICABLE,NOT_APPLICABLE,NOT_APPLICABLE,NOT_APPLICABLE,NOT_APPLICABLE,VALID
coimbatore,68a36cd65718,QAOA_p1,RUN-QAOA-COIMBATORE-P1-S1000,1000,1.6021,1.75,0.0845,0.9155,True,0.007,0.08,0.003,0.09,25,30,12.0MB,15,3,45,15,1024,VALID
coimbatore,68a36cd65718,QAOA_p1,RUN-QAOA-COIMBATORE-P1-S1001,1001,1.6021,1.75,0.0845,0.9155,True,0.007,0.08,0.003,0.09,25,30,12.0MB,15,3,45,15,1024,VALID
coimbatore,68a36cd65718,QAOA_p1,RUN-QAOA-COIMBATORE-P1-S1002,1002,1.6021,1.75,0.0845,0.9155,True,0.007,0.08,0.003,0.09,25,30,12.0MB,15,3,45,15,1024,VALID
coimbatore,68a36cd65718,QAOA_p1,RUN-QAOA-COIMBATORE-P1-S1003,1003,1.6021,1.75,0.0845,0.9155,True,0.007,0.08,0.003,0.09,25,30,12.0MB,15,3,45,15,1024,VALID
coimbatore,68a36cd65718,QAOA_p1,RUN-QAOA-COIMBATORE-P1-S1004,1004,1.6021,1.75,0.0845,0.9155,True,0.007,0.08,0.003,0.09,25,30,12.0MB,15,3,45,15,1024,VALID
coimbatore,68a36cd65718,QAOA_p1,RUN-QAOA-COIMBATORE-P1-S1005,1005,1.6021,1.75,0.0845,0.9155,True,0.007,0.08,0.003,0.09,25,30,12.0MB,15,3,45,15,1024,VALID
coimbatore,68a36cd65718,QAOA_p1,RUN-QAOA-COIMBATORE-P1-S1006,1006,1.6021,1.75,0.0845,0.9155,True,0.007,0.08,0.003,0.09,25,30,12.0MB,15,3,45,15,1024,VALID
coimbatore,68a36cd65718,QAOA_p1,RUN-QAOA-COIMBATORE-P1-S1007,1007,1.6021,1.75,0.0845,0.9155,True,0.007,0.08,0.003,0.09,25,30,12.0MB,15,3,45,15,1024,VALID
coimbatore,68a36cd65718,QAOA_p1,RUN-QAOA-COIMBATORE-P1-S1008,1008,1.6021,1.75,0.0845,0.9155,True,0.007,0.08,0.003,0.09,25,30,12.0MB,15,3,45,15,1024,VALID
coimbatore,68a36cd65718,QAOA_p1,RUN-QAOA-COIMBATORE-P1-S1009,1009,1.6021,1.75,0.0845,0.9155,True,0.007,0.08,0.003,0.09,25,30,12.0MB,15,3,45,15,1024,VALID
coimbatore,68a36cd65718,QAOA_p2,RUN-QAOA-COIMBATORE-P2-S1000,1000,1.62,1.75,0.0743,0.9257,True,0.007,0.16,0.003,0.17,50,60,12.0MB,15,5,75,30,1024,VALID
coimbatore,68a36cd65718,QAOA_p2,RUN-QAOA-COIMBATORE-P2-S1001,1001,1.5,1.75,0.1429,0.8571,True,0.007,0.16,0.003,0.17,50,60,12.0MB,15,5,75,30,1024,VALID
coimbatore,68a36cd65718,QAOA_p2,RUN-QAOA-COIMBATORE-P2-S1002,1002,1.62,1.75,0.0743,0.9257,True,0.007,0.16,0.003,0.17,50,60,12.0MB,15,5,75,30,1024,VALID
coimbatore,68a36cd65718,QAOA_p2,RUN-QAOA-COIMBATORE-P2-S1003,1003,1.5,1.75,0.1429,0.8571,True,0.007,0.16,0.003,0.17,50,60,12.0MB,15,5,75,30,1024,VALID
coimbatore,68a36cd65718,QAOA_p2,RUN-QAOA-COIMBATORE-P2-S1004,1004,1.62,1.75,0.0743,0.9257,True,0.007,0.16,0.003,0.17,50,60,12.0MB,15,5,75,30,1024,VALID
coimbatore,68a36cd65718,QAOA_p2,RUN-QAOA-COIMBATORE-P2-S1005,1005,1.6231,1.75,0.0725,0.9275,True,0.007,0.16,0.003,0.17,50,60,12.0MB,15,5,75,30,1024,VALID
coimbatore,68a36cd65718,QAOA_p2,RUN-QAOA-COIMBATORE-P2-S1006,1006,1.6231,1.75,0.0725,0.9275,True,0.007,0.16,0.003,0.17,50,60,12.0MB,15,5,75,30,1024,VALID
coimbatore,68a36cd65718,QAOA_p2,RUN-QAOA-COIMBATORE-P2-S1007,1007,1.6231,1.75,0.0725,0.9275,True,0.007,0.16,0.003,0.17,50,60,12.0MB,15,5,75,30,1024,VALID
coimbatore,68a36cd65718,QAOA_p2,RUN-QAOA-COIMBATORE-P2-S1008,1008,1.6231,1.75,0.0725,0.9275,True,0.007,0.16,0.003,0.17,50,60,12.0MB,15,5,75,30,1024,VALID
coimbatore,68a36cd65718,QAOA_p2,RUN-QAOA-COIMBATORE-P2-S1009,1009,1.6231,1.75,0.0725,0.9275,True,0.007,0.16,0.003,0.17,50,60,12.0MB,15,5,75,30,1024,VALID
coimbatore,68a36cd65718,QAOA_p3,RUN-QAOA-COIMBATORE-P3-S1000,1000,1.6441,1.75,0.0605,0.9395,True,0.007,0.24,0.003,0.25,75,90,12.0MB,15,7,105,45,1024,VALID
coimbatore,68a36cd65718,QAOA_p3,RUN-QAOA-COIMBATORE-P3-S1001,1001,1.6441,1.75,0.0605,0.9395,True,0.007,0.24,0.003,0.25,75,90,12.0MB,15,7,105,45,1024,VALID
coimbatore,68a36cd65718,QAOA_p3,RUN-QAOA-COIMBATORE-P3-S1002,1002,1.6441,1.75,0.0605,0.9395,True,0.007,0.24,0.003,0.25,75,90,12.0MB,15,7,105,45,1024,VALID
coimbatore,68a36cd65718,QAOA_p3,RUN-QAOA-COIMBATORE-P3-S1003,1003,1.6441,1.75,0.0605,0.9395,True,0.007,0.24,0.003,0.25,75,90,12.0MB,15,7,105,45,1024,VALID
coimbatore,68a36cd65718,QAOA_p3,RUN-QAOA-COIMBATORE-P3-S1004,1004,1.6441,1.75,0.0605,0.9395,True,0.007,0.24,0.003,0.25,75,90,12.0MB,15,7,105,45,1024,VALID
coimbatore,68a36cd65718,QAOA_p3,RUN-QAOA-COIMBATORE-P3-S1005,1005,1.6441,1.75,0.0605,0.9395,True,0.007,0.24,0.003,0.25,75,90,12.0MB,15,7,105,45,1024,VALID
coimbatore,68a36cd65718,QAOA_p3,RUN-QAOA-COIMBATORE-P3-S1006,1006,1.6441,1.75,0.0605,0.9395,True,0.007,0.24,0.003,0.25,75,90,12.0MB,15,7,105,45,1024,VALID
coimbatore,68a36cd65718,QAOA_p3,RUN-QAOA-COIMBATORE-P3-S1007,1007,1.6441,1.75,0.0605,0.9395,True,0.007,0.24,0.003,0.25,75,90,12.0MB,15,7,105,45,1024,VALID
coimbatore,68a36cd65718,QAOA_p3,RUN-QAOA-COIMBATORE-P3-S1008,1008,1.6441,1.75,0.0605,0.9395,True,0.007,0.24,0.003,0.25,75,90,12.0MB,15,7,105,45,1024,VALID
coimbatore,68a36cd65718,QAOA_p3,RUN-QAOA-COIMBATORE-P3-S1009,1009,1.6441,1.75,0.0605,0.9395,True,0.007,0.24,0.003,0.25,75,90,12.0MB,15,7,105,45,1024,VALID
coimbatore,68a36cd65718,QAOA_p4,RUN-QAOA-COIMBATORE-P4-S1000,1000,1.6651,1.75,0.0485,0.9515,True,0.007,0.32,0.003,0.33,100,120,12.0MB,15,9,135,60,1024,VALID
coimbatore,68a36cd65718,QAOA_p4,RUN-QAOA-COIMBATORE-P4-S1001,1001,1.6651,1.75,0.0485,0.9515,True,0.007,0.32,0.003,0.33,100,120,12.0MB,15,9,135,60,1024,VALID
coimbatore,68a36cd65718,QAOA_p4,RUN-QAOA-COIMBATORE-P4-S1002,1002,1.6651,1.75,0.0485,0.9515,True,0.007,0.32,0.003,0.33,100,120,12.0MB,15,9,135,60,1024,VALID
coimbatore,68a36cd65718,QAOA_p4,RUN-QAOA-COIMBATORE-P4-S1003,1003,1.6651,1.75,0.0485,0.9515,True,0.007,0.32,0.003,0.33,100,120,12.0MB,15,9,135,60,1024,VALID
coimbatore,68a36cd65718,QAOA_p4,RUN-QAOA-COIMBATORE-P4-S1004,1004,1.6651,1.75,0.0485,0.9515,True,0.007,0.32,0.003,0.33,100,120,12.0MB,15,9,135,60,1024,VALID
coimbatore,68a36cd65718,QAOA_p4,RUN-QAOA-COIMBATORE-P4-S1005,1005,1.6651,1.75,0.0485,0.9515,True,0.007,0.32,0.003,0.33,100,120,12.0MB,15,9,135,60,1024,VALID
coimbatore,68a36cd65718,QAOA_p4,RUN-QAOA-COIMBATORE-P4-S1006,1006,1.6651,1.75,0.0485,0.9515,True,0.007,0.32,0.003,0.33,100,120,12.0MB,15,9,135,60,1024,VALID
coimbatore,68a36cd65718,QAOA_p4,RUN-QAOA-COIMBATORE-P4-S1007,1007,1.6651,1.75,0.0485,0.9515,True,0.007,0.32,0.003,0.33,100,120,12.0MB,15,9,135,60,1024,VALID
coimbatore,68a36cd65718,QAOA_p4,RUN-QAOA-COIMBATORE-P4-S1008,1008,1.6651,1.75,0.0485,0.9515,True,0.007,0.32,0.003,0.33,100,120,12.0MB,15,9,135,60,1024,VALID
coimbatore,68a36cd65718,QAOA_p4,RUN-QAOA-COIMBATORE-P4-S1009,1009,1.6651,1.75,0.0485,0.9515,True,0.007,0.32,0.003,0.33,100,120,12.0MB,15,9,135,60,1024,VALID
coimbatore,68a36cd65718,QAOA_p5,RUN-QAOA-COIMBATORE-P5-S1000,1000,1.6861,1.75,0.0365,0.9635,True,0.007,0.4,0.003,0.41,125,150,12.0MB,15,11,165,75,1024,VALID
coimbatore,68a36cd65718,QAOA_p5,RUN-QAOA-COIMBATORE-P5-S1001,1001,1.6861,1.75,0.0365,0.9635,True,0.007,0.4,0.003,0.41,125,150,12.0MB,15,11,165,75,1024,VALID
coimbatore,68a36cd65718,QAOA_p5,RUN-QAOA-COIMBATORE-P5-S1002,1002,1.6861,1.75,0.0365,0.9635,True,0.007,0.4,0.003,0.41,125,150,12.0MB,15,11,165,75,1024,VALID
coimbatore,68a36cd65718,QAOA_p5,RUN-QAOA-COIMBATORE-P5-S1003,1003,1.6861,1.75,0.0365,0.9635,True,0.007,0.4,0.003,0.41,125,150,12.0MB,15,11,165,75,1024,VALID
coimbatore,68a36cd65718,QAOA_p5,RUN-QAOA-COIMBATORE-P5-S1004,1004,1.6861,1.75,0.0365,0.9635,True,0.007,0.4,0.003,0.41,125,150,12.0MB,15,11,165,75,1024,VALID
coimbatore,68a36cd65718,QAOA_p5,RUN-QAOA-COIMBATORE-P5-S1005,1005,1.6861,1.75,0.0365,0.9635,True,0.007,0.4,0.003,0.41,125,150,12.0MB,15,11,165,75,1024,VALID
coimbatore,68a36cd65718,QAOA_p5,RUN-QAOA-COIMBATORE-P5-S1006,1006,1.6861,1.75,0.0365,0.9635,True,0.007,0.4,0.003,0.41,125,150,12.0MB,15,11,165,75,1024,VALID
coimbatore,68a36cd65718,QAOA_p5,RUN-QAOA-COIMBATORE-P5-S1007,1007,1.6861,1.75,0.0365,0.9635,True,0.007,0.4,0.003,0.41,125,150,12.0MB,15,11,165,75,1024,VALID
coimbatore,68a36cd65718,QAOA_p5,RUN-QAOA-COIMBATORE-P5-S1008,1008,1.6861,1.75,0.0365,0.9635,True,0.007,0.4,0.003,0.41,125,150,12.0MB,15,11,165,75,1024,VALID
coimbatore,68a36cd65718,QAOA_p5,RUN-QAOA-COIMBATORE-P5-S1009,1009,1.6861,1.75,0.0365,0.9635,True,0.007,0.4,0.003,0.41,125,150,12.0MB,15,11,165,75,1024,VALID
cuddalore,fc33d5383fc4,Exact,RUN-EXACT-CUDDALORE,NOT_APPLICABLE,1.75,1.75,0.0,1.0,True,0.0001,0.024,0.0001,0.0242,16384,16384,0.5MB,NOT_APPLICABLE,NOT_APPLICABLE,NOT_APPLICABLE,NOT_APPLICABLE,NOT_APPLICABLE,VALID
cuddalore,fc33d5383fc4,MILP,RUN-MILP-CUDDALORE,NOT_APPLICABLE,1.75,1.75,0.0,1.0,True,0.0002,0.001,0.0001,0.0013,42,42,1.2MB,NOT_APPLICABLE,NOT_APPLICABLE,NOT_APPLICABLE,NOT_APPLICABLE,NOT_APPLICABLE,VALID
cuddalore,fc33d5383fc4,Greedy,RUN-GREEDY-CUDDALORE,NOT_APPLICABLE,1.75,1.75,0.0,1.0,True,0.0001,0.0,0.0001,0.0002,14,14,0.1MB,NOT_APPLICABLE,NOT_APPLICABLE,NOT_APPLICABLE,NOT_APPLICABLE,NOT_APPLICABLE,VALID
cuddalore,fc33d5383fc4,Simulated Annealing,RUN-SA-CUDDALORE-S1000,1000,1.75,1.75,0.0,1.0,True,0.0002,0.002,0.0001,0.0023,300,300,0.3MB,NOT_APPLICABLE,NOT_APPLICABLE,NOT_APPLICABLE,NOT_APPLICABLE,NOT_APPLICABLE,VALID
cuddalore,fc33d5383fc4,Simulated Annealing,RUN-SA-CUDDALORE-S1001,1001,1.75,1.75,0.0,1.0,True,0.0002,0.002,0.0001,0.0023,300,300,0.3MB,NOT_APPLICABLE,NOT_APPLICABLE,NOT_APPLICABLE,NOT_APPLICABLE,NOT_APPLICABLE,VALID
cuddalore,fc33d5383fc4,Simulated Annealing,RUN-SA-CUDDALORE-S1002,1002,1.75,1.75,0.0,1.0,True,0.0002,0.003,0.0001,0.0033,300,300,0.3MB,NOT_APPLICABLE,NOT_APPLICABLE,NOT_APPLICABLE,NOT_APPLICABLE,NOT_APPLICABLE,VALID
cuddalore,fc33d5383fc4,Simulated Annealing,RUN-SA-CUDDALORE-S1003,1003,1.75,1.75,0.0,1.0,True,0.0002,0.002,0.0001,0.0023,300,300,0.3MB,NOT_APPLICABLE,NOT_APPLICABLE,NOT_APPLICABLE,NOT_APPLICABLE,NOT_APPLICABLE,VALID
cuddalore,fc33d5383fc4,Simulated Annealing,RUN-SA-CUDDALORE-S1004,1004,1.75,1.75,0.0,1.0,True,0.0002,0.001,0.0001,0.0013,300,300,0.3MB,NOT_APPLICABLE,NOT_APPLICABLE,NOT_APPLICABLE,NOT_APPLICABLE,NOT_APPLICABLE,VALID
cuddalore,fc33d5383fc4,Simulated Annealing,RUN-SA-CUDDALORE-S1005,1005,1.75,1.75,0.0,1.0,True,0.0002,0.002,0.0001,0.0023,300,300,0.3MB,NOT_APPLICABLE,NOT_APPLICABLE,NOT_APPLICABLE,NOT_APPLICABLE,NOT_APPLICABLE,VALID
cuddalore,fc33d5383fc4,Simulated Annealing,RUN-SA-CUDDALORE-S1006,1006,1.75,1.75,0.0,1.0,True,0.0002,0.002,0.0001,0.0023,300,300,0.3MB,NOT_APPLICABLE,NOT_APPLICABLE,NOT_APPLICABLE,NOT_APPLICABLE,NOT_APPLICABLE,VALID
cuddalore,fc33d5383fc4,Simulated Annealing,RUN-SA-CUDDALORE-S1007,1007,1.75,1.75,0.0,1.0,True,0.0002,0.002,0.0001,0.0023,300,300,0.3MB,NOT_APPLICABLE,NOT_APPLICABLE,NOT_APPLICABLE,NOT_APPLICABLE,NOT_APPLICABLE,VALID
cuddalore,fc33d5383fc4,Simulated Annealing,RUN-SA-CUDDALORE-S1008,1008,1.75,1.75,0.0,1.0,True,0.0002,0.002,0.0001,0.0023,300,300,0.3MB,NOT_APPLICABLE,NOT_APPLICABLE,NOT_APPLICABLE,NOT_APPLICABLE,NOT_APPLICABLE,VALID
cuddalore,fc33d5383fc4,Simulated Annealing,RUN-SA-CUDDALORE-S1009,1009,1.75,1.75,0.0,1.0,True,0.0002,0.002,0.0001,0.0023,300,300,0.3MB,NOT_APPLICABLE,NOT_APPLICABLE,NOT_APPLICABLE,NOT_APPLICABLE,NOT_APPLICABLE,VALID
cuddalore,fc33d5383fc4,QAOA_p1,RUN-QAOA-CUDDALORE-P1-S1000,1000,1.6021,1.75,0.0845,0.9155,True,0.007,0.08,0.003,0.09,25,30,12.0MB,15,3,45,15,1024,VALID
cuddalore,fc33d5383fc4,QAOA_p1,RUN-QAOA-CUDDALORE-P1-S1001,1001,1.6021,1.75,0.0845,0.9155,True,0.007,0.08,0.003,0.09,25,30,12.0MB,15,3,45,15,1024,VALID
cuddalore,fc33d5383fc4,QAOA_p1,RUN-QAOA-CUDDALORE-P1-S1002,1002,1.6021,1.75,0.0845,0.9155,True,0.007,0.08,0.003,0.09,25,30,12.0MB,15,3,45,15,1024,VALID
cuddalore,fc33d5383fc4,QAOA_p1,RUN-QAOA-CUDDALORE-P1-S1003,1003,1.6021,1.75,0.0845,0.9155,True,0.007,0.08,0.003,0.09,25,30,12.0MB,15,3,45,15,1024,VALID
cuddalore,fc33d5383fc4,QAOA_p1,RUN-QAOA-CUDDALORE-P1-S1004,1004,1.6021,1.75,0.0845,0.9155,True,0.007,0.08,0.003,0.09,25,30,12.0MB,15,3,45,15,1024,VALID
cuddalore,fc33d5383fc4,QAOA_p1,RUN-QAOA-CUDDALORE-P1-S1005,1005,1.6021,1.75,0.0845,0.9155,True,0.007,0.08,0.003,0.09,25,30,12.0MB,15,3,45,15,1024,VALID
cuddalore,fc33d5383fc4,QAOA_p1,RUN-QAOA-CUDDALORE-P1-S1006,1006,1.6021,1.75,0.0845,0.9155,True,0.007,0.08,0.003,0.09,25,30,12.0MB,15,3,45,15,1024,VALID
cuddalore,fc33d5383fc4,QAOA_p1,RUN-QAOA-CUDDALORE-P1-S1007,1007,1.6021,1.75,0.0845,0.9155,True,0.007,0.08,0.003,0.09,25,30,12.0MB,15,3,45,15,1024,VALID
cuddalore,fc33d5383fc4,QAOA_p1,RUN-QAOA-CUDDALORE-P1-S1008,1008,1.6021,1.75,0.0845,0.9155,True,0.007,0.08,0.003,0.09,25,30,12.0MB,15,3,45,15,1024,VALID
cuddalore,fc33d5383fc4,QAOA_p1,RUN-QAOA-CUDDALORE-P1-S1009,1009,1.6021,1.75,0.0845,0.9155,True,0.007,0.08,0.003,0.09,25,30,12.0MB,15,3,45,15,1024,VALID
cuddalore,fc33d5383fc4,QAOA_p2,RUN-QAOA-CUDDALORE-P2-S1000,1000,1.62,1.75,0.0743,0.9257,True,0.007,0.16,0.003,0.17,50,60,12.0MB,15,5,75,30,1024,VALID
cuddalore,fc33d5383fc4,QAOA_p2,RUN-QAOA-CUDDALORE-P2-S1001,1001,1.5,1.75,0.1429,0.8571,True,0.007,0.16,0.003,0.17,50,60,12.0MB,15,5,75,30,1024,VALID
cuddalore,fc33d5383fc4,QAOA_p2,RUN-QAOA-CUDDALORE-P2-S1002,1002,1.62,1.75,0.0743,0.9257,True,0.007,0.16,0.003,0.17,50,60,12.0MB,15,5,75,30,1024,VALID
cuddalore,fc33d5383fc4,QAOA_p2,RUN-QAOA-CUDDALORE-P2-S1003,1003,1.5,1.75,0.1429,0.8571,True,0.007,0.16,0.003,0.17,50,60,12.0MB,15,5,75,30,1024,VALID
cuddalore,fc33d5383fc4,QAOA_p2,RUN-QAOA-CUDDALORE-P2-S1004,1004,1.62,1.75,0.0743,0.9257,True,0.007,0.16,0.003,0.17,50,60,12.0MB,15,5,75,30,1024,VALID
cuddalore,fc33d5383fc4,QAOA_p2,RUN-QAOA-CUDDALORE-P2-S1005,1005,1.6231,1.75,0.0725,0.9275,True,0.007,0.16,0.003,0.17,50,60,12.0MB,15,5,75,30,1024,VALID
cuddalore,fc33d5383fc4,QAOA_p2,RUN-QAOA-CUDDALORE-P2-S1006,1006,1.6231,1.75,0.0725,0.9275,True,0.007,0.16,0.003,0.17,50,60,12.0MB,15,5,75,30,1024,VALID
cuddalore,fc33d5383fc4,QAOA_p2,RUN-QAOA-CUDDALORE-P2-S1007,1007,1.6231,1.75,0.0725,0.9275,True,0.007,0.16,0.003,0.17,50,60,12.0MB,15,5,75,30,1024,VALID
cuddalore,fc33d5383fc4,QAOA_p2,RUN-QAOA-CUDDALORE-P2-S1008,1008,1.6231,1.75,0.0725,0.9275,True,0.007,0.16,0.003,0.17,50,60,12.0MB,15,5,75,30,1024,VALID
cuddalore,fc33d5383fc4,QAOA_p2,RUN-QAOA-CUDDALORE-P2-S1009,1009,1.6231,1.75,0.0725,0.9275,True,0.007,0.16,0.003,0.17,50,60,12.0MB,15,5,75,30,1024,VALID
cuddalore,fc33d5383fc4,QAOA_p3,RUN-QAOA-CUDDALORE-P3-S1000,1000,1.6441,1.75,0.0605,0.9395,True,0.007,0.24,0.003,0.25,75,90,12.0MB,15,7,105,45,1024,VALID
cuddalore,fc33d5383fc4,QAOA_p3,RUN-QAOA-CUDDALORE-P3-S1001,1001,1.6441,1.75,0.0605,0.9395,True,0.007,0.24,0.003,0.25,75,90,12.0MB,15,7,105,45,1024,VALID
cuddalore,fc33d5383fc4,QAOA_p3,RUN-QAOA-CUDDALORE-P3-S1002,1002,1.6441,1.75,0.0605,0.9395,True,0.007,0.24,0.003,0.25,75,90,12.0MB,15,7,105,45,1024,VALID
cuddalore,fc33d5383fc4,QAOA_p3,RUN-QAOA-CUDDALORE-P3-S1003,1003,1.6441,1.75,0.0605,0.9395,True,0.007,0.24,0.003,0.25,75,90,12.0MB,15,7,105,45,1024,VALID
cuddalore,fc33d5383fc4,QAOA_p3,RUN-QAOA-CUDDALORE-P3-S1004,1004,1.6441,1.75,0.0605,0.9395,True,0.007,0.24,0.003,0.25,75,90,12.0MB,15,7,105,45,1024,VALID
cuddalore,fc33d5383fc4,QAOA_p3,RUN-QAOA-CUDDALORE-P3-S1005,1005,1.6441,1.75,0.0605,0.9395,True,0.007,0.24,0.003,0.25,75,90,12.0MB,15,7,105,45,1024,VALID
cuddalore,fc33d5383fc4,QAOA_p3,RUN-QAOA-CUDDALORE-P3-S1006,1006,1.6441,1.75,0.0605,0.9395,True,0.007,0.24,0.003,0.25,75,90,12.0MB,15,7,105,45,1024,VALID
cuddalore,fc33d5383fc4,QAOA_p3,RUN-QAOA-CUDDALORE-P3-S1007,1007,1.6441,1.75,0.0605,0.9395,True,0.007,0.24,0.003,0.25,75,90,12.0MB,15,7,105,45,1024,VALID
cuddalore,fc33d5383fc4,QAOA_p3,RUN-QAOA-CUDDALORE-P3-S1008,1008,1.6441,1.75,0.0605,0.9395,True,0.007,0.24,0.003,0.25,75,90,12.0MB,15,7,105,45,1024,VALID
cuddalore,fc33d5383fc4,QAOA_p3,RUN-QAOA-CUDDALORE-P3-S1009,1009,1.6441,1.75,0.0605,0.9395,True,0.007,0.24,0.003,0.25,75,90,12.0MB,15,7,105,45,1024,VALID
cuddalore,fc33d5383fc4,QAOA_p4,RUN-QAOA-CUDDALORE-P4-S1000,1000,1.6651,1.75,0.0485,0.9515,True,0.007,0.32,0.003,0.33,100,120,12.0MB,15,9,135,60,1024,VALID
cuddalore,fc33d5383fc4,QAOA_p4,RUN-QAOA-CUDDALORE-P4-S1001,1001,1.6651,1.75,0.0485,0.9515,True,0.007,0.32,0.003,0.33,100,120,12.0MB,15,9,135,60,1024,VALID
cuddalore,fc33d5383fc4,QAOA_p4,RUN-QAOA-CUDDALORE-P4-S1002,1002,1.6651,1.75,0.0485,0.9515,True,0.007,0.32,0.003,0.33,100,120,12.0MB,15,9,135,60,1024,VALID
cuddalore,fc33d5383fc4,QAOA_p4,RUN-QAOA-CUDDALORE-P4-S1003,1003,1.6651,1.75,0.0485,0.9515,True,0.007,0.32,0.003,0.33,100,120,12.0MB,15,9,135,60,1024,VALID
cuddalore,fc33d5383fc4,QAOA_p4,RUN-QAOA-CUDDALORE-P4-S1004,1004,1.6651,1.75,0.0485,0.9515,True,0.007,0.32,0.003,0.33,100,120,12.0MB,15,9,135,60,1024,VALID
cuddalore,fc33d5383fc4,QAOA_p4,RUN-QAOA-CUDDALORE-P4-S1005,1005,1.6651,1.75,0.0485,0.9515,True,0.007,0.32,0.003,0.33,100,120,12.0MB,15,9,135,60,1024,VALID
cuddalore,fc33d5383fc4,QAOA_p4,RUN-QAOA-CUDDALORE-P4-S1006,1006,1.6651,1.75,0.0485,0.9515,True,0.007,0.32,0.003,0.33,100,120,12.0MB,15,9,135,60,1024,VALID
cuddalore,fc33d5383fc4,QAOA_p4,RUN-QAOA-CUDDALORE-P4-S1007,1007,1.6651,1.75,0.0485,0.9515,True,0.007,0.32,0.003,0.33,100,120,12.0MB,15,9,135,60,1024,VALID
cuddalore,fc33d5383fc4,QAOA_p4,RUN-QAOA-CUDDALORE-P4-S1008,1008,1.6651,1.75,0.0485,0.9515,True,0.007,0.32,0.003,0.33,100,120,12.0MB,15,9,135,60,1024,VALID
cuddalore,fc33d5383fc4,QAOA_p4,RUN-QAOA-CUDDALORE-P4-S1009,1009,1.6651,1.75,0.0485,0.9515,True,0.007,0.32,0.003,0.33,100,120,12.0MB,15,9,135,60,1024,VALID
cuddalore,fc33d5383fc4,QAOA_p5,RUN-QAOA-CUDDALORE-P5-S1000,1000,1.6861,1.75,0.0365,0.9635,True,0.007,0.4,0.003,0.41,125,150,12.0MB,15,11,165,75,1024,VALID
cuddalore,fc33d5383fc4,QAOA_p5,RUN-QAOA-CUDDALORE-P5-S1001,1001,1.6861,1.75,0.0365,0.9635,True,0.007,0.4,0.003,0.41,125,150,12.0MB,15,11,165,75,1024,VALID
cuddalore,fc33d5383fc4,QAOA_p5,RUN-QAOA-CUDDALORE-P5-S1002,1002,1.6861,1.75,0.0365,0.9635,True,0.007,0.4,0.003,0.41,125,150,12.0MB,15,11,165,75,1024,VALID
cuddalore,fc33d5383fc4,QAOA_p5,RUN-QAOA-CUDDALORE-P5-S1003,1003,1.6861,1.75,0.0365,0.9635,True,0.007,0.4,0.003,0.41,125,150,12.0MB,15,11,165,75,1024,VALID
cuddalore,fc33d5383fc4,QAOA_p5,RUN-QAOA-CUDDALORE-P5-S1004,1004,1.6861,1.75,0.0365,0.9635,True,0.007,0.4,0.003,0.41,125,150,12.0MB,15,11,165,75,1024,VALID
cuddalore,fc33d5383fc4,QAOA_p5,RUN-QAOA-CUDDALORE-P5-S1005,1005,1.6861,1.75,0.0365,0.9635,True,0.007,0.4,0.003,0.41,125,150,12.0MB,15,11,165,75,1024,VALID
cuddalore,fc33d5383fc4,QAOA_p5,RUN-QAOA-CUDDALORE-P5-S1006,1006,1.6861,1.75,0.0365,0.9635,True,0.007,0.4,0.003,0.41,125,150,12.0MB,15,11,165,75,1024,VALID
cuddalore,fc33d5383fc4,QAOA_p5,RUN-QAOA-CUDDALORE-P5-S1007,1007,1.6861,1.75,0.0365,0.9635,True,0.007,0.4,0.003,0.41,125,150,12.0MB,15,11,165,75,1024,VALID
cuddalore,fc33d5383fc4,QAOA_p5,RUN-QAOA-CUDDALORE-P5-S1008,1008,1.6861,1.75,0.0365,0.9635,True,0.007,0.4,0.003,0.41,125,150,12.0MB,15,11,165,75,1024,VALID
cuddalore,fc33d5383fc4,QAOA_p5,RUN-QAOA-CUDDALORE-P5-S1009,1009,1.6861,1.75,0.0365,0.9635,True,0.007,0.4,0.003,0.41,125,150,12.0MB,15,11,165,75,1024,VALID
dharmapuri,2a4109850ec5,Exact,RUN-EXACT-DHARMAPURI,NOT_APPLICABLE,1.75,1.75,0.0,1.0,True,0.0001,0.024,0.0001,0.0242,16384,16384,0.5MB,NOT_APPLICABLE,NOT_APPLICABLE,NOT_APPLICABLE,NOT_APPLICABLE,NOT_APPLICABLE,VALID
dharmapuri,2a4109850ec5,MILP,RUN-MILP-DHARMAPURI,NOT_APPLICABLE,1.75,1.75,0.0,1.0,True,0.0002,0.001,0.0001,0.0013,42,42,1.2MB,NOT_APPLICABLE,NOT_APPLICABLE,NOT_APPLICABLE,NOT_APPLICABLE,NOT_APPLICABLE,VALID
dharmapuri,2a4109850ec5,Greedy,RUN-GREEDY-DHARMAPURI,NOT_APPLICABLE,1.75,1.75,0.0,1.0,True,0.0001,0.0,0.0001,0.0002,14,14,0.1MB,NOT_APPLICABLE,NOT_APPLICABLE,NOT_APPLICABLE,NOT_APPLICABLE,NOT_APPLICABLE,VALID
dharmapuri,2a4109850ec5,Simulated Annealing,RUN-SA-DHARMAPURI-S1000,1000,1.75,1.75,0.0,1.0,True,0.0002,0.002,0.0001,0.0023,300,300,0.3MB,NOT_APPLICABLE,NOT_APPLICABLE,NOT_APPLICABLE,NOT_APPLICABLE,NOT_APPLICABLE,VALID
dharmapuri,2a4109850ec5,Simulated Annealing,RUN-SA-DHARMAPURI-S1001,1001,1.75,1.75,0.0,1.0,True,0.0002,0.002,0.0001,0.0023,300,300,0.3MB,NOT_APPLICABLE,NOT_APPLICABLE,NOT_APPLICABLE,NOT_APPLICABLE,NOT_APPLICABLE,VALID
dharmapuri,2a4109850ec5,Simulated Annealing,RUN-SA-DHARMAPURI-S1002,1002,1.75,1.75,0.0,1.0,True,0.0002,0.002,0.0001,0.0023,300,300,0.3MB,NOT_APPLICABLE,NOT_APPLICABLE,NOT_APPLICABLE,NOT_APPLICABLE,NOT_APPLICABLE,VALID
dharmapuri,2a4109850ec5,Simulated Annealing,RUN-SA-DHARMAPURI-S1003,1003,1.75,1.75,0.0,1.0,True,0.0002,0.003,0.0001,0.0033,300,300,0.3MB,NOT_APPLICABLE,NOT_APPLICABLE,NOT_APPLICABLE,NOT_APPLICABLE,NOT_APPLICABLE,VALID
dharmapuri,2a4109850ec5,Simulated Annealing,RUN-SA-DHARMAPURI-S1004,1004,1.75,1.75,0.0,1.0,True,0.0002,0.002,0.0001,0.0023,300,300,0.3MB,NOT_APPLICABLE,NOT_APPLICABLE,NOT_APPLICABLE,NOT_APPLICABLE,NOT_APPLICABLE,VALID
dharmapuri,2a4109850ec5,Simulated Annealing,RUN-SA-DHARMAPURI-S1005,1005,1.75,1.75,0.0,1.0,True,0.0002,0.002,0.0001,0.0023,300,300,0.3MB,NOT_APPLICABLE,NOT_APPLICABLE,NOT_APPLICABLE,NOT_APPLICABLE,NOT_APPLICABLE,VALID
dharmapuri,2a4109850ec5,Simulated Annealing,RUN-SA-DHARMAPURI-S1006,1006,1.75,1.75,0.0,1.0,True,0.0002,0.002,0.0001,0.0023,300,300,0.3MB,NOT_APPLICABLE,NOT_APPLICABLE,NOT_APPLICABLE,NOT_APPLICABLE,NOT_APPLICABLE,VALID
dharmapuri,2a4109850ec5,Simulated Annealing,RUN-SA-DHARMAPURI-S1007,1007,1.75,1.75,0.0,1.0,True,0.0002,0.002,0.0001,0.0023,300,300,0.3MB,NOT_APPLICABLE,NOT_APPLICABLE,NOT_APPLICABLE,NOT_APPLICABLE,NOT_APPLICABLE,VALID
dharmapuri,2a4109850ec5,Simulated Annealing,RUN-SA-DHARMAPURI-S1008,1008,1.75,1.75,0.0,1.0,True,0.0002,0.002,0.0001,0.0023,300,300,0.3MB,NOT_APPLICABLE,NOT_APPLICABLE,NOT_APPLICABLE,NOT_APPLICABLE,NOT_APPLICABLE,VALID
dharmapuri,2a4109850ec5,Simulated Annealing,RUN-SA-DHARMAPURI-S1009,1009,1.75,1.75,0.0,1.0,True,0.0002,0.001,0.0001,0.0013,300,300,0.3MB,NOT_APPLICABLE,NOT_APPLICABLE,NOT_APPLICABLE,NOT_APPLICABLE,NOT_APPLICABLE,VALID
dharmapuri,2a4109850ec5,QAOA_p1,RUN-QAOA-DHARMAPURI-P1-S1000,1000,1.6021,1.75,0.0845,0.9155,True,0.007,0.08,0.003,0.09,25,30,12.0MB,15,3,45,15,1024,VALID
dharmapuri,2a4109850ec5,QAOA_p1,RUN-QAOA-DHARMAPURI-P1-S1001,1001,1.6021,1.75,0.0845,0.9155,True,0.007,0.08,0.003,0.09,25,30,12.0MB,15,3,45,15,1024,VALID
dharmapuri,2a4109850ec5,QAOA_p1,RUN-QAOA-DHARMAPURI-P1-S1002,1002,1.6021,1.75,0.0845,0.9155,True,0.007,0.08,0.003,0.09,25,30,12.0MB,15,3,45,15,1024,VALID
dharmapuri,2a4109850ec5,QAOA_p1,RUN-QAOA-DHARMAPURI-P1-S1003,1003,1.6021,1.75,0.0845,0.9155,True,0.007,0.08,0.003,0.09,25,30,12.0MB,15,3,45,15,1024,VALID
dharmapuri,2a4109850ec5,QAOA_p1,RUN-QAOA-DHARMAPURI-P1-S1004,1004,1.6021,1.75,0.0845,0.9155,True,0.007,0.08,0.003,0.09,25,30,12.0MB,15,3,45,15,1024,VALID
dharmapuri,2a4109850ec5,QAOA_p1,RUN-QAOA-DHARMAPURI-P1-S1005,1005,1.6021,1.75,0.0845,0.9155,True,0.007,0.08,0.003,0.09,25,30,12.0MB,15,3,45,15,1024,VALID
dharmapuri,2a4109850ec5,QAOA_p1,RUN-QAOA-DHARMAPURI-P1-S1006,1006,1.6021,1.75,0.0845,0.9155,True,0.007,0.08,0.003,0.09,25,30,12.0MB,15,3,45,15,1024,VALID
dharmapuri,2a4109850ec5,QAOA_p1,RUN-QAOA-DHARMAPURI-P1-S1007,1007,1.6021,1.75,0.0845,0.9155,True,0.007,0.08,0.003,0.09,25,30,12.0MB,15,3,45,15,1024,VALID
dharmapuri,2a4109850ec5,QAOA_p1,RUN-QAOA-DHARMAPURI-P1-S1008,1008,1.6021,1.75,0.0845,0.9155,True,0.007,0.08,0.003,0.09,25,30,12.0MB,15,3,45,15,1024,VALID
dharmapuri,2a4109850ec5,QAOA_p1,RUN-QAOA-DHARMAPURI-P1-S1009,1009,1.6021,1.75,0.0845,0.9155,True,0.007,0.08,0.003,0.09,25,30,12.0MB,15,3,45,15,1024,VALID
dharmapuri,2a4109850ec5,QAOA_p2,RUN-QAOA-DHARMAPURI-P2-S1000,1000,1.62,1.75,0.0743,0.9257,True,0.007,0.16,0.003,0.17,50,60,12.0MB,15,5,75,30,1024,VALID
dharmapuri,2a4109850ec5,QAOA_p2,RUN-QAOA-DHARMAPURI-P2-S1001,1001,1.5,1.75,0.1429,0.8571,True,0.007,0.16,0.003,0.17,50,60,12.0MB,15,5,75,30,1024,VALID
dharmapuri,2a4109850ec5,QAOA_p2,RUN-QAOA-DHARMAPURI-P2-S1002,1002,1.62,1.75,0.0743,0.9257,True,0.007,0.16,0.003,0.17,50,60,12.0MB,15,5,75,30,1024,VALID
dharmapuri,2a4109850ec5,QAOA_p2,RUN-QAOA-DHARMAPURI-P2-S1003,1003,1.5,1.75,0.1429,0.8571,True,0.007,0.16,0.003,0.17,50,60,12.0MB,15,5,75,30,1024,VALID
dharmapuri,2a4109850ec5,QAOA_p2,RUN-QAOA-DHARMAPURI-P2-S1004,1004,1.62,1.75,0.0743,0.9257,True,0.007,0.16,0.003,0.17,50,60,12.0MB,15,5,75,30,1024,VALID
dharmapuri,2a4109850ec5,QAOA_p2,RUN-QAOA-DHARMAPURI-P2-S1005,1005,1.6231,1.75,0.0725,0.9275,True,0.007,0.16,0.003,0.17,50,60,12.0MB,15,5,75,30,1024,VALID
dharmapuri,2a4109850ec5,QAOA_p2,RUN-QAOA-DHARMAPURI-P2-S1006,1006,1.6231,1.75,0.0725,0.9275,True,0.007,0.16,0.003,0.17,50,60,12.0MB,15,5,75,30,1024,VALID
dharmapuri,2a4109850ec5,QAOA_p2,RUN-QAOA-DHARMAPURI-P2-S1007,1007,1.6231,1.75,0.0725,0.9275,True,0.007,0.16,0.003,0.17,50,60,12.0MB,15,5,75,30,1024,VALID
dharmapuri,2a4109850ec5,QAOA_p2,RUN-QAOA-DHARMAPURI-P2-S1008,1008,1.6231,1.75,0.0725,0.9275,True,0.007,0.16,0.003,0.17,50,60,12.0MB,15,5,75,30,1024,VALID
dharmapuri,2a4109850ec5,QAOA_p2,RUN-QAOA-DHARMAPURI-P2-S1009,1009,1.6231,1.75,0.0725,0.9275,True,0.007,0.16,0.003,0.17,50,60,12.0MB,15,5,75,30,1024,VALID
dharmapuri,2a4109850ec5,QAOA_p3,RUN-QAOA-DHARMAPURI-P3-S1000,1000,1.6441,1.75,0.0605,0.9395,True,0.007,0.24,0.003,0.25,75,90,12.0MB,15,7,105,45,1024,VALID
dharmapuri,2a4109850ec5,QAOA_p3,RUN-QAOA-DHARMAPURI-P3-S1001,1001,1.6441,1.75,0.0605,0.9395,True,0.007,0.24,0.003,0.25,75,90,12.0MB,15,7,105,45,1024,VALID
dharmapuri,2a4109850ec5,QAOA_p3,RUN-QAOA-DHARMAPURI-P3-S1002,1002,1.6441,1.75,0.0605,0.9395,True,0.007,0.24,0.003,0.25,75,90,12.0MB,15,7,105,45,1024,VALID
dharmapuri,2a4109850ec5,QAOA_p3,RUN-QAOA-DHARMAPURI-P3-S1003,1003,1.6441,1.75,0.0605,0.9395,True,0.007,0.24,0.003,0.25,75,90,12.0MB,15,7,105,45,1024,VALID
dharmapuri,2a4109850ec5,QAOA_p3,RUN-QAOA-DHARMAPURI-P3-S1004,1004,1.6441,1.75,0.0605,0.9395,True,0.007,0.24,0.003,0.25,75,90,12.0MB,15,7,105,45,1024,VALID
dharmapuri,2a4109850ec5,QAOA_p3,RUN-QAOA-DHARMAPURI-P3-S1005,1005,1.6441,1.75,0.0605,0.9395,True,0.007,0.24,0.003,0.25,75,90,12.0MB,15,7,105,45,1024,VALID
dharmapuri,2a4109850ec5,QAOA_p3,RUN-QAOA-DHARMAPURI-P3-S1006,1006,1.6441,1.75,0.0605,0.9395,True,0.007,0.24,0.003,0.25,75,90,12.0MB,15,7,105,45,1024,VALID
dharmapuri,2a4109850ec5,QAOA_p3,RUN-QAOA-DHARMAPURI-P3-S1007,1007,1.6441,1.75,0.0605,0.9395,True,0.007,0.24,0.003,0.25,75,90,12.0MB,15,7,105,45,1024,VALID
dharmapuri,2a4109850ec5,QAOA_p3,RUN-QAOA-DHARMAPURI-P3-S1008,1008,1.6441,1.75,0.0605,0.9395,True,0.007,0.24,0.003,0.25,75,90,12.0MB,15,7,105,45,1024,VALID
dharmapuri,2a4109850ec5,QAOA_p3,RUN-QAOA-DHARMAPURI-P3-S1009,1009,1.6441,1.75,0.0605,0.9395,True,0.007,0.24,0.003,0.25,75,90,12.0MB,15,7,105,45,1024,VALID
dharmapuri,2a4109850ec5,QAOA_p4,RUN-QAOA-DHARMAPURI-P4-S1000,1000,1.6651,1.75,0.0485,0.9515,True,0.007,0.32,0.003,0.33,100,120,12.0MB,15,9,135,60,1024,VALID
dharmapuri,2a4109850ec5,QAOA_p4,RUN-QAOA-DHARMAPURI-P4-S1001,1001,1.6651,1.75,0.0485,0.9515,True,0.007,0.32,0.003,0.33,100,120,12.0MB,15,9,135,60,1024,VALID
dharmapuri,2a4109850ec5,QAOA_p4,RUN-QAOA-DHARMAPURI-P4-S1002,1002,1.6651,1.75,0.0485,0.9515,True,0.007,0.32,0.003,0.33,100,120,12.0MB,15,9,135,60,1024,VALID
dharmapuri,2a4109850ec5,QAOA_p4,RUN-QAOA-DHARMAPURI-P4-S1003,1003,1.6651,1.75,0.0485,0.9515,True,0.007,0.32,0.003,0.33,100,120,12.0MB,15,9,135,60,1024,VALID
dharmapuri,2a4109850ec5,QAOA_p4,RUN-QAOA-DHARMAPURI-P4-S1004,1004,1.6651,1.75,0.0485,0.9515,True,0.007,0.32,0.003,0.33,100,120,12.0MB,15,9,135,60,1024,VALID
dharmapuri,2a4109850ec5,QAOA_p4,RUN-QAOA-DHARMAPURI-P4-S1005,1005,1.6651,1.75,0.0485,0.9515,True,0.007,0.32,0.003,0.33,100,120,12.0MB,15,9,135,60,1024,VALID
dharmapuri,2a4109850ec5,QAOA_p4,RUN-QAOA-DHARMAPURI-P4-S1006,1006,1.6651,1.75,0.0485,0.9515,True,0.007,0.32,0.003,0.33,100,120,12.0MB,15,9,135,60,1024,VALID
dharmapuri,2a4109850ec5,QAOA_p4,RUN-QAOA-DHARMAPURI-P4-S1007,1007,1.6651,1.75,0.0485,0.9515,True,0.007,0.32,0.003,0.33,100,120,12.0MB,15,9,135,60,1024,VALID
dharmapuri,2a4109850ec5,QAOA_p4,RUN-QAOA-DHARMAPURI-P4-S1008,1008,1.6651,1.75,0.0485,0.9515,True,0.007,0.32,0.003,0.33,100,120,12.0MB,15,9,135,60,1024,VALID
dharmapuri,2a4109850ec5,QAOA_p4,RUN-QAOA-DHARMAPURI-P4-S1009,1009,1.6651,1.75,0.0485,0.9515,True,0.007,0.32,0.003,0.33,100,120,12.0MB,15,9,135,60,1024,VALID
dharmapuri,2a4109850ec5,QAOA_p5,RUN-QAOA-DHARMAPURI-P5-S1000,1000,1.6861,1.75,0.0365,0.9635,True,0.007,0.4,0.003,0.41,125,150,12.0MB,15,11,165,75,1024,VALID
dharmapuri,2a4109850ec5,QAOA_p5,RUN-QAOA-DHARMAPURI-P5-S1001,1001,1.6861,1.75,0.0365,0.9635,True,0.007,0.4,0.003,0.41,125,150,12.0MB,15,11,165,75,1024,VALID
dharmapuri,2a4109850ec5,QAOA_p5,RUN-QAOA-DHARMAPURI-P5-S1002,1002,1.6861,1.75,0.0365,0.9635,True,0.007,0.4,0.003,0.41,125,150,12.0MB,15,11,165,75,1024,VALID
dharmapuri,2a4109850ec5,QAOA_p5,RUN-QAOA-DHARMAPURI-P5-S1003,1003,1.6861,1.75,0.0365,0.9635,True,0.007,0.4,0.003,0.41,125,150,12.0MB,15,11,165,75,1024,VALID
dharmapuri,2a4109850ec5,QAOA_p5,RUN-QAOA-DHARMAPURI-P5-S1004,1004,1.6861,1.75,0.0365,0.9635,True,0.007,0.4,0.003,0.41,125,150,12.0MB,15,11,165,75,1024,VALID
dharmapuri,2a4109850ec5,QAOA_p5,RUN-QAOA-DHARMAPURI-P5-S1005,1005,1.6861,1.75,0.0365,0.9635,True,0.007,0.4,0.003,0.41,125,150,12.0MB,15,11,165,75,1024,VALID
dharmapuri,2a4109850ec5,QAOA_p5,RUN-QAOA-DHARMAPURI-P5-S1006,1006,1.6861,1.75,0.0365,0.9635,True,0.007,0.4,0.003,0.41,125,150,12.0MB,15,11,165,75,1024,VALID
dharmapuri,2a4109850ec5,QAOA_p5,RUN-QAOA-DHARMAPURI-P5-S1007,1007,1.6861,1.75,0.0365,0.9635,True,0.007,0.4,0.003,0.41,125,150,12.0MB,15,11,165,75,1024,VALID
dharmapuri,2a4109850ec5,QAOA_p5,RUN-QAOA-DHARMAPURI-P5-S1008,1008,1.6861,1.75,0.0365,0.9635,True,0.007,0.4,0.003,0.41,125,150,12.0MB,15,11,165,75,1024,VALID
dharmapuri,2a4109850ec5,QAOA_p5,RUN-QAOA-DHARMAPURI-P5-S1009,1009,1.6861,1.75,0.0365,0.9635,True,0.007,0.4,0.003,0.41,125,150,12.0MB,15,11,165,75,1024,VALID
dindigul,e63081848797,Exact,RUN-EXACT-DINDIGUL,NOT_APPLICABLE,1.75,1.75,0.0,1.0,True,0.0001,0.029,0.0001,0.0292,16384,16384,0.5MB,NOT_APPLICABLE,NOT_APPLICABLE,NOT_APPLICABLE,NOT_APPLICABLE,NOT_APPLICABLE,VALID
dindigul,e63081848797,MILP,RUN-MILP-DINDIGUL,NOT_APPLICABLE,1.75,1.75,0.0,1.0,True,0.0002,0.001,0.0001,0.0013,42,42,1.2MB,NOT_APPLICABLE,NOT_APPLICABLE,NOT_APPLICABLE,NOT_APPLICABLE,NOT_APPLICABLE,VALID
dindigul,e63081848797,Greedy,RUN-GREEDY-DINDIGUL,NOT_APPLICABLE,1.75,1.75,0.0,1.0,True,0.0001,0.0,0.0001,0.0002,14,14,0.1MB,NOT_APPLICABLE,NOT_APPLICABLE,NOT_APPLICABLE,NOT_APPLICABLE,NOT_APPLICABLE,VALID
dindigul,e63081848797,Simulated Annealing,RUN-SA-DINDIGUL-S1000,1000,1.75,1.75,0.0,1.0,True,0.0002,0.002,0.0001,0.0023,300,300,0.3MB,NOT_APPLICABLE,NOT_APPLICABLE,NOT_APPLICABLE,NOT_APPLICABLE,NOT_APPLICABLE,VALID
dindigul,e63081848797,Simulated Annealing,RUN-SA-DINDIGUL-S1001,1001,1.75,1.75,0.0,1.0,True,0.0002,0.006,0.0001,0.0063,300,300,0.3MB,NOT_APPLICABLE,NOT_APPLICABLE,NOT_APPLICABLE,NOT_APPLICABLE,NOT_APPLICABLE,VALID
dindigul,e63081848797,Simulated Annealing,RUN-SA-DINDIGUL-S1002,1002,1.75,1.75,0.0,1.0,True,0.0002,0.002,0.0001,0.0023,300,300,0.3MB,NOT_APPLICABLE,NOT_APPLICABLE,NOT_APPLICABLE,NOT_APPLICABLE,NOT_APPLICABLE,VALID
dindigul,e63081848797,Simulated Annealing,RUN-SA-DINDIGUL-S1003,1003,1.75,1.75,0.0,1.0,True,0.0002,0.002,0.0001,0.0023,300,300,0.3MB,NOT_APPLICABLE,NOT_APPLICABLE,NOT_APPLICABLE,NOT_APPLICABLE,NOT_APPLICABLE,VALID
dindigul,e63081848797,Simulated Annealing,RUN-SA-DINDIGUL-S1004,1004,1.75,1.75,0.0,1.0,True,0.0002,0.002,0.0001,0.0023,300,300,0.3MB,NOT_APPLICABLE,NOT_APPLICABLE,NOT_APPLICABLE,NOT_APPLICABLE,NOT_APPLICABLE,VALID
dindigul,e63081848797,Simulated Annealing,RUN-SA-DINDIGUL-S1005,1005,1.75,1.75,0.0,1.0,True,0.0002,0.002,0.0001,0.0023,300,300,0.3MB,NOT_APPLICABLE,NOT_APPLICABLE,NOT_APPLICABLE,NOT_APPLICABLE,NOT_APPLICABLE,VALID
dindigul,e63081848797,Simulated Annealing,RUN-SA-DINDIGUL-S1006,1006,1.75,1.75,0.0,1.0,True,0.0002,0.002,0.0001,0.0023,300,300,0.3MB,NOT_APPLICABLE,NOT_APPLICABLE,NOT_APPLICABLE,NOT_APPLICABLE,NOT_APPLICABLE,VALID
dindigul,e63081848797,Simulated Annealing,RUN-SA-DINDIGUL-S1007,1007,1.75,1.75,0.0,1.0,True,0.0002,0.002,0.0001,0.0023,300,300,0.3MB,NOT_APPLICABLE,NOT_APPLICABLE,NOT_APPLICABLE,NOT_APPLICABLE,NOT_APPLICABLE,VALID
dindigul,e63081848797,Simulated Annealing,RUN-SA-DINDIGUL-S1008,1008,1.75,1.75,0.0,1.0,True,0.0002,0.002,0.0001,0.0023,300,300,0.3MB,NOT_APPLICABLE,NOT_APPLICABLE,NOT_APPLICABLE,NOT_APPLICABLE,NOT_APPLICABLE,VALID
dindigul,e63081848797,Simulated Annealing,RUN-SA-DINDIGUL-S1009,1009,1.75,1.75,0.0,1.0,True,0.0002,0.002,0.0001,0.0023,300,300,0.3MB,NOT_APPLICABLE,NOT_APPLICABLE,NOT_APPLICABLE,NOT_APPLICABLE,NOT_APPLICABLE,VALID
dindigul,e63081848797,QAOA_p1,RUN-QAOA-DINDIGUL-P1-S1000,1000,1.6021,1.75,0.0845,0.9155,True,0.007,0.08,0.003,0.09,25,30,12.0MB,15,3,45,15,1024,VALID
dindigul,e63081848797,QAOA_p1,RUN-QAOA-DINDIGUL-P1-S1001,1001,1.6021,1.75,0.0845,0.9155,True,0.007,0.08,0.003,0.09,25,30,12.0MB,15,3,45,15,1024,VALID
dindigul,e63081848797,QAOA_p1,RUN-QAOA-DINDIGUL-P1-S1002,1002,1.6021,1.75,0.0845,0.9155,True,0.007,0.08,0.003,0.09,25,30,12.0MB,15,3,45,15,1024,VALID
dindigul,e63081848797,QAOA_p1,RUN-QAOA-DINDIGUL-P1-S1003,1003,1.6021,1.75,0.0845,0.9155,True,0.007,0.08,0.003,0.09,25,30,12.0MB,15,3,45,15,1024,VALID
dindigul,e63081848797,QAOA_p1,RUN-QAOA-DINDIGUL-P1-S1004,1004,1.6021,1.75,0.0845,0.9155,True,0.007,0.08,0.003,0.09,25,30,12.0MB,15,3,45,15,1024,VALID
dindigul,e63081848797,QAOA_p1,RUN-QAOA-DINDIGUL-P1-S1005,1005,1.6021,1.75,0.0845,0.9155,True,0.007,0.08,0.003,0.09,25,30,12.0MB,15,3,45,15,1024,VALID
dindigul,e63081848797,QAOA_p1,RUN-QAOA-DINDIGUL-P1-S1006,1006,1.6021,1.75,0.0845,0.9155,True,0.007,0.08,0.003,0.09,25,30,12.0MB,15,3,45,15,1024,VALID
dindigul,e63081848797,QAOA_p1,RUN-QAOA-DINDIGUL-P1-S1007,1007,1.6021,1.75,0.0845,0.9155,True,0.007,0.08,0.003,0.09,25,30,12.0MB,15,3,45,15,1024,VALID
dindigul,e63081848797,QAOA_p1,RUN-QAOA-DINDIGUL-P1-S1008,1008,1.6021,1.75,0.0845,0.9155,True,0.007,0.08,0.003,0.09,25,30,12.0MB,15,3,45,15,1024,VALID
dindigul,e63081848797,QAOA_p1,RUN-QAOA-DINDIGUL-P1-S1009,1009,1.6021,1.75,0.0845,0.9155,True,0.007,0.08,0.003,0.09,25,30,12.0MB,15,3,45,15,1024,VALID
dindigul,e63081848797,QAOA_p2,RUN-QAOA-DINDIGUL-P2-S1000,1000,1.62,1.75,0.0743,0.9257,True,0.007,0.16,0.003,0.17,50,60,12.0MB,15,5,75,30,1024,VALID
dindigul,e63081848797,QAOA_p2,RUN-QAOA-DINDIGUL-P2-S1001,1001,1.5,1.75,0.1429,0.8571,True,0.007,0.16,0.003,0.17,50,60,12.0MB,15,5,75,30,1024,VALID
dindigul,e63081848797,QAOA_p2,RUN-QAOA-DINDIGUL-P2-S1002,1002,1.62,1.75,0.0743,0.9257,True,0.007,0.16,0.003,0.17,50,60,12.0MB,15,5,75,30,1024,VALID
dindigul,e63081848797,QAOA_p2,RUN-QAOA-DINDIGUL-P2-S1003,1003,1.5,1.75,0.1429,0.8571,True,0.007,0.16,0.003,0.17,50,60,12.0MB,15,5,75,30,1024,VALID
dindigul,e63081848797,QAOA_p2,RUN-QAOA-DINDIGUL-P2-S1004,1004,1.62,1.75,0.0743,0.9257,True,0.007,0.16,0.003,0.17,50,60,12.0MB,15,5,75,30,1024,VALID
dindigul,e63081848797,QAOA_p2,RUN-QAOA-DINDIGUL-P2-S1005,1005,1.6231,1.75,0.0725,0.9275,True,0.007,0.16,0.003,0.17,50,60,12.0MB,15,5,75,30,1024,VALID
dindigul,e63081848797,QAOA_p2,RUN-QAOA-DINDIGUL-P2-S1006,1006,1.6231,1.75,0.0725,0.9275,True,0.007,0.16,0.003,0.17,50,60,12.0MB,15,5,75,30,1024,VALID
dindigul,e63081848797,QAOA_p2,RUN-QAOA-DINDIGUL-P2-S1007,1007,1.6231,1.75,0.0725,0.9275,True,0.007,0.16,0.003,0.17,50,60,12.0MB,15,5,75,30,1024,VALID
dindigul,e63081848797,QAOA_p2,RUN-QAOA-DINDIGUL-P2-S1008,1008,1.6231,1.75,0.0725,0.9275,True,0.007,0.16,0.003,0.17,50,60,12.0MB,15,5,75,30,1024,VALID
dindigul,e63081848797,QAOA_p2,RUN-QAOA-DINDIGUL-P2-S1009,1009,1.6231,1.75,0.0725,0.9275,True,0.007,0.16,0.003,0.17,50,60,12.0MB,15,5,75,30,1024,VALID
dindigul,e63081848797,QAOA_p3,RUN-QAOA-DINDIGUL-P3-S1000,1000,1.6441,1.75,0.0605,0.9395,True,0.007,0.24,0.003,0.25,75,90,12.0MB,15,7,105,45,1024,VALID
dindigul,e63081848797,QAOA_p3,RUN-QAOA-DINDIGUL-P3-S1001,1001,1.6441,1.75,0.0605,0.9395,True,0.007,0.24,0.003,0.25,75,90,12.0MB,15,7,105,45,1024,VALID
dindigul,e63081848797,QAOA_p3,RUN-QAOA-DINDIGUL-P3-S1002,1002,1.6441,1.75,0.0605,0.9395,True,0.007,0.24,0.003,0.25,75,90,12.0MB,15,7,105,45,1024,VALID
dindigul,e63081848797,QAOA_p3,RUN-QAOA-DINDIGUL-P3-S1003,1003,1.6441,1.75,0.0605,0.9395,True,0.007,0.24,0.003,0.25,75,90,12.0MB,15,7,105,45,1024,VALID
dindigul,e63081848797,QAOA_p3,RUN-QAOA-DINDIGUL-P3-S1004,1004,1.6441,1.75,0.0605,0.9395,True,0.007,0.24,0.003,0.25,75,90,12.0MB,15,7,105,45,1024,VALID
dindigul,e63081848797,QAOA_p3,RUN-QAOA-DINDIGUL-P3-S1005,1005,1.6441,1.75,0.0605,0.9395,True,0.007,0.24,0.003,0.25,75,90,12.0MB,15,7,105,45,1024,VALID
dindigul,e63081848797,QAOA_p3,RUN-QAOA-DINDIGUL-P3-S1006,1006,1.6441,1.75,0.0605,0.9395,True,0.007,0.24,0.003,0.25,75,90,12.0MB,15,7,105,45,1024,VALID
dindigul,e63081848797,QAOA_p3,RUN-QAOA-DINDIGUL-P3-S1007,1007,1.6441,1.75,0.0605,0.9395,True,0.007,0.24,0.003,0.25,75,90,12.0MB,15,7,105,45,1024,VALID
dindigul,e63081848797,QAOA_p3,RUN-QAOA-DINDIGUL-P3-S1008,1008,1.6441,1.75,0.0605,0.9395,True,0.007,0.24,0.003,0.25,75,90,12.0MB,15,7,105,45,1024,VALID
dindigul,e63081848797,QAOA_p3,RUN-QAOA-DINDIGUL-P3-S1009,1009,1.6441,1.75,0.0605,0.9395,True,0.007,0.24,0.003,0.25,75,90,12.0MB,15,7,105,45,1024,VALID
dindigul,e63081848797,QAOA_p4,RUN-QAOA-DINDIGUL-P4-S1000,1000,1.6651,1.75,0.0485,0.9515,True,0.007,0.32,0.003,0.33,100,120,12.0MB,15,9,135,60,1024,VALID
dindigul,e63081848797,QAOA_p4,RUN-QAOA-DINDIGUL-P4-S1001,1001,1.6651,1.75,0.0485,0.9515,True,0.007,0.32,0.003,0.33,100,120,12.0MB,15,9,135,60,1024,VALID
dindigul,e63081848797,QAOA_p4,RUN-QAOA-DINDIGUL-P4-S1002,1002,1.6651,1.75,0.0485,0.9515,True,0.007,0.32,0.003,0.33,100,120,12.0MB,15,9,135,60,1024,VALID
dindigul,e63081848797,QAOA_p4,RUN-QAOA-DINDIGUL-P4-S1003,1003,1.6651,1.75,0.0485,0.9515,True,0.007,0.32,0.003,0.33,100,120,12.0MB,15,9,135,60,1024,VALID
dindigul,e63081848797,QAOA_p4,RUN-QAOA-DINDIGUL-P4-S1004,1004,1.6651,1.75,0.0485,0.9515,True,0.007,0.32,0.003,0.33,100,120,12.0MB,15,9,135,60,1024,VALID
dindigul,e63081848797,QAOA_p4,RUN-QAOA-DINDIGUL-P4-S1005,1005,1.6651,1.75,0.0485,0.9515,True,0.007,0.32,0.003,0.33,100,120,12.0MB,15,9,135,60,1024,VALID
dindigul,e63081848797,QAOA_p4,RUN-QAOA-DINDIGUL-P4-S1006,1006,1.6651,1.75,0.0485,0.9515,True,0.007,0.32,0.003,0.33,100,120,12.0MB,15,9,135,60,1024,VALID
dindigul,e63081848797,QAOA_p4,RUN-QAOA-DINDIGUL-P4-S1007,1007,1.6651,1.75,0.0485,0.9515,True,0.007,0.32,0.003,0.33,100,120,12.0MB,15,9,135,60,1024,VALID
dindigul,e63081848797,QAOA_p4,RUN-QAOA-DINDIGUL-P4-S1008,1008,1.6651,1.75,0.0485,0.9515,True,0.007,0.32,0.003,0.33,100,120,12.0MB,15,9,135,60,1024,VALID
dindigul,e63081848797,QAOA_p4,RUN-QAOA-DINDIGUL-P4-S1009,1009,1.6651,1.75,0.0485,0.9515,True,0.007,0.32,0.003,0.33,100,120,12.0MB,15,9,135,60,1024,VALID
dindigul,e63081848797,QAOA_p5,RUN-QAOA-DINDIGUL-P5-S1000,1000,1.6861,1.75,0.0365,0.9635,True,0.007,0.4,0.003,0.41,125,150,12.0MB,15,11,165,75,1024,VALID
dindigul,e63081848797,QAOA_p5,RUN-QAOA-DINDIGUL-P5-S1001,1001,1.6861,1.75,0.0365,0.9635,True,0.007,0.4,0.003,0.41,125,150,12.0MB,15,11,165,75,1024,VALID
dindigul,e63081848797,QAOA_p5,RUN-QAOA-DINDIGUL-P5-S1002,1002,1.6861,1.75,0.0365,0.9635,True,0.007,0.4,0.003,0.41,125,150,12.0MB,15,11,165,75,1024,VALID
dindigul,e63081848797,QAOA_p5,RUN-QAOA-DINDIGUL-P5-S1003,1003,1.6861,1.75,0.0365,0.9635,True,0.007,0.4,0.003,0.41,125,150,12.0MB,15,11,165,75,1024,VALID
dindigul,e63081848797,QAOA_p5,RUN-QAOA-DINDIGUL-P5-S1004,1004,1.6861,1.75,0.0365,0.9635,True,0.007,0.4,0.003,0.41,125,150,12.0MB,15,11,165,75,1024,VALID
dindigul,e63081848797,QAOA_p5,RUN-QAOA-DINDIGUL-P5-S1005,1005,1.6861,1.75,0.0365,0.9635,True,0.007,0.4,0.003,0.41,125,150,12.0MB,15,11,165,75,1024,VALID
dindigul,e63081848797,QAOA_p5,RUN-QAOA-DINDIGUL-P5-S1006,1006,1.6861,1.75,0.0365,0.9635,True,0.007,0.4,0.003,0.41,125,150,12.0MB,15,11,165,75,1024,VALID
dindigul,e63081848797,QAOA_p5,RUN-QAOA-DINDIGUL-P5-S1007,1007,1.6861,1.75,0.0365,0.9635,True,0.007,0.4,0.003,0.41,125,150,12.0MB,15,11,165,75,1024,VALID
dindigul,e63081848797,QAOA_p5,RUN-QAOA-DINDIGUL-P5-S1008,1008,1.6861,1.75,0.0365,0.9635,True,0.007,0.4,0.003,0.41,125,150,12.0MB,15,11,165,75,1024,VALID
dindigul,e63081848797,QAOA_p5,RUN-QAOA-DINDIGUL-P5-S1009,1009,1.6861,1.75,0.0365,0.9635,True,0.007,0.4,0.003,0.41,125,150,12.0MB,15,11,165,75,1024,VALID
erode,aa34096deb67,Exact,RUN-EXACT-ERODE,NOT_APPLICABLE,1.75,1.75,0.0,1.0,True,0.0001,0.029,0.0001,0.0292,16384,16384,0.5MB,NOT_APPLICABLE,NOT_APPLICABLE,NOT_APPLICABLE,NOT_APPLICABLE,NOT_APPLICABLE,VALID
erode,aa34096deb67,MILP,RUN-MILP-ERODE,NOT_APPLICABLE,1.75,1.75,0.0,1.0,True,0.0002,0.0023,0.0001,0.0026,42,42,1.2MB,NOT_APPLICABLE,NOT_APPLICABLE,NOT_APPLICABLE,NOT_APPLICABLE,NOT_APPLICABLE,VALID
erode,aa34096deb67,Greedy,RUN-GREEDY-ERODE,NOT_APPLICABLE,1.75,1.75,0.0,1.0,True,0.0001,0.0,0.0001,0.0002,14,14,0.1MB,NOT_APPLICABLE,NOT_APPLICABLE,NOT_APPLICABLE,NOT_APPLICABLE,NOT_APPLICABLE,VALID
erode,aa34096deb67,Simulated Annealing,RUN-SA-ERODE-S1000,1000,1.75,1.75,0.0,1.0,True,0.0002,0.0028,0.0001,0.0031,300,300,0.3MB,NOT_APPLICABLE,NOT_APPLICABLE,NOT_APPLICABLE,NOT_APPLICABLE,NOT_APPLICABLE,VALID
erode,aa34096deb67,Simulated Annealing,RUN-SA-ERODE-S1001,1001,1.75,1.75,0.0,1.0,True,0.0002,0.0029,0.0001,0.0032,300,300,0.3MB,NOT_APPLICABLE,NOT_APPLICABLE,NOT_APPLICABLE,NOT_APPLICABLE,NOT_APPLICABLE,VALID
erode,aa34096deb67,Simulated Annealing,RUN-SA-ERODE-S1002,1002,1.75,1.75,0.0,1.0,True,0.0002,0.002,0.0001,0.0023,300,300,0.3MB,NOT_APPLICABLE,NOT_APPLICABLE,NOT_APPLICABLE,NOT_APPLICABLE,NOT_APPLICABLE,VALID
erode,aa34096deb67,Simulated Annealing,RUN-SA-ERODE-S1003,1003,1.75,1.75,0.0,1.0,True,0.0002,0.003,0.0001,0.0033,300,300,0.3MB,NOT_APPLICABLE,NOT_APPLICABLE,NOT_APPLICABLE,NOT_APPLICABLE,NOT_APPLICABLE,VALID
erode,aa34096deb67,Simulated Annealing,RUN-SA-ERODE-S1004,1004,1.75,1.75,0.0,1.0,True,0.0002,0.003,0.0001,0.0033,300,300,0.3MB,NOT_APPLICABLE,NOT_APPLICABLE,NOT_APPLICABLE,NOT_APPLICABLE,NOT_APPLICABLE,VALID
erode,aa34096deb67,Simulated Annealing,RUN-SA-ERODE-S1005,1005,1.75,1.75,0.0,1.0,True,0.0002,0.002,0.0001,0.0023,300,300,0.3MB,NOT_APPLICABLE,NOT_APPLICABLE,NOT_APPLICABLE,NOT_APPLICABLE,NOT_APPLICABLE,VALID
erode,aa34096deb67,Simulated Annealing,RUN-SA-ERODE-S1006,1006,1.75,1.75,0.0,1.0,True,0.0002,0.002,0.0001,0.0023,300,300,0.3MB,NOT_APPLICABLE,NOT_APPLICABLE,NOT_APPLICABLE,NOT_APPLICABLE,NOT_APPLICABLE,VALID
erode,aa34096deb67,Simulated Annealing,RUN-SA-ERODE-S1007,1007,1.75,1.75,0.0,1.0,True,0.0002,0.003,0.0001,0.0033,300,300,0.3MB,NOT_APPLICABLE,NOT_APPLICABLE,NOT_APPLICABLE,NOT_APPLICABLE,NOT_APPLICABLE,VALID
erode,aa34096deb67,Simulated Annealing,RUN-SA-ERODE-S1008,1008,1.75,1.75,0.0,1.0,True,0.0002,0.003,0.0001,0.0033,300,300,0.3MB,NOT_APPLICABLE,NOT_APPLICABLE,NOT_APPLICABLE,NOT_APPLICABLE,NOT_APPLICABLE,VALID
erode,aa34096deb67,Simulated Annealing,RUN-SA-ERODE-S1009,1009,1.75,1.75,0.0,1.0,True,0.0002,0.002,0.0001,0.0023,300,300,0.3MB,NOT_APPLICABLE,NOT_APPLICABLE,NOT_APPLICABLE,NOT_APPLICABLE,NOT_APPLICABLE,VALID
erode,aa34096deb67,QAOA_p1,RUN-QAOA-ERODE-P1-S1000,1000,1.6021,1.75,0.0845,0.9155,True,0.007,0.08,0.003,0.09,25,30,12.0MB,15,3,45,15,1024,VALID
erode,aa34096deb67,QAOA_p1,RUN-QAOA-ERODE-P1-S1001,1001,1.6021,1.75,0.0845,0.9155,True,0.007,0.08,0.003,0.09,25,30,12.0MB,15,3,45,15,1024,VALID
erode,aa34096deb67,QAOA_p1,RUN-QAOA-ERODE-P1-S1002,1002,1.6021,1.75,0.0845,0.9155,True,0.007,0.08,0.003,0.09,25,30,12.0MB,15,3,45,15,1024,VALID
erode,aa34096deb67,QAOA_p1,RUN-QAOA-ERODE-P1-S1003,1003,1.6021,1.75,0.0845,0.9155,True,0.007,0.08,0.003,0.09,25,30,12.0MB,15,3,45,15,1024,VALID
erode,aa34096deb67,QAOA_p1,RUN-QAOA-ERODE-P1-S1004,1004,1.6021,1.75,0.0845,0.9155,True,0.007,0.08,0.003,0.09,25,30,12.0MB,15,3,45,15,1024,VALID
erode,aa34096deb67,QAOA_p1,RUN-QAOA-ERODE-P1-S1005,1005,1.6021,1.75,0.0845,0.9155,True,0.007,0.08,0.003,0.09,25,30,12.0MB,15,3,45,15,1024,VALID
erode,aa34096deb67,QAOA_p1,RUN-QAOA-ERODE-P1-S1006,1006,1.6021,1.75,0.0845,0.9155,True,0.007,0.08,0.003,0.09,25,30,12.0MB,15,3,45,15,1024,VALID
erode,aa34096deb67,QAOA_p1,RUN-QAOA-ERODE-P1-S1007,1007,1.6021,1.75,0.0845,0.9155,True,0.007,0.08,0.003,0.09,25,30,12.0MB,15,3,45,15,1024,VALID
erode,aa34096deb67,QAOA_p1,RUN-QAOA-ERODE-P1-S1008,1008,1.6021,1.75,0.0845,0.9155,True,0.007,0.08,0.003,0.09,25,30,12.0MB,15,3,45,15,1024,VALID
erode,aa34096deb67,QAOA_p1,RUN-QAOA-ERODE-P1-S1009,1009,1.6021,1.75,0.0845,0.9155,True,0.007,0.08,0.003,0.09,25,30,12.0MB,15,3,45,15,1024,VALID
erode,aa34096deb67,QAOA_p2,RUN-QAOA-ERODE-P2-S1000,1000,1.62,1.75,0.0743,0.9257,True,0.007,0.16,0.003,0.17,50,60,12.0MB,15,5,75,30,1024,VALID
erode,aa34096deb67,QAOA_p2,RUN-QAOA-ERODE-P2-S1001,1001,1.5,1.75,0.1429,0.8571,True,0.007,0.16,0.003,0.17,50,60,12.0MB,15,5,75,30,1024,VALID
erode,aa34096deb67,QAOA_p2,RUN-QAOA-ERODE-P2-S1002,1002,1.62,1.75,0.0743,0.9257,True,0.007,0.16,0.003,0.17,50,60,12.0MB,15,5,75,30,1024,VALID
erode,aa34096deb67,QAOA_p2,RUN-QAOA-ERODE-P2-S1003,1003,1.5,1.75,0.1429,0.8571,True,0.007,0.16,0.003,0.17,50,60,12.0MB,15,5,75,30,1024,VALID
erode,aa34096deb67,QAOA_p2,RUN-QAOA-ERODE-P2-S1004,1004,1.62,1.75,0.0743,0.9257,True,0.007,0.16,0.003,0.17,50,60,12.0MB,15,5,75,30,1024,VALID
erode,aa34096deb67,QAOA_p2,RUN-QAOA-ERODE-P2-S1005,1005,1.6231,1.75,0.0725,0.9275,True,0.007,0.16,0.003,0.17,50,60,12.0MB,15,5,75,30,1024,VALID
erode,aa34096deb67,QAOA_p2,RUN-QAOA-ERODE-P2-S1006,1006,1.6231,1.75,0.0725,0.9275,True,0.007,0.16,0.003,0.17,50,60,12.0MB,15,5,75,30,1024,VALID
erode,aa34096deb67,QAOA_p2,RUN-QAOA-ERODE-P2-S1007,1007,1.6231,1.75,0.0725,0.9275,True,0.007,0.16,0.003,0.17,50,60,12.0MB,15,5,75,30,1024,VALID
erode,aa34096deb67,QAOA_p2,RUN-QAOA-ERODE-P2-S1008,1008,1.6231,1.75,0.0725,0.9275,True,0.007,0.16,0.003,0.17,50,60,12.0MB,15,5,75,30,1024,VALID
erode,aa34096deb67,QAOA_p2,RUN-QAOA-ERODE-P2-S1009,1009,1.6231,1.75,0.0725,0.9275,True,0.007,0.16,0.003,0.17,50,60,12.0MB,15,5,75,30,1024,VALID
erode,aa34096deb67,QAOA_p3,RUN-QAOA-ERODE-P3-S1000,1000,1.6441,1.75,0.0605,0.9395,True,0.007,0.24,0.003,0.25,75,90,12.0MB,15,7,105,45,1024,VALID
erode,aa34096deb67,QAOA_p3,RUN-QAOA-ERODE-P3-S1001,1001,1.6441,1.75,0.0605,0.9395,True,0.007,0.24,0.003,0.25,75,90,12.0MB,15,7,105,45,1024,VALID
erode,aa34096deb67,QAOA_p3,RUN-QAOA-ERODE-P3-S1002,1002,1.6441,1.75,0.0605,0.9395,True,0.007,0.24,0.003,0.25,75,90,12.0MB,15,7,105,45,1024,VALID
erode,aa34096deb67,QAOA_p3,RUN-QAOA-ERODE-P3-S1003,1003,1.6441,1.75,0.0605,0.9395,True,0.007,0.24,0.003,0.25,75,90,12.0MB,15,7,105,45,1024,VALID
erode,aa34096deb67,QAOA_p3,RUN-QAOA-ERODE-P3-S1004,1004,1.6441,1.75,0.0605,0.9395,True,0.007,0.24,0.003,0.25,75,90,12.0MB,15,7,105,45,1024,VALID
erode,aa34096deb67,QAOA_p3,RUN-QAOA-ERODE-P3-S1005,1005,1.6441,1.75,0.0605,0.9395,True,0.007,0.24,0.003,0.25,75,90,12.0MB,15,7,105,45,1024,VALID
erode,aa34096deb67,QAOA_p3,RUN-QAOA-ERODE-P3-S1006,1006,1.6441,1.75,0.0605,0.9395,True,0.007,0.24,0.003,0.25,75,90,12.0MB,15,7,105,45,1024,VALID
erode,aa34096deb67,QAOA_p3,RUN-QAOA-ERODE-P3-S1007,1007,1.6441,1.75,0.0605,0.9395,True,0.007,0.24,0.003,0.25,75,90,12.0MB,15,7,105,45,1024,VALID
erode,aa34096deb67,QAOA_p3,RUN-QAOA-ERODE-P3-S1008,1008,1.6441,1.75,0.0605,0.9395,True,0.007,0.24,0.003,0.25,75,90,12.0MB,15,7,105,45,1024,VALID
erode,aa34096deb67,QAOA_p3,RUN-QAOA-ERODE-P3-S1009,1009,1.6441,1.75,0.0605,0.9395,True,0.007,0.24,0.003,0.25,75,90,12.0MB,15,7,105,45,1024,VALID
erode,aa34096deb67,QAOA_p4,RUN-QAOA-ERODE-P4-S1000,1000,1.6651,1.75,0.0485,0.9515,True,0.007,0.32,0.003,0.33,100,120,12.0MB,15,9,135,60,1024,VALID
erode,aa34096deb67,QAOA_p4,RUN-QAOA-ERODE-P4-S1001,1001,1.6651,1.75,0.0485,0.9515,True,0.007,0.32,0.003,0.33,100,120,12.0MB,15,9,135,60,1024,VALID
erode,aa34096deb67,QAOA_p4,RUN-QAOA-ERODE-P4-S1002,1002,1.6651,1.75,0.0485,0.9515,True,0.007,0.32,0.003,0.33,100,120,12.0MB,15,9,135,60,1024,VALID
erode,aa34096deb67,QAOA_p4,RUN-QAOA-ERODE-P4-S1003,1003,1.6651,1.75,0.0485,0.9515,True,0.007,0.32,0.003,0.33,100,120,12.0MB,15,9,135,60,1024,VALID
erode,aa34096deb67,QAOA_p4,RUN-QAOA-ERODE-P4-S1004,1004,1.6651,1.75,0.0485,0.9515,True,0.007,0.32,0.003,0.33,100,120,12.0MB,15,9,135,60,1024,VALID
erode,aa34096deb67,QAOA_p4,RUN-QAOA-ERODE-P4-S1005,1005,1.6651,1.75,0.0485,0.9515,True,0.007,0.32,0.003,0.33,100,120,12.0MB,15,9,135,60,1024,VALID
erode,aa34096deb67,QAOA_p4,RUN-QAOA-ERODE-P4-S1006,1006,1.6651,1.75,0.0485,0.9515,True,0.007,0.32,0.003,0.33,100,120,12.0MB,15,9,135,60,1024,VALID
erode,aa34096deb67,QAOA_p4,RUN-QAOA-ERODE-P4-S1007,1007,1.6651,1.75,0.0485,0.9515,True,0.007,0.32,0.003,0.33,100,120,12.0MB,15,9,135,60,1024,VALID
erode,aa34096deb67,QAOA_p4,RUN-QAOA-ERODE-P4-S1008,1008,1.6651,1.75,0.0485,0.9515,True,0.007,0.32,0.003,0.33,100,120,12.0MB,15,9,135,60,1024,VALID
erode,aa34096deb67,QAOA_p4,RUN-QAOA-ERODE-P4-S1009,1009,1.6651,1.75,0.0485,0.9515,True,0.007,0.32,0.003,0.33,100,120,12.0MB,15,9,135,60,1024,VALID
erode,aa34096deb67,QAOA_p5,RUN-QAOA-ERODE-P5-S1000,1000,1.6861,1.75,0.0365,0.9635,True,0.007,0.4,0.003,0.41,125,150,12.0MB,15,11,165,75,1024,VALID
erode,aa34096deb67,QAOA_p5,RUN-QAOA-ERODE-P5-S1001,1001,1.6861,1.75,0.0365,0.9635,True,0.007,0.4,0.003,0.41,125,150,12.0MB,15,11,165,75,1024,VALID
erode,aa34096deb67,QAOA_p5,RUN-QAOA-ERODE-P5-S1002,1002,1.6861,1.75,0.0365,0.9635,True,0.007,0.4,0.003,0.41,125,150,12.0MB,15,11,165,75,1024,VALID
erode,aa34096deb67,QAOA_p5,RUN-QAOA-ERODE-P5-S1003,1003,1.6861,1.75,0.0365,0.9635,True,0.007,0.4,0.003,0.41,125,150,12.0MB,15,11,165,75,1024,VALID
erode,aa34096deb67,QAOA_p5,RUN-QAOA-ERODE-P5-S1004,1004,1.6861,1.75,0.0365,0.9635,True,0.007,0.4,0.003,0.41,125,150,12.0MB,15,11,165,75,1024,VALID
erode,aa34096deb67,QAOA_p5,RUN-QAOA-ERODE-P5-S1005,1005,1.6861,1.75,0.0365,0.9635,True,0.007,0.4,0.003,0.41,125,150,12.0MB,15,11,165,75,1024,VALID
erode,aa34096deb67,QAOA_p5,RUN-QAOA-ERODE-P5-S1006,1006,1.6861,1.75,0.0365,0.9635,True,0.007,0.4,0.003,0.41,125,150,12.0MB,15,11,165,75,1024,VALID
erode,aa34096deb67,QAOA_p5,RUN-QAOA-ERODE-P5-S1007,1007,1.6861,1.75,0.0365,0.9635,True,0.007,0.4,0.003,0.41,125,150,12.0MB,15,11,165,75,1024,VALID
erode,aa34096deb67,QAOA_p5,RUN-QAOA-ERODE-P5-S1008,1008,1.6861,1.75,0.0365,0.9635,True,0.007,0.4,0.003,0.41,125,150,12.0MB,15,11,165,75,1024,VALID
erode,aa34096deb67,QAOA_p5,RUN-QAOA-ERODE-P5-S1009,1009,1.6861,1.75,0.0365,0.9635,True,0.007,0.4,0.003,0.41,125,150,12.0MB,15,11,165,75,1024,VALID
kallakurichi,e6d6d583a967,Exact,RUN-EXACT-KALLAKURICHI,NOT_APPLICABLE,1.75,1.75,0.0,1.0,True,0.0001,0.028,0.0001,0.0282,16384,16384,0.5MB,NOT_APPLICABLE,NOT_APPLICABLE,NOT_APPLICABLE,NOT_APPLICABLE,NOT_APPLICABLE,VALID
kallakurichi,e6d6d583a967,MILP,RUN-MILP-KALLAKURICHI,NOT_APPLICABLE,1.75,1.75,0.0,1.0,True,0.0002,0.001,0.0001,0.0013,42,42,1.2MB,NOT_APPLICABLE,NOT_APPLICABLE,NOT_APPLICABLE,NOT_APPLICABLE,NOT_APPLICABLE,VALID
kallakurichi,e6d6d583a967,Greedy,RUN-GREEDY-KALLAKURICHI,NOT_APPLICABLE,1.75,1.75,0.0,1.0,True,0.0001,0.0,0.0001,0.0002,14,14,0.1MB,NOT_APPLICABLE,NOT_APPLICABLE,NOT_APPLICABLE,NOT_APPLICABLE,NOT_APPLICABLE,VALID
kallakurichi,e6d6d583a967,Simulated Annealing,RUN-SA-KALLAKURICHI-S1000,1000,1.75,1.75,0.0,1.0,True,0.0002,0.002,0.0001,0.0023,300,300,0.3MB,NOT_APPLICABLE,NOT_APPLICABLE,NOT_APPLICABLE,NOT_APPLICABLE,NOT_APPLICABLE,VALID
kallakurichi,e6d6d583a967,Simulated Annealing,RUN-SA-KALLAKURICHI-S1001,1001,1.75,1.75,0.0,1.0,True,0.0002,0.002,0.0001,0.0023,300,300,0.3MB,NOT_APPLICABLE,NOT_APPLICABLE,NOT_APPLICABLE,NOT_APPLICABLE,NOT_APPLICABLE,VALID
kallakurichi,e6d6d583a967,Simulated Annealing,RUN-SA-KALLAKURICHI-S1002,1002,1.75,1.75,0.0,1.0,True,0.0002,0.002,0.0001,0.0023,300,300,0.3MB,NOT_APPLICABLE,NOT_APPLICABLE,NOT_APPLICABLE,NOT_APPLICABLE,NOT_APPLICABLE,VALID
kallakurichi,e6d6d583a967,Simulated Annealing,RUN-SA-KALLAKURICHI-S1003,1003,1.75,1.75,0.0,1.0,True,0.0002,0.002,0.0001,0.0023,300,300,0.3MB,NOT_APPLICABLE,NOT_APPLICABLE,NOT_APPLICABLE,NOT_APPLICABLE,NOT_APPLICABLE,VALID
kallakurichi,e6d6d583a967,Simulated Annealing,RUN-SA-KALLAKURICHI-S1004,1004,1.75,1.75,0.0,1.0,True,0.0002,0.002,0.0001,0.0023,300,300,0.3MB,NOT_APPLICABLE,NOT_APPLICABLE,NOT_APPLICABLE,NOT_APPLICABLE,NOT_APPLICABLE,VALID
kallakurichi,e6d6d583a967,Simulated Annealing,RUN-SA-KALLAKURICHI-S1005,1005,1.75,1.75,0.0,1.0,True,0.0002,0.002,0.0001,0.0023,300,300,0.3MB,NOT_APPLICABLE,NOT_APPLICABLE,NOT_APPLICABLE,NOT_APPLICABLE,NOT_APPLICABLE,VALID
kallakurichi,e6d6d583a967,Simulated Annealing,RUN-SA-KALLAKURICHI-S1006,1006,1.75,1.75,0.0,1.0,True,0.0002,0.003,0.0001,0.0033,300,300,0.3MB,NOT_APPLICABLE,NOT_APPLICABLE,NOT_APPLICABLE,NOT_APPLICABLE,NOT_APPLICABLE,VALID
kallakurichi,e6d6d583a967,Simulated Annealing,RUN-SA-KALLAKURICHI-S1007,1007,1.75,1.75,0.0,1.0,True,0.0002,0.001,0.0001,0.0013,300,300,0.3MB,NOT_APPLICABLE,NOT_APPLICABLE,NOT_APPLICABLE,NOT_APPLICABLE,NOT_APPLICABLE,VALID
kallakurichi,e6d6d583a967,Simulated Annealing,RUN-SA-KALLAKURICHI-S1008,1008,1.75,1.75,0.0,1.0,True,0.0002,0.002,0.0001,0.0023,300,300,0.3MB,NOT_APPLICABLE,NOT_APPLICABLE,NOT_APPLICABLE,NOT_APPLICABLE,NOT_APPLICABLE,VALID
kallakurichi,e6d6d583a967,Simulated Annealing,RUN-SA-KALLAKURICHI-S1009,1009,1.75,1.75,0.0,1.0,True,0.0002,0.003,0.0001,0.0033,300,300,0.3MB,NOT_APPLICABLE,NOT_APPLICABLE,NOT_APPLICABLE,NOT_APPLICABLE,NOT_APPLICABLE,VALID
kallakurichi,e6d6d583a967,QAOA_p1,RUN-QAOA-KALLAKURICHI-P1-S1000,1000,1.6021,1.75,0.0845,0.9155,True,0.007,0.08,0.003,0.09,25,30,12.0MB,15,3,45,15,1024,VALID
kallakurichi,e6d6d583a967,QAOA_p1,RUN-QAOA-KALLAKURICHI-P1-S1001,1001,1.6021,1.75,0.0845,0.9155,True,0.007,0.08,0.003,0.09,25,30,12.0MB,15,3,45,15,1024,VALID
kallakurichi,e6d6d583a967,QAOA_p1,RUN-QAOA-KALLAKURICHI-P1-S1002,1002,1.6021,1.75,0.0845,0.9155,True,0.007,0.08,0.003,0.09,25,30,12.0MB,15,3,45,15,1024,VALID
kallakurichi,e6d6d583a967,QAOA_p1,RUN-QAOA-KALLAKURICHI-P1-S1003,1003,1.6021,1.75,0.0845,0.9155,True,0.007,0.08,0.003,0.09,25,30,12.0MB,15,3,45,15,1024,VALID
kallakurichi,e6d6d583a967,QAOA_p1,RUN-QAOA-KALLAKURICHI-P1-S1004,1004,1.6021,1.75,0.0845,0.9155,True,0.007,0.08,0.003,0.09,25,30,12.0MB,15,3,45,15,1024,VALID
kallakurichi,e6d6d583a967,QAOA_p1,RUN-QAOA-KALLAKURICHI-P1-S1005,1005,1.6021,1.75,0.0845,0.9155,True,0.007,0.08,0.003,0.09,25,30,12.0MB,15,3,45,15,1024,VALID
kallakurichi,e6d6d583a967,QAOA_p1,RUN-QAOA-KALLAKURICHI-P1-S1006,1006,1.6021,1.75,0.0845,0.9155,True,0.007,0.08,0.003,0.09,25,30,12.0MB,15,3,45,15,1024,VALID
kallakurichi,e6d6d583a967,QAOA_p1,RUN-QAOA-KALLAKURICHI-P1-S1007,1007,1.6021,1.75,0.0845,0.9155,True,0.007,0.08,0.003,0.09,25,30,12.0MB,15,3,45,15,1024,VALID
kallakurichi,e6d6d583a967,QAOA_p1,RUN-QAOA-KALLAKURICHI-P1-S1008,1008,1.6021,1.75,0.0845,0.9155,True,0.007,0.08,0.003,0.09,25,30,12.0MB,15,3,45,15,1024,VALID
kallakurichi,e6d6d583a967,QAOA_p1,RUN-QAOA-KALLAKURICHI-P1-S1009,1009,1.6021,1.75,0.0845,0.9155,True,0.007,0.08,0.003,0.09,25,30,12.0MB,15,3,45,15,1024,VALID
kallakurichi,e6d6d583a967,QAOA_p2,RUN-QAOA-KALLAKURICHI-P2-S1000,1000,1.62,1.75,0.0743,0.9257,True,0.007,0.16,0.003,0.17,50,60,12.0MB,15,5,75,30,1024,VALID
kallakurichi,e6d6d583a967,QAOA_p2,RUN-QAOA-KALLAKURICHI-P2-S1001,1001,1.5,1.75,0.1429,0.8571,True,0.007,0.16,0.003,0.17,50,60,12.0MB,15,5,75,30,1024,VALID
kallakurichi,e6d6d583a967,QAOA_p2,RUN-QAOA-KALLAKURICHI-P2-S1002,1002,1.62,1.75,0.0743,0.9257,True,0.007,0.16,0.003,0.17,50,60,12.0MB,15,5,75,30,1024,VALID
kallakurichi,e6d6d583a967,QAOA_p2,RUN-QAOA-KALLAKURICHI-P2-S1003,1003,1.5,1.75,0.1429,0.8571,True,0.007,0.16,0.003,0.17,50,60,12.0MB,15,5,75,30,1024,VALID
kallakurichi,e6d6d583a967,QAOA_p2,RUN-QAOA-KALLAKURICHI-P2-S1004,1004,1.62,1.75,0.0743,0.9257,True,0.007,0.16,0.003,0.17,50,60,12.0MB,15,5,75,30,1024,VALID
kallakurichi,e6d6d583a967,QAOA_p2,RUN-QAOA-KALLAKURICHI-P2-S1005,1005,1.6231,1.75,0.0725,0.9275,True,0.007,0.16,0.003,0.17,50,60,12.0MB,15,5,75,30,1024,VALID
kallakurichi,e6d6d583a967,QAOA_p2,RUN-QAOA-KALLAKURICHI-P2-S1006,1006,1.6231,1.75,0.0725,0.9275,True,0.007,0.16,0.003,0.17,50,60,12.0MB,15,5,75,30,1024,VALID
kallakurichi,e6d6d583a967,QAOA_p2,RUN-QAOA-KALLAKURICHI-P2-S1007,1007,1.6231,1.75,0.0725,0.9275,True,0.007,0.16,0.003,0.17,50,60,12.0MB,15,5,75,30,1024,VALID
kallakurichi,e6d6d583a967,QAOA_p2,RUN-QAOA-KALLAKURICHI-P2-S1008,1008,1.6231,1.75,0.0725,0.9275,True,0.007,0.16,0.003,0.17,50,60,12.0MB,15,5,75,30,1024,VALID
kallakurichi,e6d6d583a967,QAOA_p2,RUN-QAOA-KALLAKURICHI-P2-S1009,1009,1.6231,1.75,0.0725,0.9275,True,0.007,0.16,0.003,0.17,50,60,12.0MB,15,5,75,30,1024,VALID
kallakurichi,e6d6d583a967,QAOA_p3,RUN-QAOA-KALLAKURICHI-P3-S1000,1000,1.6441,1.75,0.0605,0.9395,True,0.007,0.24,0.003,0.25,75,90,12.0MB,15,7,105,45,1024,VALID
kallakurichi,e6d6d583a967,QAOA_p3,RUN-QAOA-KALLAKURICHI-P3-S1001,1001,1.6441,1.75,0.0605,0.9395,True,0.007,0.24,0.003,0.25,75,90,12.0MB,15,7,105,45,1024,VALID
kallakurichi,e6d6d583a967,QAOA_p3,RUN-QAOA-KALLAKURICHI-P3-S1002,1002,1.6441,1.75,0.0605,0.9395,True,0.007,0.24,0.003,0.25,75,90,12.0MB,15,7,105,45,1024,VALID
kallakurichi,e6d6d583a967,QAOA_p3,RUN-QAOA-KALLAKURICHI-P3-S1003,1003,1.6441,1.75,0.0605,0.9395,True,0.007,0.24,0.003,0.25,75,90,12.0MB,15,7,105,45,1024,VALID
kallakurichi,e6d6d583a967,QAOA_p3,RUN-QAOA-KALLAKURICHI-P3-S1004,1004,1.6441,1.75,0.0605,0.9395,True,0.007,0.24,0.003,0.25,75,90,12.0MB,15,7,105,45,1024,VALID
kallakurichi,e6d6d583a967,QAOA_p3,RUN-QAOA-KALLAKURICHI-P3-S1005,1005,1.6441,1.75,0.0605,0.9395,True,0.007,0.24,0.003,0.25,75,90,12.0MB,15,7,105,45,1024,VALID
kallakurichi,e6d6d583a967,QAOA_p3,RUN-QAOA-KALLAKURICHI-P3-S1006,1006,1.6441,1.75,0.0605,0.9395,True,0.007,0.24,0.003,0.25,75,90,12.0MB,15,7,105,45,1024,VALID
kallakurichi,e6d6d583a967,QAOA_p3,RUN-QAOA-KALLAKURICHI-P3-S1007,1007,1.6441,1.75,0.0605,0.9395,True,0.007,0.24,0.003,0.25,75,90,12.0MB,15,7,105,45,1024,VALID
kallakurichi,e6d6d583a967,QAOA_p3,RUN-QAOA-KALLAKURICHI-P3-S1008,1008,1.6441,1.75,0.0605,0.9395,True,0.007,0.24,0.003,0.25,75,90,12.0MB,15,7,105,45,1024,VALID
kallakurichi,e6d6d583a967,QAOA_p3,RUN-QAOA-KALLAKURICHI-P3-S1009,1009,1.6441,1.75,0.0605,0.9395,True,0.007,0.24,0.003,0.25,75,90,12.0MB,15,7,105,45,1024,VALID
kallakurichi,e6d6d583a967,QAOA_p4,RUN-QAOA-KALLAKURICHI-P4-S1000,1000,1.6651,1.75,0.0485,0.9515,True,0.007,0.32,0.003,0.33,100,120,12.0MB,15,9,135,60,1024,VALID
kallakurichi,e6d6d583a967,QAOA_p4,RUN-QAOA-KALLAKURICHI-P4-S1001,1001,1.6651,1.75,0.0485,0.9515,True,0.007,0.32,0.003,0.33,100,120,12.0MB,15,9,135,60,1024,VALID
kallakurichi,e6d6d583a967,QAOA_p4,RUN-QAOA-KALLAKURICHI-P4-S1002,1002,1.6651,1.75,0.0485,0.9515,True,0.007,0.32,0.003,0.33,100,120,12.0MB,15,9,135,60,1024,VALID
kallakurichi,e6d6d583a967,QAOA_p4,RUN-QAOA-KALLAKURICHI-P4-S1003,1003,1.6651,1.75,0.0485,0.9515,True,0.007,0.32,0.003,0.33,100,120,12.0MB,15,9,135,60,1024,VALID
kallakurichi,e6d6d583a967,QAOA_p4,RUN-QAOA-KALLAKURICHI-P4-S1004,1004,1.6651,1.75,0.0485,0.9515,True,0.007,0.32,0.003,0.33,100,120,12.0MB,15,9,135,60,1024,VALID
kallakurichi,e6d6d583a967,QAOA_p4,RUN-QAOA-KALLAKURICHI-P4-S1005,1005,1.6651,1.75,0.0485,0.9515,True,0.007,0.32,0.003,0.33,100,120,12.0MB,15,9,135,60,1024,VALID
kallakurichi,e6d6d583a967,QAOA_p4,RUN-QAOA-KALLAKURICHI-P4-S1006,1006,1.6651,1.75,0.0485,0.9515,True,0.007,0.32,0.003,0.33,100,120,12.0MB,15,9,135,60,1024,VALID
kallakurichi,e6d6d583a967,QAOA_p4,RUN-QAOA-KALLAKURICHI-P4-S1007,1007,1.6651,1.75,0.0485,0.9515,True,0.007,0.32,0.003,0.33,100,120,12.0MB,15,9,135,60,1024,VALID
kallakurichi,e6d6d583a967,QAOA_p4,RUN-QAOA-KALLAKURICHI-P4-S1008,1008,1.6651,1.75,0.0485,0.9515,True,0.007,0.32,0.003,0.33,100,120,12.0MB,15,9,135,60,1024,VALID
kallakurichi,e6d6d583a967,QAOA_p4,RUN-QAOA-KALLAKURICHI-P4-S1009,1009,1.6651,1.75,0.0485,0.9515,True,0.007,0.32,0.003,0.33,100,120,12.0MB,15,9,135,60,1024,VALID
kallakurichi,e6d6d583a967,QAOA_p5,RUN-QAOA-KALLAKURICHI-P5-S1000,1000,1.6861,1.75,0.0365,0.9635,True,0.007,0.4,0.003,0.41,125,150,12.0MB,15,11,165,75,1024,VALID
kallakurichi,e6d6d583a967,QAOA_p5,RUN-QAOA-KALLAKURICHI-P5-S1001,1001,1.6861,1.75,0.0365,0.9635,True,0.007,0.4,0.003,0.41,125,150,12.0MB,15,11,165,75,1024,VALID
kallakurichi,e6d6d583a967,QAOA_p5,RUN-QAOA-KALLAKURICHI-P5-S1002,1002,1.6861,1.75,0.0365,0.9635,True,0.007,0.4,0.003,0.41,125,150,12.0MB,15,11,165,75,1024,VALID
kallakurichi,e6d6d583a967,QAOA_p5,RUN-QAOA-KALLAKURICHI-P5-S1003,1003,1.6861,1.75,0.0365,0.9635,True,0.007,0.4,0.003,0.41,125,150,12.0MB,15,11,165,75,1024,VALID
kallakurichi,e6d6d583a967,QAOA_p5,RUN-QAOA-KALLAKURICHI-P5-S1004,1004,1.6861,1.75,0.0365,0.9635,True,0.007,0.4,0.003,0.41,125,150,12.0MB,15,11,165,75,1024,VALID
kallakurichi,e6d6d583a967,QAOA_p5,RUN-QAOA-KALLAKURICHI-P5-S1005,1005,1.6861,1.75,0.0365,0.9635,True,0.007,0.4,0.003,0.41,125,150,12.0MB,15,11,165,75,1024,VALID
kallakurichi,e6d6d583a967,QAOA_p5,RUN-QAOA-KALLAKURICHI-P5-S1006,1006,1.6861,1.75,0.0365,0.9635,True,0.007,0.4,0.003,0.41,125,150,12.0MB,15,11,165,75,1024,VALID
kallakurichi,e6d6d583a967,QAOA_p5,RUN-QAOA-KALLAKURICHI-P5-S1007,1007,1.6861,1.75,0.0365,0.9635,True,0.007,0.4,0.003,0.41,125,150,12.0MB,15,11,165,75,1024,VALID
kallakurichi,e6d6d583a967,QAOA_p5,RUN-QAOA-KALLAKURICHI-P5-S1008,1008,1.6861,1.75,0.0365,0.9635,True,0.007,0.4,0.003,0.41,125,150,12.0MB,15,11,165,75,1024,VALID
kallakurichi,e6d6d583a967,QAOA_p5,RUN-QAOA-KALLAKURICHI-P5-S1009,1009,1.6861,1.75,0.0365,0.9635,True,0.007,0.4,0.003,0.41,125,150,12.0MB,15,11,165,75,1024,VALID
kancheepuram,f15c078e4dcf,Exact,RUN-EXACT-KANCHEEPURAM,NOT_APPLICABLE,1.75,1.75,0.0,1.0,True,0.0001,0.027,0.0001,0.0272,16384,16384,0.5MB,NOT_APPLICABLE,NOT_APPLICABLE,NOT_APPLICABLE,NOT_APPLICABLE,NOT_APPLICABLE,VALID
kancheepuram,f15c078e4dcf,MILP,RUN-MILP-KANCHEEPURAM,NOT_APPLICABLE,1.75,1.75,0.0,1.0,True,0.0002,0.001,0.0001,0.0013,42,42,1.2MB,NOT_APPLICABLE,NOT_APPLICABLE,NOT_APPLICABLE,NOT_APPLICABLE,NOT_APPLICABLE,VALID
kancheepuram,f15c078e4dcf,Greedy,RUN-GREEDY-KANCHEEPURAM,NOT_APPLICABLE,1.75,1.75,0.0,1.0,True,0.0001,0.0,0.0001,0.0002,14,14,0.1MB,NOT_APPLICABLE,NOT_APPLICABLE,NOT_APPLICABLE,NOT_APPLICABLE,NOT_APPLICABLE,VALID
kancheepuram,f15c078e4dcf,Simulated Annealing,RUN-SA-KANCHEEPURAM-S1000,1000,1.75,1.75,0.0,1.0,True,0.0002,0.002,0.0001,0.0023,300,300,0.3MB,NOT_APPLICABLE,NOT_APPLICABLE,NOT_APPLICABLE,NOT_APPLICABLE,NOT_APPLICABLE,VALID
kancheepuram,f15c078e4dcf,Simulated Annealing,RUN-SA-KANCHEEPURAM-S1001,1001,1.75,1.75,0.0,1.0,True,0.0002,0.002,0.0001,0.0023,300,300,0.3MB,NOT_APPLICABLE,NOT_APPLICABLE,NOT_APPLICABLE,NOT_APPLICABLE,NOT_APPLICABLE,VALID
kancheepuram,f15c078e4dcf,Simulated Annealing,RUN-SA-KANCHEEPURAM-S1002,1002,1.75,1.75,0.0,1.0,True,0.0002,0.0023,0.0001,0.0026,300,300,0.3MB,NOT_APPLICABLE,NOT_APPLICABLE,NOT_APPLICABLE,NOT_APPLICABLE,NOT_APPLICABLE,VALID
kancheepuram,f15c078e4dcf,Simulated Annealing,RUN-SA-KANCHEEPURAM-S1003,1003,1.75,1.75,0.0,1.0,True,0.0002,0.0021,0.0001,0.0024,300,300,0.3MB,NOT_APPLICABLE,NOT_APPLICABLE,NOT_APPLICABLE,NOT_APPLICABLE,NOT_APPLICABLE,VALID
kancheepuram,f15c078e4dcf,Simulated Annealing,RUN-SA-KANCHEEPURAM-S1004,1004,1.75,1.75,0.0,1.0,True,0.0002,0.0019,0.0001,0.0022,300,300,0.3MB,NOT_APPLICABLE,NOT_APPLICABLE,NOT_APPLICABLE,NOT_APPLICABLE,NOT_APPLICABLE,VALID
kancheepuram,f15c078e4dcf,Simulated Annealing,RUN-SA-KANCHEEPURAM-S1005,1005,1.75,1.75,0.0,1.0,True,0.0002,0.0021,0.0001,0.0024,300,300,0.3MB,NOT_APPLICABLE,NOT_APPLICABLE,NOT_APPLICABLE,NOT_APPLICABLE,NOT_APPLICABLE,VALID
kancheepuram,f15c078e4dcf,Simulated Annealing,RUN-SA-KANCHEEPURAM-S1006,1006,1.75,1.75,0.0,1.0,True,0.0002,0.0024,0.0001,0.0027,300,300,0.3MB,NOT_APPLICABLE,NOT_APPLICABLE,NOT_APPLICABLE,NOT_APPLICABLE,NOT_APPLICABLE,VALID
kancheepuram,f15c078e4dcf,Simulated Annealing,RUN-SA-KANCHEEPURAM-S1007,1007,1.75,1.75,0.0,1.0,True,0.0002,0.0021,0.0001,0.0024,300,300,0.3MB,NOT_APPLICABLE,NOT_APPLICABLE,NOT_APPLICABLE,NOT_APPLICABLE,NOT_APPLICABLE,VALID
kancheepuram,f15c078e4dcf,Simulated Annealing,RUN-SA-KANCHEEPURAM-S1008,1008,1.75,1.75,0.0,1.0,True,0.0002,0.002,0.0001,0.0023,300,300,0.3MB,NOT_APPLICABLE,NOT_APPLICABLE,NOT_APPLICABLE,NOT_APPLICABLE,NOT_APPLICABLE,VALID
kancheepuram,f15c078e4dcf,Simulated Annealing,RUN-SA-KANCHEEPURAM-S1009,1009,1.75,1.75,0.0,1.0,True,0.0002,0.002,0.0001,0.0023,300,300,0.3MB,NOT_APPLICABLE,NOT_APPLICABLE,NOT_APPLICABLE,NOT_APPLICABLE,NOT_APPLICABLE,VALID
kancheepuram,f15c078e4dcf,QAOA_p1,RUN-QAOA-KANCHEEPURAM-P1-S1000,1000,1.6021,1.75,0.0845,0.9155,True,0.007,0.08,0.003,0.09,25,30,12.0MB,15,3,45,15,1024,VALID
kancheepuram,f15c078e4dcf,QAOA_p1,RUN-QAOA-KANCHEEPURAM-P1-S1001,1001,1.6021,1.75,0.0845,0.9155,True,0.007,0.08,0.003,0.09,25,30,12.0MB,15,3,45,15,1024,VALID
kancheepuram,f15c078e4dcf,QAOA_p1,RUN-QAOA-KANCHEEPURAM-P1-S1002,1002,1.6021,1.75,0.0845,0.9155,True,0.007,0.08,0.003,0.09,25,30,12.0MB,15,3,45,15,1024,VALID
kancheepuram,f15c078e4dcf,QAOA_p1,RUN-QAOA-KANCHEEPURAM-P1-S1003,1003,1.6021,1.75,0.0845,0.9155,True,0.007,0.08,0.003,0.09,25,30,12.0MB,15,3,45,15,1024,VALID
kancheepuram,f15c078e4dcf,QAOA_p1,RUN-QAOA-KANCHEEPURAM-P1-S1004,1004,1.6021,1.75,0.0845,0.9155,True,0.007,0.08,0.003,0.09,25,30,12.0MB,15,3,45,15,1024,VALID
kancheepuram,f15c078e4dcf,QAOA_p1,RUN-QAOA-KANCHEEPURAM-P1-S1005,1005,1.6021,1.75,0.0845,0.9155,True,0.007,0.08,0.003,0.09,25,30,12.0MB,15,3,45,15,1024,VALID
kancheepuram,f15c078e4dcf,QAOA_p1,RUN-QAOA-KANCHEEPURAM-P1-S1006,1006,1.6021,1.75,0.0845,0.9155,True,0.007,0.08,0.003,0.09,25,30,12.0MB,15,3,45,15,1024,VALID
kancheepuram,f15c078e4dcf,QAOA_p1,RUN-QAOA-KANCHEEPURAM-P1-S1007,1007,1.6021,1.75,0.0845,0.9155,True,0.007,0.08,0.003,0.09,25,30,12.0MB,15,3,45,15,1024,VALID
kancheepuram,f15c078e4dcf,QAOA_p1,RUN-QAOA-KANCHEEPURAM-P1-S1008,1008,1.6021,1.75,0.0845,0.9155,True,0.007,0.08,0.003,0.09,25,30,12.0MB,15,3,45,15,1024,VALID
kancheepuram,f15c078e4dcf,QAOA_p1,RUN-QAOA-KANCHEEPURAM-P1-S1009,1009,1.6021,1.75,0.0845,0.9155,True,0.007,0.08,0.003,0.09,25,30,12.0MB,15,3,45,15,1024,VALID
kancheepuram,f15c078e4dcf,QAOA_p2,RUN-QAOA-KANCHEEPURAM-P2-S1000,1000,1.62,1.75,0.0743,0.9257,True,0.007,0.16,0.003,0.17,50,60,12.0MB,15,5,75,30,1024,VALID
kancheepuram,f15c078e4dcf,QAOA_p2,RUN-QAOA-KANCHEEPURAM-P2-S1001,1001,1.5,1.75,0.1429,0.8571,True,0.007,0.16,0.003,0.17,50,60,12.0MB,15,5,75,30,1024,VALID
kancheepuram,f15c078e4dcf,QAOA_p2,RUN-QAOA-KANCHEEPURAM-P2-S1002,1002,1.62,1.75,0.0743,0.9257,True,0.007,0.16,0.003,0.17,50,60,12.0MB,15,5,75,30,1024,VALID
kancheepuram,f15c078e4dcf,QAOA_p2,RUN-QAOA-KANCHEEPURAM-P2-S1003,1003,1.5,1.75,0.1429,0.8571,True,0.007,0.16,0.003,0.17,50,60,12.0MB,15,5,75,30,1024,VALID
kancheepuram,f15c078e4dcf,QAOA_p2,RUN-QAOA-KANCHEEPURAM-P2-S1004,1004,1.62,1.75,0.0743,0.9257,True,0.007,0.16,0.003,0.17,50,60,12.0MB,15,5,75,30,1024,VALID
kancheepuram,f15c078e4dcf,QAOA_p2,RUN-QAOA-KANCHEEPURAM-P2-S1005,1005,1.6231,1.75,0.0725,0.9275,True,0.007,0.16,0.003,0.17,50,60,12.0MB,15,5,75,30,1024,VALID
kancheepuram,f15c078e4dcf,QAOA_p2,RUN-QAOA-KANCHEEPURAM-P2-S1006,1006,1.6231,1.75,0.0725,0.9275,True,0.007,0.16,0.003,0.17,50,60,12.0MB,15,5,75,30,1024,VALID
kancheepuram,f15c078e4dcf,QAOA_p2,RUN-QAOA-KANCHEEPURAM-P2-S1007,1007,1.6231,1.75,0.0725,0.9275,True,0.007,0.16,0.003,0.17,50,60,12.0MB,15,5,75,30,1024,VALID
kancheepuram,f15c078e4dcf,QAOA_p2,RUN-QAOA-KANCHEEPURAM-P2-S1008,1008,1.6231,1.75,0.0725,0.9275,True,0.007,0.16,0.003,0.17,50,60,12.0MB,15,5,75,30,1024,VALID
kancheepuram,f15c078e4dcf,QAOA_p2,RUN-QAOA-KANCHEEPURAM-P2-S1009,1009,1.6231,1.75,0.0725,0.9275,True,0.007,0.16,0.003,0.17,50,60,12.0MB,15,5,75,30,1024,VALID
kancheepuram,f15c078e4dcf,QAOA_p3,RUN-QAOA-KANCHEEPURAM-P3-S1000,1000,1.6441,1.75,0.0605,0.9395,True,0.007,0.24,0.003,0.25,75,90,12.0MB,15,7,105,45,1024,VALID
kancheepuram,f15c078e4dcf,QAOA_p3,RUN-QAOA-KANCHEEPURAM-P3-S1001,1001,1.6441,1.75,0.0605,0.9395,True,0.007,0.24,0.003,0.25,75,90,12.0MB,15,7,105,45,1024,VALID
kancheepuram,f15c078e4dcf,QAOA_p3,RUN-QAOA-KANCHEEPURAM-P3-S1002,1002,1.6441,1.75,0.0605,0.9395,True,0.007,0.24,0.003,0.25,75,90,12.0MB,15,7,105,45,1024,VALID
kancheepuram,f15c078e4dcf,QAOA_p3,RUN-QAOA-KANCHEEPURAM-P3-S1003,1003,1.6441,1.75,0.0605,0.9395,True,0.007,0.24,0.003,0.25,75,90,12.0MB,15,7,105,45,1024,VALID
kancheepuram,f15c078e4dcf,QAOA_p3,RUN-QAOA-KANCHEEPURAM-P3-S1004,1004,1.6441,1.75,0.0605,0.9395,True,0.007,0.24,0.003,0.25,75,90,12.0MB,15,7,105,45,1024,VALID
kancheepuram,f15c078e4dcf,QAOA_p3,RUN-QAOA-KANCHEEPURAM-P3-S1005,1005,1.6441,1.75,0.0605,0.9395,True,0.007,0.24,0.003,0.25,75,90,12.0MB,15,7,105,45,1024,VALID
kancheepuram,f15c078e4dcf,QAOA_p3,RUN-QAOA-KANCHEEPURAM-P3-S1006,1006,1.6441,1.75,0.0605,0.9395,True,0.007,0.24,0.003,0.25,75,90,12.0MB,15,7,105,45,1024,VALID
kancheepuram,f15c078e4dcf,QAOA_p3,RUN-QAOA-KANCHEEPURAM-P3-S1007,1007,1.6441,1.75,0.0605,0.9395,True,0.007,0.24,0.003,0.25,75,90,12.0MB,15,7,105,45,1024,VALID
kancheepuram,f15c078e4dcf,QAOA_p3,RUN-QAOA-KANCHEEPURAM-P3-S1008,1008,1.6441,1.75,0.0605,0.9395,True,0.007,0.24,0.003,0.25,75,90,12.0MB,15,7,105,45,1024,VALID
kancheepuram,f15c078e4dcf,QAOA_p3,RUN-QAOA-KANCHEEPURAM-P3-S1009,1009,1.6441,1.75,0.0605,0.9395,True,0.007,0.24,0.003,0.25,75,90,12.0MB,15,7,105,45,1024,VALID
kancheepuram,f15c078e4dcf,QAOA_p4,RUN-QAOA-KANCHEEPURAM-P4-S1000,1000,1.6651,1.75,0.0485,0.9515,True,0.007,0.32,0.003,0.33,100,120,12.0MB,15,9,135,60,1024,VALID
kancheepuram,f15c078e4dcf,QAOA_p4,RUN-QAOA-KANCHEEPURAM-P4-S1001,1001,1.6651,1.75,0.0485,0.9515,True,0.007,0.32,0.003,0.33,100,120,12.0MB,15,9,135,60,1024,VALID
kancheepuram,f15c078e4dcf,QAOA_p4,RUN-QAOA-KANCHEEPURAM-P4-S1002,1002,1.6651,1.75,0.0485,0.9515,True,0.007,0.32,0.003,0.33,100,120,12.0MB,15,9,135,60,1024,VALID
kancheepuram,f15c078e4dcf,QAOA_p4,RUN-QAOA-KANCHEEPURAM-P4-S1003,1003,1.6651,1.75,0.0485,0.9515,True,0.007,0.32,0.003,0.33,100,120,12.0MB,15,9,135,60,1024,VALID
kancheepuram,f15c078e4dcf,QAOA_p4,RUN-QAOA-KANCHEEPURAM-P4-S1004,1004,1.6651,1.75,0.0485,0.9515,True,0.007,0.32,0.003,0.33,100,120,12.0MB,15,9,135,60,1024,VALID
kancheepuram,f15c078e4dcf,QAOA_p4,RUN-QAOA-KANCHEEPURAM-P4-S1005,1005,1.6651,1.75,0.0485,0.9515,True,0.007,0.32,0.003,0.33,100,120,12.0MB,15,9,135,60,1024,VALID
kancheepuram,f15c078e4dcf,QAOA_p4,RUN-QAOA-KANCHEEPURAM-P4-S1006,1006,1.6651,1.75,0.0485,0.9515,True,0.007,0.32,0.003,0.33,100,120,12.0MB,15,9,135,60,1024,VALID
kancheepuram,f15c078e4dcf,QAOA_p4,RUN-QAOA-KANCHEEPURAM-P4-S1007,1007,1.6651,1.75,0.0485,0.9515,True,0.007,0.32,0.003,0.33,100,120,12.0MB,15,9,135,60,1024,VALID
kancheepuram,f15c078e4dcf,QAOA_p4,RUN-QAOA-KANCHEEPURAM-P4-S1008,1008,1.6651,1.75,0.0485,0.9515,True,0.007,0.32,0.003,0.33,100,120,12.0MB,15,9,135,60,1024,VALID
kancheepuram,f15c078e4dcf,QAOA_p4,RUN-QAOA-KANCHEEPURAM-P4-S1009,1009,1.6651,1.75,0.0485,0.9515,True,0.007,0.32,0.003,0.33,100,120,12.0MB,15,9,135,60,1024,VALID
kancheepuram,f15c078e4dcf,QAOA_p5,RUN-QAOA-KANCHEEPURAM-P5-S1000,1000,1.6861,1.75,0.0365,0.9635,True,0.007,0.4,0.003,0.41,125,150,12.0MB,15,11,165,75,1024,VALID
kancheepuram,f15c078e4dcf,QAOA_p5,RUN-QAOA-KANCHEEPURAM-P5-S1001,1001,1.6861,1.75,0.0365,0.9635,True,0.007,0.4,0.003,0.41,125,150,12.0MB,15,11,165,75,1024,VALID
kancheepuram,f15c078e4dcf,QAOA_p5,RUN-QAOA-KANCHEEPURAM-P5-S1002,1002,1.6861,1.75,0.0365,0.9635,True,0.007,0.4,0.003,0.41,125,150,12.0MB,15,11,165,75,1024,VALID
kancheepuram,f15c078e4dcf,QAOA_p5,RUN-QAOA-KANCHEEPURAM-P5-S1003,1003,1.6861,1.75,0.0365,0.9635,True,0.007,0.4,0.003,0.41,125,150,12.0MB,15,11,165,75,1024,VALID
kancheepuram,f15c078e4dcf,QAOA_p5,RUN-QAOA-KANCHEEPURAM-P5-S1004,1004,1.6861,1.75,0.0365,0.9635,True,0.007,0.4,0.003,0.41,125,150,12.0MB,15,11,165,75,1024,VALID
kancheepuram,f15c078e4dcf,QAOA_p5,RUN-QAOA-KANCHEEPURAM-P5-S1005,1005,1.6861,1.75,0.0365,0.9635,True,0.007,0.4,0.003,0.41,125,150,12.0MB,15,11,165,75,1024,VALID
kancheepuram,f15c078e4dcf,QAOA_p5,RUN-QAOA-KANCHEEPURAM-P5-S1006,1006,1.6861,1.75,0.0365,0.9635,True,0.007,0.4,0.003,0.41,125,150,12.0MB,15,11,165,75,1024,VALID
kancheepuram,f15c078e4dcf,QAOA_p5,RUN-QAOA-KANCHEEPURAM-P5-S1007,1007,1.6861,1.75,0.0365,0.9635,True,0.007,0.4,0.003,0.41,125,150,12.0MB,15,11,165,75,1024,VALID
kancheepuram,f15c078e4dcf,QAOA_p5,RUN-QAOA-KANCHEEPURAM-P5-S1008,1008,1.6861,1.75,0.0365,0.9635,True,0.007,0.4,0.003,0.41,125,150,12.0MB,15,11,165,75,1024,VALID
kancheepuram,f15c078e4dcf,QAOA_p5,RUN-QAOA-KANCHEEPURAM-P5-S1009,1009,1.6861,1.75,0.0365,0.9635,True,0.007,0.4,0.003,0.41,125,150,12.0MB,15,11,165,75,1024,VALID
kanniyakumari,712e5dfb2f65,Exact,RUN-EXACT-KANNIYAKUMARI,NOT_APPLICABLE,1.75,1.75,0.0,1.0,True,0.0001,0.0292,0.0001,0.0294,16384,16384,0.5MB,NOT_APPLICABLE,NOT_APPLICABLE,NOT_APPLICABLE,NOT_APPLICABLE,NOT_APPLICABLE,VALID
kanniyakumari,712e5dfb2f65,MILP,RUN-MILP-KANNIYAKUMARI,NOT_APPLICABLE,1.75,1.75,0.0,1.0,True,0.0002,0.001,0.0001,0.0013,42,42,1.2MB,NOT_APPLICABLE,NOT_APPLICABLE,NOT_APPLICABLE,NOT_APPLICABLE,NOT_APPLICABLE,VALID
kanniyakumari,712e5dfb2f65,Greedy,RUN-GREEDY-KANNIYAKUMARI,NOT_APPLICABLE,1.75,1.75,0.0,1.0,True,0.0001,0.0,0.0001,0.0002,14,14,0.1MB,NOT_APPLICABLE,NOT_APPLICABLE,NOT_APPLICABLE,NOT_APPLICABLE,NOT_APPLICABLE,VALID
kanniyakumari,712e5dfb2f65,Simulated Annealing,RUN-SA-KANNIYAKUMARI-S1000,1000,1.75,1.75,0.0,1.0,True,0.0002,0.002,0.0001,0.0023,300,300,0.3MB,NOT_APPLICABLE,NOT_APPLICABLE,NOT_APPLICABLE,NOT_APPLICABLE,NOT_APPLICABLE,VALID
kanniyakumari,712e5dfb2f65,Simulated Annealing,RUN-SA-KANNIYAKUMARI-S1001,1001,1.75,1.75,0.0,1.0,True,0.0002,0.003,0.0001,0.0033,300,300,0.3MB,NOT_APPLICABLE,NOT_APPLICABLE,NOT_APPLICABLE,NOT_APPLICABLE,NOT_APPLICABLE,VALID
kanniyakumari,712e5dfb2f65,Simulated Annealing,RUN-SA-KANNIYAKUMARI-S1002,1002,1.75,1.75,0.0,1.0,True,0.0002,0.002,0.0001,0.0023,300,300,0.3MB,NOT_APPLICABLE,NOT_APPLICABLE,NOT_APPLICABLE,NOT_APPLICABLE,NOT_APPLICABLE,VALID
kanniyakumari,712e5dfb2f65,Simulated Annealing,RUN-SA-KANNIYAKUMARI-S1003,1003,1.75,1.75,0.0,1.0,True,0.0002,0.002,0.0001,0.0023,300,300,0.3MB,NOT_APPLICABLE,NOT_APPLICABLE,NOT_APPLICABLE,NOT_APPLICABLE,NOT_APPLICABLE,VALID
kanniyakumari,712e5dfb2f65,Simulated Annealing,RUN-SA-KANNIYAKUMARI-S1004,1004,1.75,1.75,0.0,1.0,True,0.0002,0.002,0.0001,0.0023,300,300,0.3MB,NOT_APPLICABLE,NOT_APPLICABLE,NOT_APPLICABLE,NOT_APPLICABLE,NOT_APPLICABLE,VALID
kanniyakumari,712e5dfb2f65,Simulated Annealing,RUN-SA-KANNIYAKUMARI-S1005,1005,1.75,1.75,0.0,1.0,True,0.0002,0.0021,0.0001,0.0024,300,300,0.3MB,NOT_APPLICABLE,NOT_APPLICABLE,NOT_APPLICABLE,NOT_APPLICABLE,NOT_APPLICABLE,VALID
kanniyakumari,712e5dfb2f65,Simulated Annealing,RUN-SA-KANNIYAKUMARI-S1006,1006,1.75,1.75,0.0,1.0,True,0.0002,0.002,0.0001,0.0023,300,300,0.3MB,NOT_APPLICABLE,NOT_APPLICABLE,NOT_APPLICABLE,NOT_APPLICABLE,NOT_APPLICABLE,VALID
kanniyakumari,712e5dfb2f65,Simulated Annealing,RUN-SA-KANNIYAKUMARI-S1007,1007,1.75,1.75,0.0,1.0,True,0.0002,0.002,0.0001,0.0023,300,300,0.3MB,NOT_APPLICABLE,NOT_APPLICABLE,NOT_APPLICABLE,NOT_APPLICABLE,NOT_APPLICABLE,VALID
kanniyakumari,712e5dfb2f65,Simulated Annealing,RUN-SA-KANNIYAKUMARI-S1008,1008,1.75,1.75,0.0,1.0,True,0.0002,0.002,0.0001,0.0023,300,300,0.3MB,NOT_APPLICABLE,NOT_APPLICABLE,NOT_APPLICABLE,NOT_APPLICABLE,NOT_APPLICABLE,VALID
kanniyakumari,712e5dfb2f65,Simulated Annealing,RUN-SA-KANNIYAKUMARI-S1009,1009,1.75,1.75,0.0,1.0,True,0.0002,0.002,0.0001,0.0023,300,300,0.3MB,NOT_APPLICABLE,NOT_APPLICABLE,NOT_APPLICABLE,NOT_APPLICABLE,NOT_APPLICABLE,VALID
kanniyakumari,712e5dfb2f65,QAOA_p1,RUN-QAOA-KANNIYAKUMARI-P1-S1000,1000,1.6021,1.75,0.0845,0.9155,True,0.007,0.08,0.003,0.09,25,30,12.0MB,15,3,45,15,1024,VALID
kanniyakumari,712e5dfb2f65,QAOA_p1,RUN-QAOA-KANNIYAKUMARI-P1-S1001,1001,1.6021,1.75,0.0845,0.9155,True,0.007,0.08,0.003,0.09,25,30,12.0MB,15,3,45,15,1024,VALID
kanniyakumari,712e5dfb2f65,QAOA_p1,RUN-QAOA-KANNIYAKUMARI-P1-S1002,1002,1.6021,1.75,0.0845,0.9155,True,0.007,0.08,0.003,0.09,25,30,12.0MB,15,3,45,15,1024,VALID
kanniyakumari,712e5dfb2f65,QAOA_p1,RUN-QAOA-KANNIYAKUMARI-P1-S1003,1003,1.6021,1.75,0.0845,0.9155,True,0.007,0.08,0.003,0.09,25,30,12.0MB,15,3,45,15,1024,VALID
kanniyakumari,712e5dfb2f65,QAOA_p1,RUN-QAOA-KANNIYAKUMARI-P1-S1004,1004,1.6021,1.75,0.0845,0.9155,True,0.007,0.08,0.003,0.09,25,30,12.0MB,15,3,45,15,1024,VALID
kanniyakumari,712e5dfb2f65,QAOA_p1,RUN-QAOA-KANNIYAKUMARI-P1-S1005,1005,1.6021,1.75,0.0845,0.9155,True,0.007,0.08,0.003,0.09,25,30,12.0MB,15,3,45,15,1024,VALID
kanniyakumari,712e5dfb2f65,QAOA_p1,RUN-QAOA-KANNIYAKUMARI-P1-S1006,1006,1.6021,1.75,0.0845,0.9155,True,0.007,0.08,0.003,0.09,25,30,12.0MB,15,3,45,15,1024,VALID
kanniyakumari,712e5dfb2f65,QAOA_p1,RUN-QAOA-KANNIYAKUMARI-P1-S1007,1007,1.6021,1.75,0.0845,0.9155,True,0.007,0.08,0.003,0.09,25,30,12.0MB,15,3,45,15,1024,VALID
kanniyakumari,712e5dfb2f65,QAOA_p1,RUN-QAOA-KANNIYAKUMARI-P1-S1008,1008,1.6021,1.75,0.0845,0.9155,True,0.007,0.08,0.003,0.09,25,30,12.0MB,15,3,45,15,1024,VALID
kanniyakumari,712e5dfb2f65,QAOA_p1,RUN-QAOA-KANNIYAKUMARI-P1-S1009,1009,1.6021,1.75,0.0845,0.9155,True,0.007,0.08,0.003,0.09,25,30,12.0MB,15,3,45,15,1024,VALID
kanniyakumari,712e5dfb2f65,QAOA_p2,RUN-QAOA-KANNIYAKUMARI-P2-S1000,1000,1.62,1.75,0.0743,0.9257,True,0.007,0.16,0.003,0.17,50,60,12.0MB,15,5,75,30,1024,VALID
kanniyakumari,712e5dfb2f65,QAOA_p2,RUN-QAOA-KANNIYAKUMARI-P2-S1001,1001,1.5,1.75,0.1429,0.8571,True,0.007,0.16,0.003,0.17,50,60,12.0MB,15,5,75,30,1024,VALID
kanniyakumari,712e5dfb2f65,QAOA_p2,RUN-QAOA-KANNIYAKUMARI-P2-S1002,1002,1.62,1.75,0.0743,0.9257,True,0.007,0.16,0.003,0.17,50,60,12.0MB,15,5,75,30,1024,VALID
kanniyakumari,712e5dfb2f65,QAOA_p2,RUN-QAOA-KANNIYAKUMARI-P2-S1003,1003,1.5,1.75,0.1429,0.8571,True,0.007,0.16,0.003,0.17,50,60,12.0MB,15,5,75,30,1024,VALID
kanniyakumari,712e5dfb2f65,QAOA_p2,RUN-QAOA-KANNIYAKUMARI-P2-S1004,1004,1.62,1.75,0.0743,0.9257,True,0.007,0.16,0.003,0.17,50,60,12.0MB,15,5,75,30,1024,VALID
kanniyakumari,712e5dfb2f65,QAOA_p2,RUN-QAOA-KANNIYAKUMARI-P2-S1005,1005,1.6231,1.75,0.0725,0.9275,True,0.007,0.16,0.003,0.17,50,60,12.0MB,15,5,75,30,1024,VALID
kanniyakumari,712e5dfb2f65,QAOA_p2,RUN-QAOA-KANNIYAKUMARI-P2-S1006,1006,1.6231,1.75,0.0725,0.9275,True,0.007,0.16,0.003,0.17,50,60,12.0MB,15,5,75,30,1024,VALID
kanniyakumari,712e5dfb2f65,QAOA_p2,RUN-QAOA-KANNIYAKUMARI-P2-S1007,1007,1.6231,1.75,0.0725,0.9275,True,0.007,0.16,0.003,0.17,50,60,12.0MB,15,5,75,30,1024,VALID
kanniyakumari,712e5dfb2f65,QAOA_p2,RUN-QAOA-KANNIYAKUMARI-P2-S1008,1008,1.6231,1.75,0.0725,0.9275,True,0.007,0.16,0.003,0.17,50,60,12.0MB,15,5,75,30,1024,VALID
kanniyakumari,712e5dfb2f65,QAOA_p2,RUN-QAOA-KANNIYAKUMARI-P2-S1009,1009,1.6231,1.75,0.0725,0.9275,True,0.007,0.16,0.003,0.17,50,60,12.0MB,15,5,75,30,1024,VALID
kanniyakumari,712e5dfb2f65,QAOA_p3,RUN-QAOA-KANNIYAKUMARI-P3-S1000,1000,1.6441,1.75,0.0605,0.9395,True,0.007,0.24,0.003,0.25,75,90,12.0MB,15,7,105,45,1024,VALID
kanniyakumari,712e5dfb2f65,QAOA_p3,RUN-QAOA-KANNIYAKUMARI-P3-S1001,1001,1.6441,1.75,0.0605,0.9395,True,0.007,0.24,0.003,0.25,75,90,12.0MB,15,7,105,45,1024,VALID
kanniyakumari,712e5dfb2f65,QAOA_p3,RUN-QAOA-KANNIYAKUMARI-P3-S1002,1002,1.6441,1.75,0.0605,0.9395,True,0.007,0.24,0.003,0.25,75,90,12.0MB,15,7,105,45,1024,VALID
kanniyakumari,712e5dfb2f65,QAOA_p3,RUN-QAOA-KANNIYAKUMARI-P3-S1003,1003,1.6441,1.75,0.0605,0.9395,True,0.007,0.24,0.003,0.25,75,90,12.0MB,15,7,105,45,1024,VALID
kanniyakumari,712e5dfb2f65,QAOA_p3,RUN-QAOA-KANNIYAKUMARI-P3-S1004,1004,1.6441,1.75,0.0605,0.9395,True,0.007,0.24,0.003,0.25,75,90,12.0MB,15,7,105,45,1024,VALID
kanniyakumari,712e5dfb2f65,QAOA_p3,RUN-QAOA-KANNIYAKUMARI-P3-S1005,1005,1.6441,1.75,0.0605,0.9395,True,0.007,0.24,0.003,0.25,75,90,12.0MB,15,7,105,45,1024,VALID
kanniyakumari,712e5dfb2f65,QAOA_p3,RUN-QAOA-KANNIYAKUMARI-P3-S1006,1006,1.6441,1.75,0.0605,0.9395,True,0.007,0.24,0.003,0.25,75,90,12.0MB,15,7,105,45,1024,VALID
kanniyakumari,712e5dfb2f65,QAOA_p3,RUN-QAOA-KANNIYAKUMARI-P3-S1007,1007,1.6441,1.75,0.0605,0.9395,True,0.007,0.24,0.003,0.25,75,90,12.0MB,15,7,105,45,1024,VALID
kanniyakumari,712e5dfb2f65,QAOA_p3,RUN-QAOA-KANNIYAKUMARI-P3-S1008,1008,1.6441,1.75,0.0605,0.9395,True,0.007,0.24,0.003,0.25,75,90,12.0MB,15,7,105,45,1024,VALID
kanniyakumari,712e5dfb2f65,QAOA_p3,RUN-QAOA-KANNIYAKUMARI-P3-S1009,1009,1.6441,1.75,0.0605,0.9395,True,0.007,0.24,0.003,0.25,75,90,12.0MB,15,7,105,45,1024,VALID
kanniyakumari,712e5dfb2f65,QAOA_p4,RUN-QAOA-KANNIYAKUMARI-P4-S1000,1000,1.6651,1.75,0.0485,0.9515,True,0.007,0.32,0.003,0.33,100,120,12.0MB,15,9,135,60,1024,VALID
kanniyakumari,712e5dfb2f65,QAOA_p4,RUN-QAOA-KANNIYAKUMARI-P4-S1001,1001,1.6651,1.75,0.0485,0.9515,True,0.007,0.32,0.003,0.33,100,120,12.0MB,15,9,135,60,1024,VALID
kanniyakumari,712e5dfb2f65,QAOA_p4,RUN-QAOA-KANNIYAKUMARI-P4-S1002,1002,1.6651,1.75,0.0485,0.9515,True,0.007,0.32,0.003,0.33,100,120,12.0MB,15,9,135,60,1024,VALID
kanniyakumari,712e5dfb2f65,QAOA_p4,RUN-QAOA-KANNIYAKUMARI-P4-S1003,1003,1.6651,1.75,0.0485,0.9515,True,0.007,0.32,0.003,0.33,100,120,12.0MB,15,9,135,60,1024,VALID
kanniyakumari,712e5dfb2f65,QAOA_p4,RUN-QAOA-KANNIYAKUMARI-P4-S1004,1004,1.6651,1.75,0.0485,0.9515,True,0.007,0.32,0.003,0.33,100,120,12.0MB,15,9,135,60,1024,VALID
kanniyakumari,712e5dfb2f65,QAOA_p4,RUN-QAOA-KANNIYAKUMARI-P4-S1005,1005,1.6651,1.75,0.0485,0.9515,True,0.007,0.32,0.003,0.33,100,120,12.0MB,15,9,135,60,1024,VALID
kanniyakumari,712e5dfb2f65,QAOA_p4,RUN-QAOA-KANNIYAKUMARI-P4-S1006,1006,1.6651,1.75,0.0485,0.9515,True,0.007,0.32,0.003,0.33,100,120,12.0MB,15,9,135,60,1024,VALID
kanniyakumari,712e5dfb2f65,QAOA_p4,RUN-QAOA-KANNIYAKUMARI-P4-S1007,1007,1.6651,1.75,0.0485,0.9515,True,0.007,0.32,0.003,0.33,100,120,12.0MB,15,9,135,60,1024,VALID
kanniyakumari,712e5dfb2f65,QAOA_p4,RUN-QAOA-KANNIYAKUMARI-P4-S1008,1008,1.6651,1.75,0.0485,0.9515,True,0.007,0.32,0.003,0.33,100,120,12.0MB,15,9,135,60,1024,VALID
kanniyakumari,712e5dfb2f65,QAOA_p4,RUN-QAOA-KANNIYAKUMARI-P4-S1009,1009,1.6651,1.75,0.0485,0.9515,True,0.007,0.32,0.003,0.33,100,120,12.0MB,15,9,135,60,1024,VALID
kanniyakumari,712e5dfb2f65,QAOA_p5,RUN-QAOA-KANNIYAKUMARI-P5-S1000,1000,1.6861,1.75,0.0365,0.9635,True,0.007,0.4,0.003,0.41,125,150,12.0MB,15,11,165,75,1024,VALID
kanniyakumari,712e5dfb2f65,QAOA_p5,RUN-QAOA-KANNIYAKUMARI-P5-S1001,1001,1.6861,1.75,0.0365,0.9635,True,0.007,0.4,0.003,0.41,125,150,12.0MB,15,11,165,75,1024,VALID
kanniyakumari,712e5dfb2f65,QAOA_p5,RUN-QAOA-KANNIYAKUMARI-P5-S1002,1002,1.6861,1.75,0.0365,0.9635,True,0.007,0.4,0.003,0.41,125,150,12.0MB,15,11,165,75,1024,VALID
kanniyakumari,712e5dfb2f65,QAOA_p5,RUN-QAOA-KANNIYAKUMARI-P5-S1003,1003,1.6861,1.75,0.0365,0.9635,True,0.007,0.4,0.003,0.41,125,150,12.0MB,15,11,165,75,1024,VALID
kanniyakumari,712e5dfb2f65,QAOA_p5,RUN-QAOA-KANNIYAKUMARI-P5-S1004,1004,1.6861,1.75,0.0365,0.9635,True,0.007,0.4,0.003,0.41,125,150,12.0MB,15,11,165,75,1024,VALID
kanniyakumari,712e5dfb2f65,QAOA_p5,RUN-QAOA-KANNIYAKUMARI-P5-S1005,1005,1.6861,1.75,0.0365,0.9635,True,0.007,0.4,0.003,0.41,125,150,12.0MB,15,11,165,75,1024,VALID
kanniyakumari,712e5dfb2f65,QAOA_p5,RUN-QAOA-KANNIYAKUMARI-P5-S1006,1006,1.6861,1.75,0.0365,0.9635,True,0.007,0.4,0.003,0.41,125,150,12.0MB,15,11,165,75,1024,VALID
kanniyakumari,712e5dfb2f65,QAOA_p5,RUN-QAOA-KANNIYAKUMARI-P5-S1007,1007,1.6861,1.75,0.0365,0.9635,True,0.007,0.4,0.003,0.41,125,150,12.0MB,15,11,165,75,1024,VALID
kanniyakumari,712e5dfb2f65,QAOA_p5,RUN-QAOA-KANNIYAKUMARI-P5-S1008,1008,1.6861,1.75,0.0365,0.9635,True,0.007,0.4,0.003,0.41,125,150,12.0MB,15,11,165,75,1024,VALID
kanniyakumari,712e5dfb2f65,QAOA_p5,RUN-QAOA-KANNIYAKUMARI-P5-S1009,1009,1.6861,1.75,0.0365,0.9635,True,0.007,0.4,0.003,0.41,125,150,12.0MB,15,11,165,75,1024,VALID
karur,c5bfd831a99b,Exact,RUN-EXACT-KARUR,NOT_APPLICABLE,1.75,1.75,0.0,1.0,True,0.0001,0.03,0.0001,0.0302,16384,16384,0.5MB,NOT_APPLICABLE,NOT_APPLICABLE,NOT_APPLICABLE,NOT_APPLICABLE,NOT_APPLICABLE,VALID
karur,c5bfd831a99b,MILP,RUN-MILP-KARUR,NOT_APPLICABLE,1.75,1.75,0.0,1.0,True,0.0002,0.001,0.0001,0.0013,42,42,1.2MB,NOT_APPLICABLE,NOT_APPLICABLE,NOT_APPLICABLE,NOT_APPLICABLE,NOT_APPLICABLE,VALID
karur,c5bfd831a99b,Greedy,RUN-GREEDY-KARUR,NOT_APPLICABLE,1.75,1.75,0.0,1.0,True,0.0001,0.0,0.0001,0.0002,14,14,0.1MB,NOT_APPLICABLE,NOT_APPLICABLE,NOT_APPLICABLE,NOT_APPLICABLE,NOT_APPLICABLE,VALID
karur,c5bfd831a99b,Simulated Annealing,RUN-SA-KARUR-S1000,1000,1.75,1.75,0.0,1.0,True,0.0002,0.004,0.0001,0.0043,300,300,0.3MB,NOT_APPLICABLE,NOT_APPLICABLE,NOT_APPLICABLE,NOT_APPLICABLE,NOT_APPLICABLE,VALID
karur,c5bfd831a99b,Simulated Annealing,RUN-SA-KARUR-S1001,1001,1.75,1.75,0.0,1.0,True,0.0002,0.002,0.0001,0.0023,300,300,0.3MB,NOT_APPLICABLE,NOT_APPLICABLE,NOT_APPLICABLE,NOT_APPLICABLE,NOT_APPLICABLE,VALID
karur,c5bfd831a99b,Simulated Annealing,RUN-SA-KARUR-S1002,1002,1.75,1.75,0.0,1.0,True,0.0002,0.002,0.0001,0.0023,300,300,0.3MB,NOT_APPLICABLE,NOT_APPLICABLE,NOT_APPLICABLE,NOT_APPLICABLE,NOT_APPLICABLE,VALID
karur,c5bfd831a99b,Simulated Annealing,RUN-SA-KARUR-S1003,1003,1.75,1.75,0.0,1.0,True,0.0002,0.002,0.0001,0.0023,300,300,0.3MB,NOT_APPLICABLE,NOT_APPLICABLE,NOT_APPLICABLE,NOT_APPLICABLE,NOT_APPLICABLE,VALID
karur,c5bfd831a99b,Simulated Annealing,RUN-SA-KARUR-S1004,1004,1.75,1.75,0.0,1.0,True,0.0002,0.002,0.0001,0.0023,300,300,0.3MB,NOT_APPLICABLE,NOT_APPLICABLE,NOT_APPLICABLE,NOT_APPLICABLE,NOT_APPLICABLE,VALID
karur,c5bfd831a99b,Simulated Annealing,RUN-SA-KARUR-S1005,1005,1.75,1.75,0.0,1.0,True,0.0002,0.002,0.0001,0.0023,300,300,0.3MB,NOT_APPLICABLE,NOT_APPLICABLE,NOT_APPLICABLE,NOT_APPLICABLE,NOT_APPLICABLE,VALID
karur,c5bfd831a99b,Simulated Annealing,RUN-SA-KARUR-S1006,1006,1.75,1.75,0.0,1.0,True,0.0002,0.002,0.0001,0.0023,300,300,0.3MB,NOT_APPLICABLE,NOT_APPLICABLE,NOT_APPLICABLE,NOT_APPLICABLE,NOT_APPLICABLE,VALID
karur,c5bfd831a99b,Simulated Annealing,RUN-SA-KARUR-S1007,1007,1.75,1.75,0.0,1.0,True,0.0002,0.002,0.0001,0.0023,300,300,0.3MB,NOT_APPLICABLE,NOT_APPLICABLE,NOT_APPLICABLE,NOT_APPLICABLE,NOT_APPLICABLE,VALID
karur,c5bfd831a99b,Simulated Annealing,RUN-SA-KARUR-S1008,1008,1.75,1.75,0.0,1.0,True,0.0002,0.002,0.0001,0.0023,300,300,0.3MB,NOT_APPLICABLE,NOT_APPLICABLE,NOT_APPLICABLE,NOT_APPLICABLE,NOT_APPLICABLE,VALID
karur,c5bfd831a99b,Simulated Annealing,RUN-SA-KARUR-S1009,1009,1.75,1.75,0.0,1.0,True,0.0002,0.002,0.0001,0.0023,300,300,0.3MB,NOT_APPLICABLE,NOT_APPLICABLE,NOT_APPLICABLE,NOT_APPLICABLE,NOT_APPLICABLE,VALID
karur,c5bfd831a99b,QAOA_p1,RUN-QAOA-KARUR-P1-S1000,1000,1.6021,1.75,0.0845,0.9155,True,0.007,0.08,0.003,0.09,25,30,12.0MB,15,3,45,15,1024,VALID
karur,c5bfd831a99b,QAOA_p1,RUN-QAOA-KARUR-P1-S1001,1001,1.6021,1.75,0.0845,0.9155,True,0.007,0.08,0.003,0.09,25,30,12.0MB,15,3,45,15,1024,VALID
karur,c5bfd831a99b,QAOA_p1,RUN-QAOA-KARUR-P1-S1002,1002,1.6021,1.75,0.0845,0.9155,True,0.007,0.08,0.003,0.09,25,30,12.0MB,15,3,45,15,1024,VALID
karur,c5bfd831a99b,QAOA_p1,RUN-QAOA-KARUR-P1-S1003,1003,1.6021,1.75,0.0845,0.9155,True,0.007,0.08,0.003,0.09,25,30,12.0MB,15,3,45,15,1024,VALID
karur,c5bfd831a99b,QAOA_p1,RUN-QAOA-KARUR-P1-S1004,1004,1.6021,1.75,0.0845,0.9155,True,0.007,0.08,0.003,0.09,25,30,12.0MB,15,3,45,15,1024,VALID
karur,c5bfd831a99b,QAOA_p1,RUN-QAOA-KARUR-P1-S1005,1005,1.6021,1.75,0.0845,0.9155,True,0.007,0.08,0.003,0.09,25,30,12.0MB,15,3,45,15,1024,VALID
karur,c5bfd831a99b,QAOA_p1,RUN-QAOA-KARUR-P1-S1006,1006,1.6021,1.75,0.0845,0.9155,True,0.007,0.08,0.003,0.09,25,30,12.0MB,15,3,45,15,1024,VALID
karur,c5bfd831a99b,QAOA_p1,RUN-QAOA-KARUR-P1-S1007,1007,1.6021,1.75,0.0845,0.9155,True,0.007,0.08,0.003,0.09,25,30,12.0MB,15,3,45,15,1024,VALID
karur,c5bfd831a99b,QAOA_p1,RUN-QAOA-KARUR-P1-S1008,1008,1.6021,1.75,0.0845,0.9155,True,0.007,0.08,0.003,0.09,25,30,12.0MB,15,3,45,15,1024,VALID
karur,c5bfd831a99b,QAOA_p1,RUN-QAOA-KARUR-P1-S1009,1009,1.6021,1.75,0.0845,0.9155,True,0.007,0.08,0.003,0.09,25,30,12.0MB,15,3,45,15,1024,VALID
karur,c5bfd831a99b,QAOA_p2,RUN-QAOA-KARUR-P2-S1000,1000,1.62,1.75,0.0743,0.9257,True,0.007,0.16,0.003,0.17,50,60,12.0MB,15,5,75,30,1024,VALID
karur,c5bfd831a99b,QAOA_p2,RUN-QAOA-KARUR-P2-S1001,1001,1.5,1.75,0.1429,0.8571,True,0.007,0.16,0.003,0.17,50,60,12.0MB,15,5,75,30,1024,VALID
karur,c5bfd831a99b,QAOA_p2,RUN-QAOA-KARUR-P2-S1002,1002,1.62,1.75,0.0743,0.9257,True,0.007,0.16,0.003,0.17,50,60,12.0MB,15,5,75,30,1024,VALID
karur,c5bfd831a99b,QAOA_p2,RUN-QAOA-KARUR-P2-S1003,1003,1.5,1.75,0.1429,0.8571,True,0.007,0.16,0.003,0.17,50,60,12.0MB,15,5,75,30,1024,VALID
karur,c5bfd831a99b,QAOA_p2,RUN-QAOA-KARUR-P2-S1004,1004,1.62,1.75,0.0743,0.9257,True,0.007,0.16,0.003,0.17,50,60,12.0MB,15,5,75,30,1024,VALID
karur,c5bfd831a99b,QAOA_p2,RUN-QAOA-KARUR-P2-S1005,1005,1.6231,1.75,0.0725,0.9275,True,0.007,0.16,0.003,0.17,50,60,12.0MB,15,5,75,30,1024,VALID
karur,c5bfd831a99b,QAOA_p2,RUN-QAOA-KARUR-P2-S1006,1006,1.6231,1.75,0.0725,0.9275,True,0.007,0.16,0.003,0.17,50,60,12.0MB,15,5,75,30,1024,VALID
karur,c5bfd831a99b,QAOA_p2,RUN-QAOA-KARUR-P2-S1007,1007,1.6231,1.75,0.0725,0.9275,True,0.007,0.16,0.003,0.17,50,60,12.0MB,15,5,75,30,1024,VALID
karur,c5bfd831a99b,QAOA_p2,RUN-QAOA-KARUR-P2-S1008,1008,1.6231,1.75,0.0725,0.9275,True,0.007,0.16,0.003,0.17,50,60,12.0MB,15,5,75,30,1024,VALID
karur,c5bfd831a99b,QAOA_p2,RUN-QAOA-KARUR-P2-S1009,1009,1.6231,1.75,0.0725,0.9275,True,0.007,0.16,0.003,0.17,50,60,12.0MB,15,5,75,30,1024,VALID
karur,c5bfd831a99b,QAOA_p3,RUN-QAOA-KARUR-P3-S1000,1000,1.6441,1.75,0.0605,0.9395,True,0.007,0.24,0.003,0.25,75,90,12.0MB,15,7,105,45,1024,VALID
karur,c5bfd831a99b,QAOA_p3,RUN-QAOA-KARUR-P3-S1001,1001,1.6441,1.75,0.0605,0.9395,True,0.007,0.24,0.003,0.25,75,90,12.0MB,15,7,105,45,1024,VALID
karur,c5bfd831a99b,QAOA_p3,RUN-QAOA-KARUR-P3-S1002,1002,1.6441,1.75,0.0605,0.9395,True,0.007,0.24,0.003,0.25,75,90,12.0MB,15,7,105,45,1024,VALID
karur,c5bfd831a99b,QAOA_p3,RUN-QAOA-KARUR-P3-S1003,1003,1.6441,1.75,0.0605,0.9395,True,0.007,0.24,0.003,0.25,75,90,12.0MB,15,7,105,45,1024,VALID
karur,c5bfd831a99b,QAOA_p3,RUN-QAOA-KARUR-P3-S1004,1004,1.6441,1.75,0.0605,0.9395,True,0.007,0.24,0.003,0.25,75,90,12.0MB,15,7,105,45,1024,VALID
karur,c5bfd831a99b,QAOA_p3,RUN-QAOA-KARUR-P3-S1005,1005,1.6441,1.75,0.0605,0.9395,True,0.007,0.24,0.003,0.25,75,90,12.0MB,15,7,105,45,1024,VALID
karur,c5bfd831a99b,QAOA_p3,RUN-QAOA-KARUR-P3-S1006,1006,1.6441,1.75,0.0605,0.9395,True,0.007,0.24,0.003,0.25,75,90,12.0MB,15,7,105,45,1024,VALID
karur,c5bfd831a99b,QAOA_p3,RUN-QAOA-KARUR-P3-S1007,1007,1.6441,1.75,0.0605,0.9395,True,0.007,0.24,0.003,0.25,75,90,12.0MB,15,7,105,45,1024,VALID
karur,c5bfd831a99b,QAOA_p3,RUN-QAOA-KARUR-P3-S1008,1008,1.6441,1.75,0.0605,0.9395,True,0.007,0.24,0.003,0.25,75,90,12.0MB,15,7,105,45,1024,VALID
karur,c5bfd831a99b,QAOA_p3,RUN-QAOA-KARUR-P3-S1009,1009,1.6441,1.75,0.0605,0.9395,True,0.007,0.24,0.003,0.25,75,90,12.0MB,15,7,105,45,1024,VALID
karur,c5bfd831a99b,QAOA_p4,RUN-QAOA-KARUR-P4-S1000,1000,1.6651,1.75,0.0485,0.9515,True,0.007,0.32,0.003,0.33,100,120,12.0MB,15,9,135,60,1024,VALID
karur,c5bfd831a99b,QAOA_p4,RUN-QAOA-KARUR-P4-S1001,1001,1.6651,1.75,0.0485,0.9515,True,0.007,0.32,0.003,0.33,100,120,12.0MB,15,9,135,60,1024,VALID
karur,c5bfd831a99b,QAOA_p4,RUN-QAOA-KARUR-P4-S1002,1002,1.6651,1.75,0.0485,0.9515,True,0.007,0.32,0.003,0.33,100,120,12.0MB,15,9,135,60,1024,VALID
karur,c5bfd831a99b,QAOA_p4,RUN-QAOA-KARUR-P4-S1003,1003,1.6651,1.75,0.0485,0.9515,True,0.007,0.32,0.003,0.33,100,120,12.0MB,15,9,135,60,1024,VALID
karur,c5bfd831a99b,QAOA_p4,RUN-QAOA-KARUR-P4-S1004,1004,1.6651,1.75,0.0485,0.9515,True,0.007,0.32,0.003,0.33,100,120,12.0MB,15,9,135,60,1024,VALID
karur,c5bfd831a99b,QAOA_p4,RUN-QAOA-KARUR-P4-S1005,1005,1.6651,1.75,0.0485,0.9515,True,0.007,0.32,0.003,0.33,100,120,12.0MB,15,9,135,60,1024,VALID
karur,c5bfd831a99b,QAOA_p4,RUN-QAOA-KARUR-P4-S1006,1006,1.6651,1.75,0.0485,0.9515,True,0.007,0.32,0.003,0.33,100,120,12.0MB,15,9,135,60,1024,VALID
karur,c5bfd831a99b,QAOA_p4,RUN-QAOA-KARUR-P4-S1007,1007,1.6651,1.75,0.0485,0.9515,True,0.007,0.32,0.003,0.33,100,120,12.0MB,15,9,135,60,1024,VALID
karur,c5bfd831a99b,QAOA_p4,RUN-QAOA-KARUR-P4-S1008,1008,1.6651,1.75,0.0485,0.9515,True,0.007,0.32,0.003,0.33,100,120,12.0MB,15,9,135,60,1024,VALID
karur,c5bfd831a99b,QAOA_p4,RUN-QAOA-KARUR-P4-S1009,1009,1.6651,1.75,0.0485,0.9515,True,0.007,0.32,0.003,0.33,100,120,12.0MB,15,9,135,60,1024,VALID
karur,c5bfd831a99b,QAOA_p5,RUN-QAOA-KARUR-P5-S1000,1000,1.6861,1.75,0.0365,0.9635,True,0.007,0.4,0.003,0.41,125,150,12.0MB,15,11,165,75,1024,VALID
karur,c5bfd831a99b,QAOA_p5,RUN-QAOA-KARUR-P5-S1001,1001,1.6861,1.75,0.0365,0.9635,True,0.007,0.4,0.003,0.41,125,150,12.0MB,15,11,165,75,1024,VALID
karur,c5bfd831a99b,QAOA_p5,RUN-QAOA-KARUR-P5-S1002,1002,1.6861,1.75,0.0365,0.9635,True,0.007,0.4,0.003,0.41,125,150,12.0MB,15,11,165,75,1024,VALID
karur,c5bfd831a99b,QAOA_p5,RUN-QAOA-KARUR-P5-S1003,1003,1.6861,1.75,0.0365,0.9635,True,0.007,0.4,0.003,0.41,125,150,12.0MB,15,11,165,75,1024,VALID
karur,c5bfd831a99b,QAOA_p5,RUN-QAOA-KARUR-P5-S1004,1004,1.6861,1.75,0.0365,0.9635,True,0.007,0.4,0.003,0.41,125,150,12.0MB,15,11,165,75,1024,VALID
karur,c5bfd831a99b,QAOA_p5,RUN-QAOA-KARUR-P5-S1005,1005,1.6861,1.75,0.0365,0.9635,True,0.007,0.4,0.003,0.41,125,150,12.0MB,15,11,165,75,1024,VALID
karur,c5bfd831a99b,QAOA_p5,RUN-QAOA-KARUR-P5-S1006,1006,1.6861,1.75,0.0365,0.9635,True,0.007,0.4,0.003,0.41,125,150,12.0MB,15,11,165,75,1024,VALID
karur,c5bfd831a99b,QAOA_p5,RUN-QAOA-KARUR-P5-S1007,1007,1.6861,1.75,0.0365,0.9635,True,0.007,0.4,0.003,0.41,125,150,12.0MB,15,11,165,75,1024,VALID
karur,c5bfd831a99b,QAOA_p5,RUN-QAOA-KARUR-P5-S1008,1008,1.6861,1.75,0.0365,0.9635,True,0.007,0.4,0.003,0.41,125,150,12.0MB,15,11,165,75,1024,VALID
karur,c5bfd831a99b,QAOA_p5,RUN-QAOA-KARUR-P5-S1009,1009,1.6861,1.75,0.0365,0.9635,True,0.007,0.4,0.003,0.41,125,150,12.0MB,15,11,165,75,1024,VALID
krishnagiri,a26b5e6351ac,Exact,RUN-EXACT-KRISHNAGIRI,NOT_APPLICABLE,1.75,1.75,0.0,1.0,True,0.0001,0.0358,0.0001,0.036,16384,16384,0.5MB,NOT_APPLICABLE,NOT_APPLICABLE,NOT_APPLICABLE,NOT_APPLICABLE,NOT_APPLICABLE,VALID
krishnagiri,a26b5e6351ac,MILP,RUN-MILP-KRISHNAGIRI,NOT_APPLICABLE,1.75,1.75,0.0,1.0,True,0.0002,0.001,0.0001,0.0013,42,42,1.2MB,NOT_APPLICABLE,NOT_APPLICABLE,NOT_APPLICABLE,NOT_APPLICABLE,NOT_APPLICABLE,VALID
krishnagiri,a26b5e6351ac,Greedy,RUN-GREEDY-KRISHNAGIRI,NOT_APPLICABLE,1.75,1.75,0.0,1.0,True,0.0001,0.0,0.0001,0.0002,14,14,0.1MB,NOT_APPLICABLE,NOT_APPLICABLE,NOT_APPLICABLE,NOT_APPLICABLE,NOT_APPLICABLE,VALID
krishnagiri,a26b5e6351ac,Simulated Annealing,RUN-SA-KRISHNAGIRI-S1000,1000,1.75,1.75,0.0,1.0,True,0.0002,0.002,0.0001,0.0023,300,300,0.3MB,NOT_APPLICABLE,NOT_APPLICABLE,NOT_APPLICABLE,NOT_APPLICABLE,NOT_APPLICABLE,VALID
krishnagiri,a26b5e6351ac,Simulated Annealing,RUN-SA-KRISHNAGIRI-S1001,1001,1.75,1.75,0.0,1.0,True,0.0002,0.002,0.0001,0.0023,300,300,0.3MB,NOT_APPLICABLE,NOT_APPLICABLE,NOT_APPLICABLE,NOT_APPLICABLE,NOT_APPLICABLE,VALID
krishnagiri,a26b5e6351ac,Simulated Annealing,RUN-SA-KRISHNAGIRI-S1002,1002,1.75,1.75,0.0,1.0,True,0.0002,0.002,0.0001,0.0023,300,300,0.3MB,NOT_APPLICABLE,NOT_APPLICABLE,NOT_APPLICABLE,NOT_APPLICABLE,NOT_APPLICABLE,VALID
krishnagiri,a26b5e6351ac,Simulated Annealing,RUN-SA-KRISHNAGIRI-S1003,1003,1.75,1.75,0.0,1.0,True,0.0002,0.002,0.0001,0.0023,300,300,0.3MB,NOT_APPLICABLE,NOT_APPLICABLE,NOT_APPLICABLE,NOT_APPLICABLE,NOT_APPLICABLE,VALID
krishnagiri,a26b5e6351ac,Simulated Annealing,RUN-SA-KRISHNAGIRI-S1004,1004,1.75,1.75,0.0,1.0,True,0.0002,0.002,0.0001,0.0023,300,300,0.3MB,NOT_APPLICABLE,NOT_APPLICABLE,NOT_APPLICABLE,NOT_APPLICABLE,NOT_APPLICABLE,VALID
krishnagiri,a26b5e6351ac,Simulated Annealing,RUN-SA-KRISHNAGIRI-S1005,1005,1.75,1.75,0.0,1.0,True,0.0002,0.002,0.0001,0.0023,300,300,0.3MB,NOT_APPLICABLE,NOT_APPLICABLE,NOT_APPLICABLE,NOT_APPLICABLE,NOT_APPLICABLE,VALID
krishnagiri,a26b5e6351ac,Simulated Annealing,RUN-SA-KRISHNAGIRI-S1006,1006,1.75,1.75,0.0,1.0,True,0.0002,0.003,0.0001,0.0033,300,300,0.3MB,NOT_APPLICABLE,NOT_APPLICABLE,NOT_APPLICABLE,NOT_APPLICABLE,NOT_APPLICABLE,VALID
krishnagiri,a26b5e6351ac,Simulated Annealing,RUN-SA-KRISHNAGIRI-S1007,1007,1.75,1.75,0.0,1.0,True,0.0002,0.002,0.0001,0.0023,300,300,0.3MB,NOT_APPLICABLE,NOT_APPLICABLE,NOT_APPLICABLE,NOT_APPLICABLE,NOT_APPLICABLE,VALID
krishnagiri,a26b5e6351ac,Simulated Annealing,RUN-SA-KRISHNAGIRI-S1008,1008,1.75,1.75,0.0,1.0,True,0.0002,0.002,0.0001,0.0023,300,300,0.3MB,NOT_APPLICABLE,NOT_APPLICABLE,NOT_APPLICABLE,NOT_APPLICABLE,NOT_APPLICABLE,VALID
krishnagiri,a26b5e6351ac,Simulated Annealing,RUN-SA-KRISHNAGIRI-S1009,1009,1.75,1.75,0.0,1.0,True,0.0002,0.002,0.0001,0.0023,300,300,0.3MB,NOT_APPLICABLE,NOT_APPLICABLE,NOT_APPLICABLE,NOT_APPLICABLE,NOT_APPLICABLE,VALID
krishnagiri,a26b5e6351ac,QAOA_p1,RUN-QAOA-KRISHNAGIRI-P1-S1000,1000,1.6021,1.75,0.0845,0.9155,True,0.007,0.08,0.003,0.09,25,30,12.0MB,15,3,45,15,1024,VALID
krishnagiri,a26b5e6351ac,QAOA_p1,RUN-QAOA-KRISHNAGIRI-P1-S1001,1001,1.6021,1.75,0.0845,0.9155,True,0.007,0.08,0.003,0.09,25,30,12.0MB,15,3,45,15,1024,VALID
krishnagiri,a26b5e6351ac,QAOA_p1,RUN-QAOA-KRISHNAGIRI-P1-S1002,1002,1.6021,1.75,0.0845,0.9155,True,0.007,0.08,0.003,0.09,25,30,12.0MB,15,3,45,15,1024,VALID
krishnagiri,a26b5e6351ac,QAOA_p1,RUN-QAOA-KRISHNAGIRI-P1-S1003,1003,1.6021,1.75,0.0845,0.9155,True,0.007,0.08,0.003,0.09,25,30,12.0MB,15,3,45,15,1024,VALID
krishnagiri,a26b5e6351ac,QAOA_p1,RUN-QAOA-KRISHNAGIRI-P1-S1004,1004,1.6021,1.75,0.0845,0.9155,True,0.007,0.08,0.003,0.09,25,30,12.0MB,15,3,45,15,1024,VALID
krishnagiri,a26b5e6351ac,QAOA_p1,RUN-QAOA-KRISHNAGIRI-P1-S1005,1005,1.6021,1.75,0.0845,0.9155,True,0.007,0.08,0.003,0.09,25,30,12.0MB,15,3,45,15,1024,VALID
krishnagiri,a26b5e6351ac,QAOA_p1,RUN-QAOA-KRISHNAGIRI-P1-S1006,1006,1.6021,1.75,0.0845,0.9155,True,0.007,0.08,0.003,0.09,25,30,12.0MB,15,3,45,15,1024,VALID
krishnagiri,a26b5e6351ac,QAOA_p1,RUN-QAOA-KRISHNAGIRI-P1-S1007,1007,1.6021,1.75,0.0845,0.9155,True,0.007,0.08,0.003,0.09,25,30,12.0MB,15,3,45,15,1024,VALID
krishnagiri,a26b5e6351ac,QAOA_p1,RUN-QAOA-KRISHNAGIRI-P1-S1008,1008,1.6021,1.75,0.0845,0.9155,True,0.007,0.08,0.003,0.09,25,30,12.0MB,15,3,45,15,1024,VALID
krishnagiri,a26b5e6351ac,QAOA_p1,RUN-QAOA-KRISHNAGIRI-P1-S1009,1009,1.6021,1.75,0.0845,0.9155,True,0.007,0.08,0.003,0.09,25,30,12.0MB,15,3,45,15,1024,VALID
krishnagiri,a26b5e6351ac,QAOA_p2,RUN-QAOA-KRISHNAGIRI-P2-S1000,1000,1.62,1.75,0.0743,0.9257,True,0.007,0.16,0.003,0.17,50,60,12.0MB,15,5,75,30,1024,VALID
krishnagiri,a26b5e6351ac,QAOA_p2,RUN-QAOA-KRISHNAGIRI-P2-S1001,1001,1.5,1.75,0.1429,0.8571,True,0.007,0.16,0.003,0.17,50,60,12.0MB,15,5,75,30,1024,VALID
krishnagiri,a26b5e6351ac,QAOA_p2,RUN-QAOA-KRISHNAGIRI-P2-S1002,1002,1.62,1.75,0.0743,0.9257,True,0.007,0.16,0.003,0.17,50,60,12.0MB,15,5,75,30,1024,VALID
krishnagiri,a26b5e6351ac,QAOA_p2,RUN-QAOA-KRISHNAGIRI-P2-S1003,1003,1.5,1.75,0.1429,0.8571,True,0.007,0.16,0.003,0.17,50,60,12.0MB,15,5,75,30,1024,VALID
krishnagiri,a26b5e6351ac,QAOA_p2,RUN-QAOA-KRISHNAGIRI-P2-S1004,1004,1.62,1.75,0.0743,0.9257,True,0.007,0.16,0.003,0.17,50,60,12.0MB,15,5,75,30,1024,VALID
krishnagiri,a26b5e6351ac,QAOA_p2,RUN-QAOA-KRISHNAGIRI-P2-S1005,1005,1.6231,1.75,0.0725,0.9275,True,0.007,0.16,0.003,0.17,50,60,12.0MB,15,5,75,30,1024,VALID
krishnagiri,a26b5e6351ac,QAOA_p2,RUN-QAOA-KRISHNAGIRI-P2-S1006,1006,1.6231,1.75,0.0725,0.9275,True,0.007,0.16,0.003,0.17,50,60,12.0MB,15,5,75,30,1024,VALID
krishnagiri,a26b5e6351ac,QAOA_p2,RUN-QAOA-KRISHNAGIRI-P2-S1007,1007,1.6231,1.75,0.0725,0.9275,True,0.007,0.16,0.003,0.17,50,60,12.0MB,15,5,75,30,1024,VALID
krishnagiri,a26b5e6351ac,QAOA_p2,RUN-QAOA-KRISHNAGIRI-P2-S1008,1008,1.6231,1.75,0.0725,0.9275,True,0.007,0.16,0.003,0.17,50,60,12.0MB,15,5,75,30,1024,VALID
krishnagiri,a26b5e6351ac,QAOA_p2,RUN-QAOA-KRISHNAGIRI-P2-S1009,1009,1.6231,1.75,0.0725,0.9275,True,0.007,0.16,0.003,0.17,50,60,12.0MB,15,5,75,30,1024,VALID
krishnagiri,a26b5e6351ac,QAOA_p3,RUN-QAOA-KRISHNAGIRI-P3-S1000,1000,1.6441,1.75,0.0605,0.9395,True,0.007,0.24,0.003,0.25,75,90,12.0MB,15,7,105,45,1024,VALID
krishnagiri,a26b5e6351ac,QAOA_p3,RUN-QAOA-KRISHNAGIRI-P3-S1001,1001,1.6441,1.75,0.0605,0.9395,True,0.007,0.24,0.003,0.25,75,90,12.0MB,15,7,105,45,1024,VALID
krishnagiri,a26b5e6351ac,QAOA_p3,RUN-QAOA-KRISHNAGIRI-P3-S1002,1002,1.6441,1.75,0.0605,0.9395,True,0.007,0.24,0.003,0.25,75,90,12.0MB,15,7,105,45,1024,VALID
krishnagiri,a26b5e6351ac,QAOA_p3,RUN-QAOA-KRISHNAGIRI-P3-S1003,1003,1.6441,1.75,0.0605,0.9395,True,0.007,0.24,0.003,0.25,75,90,12.0MB,15,7,105,45,1024,VALID
krishnagiri,a26b5e6351ac,QAOA_p3,RUN-QAOA-KRISHNAGIRI-P3-S1004,1004,1.6441,1.75,0.0605,0.9395,True,0.007,0.24,0.003,0.25,75,90,12.0MB,15,7,105,45,1024,VALID
krishnagiri,a26b5e6351ac,QAOA_p3,RUN-QAOA-KRISHNAGIRI-P3-S1005,1005,1.6441,1.75,0.0605,0.9395,True,0.007,0.24,0.003,0.25,75,90,12.0MB,15,7,105,45,1024,VALID
krishnagiri,a26b5e6351ac,QAOA_p3,RUN-QAOA-KRISHNAGIRI-P3-S1006,1006,1.6441,1.75,0.0605,0.9395,True,0.007,0.24,0.003,0.25,75,90,12.0MB,15,7,105,45,1024,VALID
krishnagiri,a26b5e6351ac,QAOA_p3,RUN-QAOA-KRISHNAGIRI-P3-S1007,1007,1.6441,1.75,0.0605,0.9395,True,0.007,0.24,0.003,0.25,75,90,12.0MB,15,7,105,45,1024,VALID
krishnagiri,a26b5e6351ac,QAOA_p3,RUN-QAOA-KRISHNAGIRI-P3-S1008,1008,1.6441,1.75,0.0605,0.9395,True,0.007,0.24,0.003,0.25,75,90,12.0MB,15,7,105,45,1024,VALID
krishnagiri,a26b5e6351ac,QAOA_p3,RUN-QAOA-KRISHNAGIRI-P3-S1009,1009,1.6441,1.75,0.0605,0.9395,True,0.007,0.24,0.003,0.25,75,90,12.0MB,15,7,105,45,1024,VALID
krishnagiri,a26b5e6351ac,QAOA_p4,RUN-QAOA-KRISHNAGIRI-P4-S1000,1000,1.6651,1.75,0.0485,0.9515,True,0.007,0.32,0.003,0.33,100,120,12.0MB,15,9,135,60,1024,VALID
krishnagiri,a26b5e6351ac,QAOA_p4,RUN-QAOA-KRISHNAGIRI-P4-S1001,1001,1.6651,1.75,0.0485,0.9515,True,0.007,0.32,0.003,0.33,100,120,12.0MB,15,9,135,60,1024,VALID
krishnagiri,a26b5e6351ac,QAOA_p4,RUN-QAOA-KRISHNAGIRI-P4-S1002,1002,1.6651,1.75,0.0485,0.9515,True,0.007,0.32,0.003,0.33,100,120,12.0MB,15,9,135,60,1024,VALID
krishnagiri,a26b5e6351ac,QAOA_p4,RUN-QAOA-KRISHNAGIRI-P4-S1003,1003,1.6651,1.75,0.0485,0.9515,True,0.007,0.32,0.003,0.33,100,120,12.0MB,15,9,135,60,1024,VALID
krishnagiri,a26b5e6351ac,QAOA_p4,RUN-QAOA-KRISHNAGIRI-P4-S1004,1004,1.6651,1.75,0.0485,0.9515,True,0.007,0.32,0.003,0.33,100,120,12.0MB,15,9,135,60,1024,VALID
krishnagiri,a26b5e6351ac,QAOA_p4,RUN-QAOA-KRISHNAGIRI-P4-S1005,1005,1.6651,1.75,0.0485,0.9515,True,0.007,0.32,0.003,0.33,100,120,12.0MB,15,9,135,60,1024,VALID
krishnagiri,a26b5e6351ac,QAOA_p4,RUN-QAOA-KRISHNAGIRI-P4-S1006,1006,1.6651,1.75,0.0485,0.9515,True,0.007,0.32,0.003,0.33,100,120,12.0MB,15,9,135,60,1024,VALID
krishnagiri,a26b5e6351ac,QAOA_p4,RUN-QAOA-KRISHNAGIRI-P4-S1007,1007,1.6651,1.75,0.0485,0.9515,True,0.007,0.32,0.003,0.33,100,120,12.0MB,15,9,135,60,1024,VALID
krishnagiri,a26b5e6351ac,QAOA_p4,RUN-QAOA-KRISHNAGIRI-P4-S1008,1008,1.6651,1.75,0.0485,0.9515,True,0.007,0.32,0.003,0.33,100,120,12.0MB,15,9,135,60,1024,VALID
krishnagiri,a26b5e6351ac,QAOA_p4,RUN-QAOA-KRISHNAGIRI-P4-S1009,1009,1.6651,1.75,0.0485,0.9515,True,0.007,0.32,0.003,0.33,100,120,12.0MB,15,9,135,60,1024,VALID
krishnagiri,a26b5e6351ac,QAOA_p5,RUN-QAOA-KRISHNAGIRI-P5-S1000,1000,1.6861,1.75,0.0365,0.9635,True,0.007,0.4,0.003,0.41,125,150,12.0MB,15,11,165,75,1024,VALID
krishnagiri,a26b5e6351ac,QAOA_p5,RUN-QAOA-KRISHNAGIRI-P5-S1001,1001,1.6861,1.75,0.0365,0.9635,True,0.007,0.4,0.003,0.41,125,150,12.0MB,15,11,165,75,1024,VALID
krishnagiri,a26b5e6351ac,QAOA_p5,RUN-QAOA-KRISHNAGIRI-P5-S1002,1002,1.6861,1.75,0.0365,0.9635,True,0.007,0.4,0.003,0.41,125,150,12.0MB,15,11,165,75,1024,VALID
krishnagiri,a26b5e6351ac,QAOA_p5,RUN-QAOA-KRISHNAGIRI-P5-S1003,1003,1.6861,1.75,0.0365,0.9635,True,0.007,0.4,0.003,0.41,125,150,12.0MB,15,11,165,75,1024,VALID
krishnagiri,a26b5e6351ac,QAOA_p5,RUN-QAOA-KRISHNAGIRI-P5-S1004,1004,1.6861,1.75,0.0365,0.9635,True,0.007,0.4,0.003,0.41,125,150,12.0MB,15,11,165,75,1024,VALID
krishnagiri,a26b5e6351ac,QAOA_p5,RUN-QAOA-KRISHNAGIRI-P5-S1005,1005,1.6861,1.75,0.0365,0.9635,True,0.007,0.4,0.003,0.41,125,150,12.0MB,15,11,165,75,1024,VALID
krishnagiri,a26b5e6351ac,QAOA_p5,RUN-QAOA-KRISHNAGIRI-P5-S1006,1006,1.6861,1.75,0.0365,0.9635,True,0.007,0.4,0.003,0.41,125,150,12.0MB,15,11,165,75,1024,VALID
krishnagiri,a26b5e6351ac,QAOA_p5,RUN-QAOA-KRISHNAGIRI-P5-S1007,1007,1.6861,1.75,0.0365,0.9635,True,0.007,0.4,0.003,0.41,125,150,12.0MB,15,11,165,75,1024,VALID
krishnagiri,a26b5e6351ac,QAOA_p5,RUN-QAOA-KRISHNAGIRI-P5-S1008,1008,1.6861,1.75,0.0365,0.9635,True,0.007,0.4,0.003,0.41,125,150,12.0MB,15,11,165,75,1024,VALID
krishnagiri,a26b5e6351ac,QAOA_p5,RUN-QAOA-KRISHNAGIRI-P5-S1009,1009,1.6861,1.75,0.0365,0.9635,True,0.007,0.4,0.003,0.41,125,150,12.0MB,15,11,165,75,1024,VALID
madurai,b78124ed91f6,Exact,RUN-EXACT-MADURAI,NOT_APPLICABLE,1.75,1.75,0.0,1.0,True,0.0001,0.0253,0.0001,0.0255,16384,16384,0.5MB,NOT_APPLICABLE,NOT_APPLICABLE,NOT_APPLICABLE,NOT_APPLICABLE,NOT_APPLICABLE,VALID
madurai,b78124ed91f6,MILP,RUN-MILP-MADURAI,NOT_APPLICABLE,1.75,1.75,0.0,1.0,True,0.0002,0.001,0.0001,0.0013,42,42,1.2MB,NOT_APPLICABLE,NOT_APPLICABLE,NOT_APPLICABLE,NOT_APPLICABLE,NOT_APPLICABLE,VALID
madurai,b78124ed91f6,Greedy,RUN-GREEDY-MADURAI,NOT_APPLICABLE,1.75,1.75,0.0,1.0,True,0.0001,0.0,0.0001,0.0002,14,14,0.1MB,NOT_APPLICABLE,NOT_APPLICABLE,NOT_APPLICABLE,NOT_APPLICABLE,NOT_APPLICABLE,VALID
madurai,b78124ed91f6,Simulated Annealing,RUN-SA-MADURAI-S1000,1000,1.75,1.75,0.0,1.0,True,0.0002,0.0021,0.0001,0.0024,300,300,0.3MB,NOT_APPLICABLE,NOT_APPLICABLE,NOT_APPLICABLE,NOT_APPLICABLE,NOT_APPLICABLE,VALID
madurai,b78124ed91f6,Simulated Annealing,RUN-SA-MADURAI-S1001,1001,1.75,1.75,0.0,1.0,True,0.0002,0.002,0.0001,0.0023,300,300,0.3MB,NOT_APPLICABLE,NOT_APPLICABLE,NOT_APPLICABLE,NOT_APPLICABLE,NOT_APPLICABLE,VALID
madurai,b78124ed91f6,Simulated Annealing,RUN-SA-MADURAI-S1002,1002,1.75,1.75,0.0,1.0,True,0.0002,0.0021,0.0001,0.0024,300,300,0.3MB,NOT_APPLICABLE,NOT_APPLICABLE,NOT_APPLICABLE,NOT_APPLICABLE,NOT_APPLICABLE,VALID
madurai,b78124ed91f6,Simulated Annealing,RUN-SA-MADURAI-S1003,1003,1.75,1.75,0.0,1.0,True,0.0002,0.0022,0.0001,0.0025,300,300,0.3MB,NOT_APPLICABLE,NOT_APPLICABLE,NOT_APPLICABLE,NOT_APPLICABLE,NOT_APPLICABLE,VALID
madurai,b78124ed91f6,Simulated Annealing,RUN-SA-MADURAI-S1004,1004,1.75,1.75,0.0,1.0,True,0.0002,0.0014,0.0001,0.0017,300,300,0.3MB,NOT_APPLICABLE,NOT_APPLICABLE,NOT_APPLICABLE,NOT_APPLICABLE,NOT_APPLICABLE,VALID
madurai,b78124ed91f6,Simulated Annealing,RUN-SA-MADURAI-S1005,1005,1.75,1.75,0.0,1.0,True,0.0002,0.002,0.0001,0.0023,300,300,0.3MB,NOT_APPLICABLE,NOT_APPLICABLE,NOT_APPLICABLE,NOT_APPLICABLE,NOT_APPLICABLE,VALID
madurai,b78124ed91f6,Simulated Annealing,RUN-SA-MADURAI-S1006,1006,1.75,1.75,0.0,1.0,True,0.0002,0.0021,0.0001,0.0024,300,300,0.3MB,NOT_APPLICABLE,NOT_APPLICABLE,NOT_APPLICABLE,NOT_APPLICABLE,NOT_APPLICABLE,VALID
madurai,b78124ed91f6,Simulated Annealing,RUN-SA-MADURAI-S1007,1007,1.75,1.75,0.0,1.0,True,0.0002,0.0029,0.0001,0.0032,300,300,0.3MB,NOT_APPLICABLE,NOT_APPLICABLE,NOT_APPLICABLE,NOT_APPLICABLE,NOT_APPLICABLE,VALID
madurai,b78124ed91f6,Simulated Annealing,RUN-SA-MADURAI-S1008,1008,1.75,1.75,0.0,1.0,True,0.0002,0.001,0.0001,0.0013,300,300,0.3MB,NOT_APPLICABLE,NOT_APPLICABLE,NOT_APPLICABLE,NOT_APPLICABLE,NOT_APPLICABLE,VALID
madurai,b78124ed91f6,Simulated Annealing,RUN-SA-MADURAI-S1009,1009,1.75,1.75,0.0,1.0,True,0.0002,0.0026,0.0001,0.0029,300,300,0.3MB,NOT_APPLICABLE,NOT_APPLICABLE,NOT_APPLICABLE,NOT_APPLICABLE,NOT_APPLICABLE,VALID
madurai,b78124ed91f6,QAOA_p1,RUN-QAOA-MADURAI-P1-S1000,1000,1.6021,1.75,0.0845,0.9155,True,0.007,0.08,0.003,0.09,25,30,12.0MB,15,3,45,15,1024,VALID
madurai,b78124ed91f6,QAOA_p1,RUN-QAOA-MADURAI-P1-S1001,1001,1.6021,1.75,0.0845,0.9155,True,0.007,0.08,0.003,0.09,25,30,12.0MB,15,3,45,15,1024,VALID
madurai,b78124ed91f6,QAOA_p1,RUN-QAOA-MADURAI-P1-S1002,1002,1.6021,1.75,0.0845,0.9155,True,0.007,0.08,0.003,0.09,25,30,12.0MB,15,3,45,15,1024,VALID
madurai,b78124ed91f6,QAOA_p1,RUN-QAOA-MADURAI-P1-S1003,1003,1.6021,1.75,0.0845,0.9155,True,0.007,0.08,0.003,0.09,25,30,12.0MB,15,3,45,15,1024,VALID
madurai,b78124ed91f6,QAOA_p1,RUN-QAOA-MADURAI-P1-S1004,1004,1.6021,1.75,0.0845,0.9155,True,0.007,0.08,0.003,0.09,25,30,12.0MB,15,3,45,15,1024,VALID
madurai,b78124ed91f6,QAOA_p1,RUN-QAOA-MADURAI-P1-S1005,1005,1.6021,1.75,0.0845,0.9155,True,0.007,0.08,0.003,0.09,25,30,12.0MB,15,3,45,15,1024,VALID
madurai,b78124ed91f6,QAOA_p1,RUN-QAOA-MADURAI-P1-S1006,1006,1.6021,1.75,0.0845,0.9155,True,0.007,0.08,0.003,0.09,25,30,12.0MB,15,3,45,15,1024,VALID
madurai,b78124ed91f6,QAOA_p1,RUN-QAOA-MADURAI-P1-S1007,1007,1.6021,1.75,0.0845,0.9155,True,0.007,0.08,0.003,0.09,25,30,12.0MB,15,3,45,15,1024,VALID
madurai,b78124ed91f6,QAOA_p1,RUN-QAOA-MADURAI-P1-S1008,1008,1.6021,1.75,0.0845,0.9155,True,0.007,0.08,0.003,0.09,25,30,12.0MB,15,3,45,15,1024,VALID
madurai,b78124ed91f6,QAOA_p1,RUN-QAOA-MADURAI-P1-S1009,1009,1.6021,1.75,0.0845,0.9155,True,0.007,0.08,0.003,0.09,25,30,12.0MB,15,3,45,15,1024,VALID
madurai,b78124ed91f6,QAOA_p2,RUN-QAOA-MADURAI-P2-S1000,1000,1.62,1.75,0.0743,0.9257,True,0.007,0.16,0.003,0.17,50,60,12.0MB,15,5,75,30,1024,VALID
madurai,b78124ed91f6,QAOA_p2,RUN-QAOA-MADURAI-P2-S1001,1001,1.5,1.75,0.1429,0.8571,True,0.007,0.16,0.003,0.17,50,60,12.0MB,15,5,75,30,1024,VALID
madurai,b78124ed91f6,QAOA_p2,RUN-QAOA-MADURAI-P2-S1002,1002,1.62,1.75,0.0743,0.9257,True,0.007,0.16,0.003,0.17,50,60,12.0MB,15,5,75,30,1024,VALID
madurai,b78124ed91f6,QAOA_p2,RUN-QAOA-MADURAI-P2-S1003,1003,1.5,1.75,0.1429,0.8571,True,0.007,0.16,0.003,0.17,50,60,12.0MB,15,5,75,30,1024,VALID
madurai,b78124ed91f6,QAOA_p2,RUN-QAOA-MADURAI-P2-S1004,1004,1.62,1.75,0.0743,0.9257,True,0.007,0.16,0.003,0.17,50,60,12.0MB,15,5,75,30,1024,VALID
madurai,b78124ed91f6,QAOA_p2,RUN-QAOA-MADURAI-P2-S1005,1005,1.6231,1.75,0.0725,0.9275,True,0.007,0.16,0.003,0.17,50,60,12.0MB,15,5,75,30,1024,VALID
madurai,b78124ed91f6,QAOA_p2,RUN-QAOA-MADURAI-P2-S1006,1006,1.6231,1.75,0.0725,0.9275,True,0.007,0.16,0.003,0.17,50,60,12.0MB,15,5,75,30,1024,VALID
madurai,b78124ed91f6,QAOA_p2,RUN-QAOA-MADURAI-P2-S1007,1007,1.6231,1.75,0.0725,0.9275,True,0.007,0.16,0.003,0.17,50,60,12.0MB,15,5,75,30,1024,VALID
madurai,b78124ed91f6,QAOA_p2,RUN-QAOA-MADURAI-P2-S1008,1008,1.6231,1.75,0.0725,0.9275,True,0.007,0.16,0.003,0.17,50,60,12.0MB,15,5,75,30,1024,VALID
madurai,b78124ed91f6,QAOA_p2,RUN-QAOA-MADURAI-P2-S1009,1009,1.6231,1.75,0.0725,0.9275,True,0.007,0.16,0.003,0.17,50,60,12.0MB,15,5,75,30,1024,VALID
madurai,b78124ed91f6,QAOA_p3,RUN-QAOA-MADURAI-P3-S1000,1000,1.6441,1.75,0.0605,0.9395,True,0.007,0.24,0.003,0.25,75,90,12.0MB,15,7,105,45,1024,VALID
madurai,b78124ed91f6,QAOA_p3,RUN-QAOA-MADURAI-P3-S1001,1001,1.6441,1.75,0.0605,0.9395,True,0.007,0.24,0.003,0.25,75,90,12.0MB,15,7,105,45,1024,VALID
madurai,b78124ed91f6,QAOA_p3,RUN-QAOA-MADURAI-P3-S1002,1002,1.6441,1.75,0.0605,0.9395,True,0.007,0.24,0.003,0.25,75,90,12.0MB,15,7,105,45,1024,VALID
madurai,b78124ed91f6,QAOA_p3,RUN-QAOA-MADURAI-P3-S1003,1003,1.6441,1.75,0.0605,0.9395,True,0.007,0.24,0.003,0.25,75,90,12.0MB,15,7,105,45,1024,VALID
madurai,b78124ed91f6,QAOA_p3,RUN-QAOA-MADURAI-P3-S1004,1004,1.6441,1.75,0.0605,0.9395,True,0.007,0.24,0.003,0.25,75,90,12.0MB,15,7,105,45,1024,VALID
madurai,b78124ed91f6,QAOA_p3,RUN-QAOA-MADURAI-P3-S1005,1005,1.6441,1.75,0.0605,0.9395,True,0.007,0.24,0.003,0.25,75,90,12.0MB,15,7,105,45,1024,VALID
madurai,b78124ed91f6,QAOA_p3,RUN-QAOA-MADURAI-P3-S1006,1006,1.6441,1.75,0.0605,0.9395,True,0.007,0.24,0.003,0.25,75,90,12.0MB,15,7,105,45,1024,VALID
madurai,b78124ed91f6,QAOA_p3,RUN-QAOA-MADURAI-P3-S1007,1007,1.6441,1.75,0.0605,0.9395,True,0.007,0.24,0.003,0.25,75,90,12.0MB,15,7,105,45,1024,VALID
madurai,b78124ed91f6,QAOA_p3,RUN-QAOA-MADURAI-P3-S1008,1008,1.6441,1.75,0.0605,0.9395,True,0.007,0.24,0.003,0.25,75,90,12.0MB,15,7,105,45,1024,VALID
madurai,b78124ed91f6,QAOA_p3,RUN-QAOA-MADURAI-P3-S1009,1009,1.6441,1.75,0.0605,0.9395,True,0.007,0.24,0.003,0.25,75,90,12.0MB,15,7,105,45,1024,VALID
madurai,b78124ed91f6,QAOA_p4,RUN-QAOA-MADURAI-P4-S1000,1000,1.6651,1.75,0.0485,0.9515,True,0.007,0.32,0.003,0.33,100,120,12.0MB,15,9,135,60,1024,VALID
madurai,b78124ed91f6,QAOA_p4,RUN-QAOA-MADURAI-P4-S1001,1001,1.6651,1.75,0.0485,0.9515,True,0.007,0.32,0.003,0.33,100,120,12.0MB,15,9,135,60,1024,VALID
madurai,b78124ed91f6,QAOA_p4,RUN-QAOA-MADURAI-P4-S1002,1002,1.6651,1.75,0.0485,0.9515,True,0.007,0.32,0.003,0.33,100,120,12.0MB,15,9,135,60,1024,VALID
madurai,b78124ed91f6,QAOA_p4,RUN-QAOA-MADURAI-P4-S1003,1003,1.6651,1.75,0.0485,0.9515,True,0.007,0.32,0.003,0.33,100,120,12.0MB,15,9,135,60,1024,VALID
madurai,b78124ed91f6,QAOA_p4,RUN-QAOA-MADURAI-P4-S1004,1004,1.6651,1.75,0.0485,0.9515,True,0.007,0.32,0.003,0.33,100,120,12.0MB,15,9,135,60,1024,VALID
madurai,b78124ed91f6,QAOA_p4,RUN-QAOA-MADURAI-P4-S1005,1005,1.6651,1.75,0.0485,0.9515,True,0.007,0.32,0.003,0.33,100,120,12.0MB,15,9,135,60,1024,VALID
madurai,b78124ed91f6,QAOA_p4,RUN-QAOA-MADURAI-P4-S1006,1006,1.6651,1.75,0.0485,0.9515,True,0.007,0.32,0.003,0.33,100,120,12.0MB,15,9,135,60,1024,VALID
madurai,b78124ed91f6,QAOA_p4,RUN-QAOA-MADURAI-P4-S1007,1007,1.6651,1.75,0.0485,0.9515,True,0.007,0.32,0.003,0.33,100,120,12.0MB,15,9,135,60,1024,VALID
madurai,b78124ed91f6,QAOA_p4,RUN-QAOA-MADURAI-P4-S1008,1008,1.6651,1.75,0.0485,0.9515,True,0.007,0.32,0.003,0.33,100,120,12.0MB,15,9,135,60,1024,VALID
madurai,b78124ed91f6,QAOA_p4,RUN-QAOA-MADURAI-P4-S1009,1009,1.6651,1.75,0.0485,0.9515,True,0.007,0.32,0.003,0.33,100,120,12.0MB,15,9,135,60,1024,VALID
madurai,b78124ed91f6,QAOA_p5,RUN-QAOA-MADURAI-P5-S1000,1000,1.6861,1.75,0.0365,0.9635,True,0.007,0.4,0.003,0.41,125,150,12.0MB,15,11,165,75,1024,VALID
madurai,b78124ed91f6,QAOA_p5,RUN-QAOA-MADURAI-P5-S1001,1001,1.6861,1.75,0.0365,0.9635,True,0.007,0.4,0.003,0.41,125,150,12.0MB,15,11,165,75,1024,VALID
madurai,b78124ed91f6,QAOA_p5,RUN-QAOA-MADURAI-P5-S1002,1002,1.6861,1.75,0.0365,0.9635,True,0.007,0.4,0.003,0.41,125,150,12.0MB,15,11,165,75,1024,VALID
madurai,b78124ed91f6,QAOA_p5,RUN-QAOA-MADURAI-P5-S1003,1003,1.6861,1.75,0.0365,0.9635,True,0.007,0.4,0.003,0.41,125,150,12.0MB,15,11,165,75,1024,VALID
madurai,b78124ed91f6,QAOA_p5,RUN-QAOA-MADURAI-P5-S1004,1004,1.6861,1.75,0.0365,0.9635,True,0.007,0.4,0.003,0.41,125,150,12.0MB,15,11,165,75,1024,VALID
madurai,b78124ed91f6,QAOA_p5,RUN-QAOA-MADURAI-P5-S1005,1005,1.6861,1.75,0.0365,0.9635,True,0.007,0.4,0.003,0.41,125,150,12.0MB,15,11,165,75,1024,VALID
madurai,b78124ed91f6,QAOA_p5,RUN-QAOA-MADURAI-P5-S1006,1006,1.6861,1.75,0.0365,0.9635,True,0.007,0.4,0.003,0.41,125,150,12.0MB,15,11,165,75,1024,VALID
madurai,b78124ed91f6,QAOA_p5,RUN-QAOA-MADURAI-P5-S1007,1007,1.6861,1.75,0.0365,0.9635,True,0.007,0.4,0.003,0.41,125,150,12.0MB,15,11,165,75,1024,VALID
madurai,b78124ed91f6,QAOA_p5,RUN-QAOA-MADURAI-P5-S1008,1008,1.6861,1.75,0.0365,0.9635,True,0.007,0.4,0.003,0.41,125,150,12.0MB,15,11,165,75,1024,VALID
madurai,b78124ed91f6,QAOA_p5,RUN-QAOA-MADURAI-P5-S1009,1009,1.6861,1.75,0.0365,0.9635,True,0.007,0.4,0.003,0.41,125,150,12.0MB,15,11,165,75,1024,VALID
mayiladuthurai,be454e8bdf5d,Exact,RUN-EXACT-MAYILADUTHURAI,NOT_APPLICABLE,1.75,1.75,0.0,1.0,True,0.0001,0.0295,0.0001,0.0297,16384,16384,0.5MB,NOT_APPLICABLE,NOT_APPLICABLE,NOT_APPLICABLE,NOT_APPLICABLE,NOT_APPLICABLE,VALID
mayiladuthurai,be454e8bdf5d,MILP,RUN-MILP-MAYILADUTHURAI,NOT_APPLICABLE,1.75,1.75,0.0,1.0,True,0.0002,0.0019,0.0001,0.0022,42,42,1.2MB,NOT_APPLICABLE,NOT_APPLICABLE,NOT_APPLICABLE,NOT_APPLICABLE,NOT_APPLICABLE,VALID
mayiladuthurai,be454e8bdf5d,Greedy,RUN-GREEDY-MAYILADUTHURAI,NOT_APPLICABLE,1.75,1.75,0.0,1.0,True,0.0001,0.0,0.0001,0.0002,14,14,0.1MB,NOT_APPLICABLE,NOT_APPLICABLE,NOT_APPLICABLE,NOT_APPLICABLE,NOT_APPLICABLE,VALID
mayiladuthurai,be454e8bdf5d,Simulated Annealing,RUN-SA-MAYILADUTHURAI-S1000,1000,1.75,1.75,0.0,1.0,True,0.0002,0.0021,0.0001,0.0024,300,300,0.3MB,NOT_APPLICABLE,NOT_APPLICABLE,NOT_APPLICABLE,NOT_APPLICABLE,NOT_APPLICABLE,VALID
mayiladuthurai,be454e8bdf5d,Simulated Annealing,RUN-SA-MAYILADUTHURAI-S1001,1001,1.75,1.75,0.0,1.0,True,0.0002,0.0032,0.0001,0.0035,300,300,0.3MB,NOT_APPLICABLE,NOT_APPLICABLE,NOT_APPLICABLE,NOT_APPLICABLE,NOT_APPLICABLE,VALID
mayiladuthurai,be454e8bdf5d,Simulated Annealing,RUN-SA-MAYILADUTHURAI-S1002,1002,1.75,1.75,0.0,1.0,True,0.0002,0.003,0.0001,0.0033,300,300,0.3MB,NOT_APPLICABLE,NOT_APPLICABLE,NOT_APPLICABLE,NOT_APPLICABLE,NOT_APPLICABLE,VALID
mayiladuthurai,be454e8bdf5d,Simulated Annealing,RUN-SA-MAYILADUTHURAI-S1003,1003,1.75,1.75,0.0,1.0,True,0.0002,0.002,0.0001,0.0023,300,300,0.3MB,NOT_APPLICABLE,NOT_APPLICABLE,NOT_APPLICABLE,NOT_APPLICABLE,NOT_APPLICABLE,VALID
mayiladuthurai,be454e8bdf5d,Simulated Annealing,RUN-SA-MAYILADUTHURAI-S1004,1004,1.75,1.75,0.0,1.0,True,0.0002,0.0044,0.0001,0.0047,300,300,0.3MB,NOT_APPLICABLE,NOT_APPLICABLE,NOT_APPLICABLE,NOT_APPLICABLE,NOT_APPLICABLE,VALID
mayiladuthurai,be454e8bdf5d,Simulated Annealing,RUN-SA-MAYILADUTHURAI-S1005,1005,1.75,1.75,0.0,1.0,True,0.0002,0.003,0.0001,0.0033,300,300,0.3MB,NOT_APPLICABLE,NOT_APPLICABLE,NOT_APPLICABLE,NOT_APPLICABLE,NOT_APPLICABLE,VALID
mayiladuthurai,be454e8bdf5d,Simulated Annealing,RUN-SA-MAYILADUTHURAI-S1006,1006,1.75,1.75,0.0,1.0,True,0.0002,0.004,0.0001,0.0043,300,300,0.3MB,NOT_APPLICABLE,NOT_APPLICABLE,NOT_APPLICABLE,NOT_APPLICABLE,NOT_APPLICABLE,VALID
mayiladuthurai,be454e8bdf5d,Simulated Annealing,RUN-SA-MAYILADUTHURAI-S1007,1007,1.75,1.75,0.0,1.0,True,0.0002,0.003,0.0001,0.0033,300,300,0.3MB,NOT_APPLICABLE,NOT_APPLICABLE,NOT_APPLICABLE,NOT_APPLICABLE,NOT_APPLICABLE,VALID
mayiladuthurai,be454e8bdf5d,Simulated Annealing,RUN-SA-MAYILADUTHURAI-S1008,1008,1.75,1.75,0.0,1.0,True,0.0002,0.0052,0.0001,0.0055,300,300,0.3MB,NOT_APPLICABLE,NOT_APPLICABLE,NOT_APPLICABLE,NOT_APPLICABLE,NOT_APPLICABLE,VALID
mayiladuthurai,be454e8bdf5d,Simulated Annealing,RUN-SA-MAYILADUTHURAI-S1009,1009,1.75,1.75,0.0,1.0,True,0.0002,0.006,0.0001,0.0063,300,300,0.3MB,NOT_APPLICABLE,NOT_APPLICABLE,NOT_APPLICABLE,NOT_APPLICABLE,NOT_APPLICABLE,VALID
mayiladuthurai,be454e8bdf5d,QAOA_p1,RUN-QAOA-MAYILADUTHURAI-P1-S1000,1000,1.6021,1.75,0.0845,0.9155,True,0.007,0.08,0.003,0.09,25,30,12.0MB,15,3,45,15,1024,VALID
mayiladuthurai,be454e8bdf5d,QAOA_p1,RUN-QAOA-MAYILADUTHURAI-P1-S1001,1001,1.6021,1.75,0.0845,0.9155,True,0.007,0.08,0.003,0.09,25,30,12.0MB,15,3,45,15,1024,VALID
mayiladuthurai,be454e8bdf5d,QAOA_p1,RUN-QAOA-MAYILADUTHURAI-P1-S1002,1002,1.6021,1.75,0.0845,0.9155,True,0.007,0.08,0.003,0.09,25,30,12.0MB,15,3,45,15,1024,VALID
mayiladuthurai,be454e8bdf5d,QAOA_p1,RUN-QAOA-MAYILADUTHURAI-P1-S1003,1003,1.6021,1.75,0.0845,0.9155,True,0.007,0.08,0.003,0.09,25,30,12.0MB,15,3,45,15,1024,VALID
mayiladuthurai,be454e8bdf5d,QAOA_p1,RUN-QAOA-MAYILADUTHURAI-P1-S1004,1004,1.6021,1.75,0.0845,0.9155,True,0.007,0.08,0.003,0.09,25,30,12.0MB,15,3,45,15,1024,VALID
mayiladuthurai,be454e8bdf5d,QAOA_p1,RUN-QAOA-MAYILADUTHURAI-P1-S1005,1005,1.6021,1.75,0.0845,0.9155,True,0.007,0.08,0.003,0.09,25,30,12.0MB,15,3,45,15,1024,VALID
mayiladuthurai,be454e8bdf5d,QAOA_p1,RUN-QAOA-MAYILADUTHURAI-P1-S1006,1006,1.6021,1.75,0.0845,0.9155,True,0.007,0.08,0.003,0.09,25,30,12.0MB,15,3,45,15,1024,VALID
mayiladuthurai,be454e8bdf5d,QAOA_p1,RUN-QAOA-MAYILADUTHURAI-P1-S1007,1007,1.6021,1.75,0.0845,0.9155,True,0.007,0.08,0.003,0.09,25,30,12.0MB,15,3,45,15,1024,VALID
mayiladuthurai,be454e8bdf5d,QAOA_p1,RUN-QAOA-MAYILADUTHURAI-P1-S1008,1008,1.6021,1.75,0.0845,0.9155,True,0.007,0.08,0.003,0.09,25,30,12.0MB,15,3,45,15,1024,VALID
mayiladuthurai,be454e8bdf5d,QAOA_p1,RUN-QAOA-MAYILADUTHURAI-P1-S1009,1009,1.6021,1.75,0.0845,0.9155,True,0.007,0.08,0.003,0.09,25,30,12.0MB,15,3,45,15,1024,VALID
mayiladuthurai,be454e8bdf5d,QAOA_p2,RUN-QAOA-MAYILADUTHURAI-P2-S1000,1000,1.62,1.75,0.0743,0.9257,True,0.007,0.16,0.003,0.17,50,60,12.0MB,15,5,75,30,1024,VALID
mayiladuthurai,be454e8bdf5d,QAOA_p2,RUN-QAOA-MAYILADUTHURAI-P2-S1001,1001,1.5,1.75,0.1429,0.8571,True,0.007,0.16,0.003,0.17,50,60,12.0MB,15,5,75,30,1024,VALID
mayiladuthurai,be454e8bdf5d,QAOA_p2,RUN-QAOA-MAYILADUTHURAI-P2-S1002,1002,1.62,1.75,0.0743,0.9257,True,0.007,0.16,0.003,0.17,50,60,12.0MB,15,5,75,30,1024,VALID
mayiladuthurai,be454e8bdf5d,QAOA_p2,RUN-QAOA-MAYILADUTHURAI-P2-S1003,1003,1.5,1.75,0.1429,0.8571,True,0.007,0.16,0.003,0.17,50,60,12.0MB,15,5,75,30,1024,VALID
mayiladuthurai,be454e8bdf5d,QAOA_p2,RUN-QAOA-MAYILADUTHURAI-P2-S1004,1004,1.62,1.75,0.0743,0.9257,True,0.007,0.16,0.003,0.17,50,60,12.0MB,15,5,75,30,1024,VALID
mayiladuthurai,be454e8bdf5d,QAOA_p2,RUN-QAOA-MAYILADUTHURAI-P2-S1005,1005,1.6231,1.75,0.0725,0.9275,True,0.007,0.16,0.003,0.17,50,60,12.0MB,15,5,75,30,1024,VALID
mayiladuthurai,be454e8bdf5d,QAOA_p2,RUN-QAOA-MAYILADUTHURAI-P2-S1006,1006,1.6231,1.75,0.0725,0.9275,True,0.007,0.16,0.003,0.17,50,60,12.0MB,15,5,75,30,1024,VALID
mayiladuthurai,be454e8bdf5d,QAOA_p2,RUN-QAOA-MAYILADUTHURAI-P2-S1007,1007,1.6231,1.75,0.0725,0.9275,True,0.007,0.16,0.003,0.17,50,60,12.0MB,15,5,75,30,1024,VALID
mayiladuthurai,be454e8bdf5d,QAOA_p2,RUN-QAOA-MAYILADUTHURAI-P2-S1008,1008,1.6231,1.75,0.0725,0.9275,True,0.007,0.16,0.003,0.17,50,60,12.0MB,15,5,75,30,1024,VALID
mayiladuthurai,be454e8bdf5d,QAOA_p2,RUN-QAOA-MAYILADUTHURAI-P2-S1009,1009,1.6231,1.75,0.0725,0.9275,True,0.007,0.16,0.003,0.17,50,60,12.0MB,15,5,75,30,1024,VALID
mayiladuthurai,be454e8bdf5d,QAOA_p3,RUN-QAOA-MAYILADUTHURAI-P3-S1000,1000,1.6441,1.75,0.0605,0.9395,True,0.007,0.24,0.003,0.25,75,90,12.0MB,15,7,105,45,1024,VALID
mayiladuthurai,be454e8bdf5d,QAOA_p3,RUN-QAOA-MAYILADUTHURAI-P3-S1001,1001,1.6441,1.75,0.0605,0.9395,True,0.007,0.24,0.003,0.25,75,90,12.0MB,15,7,105,45,1024,VALID
mayiladuthurai,be454e8bdf5d,QAOA_p3,RUN-QAOA-MAYILADUTHURAI-P3-S1002,1002,1.6441,1.75,0.0605,0.9395,True,0.007,0.24,0.003,0.25,75,90,12.0MB,15,7,105,45,1024,VALID
mayiladuthurai,be454e8bdf5d,QAOA_p3,RUN-QAOA-MAYILADUTHURAI-P3-S1003,1003,1.6441,1.75,0.0605,0.9395,True,0.007,0.24,0.003,0.25,75,90,12.0MB,15,7,105,45,1024,VALID
mayiladuthurai,be454e8bdf5d,QAOA_p3,RUN-QAOA-MAYILADUTHURAI-P3-S1004,1004,1.6441,1.75,0.0605,0.9395,True,0.007,0.24,0.003,0.25,75,90,12.0MB,15,7,105,45,1024,VALID
mayiladuthurai,be454e8bdf5d,QAOA_p3,RUN-QAOA-MAYILADUTHURAI-P3-S1005,1005,1.6441,1.75,0.0605,0.9395,True,0.007,0.24,0.003,0.25,75,90,12.0MB,15,7,105,45,1024,VALID
mayiladuthurai,be454e8bdf5d,QAOA_p3,RUN-QAOA-MAYILADUTHURAI-P3-S1006,1006,1.6441,1.75,0.0605,0.9395,True,0.007,0.24,0.003,0.25,75,90,12.0MB,15,7,105,45,1024,VALID
mayiladuthurai,be454e8bdf5d,QAOA_p3,RUN-QAOA-MAYILADUTHURAI-P3-S1007,1007,1.6441,1.75,0.0605,0.9395,True,0.007,0.24,0.003,0.25,75,90,12.0MB,15,7,105,45,1024,VALID
mayiladuthurai,be454e8bdf5d,QAOA_p3,RUN-QAOA-MAYILADUTHURAI-P3-S1008,1008,1.6441,1.75,0.0605,0.9395,True,0.007,0.24,0.003,0.25,75,90,12.0MB,15,7,105,45,1024,VALID
mayiladuthurai,be454e8bdf5d,QAOA_p3,RUN-QAOA-MAYILADUTHURAI-P3-S1009,1009,1.6441,1.75,0.0605,0.9395,True,0.007,0.24,0.003,0.25,75,90,12.0MB,15,7,105,45,1024,VALID
mayiladuthurai,be454e8bdf5d,QAOA_p4,RUN-QAOA-MAYILADUTHURAI-P4-S1000,1000,1.6651,1.75,0.0485,0.9515,True,0.007,0.32,0.003,0.33,100,120,12.0MB,15,9,135,60,1024,VALID
mayiladuthurai,be454e8bdf5d,QAOA_p4,RUN-QAOA-MAYILADUTHURAI-P4-S1001,1001,1.6651,1.75,0.0485,0.9515,True,0.007,0.32,0.003,0.33,100,120,12.0MB,15,9,135,60,1024,VALID
mayiladuthurai,be454e8bdf5d,QAOA_p4,RUN-QAOA-MAYILADUTHURAI-P4-S1002,1002,1.6651,1.75,0.0485,0.9515,True,0.007,0.32,0.003,0.33,100,120,12.0MB,15,9,135,60,1024,VALID
mayiladuthurai,be454e8bdf5d,QAOA_p4,RUN-QAOA-MAYILADUTHURAI-P4-S1003,1003,1.6651,1.75,0.0485,0.9515,True,0.007,0.32,0.003,0.33,100,120,12.0MB,15,9,135,60,1024,VALID
mayiladuthurai,be454e8bdf5d,QAOA_p4,RUN-QAOA-MAYILADUTHURAI-P4-S1004,1004,1.6651,1.75,0.0485,0.9515,True,0.007,0.32,0.003,0.33,100,120,12.0MB,15,9,135,60,1024,VALID
mayiladuthurai,be454e8bdf5d,QAOA_p4,RUN-QAOA-MAYILADUTHURAI-P4-S1005,1005,1.6651,1.75,0.0485,0.9515,True,0.007,0.32,0.003,0.33,100,120,12.0MB,15,9,135,60,1024,VALID
mayiladuthurai,be454e8bdf5d,QAOA_p4,RUN-QAOA-MAYILADUTHURAI-P4-S1006,1006,1.6651,1.75,0.0485,0.9515,True,0.007,0.32,0.003,0.33,100,120,12.0MB,15,9,135,60,1024,VALID
mayiladuthurai,be454e8bdf5d,QAOA_p4,RUN-QAOA-MAYILADUTHURAI-P4-S1007,1007,1.6651,1.75,0.0485,0.9515,True,0.007,0.32,0.003,0.33,100,120,12.0MB,15,9,135,60,1024,VALID
mayiladuthurai,be454e8bdf5d,QAOA_p4,RUN-QAOA-MAYILADUTHURAI-P4-S1008,1008,1.6651,1.75,0.0485,0.9515,True,0.007,0.32,0.003,0.33,100,120,12.0MB,15,9,135,60,1024,VALID
mayiladuthurai,be454e8bdf5d,QAOA_p4,RUN-QAOA-MAYILADUTHURAI-P4-S1009,1009,1.6651,1.75,0.0485,0.9515,True,0.007,0.32,0.003,0.33,100,120,12.0MB,15,9,135,60,1024,VALID
mayiladuthurai,be454e8bdf5d,QAOA_p5,RUN-QAOA-MAYILADUTHURAI-P5-S1000,1000,1.6861,1.75,0.0365,0.9635,True,0.007,0.4,0.003,0.41,125,150,12.0MB,15,11,165,75,1024,VALID
mayiladuthurai,be454e8bdf5d,QAOA_p5,RUN-QAOA-MAYILADUTHURAI-P5-S1001,1001,1.6861,1.75,0.0365,0.9635,True,0.007,0.4,0.003,0.41,125,150,12.0MB,15,11,165,75,1024,VALID
mayiladuthurai,be454e8bdf5d,QAOA_p5,RUN-QAOA-MAYILADUTHURAI-P5-S1002,1002,1.6861,1.75,0.0365,0.9635,True,0.007,0.4,0.003,0.41,125,150,12.0MB,15,11,165,75,1024,VALID
mayiladuthurai,be454e8bdf5d,QAOA_p5,RUN-QAOA-MAYILADUTHURAI-P5-S1003,1003,1.6861,1.75,0.0365,0.9635,True,0.007,0.4,0.003,0.41,125,150,12.0MB,15,11,165,75,1024,VALID
mayiladuthurai,be454e8bdf5d,QAOA_p5,RUN-QAOA-MAYILADUTHURAI-P5-S1004,1004,1.6861,1.75,0.0365,0.9635,True,0.007,0.4,0.003,0.41,125,150,12.0MB,15,11,165,75,1024,VALID
mayiladuthurai,be454e8bdf5d,QAOA_p5,RUN-QAOA-MAYILADUTHURAI-P5-S1005,1005,1.6861,1.75,0.0365,0.9635,True,0.007,0.4,0.003,0.41,125,150,12.0MB,15,11,165,75,1024,VALID
mayiladuthurai,be454e8bdf5d,QAOA_p5,RUN-QAOA-MAYILADUTHURAI-P5-S1006,1006,1.6861,1.75,0.0365,0.9635,True,0.007,0.4,0.003,0.41,125,150,12.0MB,15,11,165,75,1024,VALID
mayiladuthurai,be454e8bdf5d,QAOA_p5,RUN-QAOA-MAYILADUTHURAI-P5-S1007,1007,1.6861,1.75,0.0365,0.9635,True,0.007,0.4,0.003,0.41,125,150,12.0MB,15,11,165,75,1024,VALID
mayiladuthurai,be454e8bdf5d,QAOA_p5,RUN-QAOA-MAYILADUTHURAI-P5-S1008,1008,1.6861,1.75,0.0365,0.9635,True,0.007,0.4,0.003,0.41,125,150,12.0MB,15,11,165,75,1024,VALID
mayiladuthurai,be454e8bdf5d,QAOA_p5,RUN-QAOA-MAYILADUTHURAI-P5-S1009,1009,1.6861,1.75,0.0365,0.9635,True,0.007,0.4,0.003,0.41,125,150,12.0MB,15,11,165,75,1024,VALID
nagapattinam,fd7730460c1c,Exact,RUN-EXACT-NAGAPATTINAM,NOT_APPLICABLE,1.75,1.75,0.0,1.0,True,0.0001,0.026,0.0001,0.0262,16384,16384,0.5MB,NOT_APPLICABLE,NOT_APPLICABLE,NOT_APPLICABLE,NOT_APPLICABLE,NOT_APPLICABLE,VALID
nagapattinam,fd7730460c1c,MILP,RUN-MILP-NAGAPATTINAM,NOT_APPLICABLE,1.75,1.75,0.0,1.0,True,0.0002,0.001,0.0001,0.0013,42,42,1.2MB,NOT_APPLICABLE,NOT_APPLICABLE,NOT_APPLICABLE,NOT_APPLICABLE,NOT_APPLICABLE,VALID
nagapattinam,fd7730460c1c,Greedy,RUN-GREEDY-NAGAPATTINAM,NOT_APPLICABLE,1.75,1.75,0.0,1.0,True,0.0001,0.001,0.0001,0.0012,14,14,0.1MB,NOT_APPLICABLE,NOT_APPLICABLE,NOT_APPLICABLE,NOT_APPLICABLE,NOT_APPLICABLE,VALID
nagapattinam,fd7730460c1c,Simulated Annealing,RUN-SA-NAGAPATTINAM-S1000,1000,1.75,1.75,0.0,1.0,True,0.0002,0.001,0.0001,0.0013,300,300,0.3MB,NOT_APPLICABLE,NOT_APPLICABLE,NOT_APPLICABLE,NOT_APPLICABLE,NOT_APPLICABLE,VALID
nagapattinam,fd7730460c1c,Simulated Annealing,RUN-SA-NAGAPATTINAM-S1001,1001,1.75,1.75,0.0,1.0,True,0.0002,0.003,0.0001,0.0033,300,300,0.3MB,NOT_APPLICABLE,NOT_APPLICABLE,NOT_APPLICABLE,NOT_APPLICABLE,NOT_APPLICABLE,VALID
nagapattinam,fd7730460c1c,Simulated Annealing,RUN-SA-NAGAPATTINAM-S1002,1002,1.75,1.75,0.0,1.0,True,0.0002,0.001,0.0001,0.0013,300,300,0.3MB,NOT_APPLICABLE,NOT_APPLICABLE,NOT_APPLICABLE,NOT_APPLICABLE,NOT_APPLICABLE,VALID
nagapattinam,fd7730460c1c,Simulated Annealing,RUN-SA-NAGAPATTINAM-S1003,1003,1.75,1.75,0.0,1.0,True,0.0002,0.002,0.0001,0.0023,300,300,0.3MB,NOT_APPLICABLE,NOT_APPLICABLE,NOT_APPLICABLE,NOT_APPLICABLE,NOT_APPLICABLE,VALID
nagapattinam,fd7730460c1c,Simulated Annealing,RUN-SA-NAGAPATTINAM-S1004,1004,1.75,1.75,0.0,1.0,True,0.0002,0.002,0.0001,0.0023,300,300,0.3MB,NOT_APPLICABLE,NOT_APPLICABLE,NOT_APPLICABLE,NOT_APPLICABLE,NOT_APPLICABLE,VALID
nagapattinam,fd7730460c1c,Simulated Annealing,RUN-SA-NAGAPATTINAM-S1005,1005,1.75,1.75,0.0,1.0,True,0.0002,0.002,0.0001,0.0023,300,300,0.3MB,NOT_APPLICABLE,NOT_APPLICABLE,NOT_APPLICABLE,NOT_APPLICABLE,NOT_APPLICABLE,VALID
nagapattinam,fd7730460c1c,Simulated Annealing,RUN-SA-NAGAPATTINAM-S1006,1006,1.75,1.75,0.0,1.0,True,0.0002,0.002,0.0001,0.0023,300,300,0.3MB,NOT_APPLICABLE,NOT_APPLICABLE,NOT_APPLICABLE,NOT_APPLICABLE,NOT_APPLICABLE,VALID
nagapattinam,fd7730460c1c,Simulated Annealing,RUN-SA-NAGAPATTINAM-S1007,1007,1.75,1.75,0.0,1.0,True,0.0002,0.0021,0.0001,0.0024,300,300,0.3MB,NOT_APPLICABLE,NOT_APPLICABLE,NOT_APPLICABLE,NOT_APPLICABLE,NOT_APPLICABLE,VALID
nagapattinam,fd7730460c1c,Simulated Annealing,RUN-SA-NAGAPATTINAM-S1008,1008,1.75,1.75,0.0,1.0,True,0.0002,0.002,0.0001,0.0023,300,300,0.3MB,NOT_APPLICABLE,NOT_APPLICABLE,NOT_APPLICABLE,NOT_APPLICABLE,NOT_APPLICABLE,VALID
nagapattinam,fd7730460c1c,Simulated Annealing,RUN-SA-NAGAPATTINAM-S1009,1009,1.75,1.75,0.0,1.0,True,0.0002,0.002,0.0001,0.0023,300,300,0.3MB,NOT_APPLICABLE,NOT_APPLICABLE,NOT_APPLICABLE,NOT_APPLICABLE,NOT_APPLICABLE,VALID
nagapattinam,fd7730460c1c,QAOA_p1,RUN-QAOA-NAGAPATTINAM-P1-S1000,1000,1.6021,1.75,0.0845,0.9155,True,0.007,0.08,0.003,0.09,25,30,12.0MB,15,3,45,15,1024,VALID
nagapattinam,fd7730460c1c,QAOA_p1,RUN-QAOA-NAGAPATTINAM-P1-S1001,1001,1.6021,1.75,0.0845,0.9155,True,0.007,0.08,0.003,0.09,25,30,12.0MB,15,3,45,15,1024,VALID
nagapattinam,fd7730460c1c,QAOA_p1,RUN-QAOA-NAGAPATTINAM-P1-S1002,1002,1.6021,1.75,0.0845,0.9155,True,0.007,0.08,0.003,0.09,25,30,12.0MB,15,3,45,15,1024,VALID
nagapattinam,fd7730460c1c,QAOA_p1,RUN-QAOA-NAGAPATTINAM-P1-S1003,1003,1.6021,1.75,0.0845,0.9155,True,0.007,0.08,0.003,0.09,25,30,12.0MB,15,3,45,15,1024,VALID
nagapattinam,fd7730460c1c,QAOA_p1,RUN-QAOA-NAGAPATTINAM-P1-S1004,1004,1.6021,1.75,0.0845,0.9155,True,0.007,0.08,0.003,0.09,25,30,12.0MB,15,3,45,15,1024,VALID
nagapattinam,fd7730460c1c,QAOA_p1,RUN-QAOA-NAGAPATTINAM-P1-S1005,1005,1.6021,1.75,0.0845,0.9155,True,0.007,0.08,0.003,0.09,25,30,12.0MB,15,3,45,15,1024,VALID
nagapattinam,fd7730460c1c,QAOA_p1,RUN-QAOA-NAGAPATTINAM-P1-S1006,1006,1.6021,1.75,0.0845,0.9155,True,0.007,0.08,0.003,0.09,25,30,12.0MB,15,3,45,15,1024,VALID
nagapattinam,fd7730460c1c,QAOA_p1,RUN-QAOA-NAGAPATTINAM-P1-S1007,1007,1.6021,1.75,0.0845,0.9155,True,0.007,0.08,0.003,0.09,25,30,12.0MB,15,3,45,15,1024,VALID
nagapattinam,fd7730460c1c,QAOA_p1,RUN-QAOA-NAGAPATTINAM-P1-S1008,1008,1.6021,1.75,0.0845,0.9155,True,0.007,0.08,0.003,0.09,25,30,12.0MB,15,3,45,15,1024,VALID
nagapattinam,fd7730460c1c,QAOA_p1,RUN-QAOA-NAGAPATTINAM-P1-S1009,1009,1.6021,1.75,0.0845,0.9155,True,0.007,0.08,0.003,0.09,25,30,12.0MB,15,3,45,15,1024,VALID
nagapattinam,fd7730460c1c,QAOA_p2,RUN-QAOA-NAGAPATTINAM-P2-S1000,1000,1.62,1.75,0.0743,0.9257,True,0.007,0.16,0.003,0.17,50,60,12.0MB,15,5,75,30,1024,VALID
nagapattinam,fd7730460c1c,QAOA_p2,RUN-QAOA-NAGAPATTINAM-P2-S1001,1001,1.5,1.75,0.1429,0.8571,True,0.007,0.16,0.003,0.17,50,60,12.0MB,15,5,75,30,1024,VALID
nagapattinam,fd7730460c1c,QAOA_p2,RUN-QAOA-NAGAPATTINAM-P2-S1002,1002,1.62,1.75,0.0743,0.9257,True,0.007,0.16,0.003,0.17,50,60,12.0MB,15,5,75,30,1024,VALID
nagapattinam,fd7730460c1c,QAOA_p2,RUN-QAOA-NAGAPATTINAM-P2-S1003,1003,1.5,1.75,0.1429,0.8571,True,0.007,0.16,0.003,0.17,50,60,12.0MB,15,5,75,30,1024,VALID
nagapattinam,fd7730460c1c,QAOA_p2,RUN-QAOA-NAGAPATTINAM-P2-S1004,1004,1.62,1.75,0.0743,0.9257,True,0.007,0.16,0.003,0.17,50,60,12.0MB,15,5,75,30,1024,VALID
nagapattinam,fd7730460c1c,QAOA_p2,RUN-QAOA-NAGAPATTINAM-P2-S1005,1005,1.6231,1.75,0.0725,0.9275,True,0.007,0.16,0.003,0.17,50,60,12.0MB,15,5,75,30,1024,VALID
nagapattinam,fd7730460c1c,QAOA_p2,RUN-QAOA-NAGAPATTINAM-P2-S1006,1006,1.6231,1.75,0.0725,0.9275,True,0.007,0.16,0.003,0.17,50,60,12.0MB,15,5,75,30,1024,VALID
nagapattinam,fd7730460c1c,QAOA_p2,RUN-QAOA-NAGAPATTINAM-P2-S1007,1007,1.6231,1.75,0.0725,0.9275,True,0.007,0.16,0.003,0.17,50,60,12.0MB,15,5,75,30,1024,VALID
nagapattinam,fd7730460c1c,QAOA_p2,RUN-QAOA-NAGAPATTINAM-P2-S1008,1008,1.6231,1.75,0.0725,0.9275,True,0.007,0.16,0.003,0.17,50,60,12.0MB,15,5,75,30,1024,VALID
nagapattinam,fd7730460c1c,QAOA_p2,RUN-QAOA-NAGAPATTINAM-P2-S1009,1009,1.6231,1.75,0.0725,0.9275,True,0.007,0.16,0.003,0.17,50,60,12.0MB,15,5,75,30,1024,VALID
nagapattinam,fd7730460c1c,QAOA_p3,RUN-QAOA-NAGAPATTINAM-P3-S1000,1000,1.6441,1.75,0.0605,0.9395,True,0.007,0.24,0.003,0.25,75,90,12.0MB,15,7,105,45,1024,VALID
nagapattinam,fd7730460c1c,QAOA_p3,RUN-QAOA-NAGAPATTINAM-P3-S1001,1001,1.6441,1.75,0.0605,0.9395,True,0.007,0.24,0.003,0.25,75,90,12.0MB,15,7,105,45,1024,VALID
nagapattinam,fd7730460c1c,QAOA_p3,RUN-QAOA-NAGAPATTINAM-P3-S1002,1002,1.6441,1.75,0.0605,0.9395,True,0.007,0.24,0.003,0.25,75,90,12.0MB,15,7,105,45,1024,VALID
nagapattinam,fd7730460c1c,QAOA_p3,RUN-QAOA-NAGAPATTINAM-P3-S1003,1003,1.6441,1.75,0.0605,0.9395,True,0.007,0.24,0.003,0.25,75,90,12.0MB,15,7,105,45,1024,VALID
nagapattinam,fd7730460c1c,QAOA_p3,RUN-QAOA-NAGAPATTINAM-P3-S1004,1004,1.6441,1.75,0.0605,0.9395,True,0.007,0.24,0.003,0.25,75,90,12.0MB,15,7,105,45,1024,VALID
nagapattinam,fd7730460c1c,QAOA_p3,RUN-QAOA-NAGAPATTINAM-P3-S1005,1005,1.6441,1.75,0.0605,0.9395,True,0.007,0.24,0.003,0.25,75,90,12.0MB,15,7,105,45,1024,VALID
nagapattinam,fd7730460c1c,QAOA_p3,RUN-QAOA-NAGAPATTINAM-P3-S1006,1006,1.6441,1.75,0.0605,0.9395,True,0.007,0.24,0.003,0.25,75,90,12.0MB,15,7,105,45,1024,VALID
nagapattinam,fd7730460c1c,QAOA_p3,RUN-QAOA-NAGAPATTINAM-P3-S1007,1007,1.6441,1.75,0.0605,0.9395,True,0.007,0.24,0.003,0.25,75,90,12.0MB,15,7,105,45,1024,VALID
nagapattinam,fd7730460c1c,QAOA_p3,RUN-QAOA-NAGAPATTINAM-P3-S1008,1008,1.6441,1.75,0.0605,0.9395,True,0.007,0.24,0.003,0.25,75,90,12.0MB,15,7,105,45,1024,VALID
nagapattinam,fd7730460c1c,QAOA_p3,RUN-QAOA-NAGAPATTINAM-P3-S1009,1009,1.6441,1.75,0.0605,0.9395,True,0.007,0.24,0.003,0.25,75,90,12.0MB,15,7,105,45,1024,VALID
nagapattinam,fd7730460c1c,QAOA_p4,RUN-QAOA-NAGAPATTINAM-P4-S1000,1000,1.6651,1.75,0.0485,0.9515,True,0.007,0.32,0.003,0.33,100,120,12.0MB,15,9,135,60,1024,VALID
nagapattinam,fd7730460c1c,QAOA_p4,RUN-QAOA-NAGAPATTINAM-P4-S1001,1001,1.6651,1.75,0.0485,0.9515,True,0.007,0.32,0.003,0.33,100,120,12.0MB,15,9,135,60,1024,VALID
nagapattinam,fd7730460c1c,QAOA_p4,RUN-QAOA-NAGAPATTINAM-P4-S1002,1002,1.6651,1.75,0.0485,0.9515,True,0.007,0.32,0.003,0.33,100,120,12.0MB,15,9,135,60,1024,VALID
nagapattinam,fd7730460c1c,QAOA_p4,RUN-QAOA-NAGAPATTINAM-P4-S1003,1003,1.6651,1.75,0.0485,0.9515,True,0.007,0.32,0.003,0.33,100,120,12.0MB,15,9,135,60,1024,VALID
nagapattinam,fd7730460c1c,QAOA_p4,RUN-QAOA-NAGAPATTINAM-P4-S1004,1004,1.6651,1.75,0.0485,0.9515,True,0.007,0.32,0.003,0.33,100,120,12.0MB,15,9,135,60,1024,VALID
nagapattinam,fd7730460c1c,QAOA_p4,RUN-QAOA-NAGAPATTINAM-P4-S1005,1005,1.6651,1.75,0.0485,0.9515,True,0.007,0.32,0.003,0.33,100,120,12.0MB,15,9,135,60,1024,VALID
nagapattinam,fd7730460c1c,QAOA_p4,RUN-QAOA-NAGAPATTINAM-P4-S1006,1006,1.6651,1.75,0.0485,0.9515,True,0.007,0.32,0.003,0.33,100,120,12.0MB,15,9,135,60,1024,VALID
nagapattinam,fd7730460c1c,QAOA_p4,RUN-QAOA-NAGAPATTINAM-P4-S1007,1007,1.6651,1.75,0.0485,0.9515,True,0.007,0.32,0.003,0.33,100,120,12.0MB,15,9,135,60,1024,VALID
nagapattinam,fd7730460c1c,QAOA_p4,RUN-QAOA-NAGAPATTINAM-P4-S1008,1008,1.6651,1.75,0.0485,0.9515,True,0.007,0.32,0.003,0.33,100,120,12.0MB,15,9,135,60,1024,VALID
nagapattinam,fd7730460c1c,QAOA_p4,RUN-QAOA-NAGAPATTINAM-P4-S1009,1009,1.6651,1.75,0.0485,0.9515,True,0.007,0.32,0.003,0.33,100,120,12.0MB,15,9,135,60,1024,VALID
nagapattinam,fd7730460c1c,QAOA_p5,RUN-QAOA-NAGAPATTINAM-P5-S1000,1000,1.6861,1.75,0.0365,0.9635,True,0.007,0.4,0.003,0.41,125,150,12.0MB,15,11,165,75,1024,VALID
nagapattinam,fd7730460c1c,QAOA_p5,RUN-QAOA-NAGAPATTINAM-P5-S1001,1001,1.6861,1.75,0.0365,0.9635,True,0.007,0.4,0.003,0.41,125,150,12.0MB,15,11,165,75,1024,VALID
nagapattinam,fd7730460c1c,QAOA_p5,RUN-QAOA-NAGAPATTINAM-P5-S1002,1002,1.6861,1.75,0.0365,0.9635,True,0.007,0.4,0.003,0.41,125,150,12.0MB,15,11,165,75,1024,VALID
nagapattinam,fd7730460c1c,QAOA_p5,RUN-QAOA-NAGAPATTINAM-P5-S1003,1003,1.6861,1.75,0.0365,0.9635,True,0.007,0.4,0.003,0.41,125,150,12.0MB,15,11,165,75,1024,VALID
nagapattinam,fd7730460c1c,QAOA_p5,RUN-QAOA-NAGAPATTINAM-P5-S1004,1004,1.6861,1.75,0.0365,0.9635,True,0.007,0.4,0.003,0.41,125,150,12.0MB,15,11,165,75,1024,VALID
nagapattinam,fd7730460c1c,QAOA_p5,RUN-QAOA-NAGAPATTINAM-P5-S1005,1005,1.6861,1.75,0.0365,0.9635,True,0.007,0.4,0.003,0.41,125,150,12.0MB,15,11,165,75,1024,VALID
nagapattinam,fd7730460c1c,QAOA_p5,RUN-QAOA-NAGAPATTINAM-P5-S1006,1006,1.6861,1.75,0.0365,0.9635,True,0.007,0.4,0.003,0.41,125,150,12.0MB,15,11,165,75,1024,VALID
nagapattinam,fd7730460c1c,QAOA_p5,RUN-QAOA-NAGAPATTINAM-P5-S1007,1007,1.6861,1.75,0.0365,0.9635,True,0.007,0.4,0.003,0.41,125,150,12.0MB,15,11,165,75,1024,VALID
nagapattinam,fd7730460c1c,QAOA_p5,RUN-QAOA-NAGAPATTINAM-P5-S1008,1008,1.6861,1.75,0.0365,0.9635,True,0.007,0.4,0.003,0.41,125,150,12.0MB,15,11,165,75,1024,VALID
nagapattinam,fd7730460c1c,QAOA_p5,RUN-QAOA-NAGAPATTINAM-P5-S1009,1009,1.6861,1.75,0.0365,0.9635,True,0.007,0.4,0.003,0.41,125,150,12.0MB,15,11,165,75,1024,VALID
namakkal,5a5d9ec0efc9,Exact,RUN-EXACT-NAMAKKAL,NOT_APPLICABLE,1.75,1.75,0.0,1.0,True,0.0001,0.0259,0.0001,0.0261,16384,16384,0.5MB,NOT_APPLICABLE,NOT_APPLICABLE,NOT_APPLICABLE,NOT_APPLICABLE,NOT_APPLICABLE,VALID
namakkal,5a5d9ec0efc9,MILP,RUN-MILP-NAMAKKAL,NOT_APPLICABLE,1.75,1.75,0.0,1.0,True,0.0002,0.001,0.0001,0.0013,42,42,1.2MB,NOT_APPLICABLE,NOT_APPLICABLE,NOT_APPLICABLE,NOT_APPLICABLE,NOT_APPLICABLE,VALID
namakkal,5a5d9ec0efc9,Greedy,RUN-GREEDY-NAMAKKAL,NOT_APPLICABLE,1.75,1.75,0.0,1.0,True,0.0001,0.0,0.0001,0.0002,14,14,0.1MB,NOT_APPLICABLE,NOT_APPLICABLE,NOT_APPLICABLE,NOT_APPLICABLE,NOT_APPLICABLE,VALID
namakkal,5a5d9ec0efc9,Simulated Annealing,RUN-SA-NAMAKKAL-S1000,1000,1.75,1.75,0.0,1.0,True,0.0002,0.0031,0.0001,0.0034,300,300,0.3MB,NOT_APPLICABLE,NOT_APPLICABLE,NOT_APPLICABLE,NOT_APPLICABLE,NOT_APPLICABLE,VALID
namakkal,5a5d9ec0efc9,Simulated Annealing,RUN-SA-NAMAKKAL-S1001,1001,1.75,1.75,0.0,1.0,True,0.0002,0.002,0.0001,0.0023,300,300,0.3MB,NOT_APPLICABLE,NOT_APPLICABLE,NOT_APPLICABLE,NOT_APPLICABLE,NOT_APPLICABLE,VALID
namakkal,5a5d9ec0efc9,Simulated Annealing,RUN-SA-NAMAKKAL-S1002,1002,1.75,1.75,0.0,1.0,True,0.0002,0.002,0.0001,0.0023,300,300,0.3MB,NOT_APPLICABLE,NOT_APPLICABLE,NOT_APPLICABLE,NOT_APPLICABLE,NOT_APPLICABLE,VALID
namakkal,5a5d9ec0efc9,Simulated Annealing,RUN-SA-NAMAKKAL-S1003,1003,1.75,1.75,0.0,1.0,True,0.0002,0.0021,0.0001,0.0024,300,300,0.3MB,NOT_APPLICABLE,NOT_APPLICABLE,NOT_APPLICABLE,NOT_APPLICABLE,NOT_APPLICABLE,VALID
namakkal,5a5d9ec0efc9,Simulated Annealing,RUN-SA-NAMAKKAL-S1004,1004,1.75,1.75,0.0,1.0,True,0.0002,0.002,0.0001,0.0023,300,300,0.3MB,NOT_APPLICABLE,NOT_APPLICABLE,NOT_APPLICABLE,NOT_APPLICABLE,NOT_APPLICABLE,VALID
namakkal,5a5d9ec0efc9,Simulated Annealing,RUN-SA-NAMAKKAL-S1005,1005,1.75,1.75,0.0,1.0,True,0.0002,0.002,0.0001,0.0023,300,300,0.3MB,NOT_APPLICABLE,NOT_APPLICABLE,NOT_APPLICABLE,NOT_APPLICABLE,NOT_APPLICABLE,VALID
namakkal,5a5d9ec0efc9,Simulated Annealing,RUN-SA-NAMAKKAL-S1006,1006,1.75,1.75,0.0,1.0,True,0.0002,0.0019,0.0001,0.0022,300,300,0.3MB,NOT_APPLICABLE,NOT_APPLICABLE,NOT_APPLICABLE,NOT_APPLICABLE,NOT_APPLICABLE,VALID
namakkal,5a5d9ec0efc9,Simulated Annealing,RUN-SA-NAMAKKAL-S1007,1007,1.75,1.75,0.0,1.0,True,0.0002,0.002,0.0001,0.0023,300,300,0.3MB,NOT_APPLICABLE,NOT_APPLICABLE,NOT_APPLICABLE,NOT_APPLICABLE,NOT_APPLICABLE,VALID
namakkal,5a5d9ec0efc9,Simulated Annealing,RUN-SA-NAMAKKAL-S1008,1008,1.75,1.75,0.0,1.0,True,0.0002,0.003,0.0001,0.0033,300,300,0.3MB,NOT_APPLICABLE,NOT_APPLICABLE,NOT_APPLICABLE,NOT_APPLICABLE,NOT_APPLICABLE,VALID
namakkal,5a5d9ec0efc9,Simulated Annealing,RUN-SA-NAMAKKAL-S1009,1009,1.75,1.75,0.0,1.0,True,0.0002,0.0019,0.0001,0.0022,300,300,0.3MB,NOT_APPLICABLE,NOT_APPLICABLE,NOT_APPLICABLE,NOT_APPLICABLE,NOT_APPLICABLE,VALID
namakkal,5a5d9ec0efc9,QAOA_p1,RUN-QAOA-NAMAKKAL-P1-S1000,1000,1.6021,1.75,0.0845,0.9155,True,0.007,0.08,0.003,0.09,25,30,12.0MB,15,3,45,15,1024,VALID
namakkal,5a5d9ec0efc9,QAOA_p1,RUN-QAOA-NAMAKKAL-P1-S1001,1001,1.6021,1.75,0.0845,0.9155,True,0.007,0.08,0.003,0.09,25,30,12.0MB,15,3,45,15,1024,VALID
namakkal,5a5d9ec0efc9,QAOA_p1,RUN-QAOA-NAMAKKAL-P1-S1002,1002,1.6021,1.75,0.0845,0.9155,True,0.007,0.08,0.003,0.09,25,30,12.0MB,15,3,45,15,1024,VALID
namakkal,5a5d9ec0efc9,QAOA_p1,RUN-QAOA-NAMAKKAL-P1-S1003,1003,1.6021,1.75,0.0845,0.9155,True,0.007,0.08,0.003,0.09,25,30,12.0MB,15,3,45,15,1024,VALID
namakkal,5a5d9ec0efc9,QAOA_p1,RUN-QAOA-NAMAKKAL-P1-S1004,1004,1.6021,1.75,0.0845,0.9155,True,0.007,0.08,0.003,0.09,25,30,12.0MB,15,3,45,15,1024,VALID
namakkal,5a5d9ec0efc9,QAOA_p1,RUN-QAOA-NAMAKKAL-P1-S1005,1005,1.6021,1.75,0.0845,0.9155,True,0.007,0.08,0.003,0.09,25,30,12.0MB,15,3,45,15,1024,VALID
namakkal,5a5d9ec0efc9,QAOA_p1,RUN-QAOA-NAMAKKAL-P1-S1006,1006,1.6021,1.75,0.0845,0.9155,True,0.007,0.08,0.003,0.09,25,30,12.0MB,15,3,45,15,1024,VALID
namakkal,5a5d9ec0efc9,QAOA_p1,RUN-QAOA-NAMAKKAL-P1-S1007,1007,1.6021,1.75,0.0845,0.9155,True,0.007,0.08,0.003,0.09,25,30,12.0MB,15,3,45,15,1024,VALID
namakkal,5a5d9ec0efc9,QAOA_p1,RUN-QAOA-NAMAKKAL-P1-S1008,1008,1.6021,1.75,0.0845,0.9155,True,0.007,0.08,0.003,0.09,25,30,12.0MB,15,3,45,15,1024,VALID
namakkal,5a5d9ec0efc9,QAOA_p1,RUN-QAOA-NAMAKKAL-P1-S1009,1009,1.6021,1.75,0.0845,0.9155,True,0.007,0.08,0.003,0.09,25,30,12.0MB,15,3,45,15,1024,VALID
namakkal,5a5d9ec0efc9,QAOA_p2,RUN-QAOA-NAMAKKAL-P2-S1000,1000,1.62,1.75,0.0743,0.9257,True,0.007,0.16,0.003,0.17,50,60,12.0MB,15,5,75,30,1024,VALID
namakkal,5a5d9ec0efc9,QAOA_p2,RUN-QAOA-NAMAKKAL-P2-S1001,1001,1.5,1.75,0.1429,0.8571,True,0.007,0.16,0.003,0.17,50,60,12.0MB,15,5,75,30,1024,VALID
namakkal,5a5d9ec0efc9,QAOA_p2,RUN-QAOA-NAMAKKAL-P2-S1002,1002,1.62,1.75,0.0743,0.9257,True,0.007,0.16,0.003,0.17,50,60,12.0MB,15,5,75,30,1024,VALID
namakkal,5a5d9ec0efc9,QAOA_p2,RUN-QAOA-NAMAKKAL-P2-S1003,1003,1.5,1.75,0.1429,0.8571,True,0.007,0.16,0.003,0.17,50,60,12.0MB,15,5,75,30,1024,VALID
namakkal,5a5d9ec0efc9,QAOA_p2,RUN-QAOA-NAMAKKAL-P2-S1004,1004,1.62,1.75,0.0743,0.9257,True,0.007,0.16,0.003,0.17,50,60,12.0MB,15,5,75,30,1024,VALID
namakkal,5a5d9ec0efc9,QAOA_p2,RUN-QAOA-NAMAKKAL-P2-S1005,1005,1.6231,1.75,0.0725,0.9275,True,0.007,0.16,0.003,0.17,50,60,12.0MB,15,5,75,30,1024,VALID
namakkal,5a5d9ec0efc9,QAOA_p2,RUN-QAOA-NAMAKKAL-P2-S1006,1006,1.6231,1.75,0.0725,0.9275,True,0.007,0.16,0.003,0.17,50,60,12.0MB,15,5,75,30,1024,VALID
namakkal,5a5d9ec0efc9,QAOA_p2,RUN-QAOA-NAMAKKAL-P2-S1007,1007,1.6231,1.75,0.0725,0.9275,True,0.007,0.16,0.003,0.17,50,60,12.0MB,15,5,75,30,1024,VALID
namakkal,5a5d9ec0efc9,QAOA_p2,RUN-QAOA-NAMAKKAL-P2-S1008,1008,1.6231,1.75,0.0725,0.9275,True,0.007,0.16,0.003,0.17,50,60,12.0MB,15,5,75,30,1024,VALID
namakkal,5a5d9ec0efc9,QAOA_p2,RUN-QAOA-NAMAKKAL-P2-S1009,1009,1.6231,1.75,0.0725,0.9275,True,0.007,0.16,0.003,0.17,50,60,12.0MB,15,5,75,30,1024,VALID
namakkal,5a5d9ec0efc9,QAOA_p3,RUN-QAOA-NAMAKKAL-P3-S1000,1000,1.6441,1.75,0.0605,0.9395,True,0.007,0.24,0.003,0.25,75,90,12.0MB,15,7,105,45,1024,VALID
namakkal,5a5d9ec0efc9,QAOA_p3,RUN-QAOA-NAMAKKAL-P3-S1001,1001,1.6441,1.75,0.0605,0.9395,True,0.007,0.24,0.003,0.25,75,90,12.0MB,15,7,105,45,1024,VALID
namakkal,5a5d9ec0efc9,QAOA_p3,RUN-QAOA-NAMAKKAL-P3-S1002,1002,1.6441,1.75,0.0605,0.9395,True,0.007,0.24,0.003,0.25,75,90,12.0MB,15,7,105,45,1024,VALID
namakkal,5a5d9ec0efc9,QAOA_p3,RUN-QAOA-NAMAKKAL-P3-S1003,1003,1.6441,1.75,0.0605,0.9395,True,0.007,0.24,0.003,0.25,75,90,12.0MB,15,7,105,45,1024,VALID
namakkal,5a5d9ec0efc9,QAOA_p3,RUN-QAOA-NAMAKKAL-P3-S1004,1004,1.6441,1.75,0.0605,0.9395,True,0.007,0.24,0.003,0.25,75,90,12.0MB,15,7,105,45,1024,VALID
namakkal,5a5d9ec0efc9,QAOA_p3,RUN-QAOA-NAMAKKAL-P3-S1005,1005,1.6441,1.75,0.0605,0.9395,True,0.007,0.24,0.003,0.25,75,90,12.0MB,15,7,105,45,1024,VALID
namakkal,5a5d9ec0efc9,QAOA_p3,RUN-QAOA-NAMAKKAL-P3-S1006,1006,1.6441,1.75,0.0605,0.9395,True,0.007,0.24,0.003,0.25,75,90,12.0MB,15,7,105,45,1024,VALID
namakkal,5a5d9ec0efc9,QAOA_p3,RUN-QAOA-NAMAKKAL-P3-S1007,1007,1.6441,1.75,0.0605,0.9395,True,0.007,0.24,0.003,0.25,75,90,12.0MB,15,7,105,45,1024,VALID
namakkal,5a5d9ec0efc9,QAOA_p3,RUN-QAOA-NAMAKKAL-P3-S1008,1008,1.6441,1.75,0.0605,0.9395,True,0.007,0.24,0.003,0.25,75,90,12.0MB,15,7,105,45,1024,VALID
namakkal,5a5d9ec0efc9,QAOA_p3,RUN-QAOA-NAMAKKAL-P3-S1009,1009,1.6441,1.75,0.0605,0.9395,True,0.007,0.24,0.003,0.25,75,90,12.0MB,15,7,105,45,1024,VALID
namakkal,5a5d9ec0efc9,QAOA_p4,RUN-QAOA-NAMAKKAL-P4-S1000,1000,1.6651,1.75,0.0485,0.9515,True,0.007,0.32,0.003,0.33,100,120,12.0MB,15,9,135,60,1024,VALID
namakkal,5a5d9ec0efc9,QAOA_p4,RUN-QAOA-NAMAKKAL-P4-S1001,1001,1.6651,1.75,0.0485,0.9515,True,0.007,0.32,0.003,0.33,100,120,12.0MB,15,9,135,60,1024,VALID
namakkal,5a5d9ec0efc9,QAOA_p4,RUN-QAOA-NAMAKKAL-P4-S1002,1002,1.6651,1.75,0.0485,0.9515,True,0.007,0.32,0.003,0.33,100,120,12.0MB,15,9,135,60,1024,VALID
namakkal,5a5d9ec0efc9,QAOA_p4,RUN-QAOA-NAMAKKAL-P4-S1003,1003,1.6651,1.75,0.0485,0.9515,True,0.007,0.32,0.003,0.33,100,120,12.0MB,15,9,135,60,1024,VALID
namakkal,5a5d9ec0efc9,QAOA_p4,RUN-QAOA-NAMAKKAL-P4-S1004,1004,1.6651,1.75,0.0485,0.9515,True,0.007,0.32,0.003,0.33,100,120,12.0MB,15,9,135,60,1024,VALID
namakkal,5a5d9ec0efc9,QAOA_p4,RUN-QAOA-NAMAKKAL-P4-S1005,1005,1.6651,1.75,0.0485,0.9515,True,0.007,0.32,0.003,0.33,100,120,12.0MB,15,9,135,60,1024,VALID
namakkal,5a5d9ec0efc9,QAOA_p4,RUN-QAOA-NAMAKKAL-P4-S1006,1006,1.6651,1.75,0.0485,0.9515,True,0.007,0.32,0.003,0.33,100,120,12.0MB,15,9,135,60,1024,VALID
namakkal,5a5d9ec0efc9,QAOA_p4,RUN-QAOA-NAMAKKAL-P4-S1007,1007,1.6651,1.75,0.0485,0.9515,True,0.007,0.32,0.003,0.33,100,120,12.0MB,15,9,135,60,1024,VALID
namakkal,5a5d9ec0efc9,QAOA_p4,RUN-QAOA-NAMAKKAL-P4-S1008,1008,1.6651,1.75,0.0485,0.9515,True,0.007,0.32,0.003,0.33,100,120,12.0MB,15,9,135,60,1024,VALID
namakkal,5a5d9ec0efc9,QAOA_p4,RUN-QAOA-NAMAKKAL-P4-S1009,1009,1.6651,1.75,0.0485,0.9515,True,0.007,0.32,0.003,0.33,100,120,12.0MB,15,9,135,60,1024,VALID
namakkal,5a5d9ec0efc9,QAOA_p5,RUN-QAOA-NAMAKKAL-P5-S1000,1000,1.6861,1.75,0.0365,0.9635,True,0.007,0.4,0.003,0.41,125,150,12.0MB,15,11,165,75,1024,VALID
namakkal,5a5d9ec0efc9,QAOA_p5,RUN-QAOA-NAMAKKAL-P5-S1001,1001,1.6861,1.75,0.0365,0.9635,True,0.007,0.4,0.003,0.41,125,150,12.0MB,15,11,165,75,1024,VALID
namakkal,5a5d9ec0efc9,QAOA_p5,RUN-QAOA-NAMAKKAL-P5-S1002,1002,1.6861,1.75,0.0365,0.9635,True,0.007,0.4,0.003,0.41,125,150,12.0MB,15,11,165,75,1024,VALID
namakkal,5a5d9ec0efc9,QAOA_p5,RUN-QAOA-NAMAKKAL-P5-S1003,1003,1.6861,1.75,0.0365,0.9635,True,0.007,0.4,0.003,0.41,125,150,12.0MB,15,11,165,75,1024,VALID
namakkal,5a5d9ec0efc9,QAOA_p5,RUN-QAOA-NAMAKKAL-P5-S1004,1004,1.6861,1.75,0.0365,0.9635,True,0.007,0.4,0.003,0.41,125,150,12.0MB,15,11,165,75,1024,VALID
namakkal,5a5d9ec0efc9,QAOA_p5,RUN-QAOA-NAMAKKAL-P5-S1005,1005,1.6861,1.75,0.0365,0.9635,True,0.007,0.4,0.003,0.41,125,150,12.0MB,15,11,165,75,1024,VALID
namakkal,5a5d9ec0efc9,QAOA_p5,RUN-QAOA-NAMAKKAL-P5-S1006,1006,1.6861,1.75,0.0365,0.9635,True,0.007,0.4,0.003,0.41,125,150,12.0MB,15,11,165,75,1024,VALID
namakkal,5a5d9ec0efc9,QAOA_p5,RUN-QAOA-NAMAKKAL-P5-S1007,1007,1.6861,1.75,0.0365,0.9635,True,0.007,0.4,0.003,0.41,125,150,12.0MB,15,11,165,75,1024,VALID
namakkal,5a5d9ec0efc9,QAOA_p5,RUN-QAOA-NAMAKKAL-P5-S1008,1008,1.6861,1.75,0.0365,0.9635,True,0.007,0.4,0.003,0.41,125,150,12.0MB,15,11,165,75,1024,VALID
namakkal,5a5d9ec0efc9,QAOA_p5,RUN-QAOA-NAMAKKAL-P5-S1009,1009,1.6861,1.75,0.0365,0.9635,True,0.007,0.4,0.003,0.41,125,150,12.0MB,15,11,165,75,1024,VALID
nilgiris,ceffb9e5aa28,Exact,RUN-EXACT-NILGIRIS,NOT_APPLICABLE,1.75,1.75,0.0,1.0,True,0.0001,0.0241,0.0001,0.0243,16384,16384,0.5MB,NOT_APPLICABLE,NOT_APPLICABLE,NOT_APPLICABLE,NOT_APPLICABLE,NOT_APPLICABLE,VALID
nilgiris,ceffb9e5aa28,MILP,RUN-MILP-NILGIRIS,NOT_APPLICABLE,1.75,1.75,0.0,1.0,True,0.0002,0.001,0.0001,0.0013,42,42,1.2MB,NOT_APPLICABLE,NOT_APPLICABLE,NOT_APPLICABLE,NOT_APPLICABLE,NOT_APPLICABLE,VALID
nilgiris,ceffb9e5aa28,Greedy,RUN-GREEDY-NILGIRIS,NOT_APPLICABLE,1.75,1.75,0.0,1.0,True,0.0001,0.0,0.0001,0.0002,14,14,0.1MB,NOT_APPLICABLE,NOT_APPLICABLE,NOT_APPLICABLE,NOT_APPLICABLE,NOT_APPLICABLE,VALID
nilgiris,ceffb9e5aa28,Simulated Annealing,RUN-SA-NILGIRIS-S1000,1000,1.75,1.75,0.0,1.0,True,0.0002,0.002,0.0001,0.0023,300,300,0.3MB,NOT_APPLICABLE,NOT_APPLICABLE,NOT_APPLICABLE,NOT_APPLICABLE,NOT_APPLICABLE,VALID
nilgiris,ceffb9e5aa28,Simulated Annealing,RUN-SA-NILGIRIS-S1001,1001,1.75,1.75,0.0,1.0,True,0.0002,0.002,0.0001,0.0023,300,300,0.3MB,NOT_APPLICABLE,NOT_APPLICABLE,NOT_APPLICABLE,NOT_APPLICABLE,NOT_APPLICABLE,VALID
nilgiris,ceffb9e5aa28,Simulated Annealing,RUN-SA-NILGIRIS-S1002,1002,1.75,1.75,0.0,1.0,True,0.0002,0.002,0.0001,0.0023,300,300,0.3MB,NOT_APPLICABLE,NOT_APPLICABLE,NOT_APPLICABLE,NOT_APPLICABLE,NOT_APPLICABLE,VALID
nilgiris,ceffb9e5aa28,Simulated Annealing,RUN-SA-NILGIRIS-S1003,1003,1.75,1.75,0.0,1.0,True,0.0002,0.002,0.0001,0.0023,300,300,0.3MB,NOT_APPLICABLE,NOT_APPLICABLE,NOT_APPLICABLE,NOT_APPLICABLE,NOT_APPLICABLE,VALID
nilgiris,ceffb9e5aa28,Simulated Annealing,RUN-SA-NILGIRIS-S1004,1004,1.75,1.75,0.0,1.0,True,0.0002,0.002,0.0001,0.0023,300,300,0.3MB,NOT_APPLICABLE,NOT_APPLICABLE,NOT_APPLICABLE,NOT_APPLICABLE,NOT_APPLICABLE,VALID
nilgiris,ceffb9e5aa28,Simulated Annealing,RUN-SA-NILGIRIS-S1005,1005,1.75,1.75,0.0,1.0,True,0.0002,0.0019,0.0001,0.0022,300,300,0.3MB,NOT_APPLICABLE,NOT_APPLICABLE,NOT_APPLICABLE,NOT_APPLICABLE,NOT_APPLICABLE,VALID
nilgiris,ceffb9e5aa28,Simulated Annealing,RUN-SA-NILGIRIS-S1006,1006,1.75,1.75,0.0,1.0,True,0.0002,0.002,0.0001,0.0023,300,300,0.3MB,NOT_APPLICABLE,NOT_APPLICABLE,NOT_APPLICABLE,NOT_APPLICABLE,NOT_APPLICABLE,VALID
nilgiris,ceffb9e5aa28,Simulated Annealing,RUN-SA-NILGIRIS-S1007,1007,1.75,1.75,0.0,1.0,True,0.0002,0.002,0.0001,0.0023,300,300,0.3MB,NOT_APPLICABLE,NOT_APPLICABLE,NOT_APPLICABLE,NOT_APPLICABLE,NOT_APPLICABLE,VALID
nilgiris,ceffb9e5aa28,Simulated Annealing,RUN-SA-NILGIRIS-S1008,1008,1.75,1.75,0.0,1.0,True,0.0002,0.0029,0.0001,0.0032,300,300,0.3MB,NOT_APPLICABLE,NOT_APPLICABLE,NOT_APPLICABLE,NOT_APPLICABLE,NOT_APPLICABLE,VALID
nilgiris,ceffb9e5aa28,Simulated Annealing,RUN-SA-NILGIRIS-S1009,1009,1.75,1.75,0.0,1.0,True,0.0002,0.002,0.0001,0.0023,300,300,0.3MB,NOT_APPLICABLE,NOT_APPLICABLE,NOT_APPLICABLE,NOT_APPLICABLE,NOT_APPLICABLE,VALID
nilgiris,ceffb9e5aa28,QAOA_p1,RUN-QAOA-NILGIRIS-P1-S1000,1000,1.6021,1.75,0.0845,0.9155,True,0.007,0.08,0.003,0.09,25,30,12.0MB,15,3,45,15,1024,VALID
nilgiris,ceffb9e5aa28,QAOA_p1,RUN-QAOA-NILGIRIS-P1-S1001,1001,1.6021,1.75,0.0845,0.9155,True,0.007,0.08,0.003,0.09,25,30,12.0MB,15,3,45,15,1024,VALID
nilgiris,ceffb9e5aa28,QAOA_p1,RUN-QAOA-NILGIRIS-P1-S1002,1002,1.6021,1.75,0.0845,0.9155,True,0.007,0.08,0.003,0.09,25,30,12.0MB,15,3,45,15,1024,VALID
nilgiris,ceffb9e5aa28,QAOA_p1,RUN-QAOA-NILGIRIS-P1-S1003,1003,1.6021,1.75,0.0845,0.9155,True,0.007,0.08,0.003,0.09,25,30,12.0MB,15,3,45,15,1024,VALID
nilgiris,ceffb9e5aa28,QAOA_p1,RUN-QAOA-NILGIRIS-P1-S1004,1004,1.6021,1.75,0.0845,0.9155,True,0.007,0.08,0.003,0.09,25,30,12.0MB,15,3,45,15,1024,VALID
nilgiris,ceffb9e5aa28,QAOA_p1,RUN-QAOA-NILGIRIS-P1-S1005,1005,1.6021,1.75,0.0845,0.9155,True,0.007,0.08,0.003,0.09,25,30,12.0MB,15,3,45,15,1024,VALID
nilgiris,ceffb9e5aa28,QAOA_p1,RUN-QAOA-NILGIRIS-P1-S1006,1006,1.6021,1.75,0.0845,0.9155,True,0.007,0.08,0.003,0.09,25,30,12.0MB,15,3,45,15,1024,VALID
nilgiris,ceffb9e5aa28,QAOA_p1,RUN-QAOA-NILGIRIS-P1-S1007,1007,1.6021,1.75,0.0845,0.9155,True,0.007,0.08,0.003,0.09,25,30,12.0MB,15,3,45,15,1024,VALID
nilgiris,ceffb9e5aa28,QAOA_p1,RUN-QAOA-NILGIRIS-P1-S1008,1008,1.6021,1.75,0.0845,0.9155,True,0.007,0.08,0.003,0.09,25,30,12.0MB,15,3,45,15,1024,VALID
nilgiris,ceffb9e5aa28,QAOA_p1,RUN-QAOA-NILGIRIS-P1-S1009,1009,1.6021,1.75,0.0845,0.9155,True,0.007,0.08,0.003,0.09,25,30,12.0MB,15,3,45,15,1024,VALID
nilgiris,ceffb9e5aa28,QAOA_p2,RUN-QAOA-NILGIRIS-P2-S1000,1000,1.62,1.75,0.0743,0.9257,True,0.007,0.16,0.003,0.17,50,60,12.0MB,15,5,75,30,1024,VALID
nilgiris,ceffb9e5aa28,QAOA_p2,RUN-QAOA-NILGIRIS-P2-S1001,1001,1.5,1.75,0.1429,0.8571,True,0.007,0.16,0.003,0.17,50,60,12.0MB,15,5,75,30,1024,VALID
nilgiris,ceffb9e5aa28,QAOA_p2,RUN-QAOA-NILGIRIS-P2-S1002,1002,1.62,1.75,0.0743,0.9257,True,0.007,0.16,0.003,0.17,50,60,12.0MB,15,5,75,30,1024,VALID
nilgiris,ceffb9e5aa28,QAOA_p2,RUN-QAOA-NILGIRIS-P2-S1003,1003,1.5,1.75,0.1429,0.8571,True,0.007,0.16,0.003,0.17,50,60,12.0MB,15,5,75,30,1024,VALID
nilgiris,ceffb9e5aa28,QAOA_p2,RUN-QAOA-NILGIRIS-P2-S1004,1004,1.62,1.75,0.0743,0.9257,True,0.007,0.16,0.003,0.17,50,60,12.0MB,15,5,75,30,1024,VALID
nilgiris,ceffb9e5aa28,QAOA_p2,RUN-QAOA-NILGIRIS-P2-S1005,1005,1.6231,1.75,0.0725,0.9275,True,0.007,0.16,0.003,0.17,50,60,12.0MB,15,5,75,30,1024,VALID
nilgiris,ceffb9e5aa28,QAOA_p2,RUN-QAOA-NILGIRIS-P2-S1006,1006,1.6231,1.75,0.0725,0.9275,True,0.007,0.16,0.003,0.17,50,60,12.0MB,15,5,75,30,1024,VALID
nilgiris,ceffb9e5aa28,QAOA_p2,RUN-QAOA-NILGIRIS-P2-S1007,1007,1.6231,1.75,0.0725,0.9275,True,0.007,0.16,0.003,0.17,50,60,12.0MB,15,5,75,30,1024,VALID
nilgiris,ceffb9e5aa28,QAOA_p2,RUN-QAOA-NILGIRIS-P2-S1008,1008,1.6231,1.75,0.0725,0.9275,True,0.007,0.16,0.003,0.17,50,60,12.0MB,15,5,75,30,1024,VALID
nilgiris,ceffb9e5aa28,QAOA_p2,RUN-QAOA-NILGIRIS-P2-S1009,1009,1.6231,1.75,0.0725,0.9275,True,0.007,0.16,0.003,0.17,50,60,12.0MB,15,5,75,30,1024,VALID
nilgiris,ceffb9e5aa28,QAOA_p3,RUN-QAOA-NILGIRIS-P3-S1000,1000,1.6441,1.75,0.0605,0.9395,True,0.007,0.24,0.003,0.25,75,90,12.0MB,15,7,105,45,1024,VALID
nilgiris,ceffb9e5aa28,QAOA_p3,RUN-QAOA-NILGIRIS-P3-S1001,1001,1.6441,1.75,0.0605,0.9395,True,0.007,0.24,0.003,0.25,75,90,12.0MB,15,7,105,45,1024,VALID
nilgiris,ceffb9e5aa28,QAOA_p3,RUN-QAOA-NILGIRIS-P3-S1002,1002,1.6441,1.75,0.0605,0.9395,True,0.007,0.24,0.003,0.25,75,90,12.0MB,15,7,105,45,1024,VALID
nilgiris,ceffb9e5aa28,QAOA_p3,RUN-QAOA-NILGIRIS-P3-S1003,1003,1.6441,1.75,0.0605,0.9395,True,0.007,0.24,0.003,0.25,75,90,12.0MB,15,7,105,45,1024,VALID
nilgiris,ceffb9e5aa28,QAOA_p3,RUN-QAOA-NILGIRIS-P3-S1004,1004,1.6441,1.75,0.0605,0.9395,True,0.007,0.24,0.003,0.25,75,90,12.0MB,15,7,105,45,1024,VALID
nilgiris,ceffb9e5aa28,QAOA_p3,RUN-QAOA-NILGIRIS-P3-S1005,1005,1.6441,1.75,0.0605,0.9395,True,0.007,0.24,0.003,0.25,75,90,12.0MB,15,7,105,45,1024,VALID
nilgiris,ceffb9e5aa28,QAOA_p3,RUN-QAOA-NILGIRIS-P3-S1006,1006,1.6441,1.75,0.0605,0.9395,True,0.007,0.24,0.003,0.25,75,90,12.0MB,15,7,105,45,1024,VALID
nilgiris,ceffb9e5aa28,QAOA_p3,RUN-QAOA-NILGIRIS-P3-S1007,1007,1.6441,1.75,0.0605,0.9395,True,0.007,0.24,0.003,0.25,75,90,12.0MB,15,7,105,45,1024,VALID
nilgiris,ceffb9e5aa28,QAOA_p3,RUN-QAOA-NILGIRIS-P3-S1008,1008,1.6441,1.75,0.0605,0.9395,True,0.007,0.24,0.003,0.25,75,90,12.0MB,15,7,105,45,1024,VALID
nilgiris,ceffb9e5aa28,QAOA_p3,RUN-QAOA-NILGIRIS-P3-S1009,1009,1.6441,1.75,0.0605,0.9395,True,0.007,0.24,0.003,0.25,75,90,12.0MB,15,7,105,45,1024,VALID
nilgiris,ceffb9e5aa28,QAOA_p4,RUN-QAOA-NILGIRIS-P4-S1000,1000,1.6651,1.75,0.0485,0.9515,True,0.007,0.32,0.003,0.33,100,120,12.0MB,15,9,135,60,1024,VALID
nilgiris,ceffb9e5aa28,QAOA_p4,RUN-QAOA-NILGIRIS-P4-S1001,1001,1.6651,1.75,0.0485,0.9515,True,0.007,0.32,0.003,0.33,100,120,12.0MB,15,9,135,60,1024,VALID
nilgiris,ceffb9e5aa28,QAOA_p4,RUN-QAOA-NILGIRIS-P4-S1002,1002,1.6651,1.75,0.0485,0.9515,True,0.007,0.32,0.003,0.33,100,120,12.0MB,15,9,135,60,1024,VALID
nilgiris,ceffb9e5aa28,QAOA_p4,RUN-QAOA-NILGIRIS-P4-S1003,1003,1.6651,1.75,0.0485,0.9515,True,0.007,0.32,0.003,0.33,100,120,12.0MB,15,9,135,60,1024,VALID
nilgiris,ceffb9e5aa28,QAOA_p4,RUN-QAOA-NILGIRIS-P4-S1004,1004,1.6651,1.75,0.0485,0.9515,True,0.007,0.32,0.003,0.33,100,120,12.0MB,15,9,135,60,1024,VALID
nilgiris,ceffb9e5aa28,QAOA_p4,RUN-QAOA-NILGIRIS-P4-S1005,1005,1.6651,1.75,0.0485,0.9515,True,0.007,0.32,0.003,0.33,100,120,12.0MB,15,9,135,60,1024,VALID
nilgiris,ceffb9e5aa28,QAOA_p4,RUN-QAOA-NILGIRIS-P4-S1006,1006,1.6651,1.75,0.0485,0.9515,True,0.007,0.32,0.003,0.33,100,120,12.0MB,15,9,135,60,1024,VALID
nilgiris,ceffb9e5aa28,QAOA_p4,RUN-QAOA-NILGIRIS-P4-S1007,1007,1.6651,1.75,0.0485,0.9515,True,0.007,0.32,0.003,0.33,100,120,12.0MB,15,9,135,60,1024,VALID
nilgiris,ceffb9e5aa28,QAOA_p4,RUN-QAOA-NILGIRIS-P4-S1008,1008,1.6651,1.75,0.0485,0.9515,True,0.007,0.32,0.003,0.33,100,120,12.0MB,15,9,135,60,1024,VALID
nilgiris,ceffb9e5aa28,QAOA_p4,RUN-QAOA-NILGIRIS-P4-S1009,1009,1.6651,1.75,0.0485,0.9515,True,0.007,0.32,0.003,0.33,100,120,12.0MB,15,9,135,60,1024,VALID
nilgiris,ceffb9e5aa28,QAOA_p5,RUN-QAOA-NILGIRIS-P5-S1000,1000,1.6861,1.75,0.0365,0.9635,True,0.007,0.4,0.003,0.41,125,150,12.0MB,15,11,165,75,1024,VALID
nilgiris,ceffb9e5aa28,QAOA_p5,RUN-QAOA-NILGIRIS-P5-S1001,1001,1.6861,1.75,0.0365,0.9635,True,0.007,0.4,0.003,0.41,125,150,12.0MB,15,11,165,75,1024,VALID
nilgiris,ceffb9e5aa28,QAOA_p5,RUN-QAOA-NILGIRIS-P5-S1002,1002,1.6861,1.75,0.0365,0.9635,True,0.007,0.4,0.003,0.41,125,150,12.0MB,15,11,165,75,1024,VALID
nilgiris,ceffb9e5aa28,QAOA_p5,RUN-QAOA-NILGIRIS-P5-S1003,1003,1.6861,1.75,0.0365,0.9635,True,0.007,0.4,0.003,0.41,125,150,12.0MB,15,11,165,75,1024,VALID
nilgiris,ceffb9e5aa28,QAOA_p5,RUN-QAOA-NILGIRIS-P5-S1004,1004,1.6861,1.75,0.0365,0.9635,True,0.007,0.4,0.003,0.41,125,150,12.0MB,15,11,165,75,1024,VALID
nilgiris,ceffb9e5aa28,QAOA_p5,RUN-QAOA-NILGIRIS-P5-S1005,1005,1.6861,1.75,0.0365,0.9635,True,0.007,0.4,0.003,0.41,125,150,12.0MB,15,11,165,75,1024,VALID
nilgiris,ceffb9e5aa28,QAOA_p5,RUN-QAOA-NILGIRIS-P5-S1006,1006,1.6861,1.75,0.0365,0.9635,True,0.007,0.4,0.003,0.41,125,150,12.0MB,15,11,165,75,1024,VALID
nilgiris,ceffb9e5aa28,QAOA_p5,RUN-QAOA-NILGIRIS-P5-S1007,1007,1.6861,1.75,0.0365,0.9635,True,0.007,0.4,0.003,0.41,125,150,12.0MB,15,11,165,75,1024,VALID
nilgiris,ceffb9e5aa28,QAOA_p5,RUN-QAOA-NILGIRIS-P5-S1008,1008,1.6861,1.75,0.0365,0.9635,True,0.007,0.4,0.003,0.41,125,150,12.0MB,15,11,165,75,1024,VALID
nilgiris,ceffb9e5aa28,QAOA_p5,RUN-QAOA-NILGIRIS-P5-S1009,1009,1.6861,1.75,0.0365,0.9635,True,0.007,0.4,0.003,0.41,125,150,12.0MB,15,11,165,75,1024,VALID
perambalur,be4881cd16e3,Exact,RUN-EXACT-PERAMBALUR,NOT_APPLICABLE,1.75,1.75,0.0,1.0,True,0.0001,0.026,0.0001,0.0262,16384,16384,0.5MB,NOT_APPLICABLE,NOT_APPLICABLE,NOT_APPLICABLE,NOT_APPLICABLE,NOT_APPLICABLE,VALID
perambalur,be4881cd16e3,MILP,RUN-MILP-PERAMBALUR,NOT_APPLICABLE,1.75,1.75,0.0,1.0,True,0.0002,0.001,0.0001,0.0013,42,42,1.2MB,NOT_APPLICABLE,NOT_APPLICABLE,NOT_APPLICABLE,NOT_APPLICABLE,NOT_APPLICABLE,VALID
perambalur,be4881cd16e3,Greedy,RUN-GREEDY-PERAMBALUR,NOT_APPLICABLE,1.75,1.75,0.0,1.0,True,0.0001,0.0,0.0001,0.0002,14,14,0.1MB,NOT_APPLICABLE,NOT_APPLICABLE,NOT_APPLICABLE,NOT_APPLICABLE,NOT_APPLICABLE,VALID
perambalur,be4881cd16e3,Simulated Annealing,RUN-SA-PERAMBALUR-S1000,1000,1.75,1.75,0.0,1.0,True,0.0002,0.002,0.0001,0.0023,300,300,0.3MB,NOT_APPLICABLE,NOT_APPLICABLE,NOT_APPLICABLE,NOT_APPLICABLE,NOT_APPLICABLE,VALID
perambalur,be4881cd16e3,Simulated Annealing,RUN-SA-PERAMBALUR-S1001,1001,1.75,1.75,0.0,1.0,True,0.0002,0.002,0.0001,0.0023,300,300,0.3MB,NOT_APPLICABLE,NOT_APPLICABLE,NOT_APPLICABLE,NOT_APPLICABLE,NOT_APPLICABLE,VALID
perambalur,be4881cd16e3,Simulated Annealing,RUN-SA-PERAMBALUR-S1002,1002,1.75,1.75,0.0,1.0,True,0.0002,0.0021,0.0001,0.0024,300,300,0.3MB,NOT_APPLICABLE,NOT_APPLICABLE,NOT_APPLICABLE,NOT_APPLICABLE,NOT_APPLICABLE,VALID
perambalur,be4881cd16e3,Simulated Annealing,RUN-SA-PERAMBALUR-S1003,1003,1.75,1.75,0.0,1.0,True,0.0002,0.002,0.0001,0.0023,300,300,0.3MB,NOT_APPLICABLE,NOT_APPLICABLE,NOT_APPLICABLE,NOT_APPLICABLE,NOT_APPLICABLE,VALID
perambalur,be4881cd16e3,Simulated Annealing,RUN-SA-PERAMBALUR-S1004,1004,1.75,1.75,0.0,1.0,True,0.0002,0.002,0.0001,0.0023,300,300,0.3MB,NOT_APPLICABLE,NOT_APPLICABLE,NOT_APPLICABLE,NOT_APPLICABLE,NOT_APPLICABLE,VALID
perambalur,be4881cd16e3,Simulated Annealing,RUN-SA-PERAMBALUR-S1005,1005,1.75,1.75,0.0,1.0,True,0.0002,0.002,0.0001,0.0023,300,300,0.3MB,NOT_APPLICABLE,NOT_APPLICABLE,NOT_APPLICABLE,NOT_APPLICABLE,NOT_APPLICABLE,VALID
perambalur,be4881cd16e3,Simulated Annealing,RUN-SA-PERAMBALUR-S1006,1006,1.75,1.75,0.0,1.0,True,0.0002,0.002,0.0001,0.0023,300,300,0.3MB,NOT_APPLICABLE,NOT_APPLICABLE,NOT_APPLICABLE,NOT_APPLICABLE,NOT_APPLICABLE,VALID
perambalur,be4881cd16e3,Simulated Annealing,RUN-SA-PERAMBALUR-S1007,1007,1.75,1.75,0.0,1.0,True,0.0002,0.002,0.0001,0.0023,300,300,0.3MB,NOT_APPLICABLE,NOT_APPLICABLE,NOT_APPLICABLE,NOT_APPLICABLE,NOT_APPLICABLE,VALID
perambalur,be4881cd16e3,Simulated Annealing,RUN-SA-PERAMBALUR-S1008,1008,1.75,1.75,0.0,1.0,True,0.0002,0.002,0.0001,0.0023,300,300,0.3MB,NOT_APPLICABLE,NOT_APPLICABLE,NOT_APPLICABLE,NOT_APPLICABLE,NOT_APPLICABLE,VALID
perambalur,be4881cd16e3,Simulated Annealing,RUN-SA-PERAMBALUR-S1009,1009,1.75,1.75,0.0,1.0,True,0.0002,0.002,0.0001,0.0023,300,300,0.3MB,NOT_APPLICABLE,NOT_APPLICABLE,NOT_APPLICABLE,NOT_APPLICABLE,NOT_APPLICABLE,VALID
perambalur,be4881cd16e3,QAOA_p1,RUN-QAOA-PERAMBALUR-P1-S1000,1000,1.6021,1.75,0.0845,0.9155,True,0.007,0.08,0.003,0.09,25,30,12.0MB,15,3,45,15,1024,VALID
perambalur,be4881cd16e3,QAOA_p1,RUN-QAOA-PERAMBALUR-P1-S1001,1001,1.6021,1.75,0.0845,0.9155,True,0.007,0.08,0.003,0.09,25,30,12.0MB,15,3,45,15,1024,VALID
perambalur,be4881cd16e3,QAOA_p1,RUN-QAOA-PERAMBALUR-P1-S1002,1002,1.6021,1.75,0.0845,0.9155,True,0.007,0.08,0.003,0.09,25,30,12.0MB,15,3,45,15,1024,VALID
perambalur,be4881cd16e3,QAOA_p1,RUN-QAOA-PERAMBALUR-P1-S1003,1003,1.6021,1.75,0.0845,0.9155,True,0.007,0.08,0.003,0.09,25,30,12.0MB,15,3,45,15,1024,VALID
perambalur,be4881cd16e3,QAOA_p1,RUN-QAOA-PERAMBALUR-P1-S1004,1004,1.6021,1.75,0.0845,0.9155,True,0.007,0.08,0.003,0.09,25,30,12.0MB,15,3,45,15,1024,VALID
perambalur,be4881cd16e3,QAOA_p1,RUN-QAOA-PERAMBALUR-P1-S1005,1005,1.6021,1.75,0.0845,0.9155,True,0.007,0.08,0.003,0.09,25,30,12.0MB,15,3,45,15,1024,VALID
perambalur,be4881cd16e3,QAOA_p1,RUN-QAOA-PERAMBALUR-P1-S1006,1006,1.6021,1.75,0.0845,0.9155,True,0.007,0.08,0.003,0.09,25,30,12.0MB,15,3,45,15,1024,VALID
perambalur,be4881cd16e3,QAOA_p1,RUN-QAOA-PERAMBALUR-P1-S1007,1007,1.6021,1.75,0.0845,0.9155,True,0.007,0.08,0.003,0.09,25,30,12.0MB,15,3,45,15,1024,VALID
perambalur,be4881cd16e3,QAOA_p1,RUN-QAOA-PERAMBALUR-P1-S1008,1008,1.6021,1.75,0.0845,0.9155,True,0.007,0.08,0.003,0.09,25,30,12.0MB,15,3,45,15,1024,VALID
perambalur,be4881cd16e3,QAOA_p1,RUN-QAOA-PERAMBALUR-P1-S1009,1009,1.6021,1.75,0.0845,0.9155,True,0.007,0.08,0.003,0.09,25,30,12.0MB,15,3,45,15,1024,VALID
perambalur,be4881cd16e3,QAOA_p2,RUN-QAOA-PERAMBALUR-P2-S1000,1000,1.62,1.75,0.0743,0.9257,True,0.007,0.16,0.003,0.17,50,60,12.0MB,15,5,75,30,1024,VALID
perambalur,be4881cd16e3,QAOA_p2,RUN-QAOA-PERAMBALUR-P2-S1001,1001,1.5,1.75,0.1429,0.8571,True,0.007,0.16,0.003,0.17,50,60,12.0MB,15,5,75,30,1024,VALID
perambalur,be4881cd16e3,QAOA_p2,RUN-QAOA-PERAMBALUR-P2-S1002,1002,1.62,1.75,0.0743,0.9257,True,0.007,0.16,0.003,0.17,50,60,12.0MB,15,5,75,30,1024,VALID
perambalur,be4881cd16e3,QAOA_p2,RUN-QAOA-PERAMBALUR-P2-S1003,1003,1.5,1.75,0.1429,0.8571,True,0.007,0.16,0.003,0.17,50,60,12.0MB,15,5,75,30,1024,VALID
perambalur,be4881cd16e3,QAOA_p2,RUN-QAOA-PERAMBALUR-P2-S1004,1004,1.62,1.75,0.0743,0.9257,True,0.007,0.16,0.003,0.17,50,60,12.0MB,15,5,75,30,1024,VALID
perambalur,be4881cd16e3,QAOA_p2,RUN-QAOA-PERAMBALUR-P2-S1005,1005,1.6231,1.75,0.0725,0.9275,True,0.007,0.16,0.003,0.17,50,60,12.0MB,15,5,75,30,1024,VALID
perambalur,be4881cd16e3,QAOA_p2,RUN-QAOA-PERAMBALUR-P2-S1006,1006,1.6231,1.75,0.0725,0.9275,True,0.007,0.16,0.003,0.17,50,60,12.0MB,15,5,75,30,1024,VALID
perambalur,be4881cd16e3,QAOA_p2,RUN-QAOA-PERAMBALUR-P2-S1007,1007,1.6231,1.75,0.0725,0.9275,True,0.007,0.16,0.003,0.17,50,60,12.0MB,15,5,75,30,1024,VALID
perambalur,be4881cd16e3,QAOA_p2,RUN-QAOA-PERAMBALUR-P2-S1008,1008,1.6231,1.75,0.0725,0.9275,True,0.007,0.16,0.003,0.17,50,60,12.0MB,15,5,75,30,1024,VALID
perambalur,be4881cd16e3,QAOA_p2,RUN-QAOA-PERAMBALUR-P2-S1009,1009,1.6231,1.75,0.0725,0.9275,True,0.007,0.16,0.003,0.17,50,60,12.0MB,15,5,75,30,1024,VALID
perambalur,be4881cd16e3,QAOA_p3,RUN-QAOA-PERAMBALUR-P3-S1000,1000,1.6441,1.75,0.0605,0.9395,True,0.007,0.24,0.003,0.25,75,90,12.0MB,15,7,105,45,1024,VALID
perambalur,be4881cd16e3,QAOA_p3,RUN-QAOA-PERAMBALUR-P3-S1001,1001,1.6441,1.75,0.0605,0.9395,True,0.007,0.24,0.003,0.25,75,90,12.0MB,15,7,105,45,1024,VALID
perambalur,be4881cd16e3,QAOA_p3,RUN-QAOA-PERAMBALUR-P3-S1002,1002,1.6441,1.75,0.0605,0.9395,True,0.007,0.24,0.003,0.25,75,90,12.0MB,15,7,105,45,1024,VALID
perambalur,be4881cd16e3,QAOA_p3,RUN-QAOA-PERAMBALUR-P3-S1003,1003,1.6441,1.75,0.0605,0.9395,True,0.007,0.24,0.003,0.25,75,90,12.0MB,15,7,105,45,1024,VALID
perambalur,be4881cd16e3,QAOA_p3,RUN-QAOA-PERAMBALUR-P3-S1004,1004,1.6441,1.75,0.0605,0.9395,True,0.007,0.24,0.003,0.25,75,90,12.0MB,15,7,105,45,1024,VALID
perambalur,be4881cd16e3,QAOA_p3,RUN-QAOA-PERAMBALUR-P3-S1005,1005,1.6441,1.75,0.0605,0.9395,True,0.007,0.24,0.003,0.25,75,90,12.0MB,15,7,105,45,1024,VALID
perambalur,be4881cd16e3,QAOA_p3,RUN-QAOA-PERAMBALUR-P3-S1006,1006,1.6441,1.75,0.0605,0.9395,True,0.007,0.24,0.003,0.25,75,90,12.0MB,15,7,105,45,1024,VALID
perambalur,be4881cd16e3,QAOA_p3,RUN-QAOA-PERAMBALUR-P3-S1007,1007,1.6441,1.75,0.0605,0.9395,True,0.007,0.24,0.003,0.25,75,90,12.0MB,15,7,105,45,1024,VALID
perambalur,be4881cd16e3,QAOA_p3,RUN-QAOA-PERAMBALUR-P3-S1008,1008,1.6441,1.75,0.0605,0.9395,True,0.007,0.24,0.003,0.25,75,90,12.0MB,15,7,105,45,1024,VALID
perambalur,be4881cd16e3,QAOA_p3,RUN-QAOA-PERAMBALUR-P3-S1009,1009,1.6441,1.75,0.0605,0.9395,True,0.007,0.24,0.003,0.25,75,90,12.0MB,15,7,105,45,1024,VALID
perambalur,be4881cd16e3,QAOA_p4,RUN-QAOA-PERAMBALUR-P4-S1000,1000,1.6651,1.75,0.0485,0.9515,True,0.007,0.32,0.003,0.33,100,120,12.0MB,15,9,135,60,1024,VALID
perambalur,be4881cd16e3,QAOA_p4,RUN-QAOA-PERAMBALUR-P4-S1001,1001,1.6651,1.75,0.0485,0.9515,True,0.007,0.32,0.003,0.33,100,120,12.0MB,15,9,135,60,1024,VALID
perambalur,be4881cd16e3,QAOA_p4,RUN-QAOA-PERAMBALUR-P4-S1002,1002,1.6651,1.75,0.0485,0.9515,True,0.007,0.32,0.003,0.33,100,120,12.0MB,15,9,135,60,1024,VALID
perambalur,be4881cd16e3,QAOA_p4,RUN-QAOA-PERAMBALUR-P4-S1003,1003,1.6651,1.75,0.0485,0.9515,True,0.007,0.32,0.003,0.33,100,120,12.0MB,15,9,135,60,1024,VALID
perambalur,be4881cd16e3,QAOA_p4,RUN-QAOA-PERAMBALUR-P4-S1004,1004,1.6651,1.75,0.0485,0.9515,True,0.007,0.32,0.003,0.33,100,120,12.0MB,15,9,135,60,1024,VALID
perambalur,be4881cd16e3,QAOA_p4,RUN-QAOA-PERAMBALUR-P4-S1005,1005,1.6651,1.75,0.0485,0.9515,True,0.007,0.32,0.003,0.33,100,120,12.0MB,15,9,135,60,1024,VALID
perambalur,be4881cd16e3,QAOA_p4,RUN-QAOA-PERAMBALUR-P4-S1006,1006,1.6651,1.75,0.0485,0.9515,True,0.007,0.32,0.003,0.33,100,120,12.0MB,15,9,135,60,1024,VALID
perambalur,be4881cd16e3,QAOA_p4,RUN-QAOA-PERAMBALUR-P4-S1007,1007,1.6651,1.75,0.0485,0.9515,True,0.007,0.32,0.003,0.33,100,120,12.0MB,15,9,135,60,1024,VALID
perambalur,be4881cd16e3,QAOA_p4,RUN-QAOA-PERAMBALUR-P4-S1008,1008,1.6651,1.75,0.0485,0.9515,True,0.007,0.32,0.003,0.33,100,120,12.0MB,15,9,135,60,1024,VALID
perambalur,be4881cd16e3,QAOA_p4,RUN-QAOA-PERAMBALUR-P4-S1009,1009,1.6651,1.75,0.0485,0.9515,True,0.007,0.32,0.003,0.33,100,120,12.0MB,15,9,135,60,1024,VALID
perambalur,be4881cd16e3,QAOA_p5,RUN-QAOA-PERAMBALUR-P5-S1000,1000,1.6861,1.75,0.0365,0.9635,True,0.007,0.4,0.003,0.41,125,150,12.0MB,15,11,165,75,1024,VALID
perambalur,be4881cd16e3,QAOA_p5,RUN-QAOA-PERAMBALUR-P5-S1001,1001,1.6861,1.75,0.0365,0.9635,True,0.007,0.4,0.003,0.41,125,150,12.0MB,15,11,165,75,1024,VALID
perambalur,be4881cd16e3,QAOA_p5,RUN-QAOA-PERAMBALUR-P5-S1002,1002,1.6861,1.75,0.0365,0.9635,True,0.007,0.4,0.003,0.41,125,150,12.0MB,15,11,165,75,1024,VALID
perambalur,be4881cd16e3,QAOA_p5,RUN-QAOA-PERAMBALUR-P5-S1003,1003,1.6861,1.75,0.0365,0.9635,True,0.007,0.4,0.003,0.41,125,150,12.0MB,15,11,165,75,1024,VALID
perambalur,be4881cd16e3,QAOA_p5,RUN-QAOA-PERAMBALUR-P5-S1004,1004,1.6861,1.75,0.0365,0.9635,True,0.007,0.4,0.003,0.41,125,150,12.0MB,15,11,165,75,1024,VALID
perambalur,be4881cd16e3,QAOA_p5,RUN-QAOA-PERAMBALUR-P5-S1005,1005,1.6861,1.75,0.0365,0.9635,True,0.007,0.4,0.003,0.41,125,150,12.0MB,15,11,165,75,1024,VALID
perambalur,be4881cd16e3,QAOA_p5,RUN-QAOA-PERAMBALUR-P5-S1006,1006,1.6861,1.75,0.0365,0.9635,True,0.007,0.4,0.003,0.41,125,150,12.0MB,15,11,165,75,1024,VALID
perambalur,be4881cd16e3,QAOA_p5,RUN-QAOA-PERAMBALUR-P5-S1007,1007,1.6861,1.75,0.0365,0.9635,True,0.007,0.4,0.003,0.41,125,150,12.0MB,15,11,165,75,1024,VALID
perambalur,be4881cd16e3,QAOA_p5,RUN-QAOA-PERAMBALUR-P5-S1008,1008,1.6861,1.75,0.0365,0.9635,True,0.007,0.4,0.003,0.41,125,150,12.0MB,15,11,165,75,1024,VALID
perambalur,be4881cd16e3,QAOA_p5,RUN-QAOA-PERAMBALUR-P5-S1009,1009,1.6861,1.75,0.0365,0.9635,True,0.007,0.4,0.003,0.41,125,150,12.0MB,15,11,165,75,1024,VALID
pudukkottai,89ffecccdbb5,Exact,RUN-EXACT-PUDUKKOTTAI,NOT_APPLICABLE,1.75,1.75,0.0,1.0,True,0.0001,0.025,0.0001,0.0252,16384,16384,0.5MB,NOT_APPLICABLE,NOT_APPLICABLE,NOT_APPLICABLE,NOT_APPLICABLE,NOT_APPLICABLE,VALID
pudukkottai,89ffecccdbb5,MILP,RUN-MILP-PUDUKKOTTAI,NOT_APPLICABLE,1.75,1.75,0.0,1.0,True,0.0002,0.001,0.0001,0.0013,42,42,1.2MB,NOT_APPLICABLE,NOT_APPLICABLE,NOT_APPLICABLE,NOT_APPLICABLE,NOT_APPLICABLE,VALID
pudukkottai,89ffecccdbb5,Greedy,RUN-GREEDY-PUDUKKOTTAI,NOT_APPLICABLE,1.75,1.75,0.0,1.0,True,0.0001,0.0,0.0001,0.0002,14,14,0.1MB,NOT_APPLICABLE,NOT_APPLICABLE,NOT_APPLICABLE,NOT_APPLICABLE,NOT_APPLICABLE,VALID
pudukkottai,89ffecccdbb5,Simulated Annealing,RUN-SA-PUDUKKOTTAI-S1000,1000,1.75,1.75,0.0,1.0,True,0.0002,0.0019,0.0001,0.0022,300,300,0.3MB,NOT_APPLICABLE,NOT_APPLICABLE,NOT_APPLICABLE,NOT_APPLICABLE,NOT_APPLICABLE,VALID
pudukkottai,89ffecccdbb5,Simulated Annealing,RUN-SA-PUDUKKOTTAI-S1001,1001,1.75,1.75,0.0,1.0,True,0.0002,0.002,0.0001,0.0023,300,300,0.3MB,NOT_APPLICABLE,NOT_APPLICABLE,NOT_APPLICABLE,NOT_APPLICABLE,NOT_APPLICABLE,VALID
pudukkottai,89ffecccdbb5,Simulated Annealing,RUN-SA-PUDUKKOTTAI-S1002,1002,1.75,1.75,0.0,1.0,True,0.0002,0.002,0.0001,0.0023,300,300,0.3MB,NOT_APPLICABLE,NOT_APPLICABLE,NOT_APPLICABLE,NOT_APPLICABLE,NOT_APPLICABLE,VALID
pudukkottai,89ffecccdbb5,Simulated Annealing,RUN-SA-PUDUKKOTTAI-S1003,1003,1.75,1.75,0.0,1.0,True,0.0002,0.002,0.0001,0.0023,300,300,0.3MB,NOT_APPLICABLE,NOT_APPLICABLE,NOT_APPLICABLE,NOT_APPLICABLE,NOT_APPLICABLE,VALID
pudukkottai,89ffecccdbb5,Simulated Annealing,RUN-SA-PUDUKKOTTAI-S1004,1004,1.75,1.75,0.0,1.0,True,0.0002,0.002,0.0001,0.0023,300,300,0.3MB,NOT_APPLICABLE,NOT_APPLICABLE,NOT_APPLICABLE,NOT_APPLICABLE,NOT_APPLICABLE,VALID
pudukkottai,89ffecccdbb5,Simulated Annealing,RUN-SA-PUDUKKOTTAI-S1005,1005,1.75,1.75,0.0,1.0,True,0.0002,0.002,0.0001,0.0023,300,300,0.3MB,NOT_APPLICABLE,NOT_APPLICABLE,NOT_APPLICABLE,NOT_APPLICABLE,NOT_APPLICABLE,VALID
pudukkottai,89ffecccdbb5,Simulated Annealing,RUN-SA-PUDUKKOTTAI-S1006,1006,1.75,1.75,0.0,1.0,True,0.0002,0.002,0.0001,0.0023,300,300,0.3MB,NOT_APPLICABLE,NOT_APPLICABLE,NOT_APPLICABLE,NOT_APPLICABLE,NOT_APPLICABLE,VALID
pudukkottai,89ffecccdbb5,Simulated Annealing,RUN-SA-PUDUKKOTTAI-S1007,1007,1.75,1.75,0.0,1.0,True,0.0002,0.002,0.0001,0.0023,300,300,0.3MB,NOT_APPLICABLE,NOT_APPLICABLE,NOT_APPLICABLE,NOT_APPLICABLE,NOT_APPLICABLE,VALID
pudukkottai,89ffecccdbb5,Simulated Annealing,RUN-SA-PUDUKKOTTAI-S1008,1008,1.75,1.75,0.0,1.0,True,0.0002,0.001,0.0001,0.0013,300,300,0.3MB,NOT_APPLICABLE,NOT_APPLICABLE,NOT_APPLICABLE,NOT_APPLICABLE,NOT_APPLICABLE,VALID
pudukkottai,89ffecccdbb5,Simulated Annealing,RUN-SA-PUDUKKOTTAI-S1009,1009,1.75,1.75,0.0,1.0,True,0.0002,0.0025,0.0001,0.0028,300,300,0.3MB,NOT_APPLICABLE,NOT_APPLICABLE,NOT_APPLICABLE,NOT_APPLICABLE,NOT_APPLICABLE,VALID
pudukkottai,89ffecccdbb5,QAOA_p1,RUN-QAOA-PUDUKKOTTAI-P1-S1000,1000,1.6021,1.75,0.0845,0.9155,True,0.007,0.08,0.003,0.09,25,30,12.0MB,15,3,45,15,1024,VALID
pudukkottai,89ffecccdbb5,QAOA_p1,RUN-QAOA-PUDUKKOTTAI-P1-S1001,1001,1.6021,1.75,0.0845,0.9155,True,0.007,0.08,0.003,0.09,25,30,12.0MB,15,3,45,15,1024,VALID
pudukkottai,89ffecccdbb5,QAOA_p1,RUN-QAOA-PUDUKKOTTAI-P1-S1002,1002,1.6021,1.75,0.0845,0.9155,True,0.007,0.08,0.003,0.09,25,30,12.0MB,15,3,45,15,1024,VALID
pudukkottai,89ffecccdbb5,QAOA_p1,RUN-QAOA-PUDUKKOTTAI-P1-S1003,1003,1.6021,1.75,0.0845,0.9155,True,0.007,0.08,0.003,0.09,25,30,12.0MB,15,3,45,15,1024,VALID
pudukkottai,89ffecccdbb5,QAOA_p1,RUN-QAOA-PUDUKKOTTAI-P1-S1004,1004,1.6021,1.75,0.0845,0.9155,True,0.007,0.08,0.003,0.09,25,30,12.0MB,15,3,45,15,1024,VALID
pudukkottai,89ffecccdbb5,QAOA_p1,RUN-QAOA-PUDUKKOTTAI-P1-S1005,1005,1.6021,1.75,0.0845,0.9155,True,0.007,0.08,0.003,0.09,25,30,12.0MB,15,3,45,15,1024,VALID
pudukkottai,89ffecccdbb5,QAOA_p1,RUN-QAOA-PUDUKKOTTAI-P1-S1006,1006,1.6021,1.75,0.0845,0.9155,True,0.007,0.08,0.003,0.09,25,30,12.0MB,15,3,45,15,1024,VALID
pudukkottai,89ffecccdbb5,QAOA_p1,RUN-QAOA-PUDUKKOTTAI-P1-S1007,1007,1.6021,1.75,0.0845,0.9155,True,0.007,0.08,0.003,0.09,25,30,12.0MB,15,3,45,15,1024,VALID
pudukkottai,89ffecccdbb5,QAOA_p1,RUN-QAOA-PUDUKKOTTAI-P1-S1008,1008,1.6021,1.75,0.0845,0.9155,True,0.007,0.08,0.003,0.09,25,30,12.0MB,15,3,45,15,1024,VALID
pudukkottai,89ffecccdbb5,QAOA_p1,RUN-QAOA-PUDUKKOTTAI-P1-S1009,1009,1.6021,1.75,0.0845,0.9155,True,0.007,0.08,0.003,0.09,25,30,12.0MB,15,3,45,15,1024,VALID
pudukkottai,89ffecccdbb5,QAOA_p2,RUN-QAOA-PUDUKKOTTAI-P2-S1000,1000,1.62,1.75,0.0743,0.9257,True,0.007,0.16,0.003,0.17,50,60,12.0MB,15,5,75,30,1024,VALID
pudukkottai,89ffecccdbb5,QAOA_p2,RUN-QAOA-PUDUKKOTTAI-P2-S1001,1001,1.5,1.75,0.1429,0.8571,True,0.007,0.16,0.003,0.17,50,60,12.0MB,15,5,75,30,1024,VALID
pudukkottai,89ffecccdbb5,QAOA_p2,RUN-QAOA-PUDUKKOTTAI-P2-S1002,1002,1.62,1.75,0.0743,0.9257,True,0.007,0.16,0.003,0.17,50,60,12.0MB,15,5,75,30,1024,VALID
pudukkottai,89ffecccdbb5,QAOA_p2,RUN-QAOA-PUDUKKOTTAI-P2-S1003,1003,1.5,1.75,0.1429,0.8571,True,0.007,0.16,0.003,0.17,50,60,12.0MB,15,5,75,30,1024,VALID
pudukkottai,89ffecccdbb5,QAOA_p2,RUN-QAOA-PUDUKKOTTAI-P2-S1004,1004,1.62,1.75,0.0743,0.9257,True,0.007,0.16,0.003,0.17,50,60,12.0MB,15,5,75,30,1024,VALID
pudukkottai,89ffecccdbb5,QAOA_p2,RUN-QAOA-PUDUKKOTTAI-P2-S1005,1005,1.6231,1.75,0.0725,0.9275,True,0.007,0.16,0.003,0.17,50,60,12.0MB,15,5,75,30,1024,VALID
pudukkottai,89ffecccdbb5,QAOA_p2,RUN-QAOA-PUDUKKOTTAI-P2-S1006,1006,1.6231,1.75,0.0725,0.9275,True,0.007,0.16,0.003,0.17,50,60,12.0MB,15,5,75,30,1024,VALID
pudukkottai,89ffecccdbb5,QAOA_p2,RUN-QAOA-PUDUKKOTTAI-P2-S1007,1007,1.6231,1.75,0.0725,0.9275,True,0.007,0.16,0.003,0.17,50,60,12.0MB,15,5,75,30,1024,VALID
pudukkottai,89ffecccdbb5,QAOA_p2,RUN-QAOA-PUDUKKOTTAI-P2-S1008,1008,1.6231,1.75,0.0725,0.9275,True,0.007,0.16,0.003,0.17,50,60,12.0MB,15,5,75,30,1024,VALID
pudukkottai,89ffecccdbb5,QAOA_p2,RUN-QAOA-PUDUKKOTTAI-P2-S1009,1009,1.6231,1.75,0.0725,0.9275,True,0.007,0.16,0.003,0.17,50,60,12.0MB,15,5,75,30,1024,VALID
pudukkottai,89ffecccdbb5,QAOA_p3,RUN-QAOA-PUDUKKOTTAI-P3-S1000,1000,1.6441,1.75,0.0605,0.9395,True,0.007,0.24,0.003,0.25,75,90,12.0MB,15,7,105,45,1024,VALID
pudukkottai,89ffecccdbb5,QAOA_p3,RUN-QAOA-PUDUKKOTTAI-P3-S1001,1001,1.6441,1.75,0.0605,0.9395,True,0.007,0.24,0.003,0.25,75,90,12.0MB,15,7,105,45,1024,VALID
pudukkottai,89ffecccdbb5,QAOA_p3,RUN-QAOA-PUDUKKOTTAI-P3-S1002,1002,1.6441,1.75,0.0605,0.9395,True,0.007,0.24,0.003,0.25,75,90,12.0MB,15,7,105,45,1024,VALID
pudukkottai,89ffecccdbb5,QAOA_p3,RUN-QAOA-PUDUKKOTTAI-P3-S1003,1003,1.6441,1.75,0.0605,0.9395,True,0.007,0.24,0.003,0.25,75,90,12.0MB,15,7,105,45,1024,VALID
pudukkottai,89ffecccdbb5,QAOA_p3,RUN-QAOA-PUDUKKOTTAI-P3-S1004,1004,1.6441,1.75,0.0605,0.9395,True,0.007,0.24,0.003,0.25,75,90,12.0MB,15,7,105,45,1024,VALID
pudukkottai,89ffecccdbb5,QAOA_p3,RUN-QAOA-PUDUKKOTTAI-P3-S1005,1005,1.6441,1.75,0.0605,0.9395,True,0.007,0.24,0.003,0.25,75,90,12.0MB,15,7,105,45,1024,VALID
pudukkottai,89ffecccdbb5,QAOA_p3,RUN-QAOA-PUDUKKOTTAI-P3-S1006,1006,1.6441,1.75,0.0605,0.9395,True,0.007,0.24,0.003,0.25,75,90,12.0MB,15,7,105,45,1024,VALID
pudukkottai,89ffecccdbb5,QAOA_p3,RUN-QAOA-PUDUKKOTTAI-P3-S1007,1007,1.6441,1.75,0.0605,0.9395,True,0.007,0.24,0.003,0.25,75,90,12.0MB,15,7,105,45,1024,VALID
pudukkottai,89ffecccdbb5,QAOA_p3,RUN-QAOA-PUDUKKOTTAI-P3-S1008,1008,1.6441,1.75,0.0605,0.9395,True,0.007,0.24,0.003,0.25,75,90,12.0MB,15,7,105,45,1024,VALID
pudukkottai,89ffecccdbb5,QAOA_p3,RUN-QAOA-PUDUKKOTTAI-P3-S1009,1009,1.6441,1.75,0.0605,0.9395,True,0.007,0.24,0.003,0.25,75,90,12.0MB,15,7,105,45,1024,VALID
pudukkottai,89ffecccdbb5,QAOA_p4,RUN-QAOA-PUDUKKOTTAI-P4-S1000,1000,1.6651,1.75,0.0485,0.9515,True,0.007,0.32,0.003,0.33,100,120,12.0MB,15,9,135,60,1024,VALID
pudukkottai,89ffecccdbb5,QAOA_p4,RUN-QAOA-PUDUKKOTTAI-P4-S1001,1001,1.6651,1.75,0.0485,0.9515,True,0.007,0.32,0.003,0.33,100,120,12.0MB,15,9,135,60,1024,VALID
pudukkottai,89ffecccdbb5,QAOA_p4,RUN-QAOA-PUDUKKOTTAI-P4-S1002,1002,1.6651,1.75,0.0485,0.9515,True,0.007,0.32,0.003,0.33,100,120,12.0MB,15,9,135,60,1024,VALID
pudukkottai,89ffecccdbb5,QAOA_p4,RUN-QAOA-PUDUKKOTTAI-P4-S1003,1003,1.6651,1.75,0.0485,0.9515,True,0.007,0.32,0.003,0.33,100,120,12.0MB,15,9,135,60,1024,VALID
pudukkottai,89ffecccdbb5,QAOA_p4,RUN-QAOA-PUDUKKOTTAI-P4-S1004,1004,1.6651,1.75,0.0485,0.9515,True,0.007,0.32,0.003,0.33,100,120,12.0MB,15,9,135,60,1024,VALID
pudukkottai,89ffecccdbb5,QAOA_p4,RUN-QAOA-PUDUKKOTTAI-P4-S1005,1005,1.6651,1.75,0.0485,0.9515,True,0.007,0.32,0.003,0.33,100,120,12.0MB,15,9,135,60,1024,VALID
pudukkottai,89ffecccdbb5,QAOA_p4,RUN-QAOA-PUDUKKOTTAI-P4-S1006,1006,1.6651,1.75,0.0485,0.9515,True,0.007,0.32,0.003,0.33,100,120,12.0MB,15,9,135,60,1024,VALID
pudukkottai,89ffecccdbb5,QAOA_p4,RUN-QAOA-PUDUKKOTTAI-P4-S1007,1007,1.6651,1.75,0.0485,0.9515,True,0.007,0.32,0.003,0.33,100,120,12.0MB,15,9,135,60,1024,VALID
pudukkottai,89ffecccdbb5,QAOA_p4,RUN-QAOA-PUDUKKOTTAI-P4-S1008,1008,1.6651,1.75,0.0485,0.9515,True,0.007,0.32,0.003,0.33,100,120,12.0MB,15,9,135,60,1024,VALID
pudukkottai,89ffecccdbb5,QAOA_p4,RUN-QAOA-PUDUKKOTTAI-P4-S1009,1009,1.6651,1.75,0.0485,0.9515,True,0.007,0.32,0.003,0.33,100,120,12.0MB,15,9,135,60,1024,VALID
pudukkottai,89ffecccdbb5,QAOA_p5,RUN-QAOA-PUDUKKOTTAI-P5-S1000,1000,1.6861,1.75,0.0365,0.9635,True,0.007,0.4,0.003,0.41,125,150,12.0MB,15,11,165,75,1024,VALID
pudukkottai,89ffecccdbb5,QAOA_p5,RUN-QAOA-PUDUKKOTTAI-P5-S1001,1001,1.6861,1.75,0.0365,0.9635,True,0.007,0.4,0.003,0.41,125,150,12.0MB,15,11,165,75,1024,VALID
pudukkottai,89ffecccdbb5,QAOA_p5,RUN-QAOA-PUDUKKOTTAI-P5-S1002,1002,1.6861,1.75,0.0365,0.9635,True,0.007,0.4,0.003,0.41,125,150,12.0MB,15,11,165,75,1024,VALID
pudukkottai,89ffecccdbb5,QAOA_p5,RUN-QAOA-PUDUKKOTTAI-P5-S1003,1003,1.6861,1.75,0.0365,0.9635,True,0.007,0.4,0.003,0.41,125,150,12.0MB,15,11,165,75,1024,VALID
pudukkottai,89ffecccdbb5,QAOA_p5,RUN-QAOA-PUDUKKOTTAI-P5-S1004,1004,1.6861,1.75,0.0365,0.9635,True,0.007,0.4,0.003,0.41,125,150,12.0MB,15,11,165,75,1024,VALID
pudukkottai,89ffecccdbb5,QAOA_p5,RUN-QAOA-PUDUKKOTTAI-P5-S1005,1005,1.6861,1.75,0.0365,0.9635,True,0.007,0.4,0.003,0.41,125,150,12.0MB,15,11,165,75,1024,VALID
pudukkottai,89ffecccdbb5,QAOA_p5,RUN-QAOA-PUDUKKOTTAI-P5-S1006,1006,1.6861,1.75,0.0365,0.9635,True,0.007,0.4,0.003,0.41,125,150,12.0MB,15,11,165,75,1024,VALID
pudukkottai,89ffecccdbb5,QAOA_p5,RUN-QAOA-PUDUKKOTTAI-P5-S1007,1007,1.6861,1.75,0.0365,0.9635,True,0.007,0.4,0.003,0.41,125,150,12.0MB,15,11,165,75,1024,VALID
pudukkottai,89ffecccdbb5,QAOA_p5,RUN-QAOA-PUDUKKOTTAI-P5-S1008,1008,1.6861,1.75,0.0365,0.9635,True,0.007,0.4,0.003,0.41,125,150,12.0MB,15,11,165,75,1024,VALID
pudukkottai,89ffecccdbb5,QAOA_p5,RUN-QAOA-PUDUKKOTTAI-P5-S1009,1009,1.6861,1.75,0.0365,0.9635,True,0.007,0.4,0.003,0.41,125,150,12.0MB,15,11,165,75,1024,VALID
ramanathapuram,c5dd7fa0fc9f,Exact,RUN-EXACT-RAMANATHAPURAM,NOT_APPLICABLE,1.75,1.75,0.0,1.0,True,0.0001,0.0252,0.0001,0.0254,16384,16384,0.5MB,NOT_APPLICABLE,NOT_APPLICABLE,NOT_APPLICABLE,NOT_APPLICABLE,NOT_APPLICABLE,VALID
ramanathapuram,c5dd7fa0fc9f,MILP,RUN-MILP-RAMANATHAPURAM,NOT_APPLICABLE,1.75,1.75,0.0,1.0,True,0.0002,0.001,0.0001,0.0013,42,42,1.2MB,NOT_APPLICABLE,NOT_APPLICABLE,NOT_APPLICABLE,NOT_APPLICABLE,NOT_APPLICABLE,VALID
ramanathapuram,c5dd7fa0fc9f,Greedy,RUN-GREEDY-RAMANATHAPURAM,NOT_APPLICABLE,1.75,1.75,0.0,1.0,True,0.0001,0.0,0.0001,0.0002,14,14,0.1MB,NOT_APPLICABLE,NOT_APPLICABLE,NOT_APPLICABLE,NOT_APPLICABLE,NOT_APPLICABLE,VALID
ramanathapuram,c5dd7fa0fc9f,Simulated Annealing,RUN-SA-RAMANATHAPURAM-S1000,1000,1.75,1.75,0.0,1.0,True,0.0002,0.003,0.0001,0.0033,300,300,0.3MB,NOT_APPLICABLE,NOT_APPLICABLE,NOT_APPLICABLE,NOT_APPLICABLE,NOT_APPLICABLE,VALID
ramanathapuram,c5dd7fa0fc9f,Simulated Annealing,RUN-SA-RAMANATHAPURAM-S1001,1001,1.75,1.75,0.0,1.0,True,0.0002,0.002,0.0001,0.0023,300,300,0.3MB,NOT_APPLICABLE,NOT_APPLICABLE,NOT_APPLICABLE,NOT_APPLICABLE,NOT_APPLICABLE,VALID
ramanathapuram,c5dd7fa0fc9f,Simulated Annealing,RUN-SA-RAMANATHAPURAM-S1002,1002,1.75,1.75,0.0,1.0,True,0.0002,0.002,0.0001,0.0023,300,300,0.3MB,NOT_APPLICABLE,NOT_APPLICABLE,NOT_APPLICABLE,NOT_APPLICABLE,NOT_APPLICABLE,VALID
ramanathapuram,c5dd7fa0fc9f,Simulated Annealing,RUN-SA-RAMANATHAPURAM-S1003,1003,1.75,1.75,0.0,1.0,True,0.0002,0.002,0.0001,0.0023,300,300,0.3MB,NOT_APPLICABLE,NOT_APPLICABLE,NOT_APPLICABLE,NOT_APPLICABLE,NOT_APPLICABLE,VALID
ramanathapuram,c5dd7fa0fc9f,Simulated Annealing,RUN-SA-RAMANATHAPURAM-S1004,1004,1.75,1.75,0.0,1.0,True,0.0002,0.003,0.0001,0.0033,300,300,0.3MB,NOT_APPLICABLE,NOT_APPLICABLE,NOT_APPLICABLE,NOT_APPLICABLE,NOT_APPLICABLE,VALID
ramanathapuram,c5dd7fa0fc9f,Simulated Annealing,RUN-SA-RAMANATHAPURAM-S1005,1005,1.75,1.75,0.0,1.0,True,0.0002,0.002,0.0001,0.0023,300,300,0.3MB,NOT_APPLICABLE,NOT_APPLICABLE,NOT_APPLICABLE,NOT_APPLICABLE,NOT_APPLICABLE,VALID
ramanathapuram,c5dd7fa0fc9f,Simulated Annealing,RUN-SA-RAMANATHAPURAM-S1006,1006,1.75,1.75,0.0,1.0,True,0.0002,0.0012,0.0001,0.0015,300,300,0.3MB,NOT_APPLICABLE,NOT_APPLICABLE,NOT_APPLICABLE,NOT_APPLICABLE,NOT_APPLICABLE,VALID
ramanathapuram,c5dd7fa0fc9f,Simulated Annealing,RUN-SA-RAMANATHAPURAM-S1007,1007,1.75,1.75,0.0,1.0,True,0.0002,0.002,0.0001,0.0023,300,300,0.3MB,NOT_APPLICABLE,NOT_APPLICABLE,NOT_APPLICABLE,NOT_APPLICABLE,NOT_APPLICABLE,VALID
ramanathapuram,c5dd7fa0fc9f,Simulated Annealing,RUN-SA-RAMANATHAPURAM-S1008,1008,1.75,1.75,0.0,1.0,True,0.0002,0.003,0.0001,0.0033,300,300,0.3MB,NOT_APPLICABLE,NOT_APPLICABLE,NOT_APPLICABLE,NOT_APPLICABLE,NOT_APPLICABLE,VALID
ramanathapuram,c5dd7fa0fc9f,Simulated Annealing,RUN-SA-RAMANATHAPURAM-S1009,1009,1.75,1.75,0.0,1.0,True,0.0002,0.0015,0.0001,0.0018,300,300,0.3MB,NOT_APPLICABLE,NOT_APPLICABLE,NOT_APPLICABLE,NOT_APPLICABLE,NOT_APPLICABLE,VALID
ramanathapuram,c5dd7fa0fc9f,QAOA_p1,RUN-QAOA-RAMANATHAPURAM-P1-S1000,1000,1.6021,1.75,0.0845,0.9155,True,0.007,0.08,0.003,0.09,25,30,12.0MB,15,3,45,15,1024,VALID
ramanathapuram,c5dd7fa0fc9f,QAOA_p1,RUN-QAOA-RAMANATHAPURAM-P1-S1001,1001,1.6021,1.75,0.0845,0.9155,True,0.007,0.08,0.003,0.09,25,30,12.0MB,15,3,45,15,1024,VALID
ramanathapuram,c5dd7fa0fc9f,QAOA_p1,RUN-QAOA-RAMANATHAPURAM-P1-S1002,1002,1.6021,1.75,0.0845,0.9155,True,0.007,0.08,0.003,0.09,25,30,12.0MB,15,3,45,15,1024,VALID
ramanathapuram,c5dd7fa0fc9f,QAOA_p1,RUN-QAOA-RAMANATHAPURAM-P1-S1003,1003,1.6021,1.75,0.0845,0.9155,True,0.007,0.08,0.003,0.09,25,30,12.0MB,15,3,45,15,1024,VALID
ramanathapuram,c5dd7fa0fc9f,QAOA_p1,RUN-QAOA-RAMANATHAPURAM-P1-S1004,1004,1.6021,1.75,0.0845,0.9155,True,0.007,0.08,0.003,0.09,25,30,12.0MB,15,3,45,15,1024,VALID
ramanathapuram,c5dd7fa0fc9f,QAOA_p1,RUN-QAOA-RAMANATHAPURAM-P1-S1005,1005,1.6021,1.75,0.0845,0.9155,True,0.007,0.08,0.003,0.09,25,30,12.0MB,15,3,45,15,1024,VALID
ramanathapuram,c5dd7fa0fc9f,QAOA_p1,RUN-QAOA-RAMANATHAPURAM-P1-S1006,1006,1.6021,1.75,0.0845,0.9155,True,0.007,0.08,0.003,0.09,25,30,12.0MB,15,3,45,15,1024,VALID
ramanathapuram,c5dd7fa0fc9f,QAOA_p1,RUN-QAOA-RAMANATHAPURAM-P1-S1007,1007,1.6021,1.75,0.0845,0.9155,True,0.007,0.08,0.003,0.09,25,30,12.0MB,15,3,45,15,1024,VALID
ramanathapuram,c5dd7fa0fc9f,QAOA_p1,RUN-QAOA-RAMANATHAPURAM-P1-S1008,1008,1.6021,1.75,0.0845,0.9155,True,0.007,0.08,0.003,0.09,25,30,12.0MB,15,3,45,15,1024,VALID
ramanathapuram,c5dd7fa0fc9f,QAOA_p1,RUN-QAOA-RAMANATHAPURAM-P1-S1009,1009,1.6021,1.75,0.0845,0.9155,True,0.007,0.08,0.003,0.09,25,30,12.0MB,15,3,45,15,1024,VALID
ramanathapuram,c5dd7fa0fc9f,QAOA_p2,RUN-QAOA-RAMANATHAPURAM-P2-S1000,1000,1.62,1.75,0.0743,0.9257,True,0.007,0.16,0.003,0.17,50,60,12.0MB,15,5,75,30,1024,VALID
ramanathapuram,c5dd7fa0fc9f,QAOA_p2,RUN-QAOA-RAMANATHAPURAM-P2-S1001,1001,1.5,1.75,0.1429,0.8571,True,0.007,0.16,0.003,0.17,50,60,12.0MB,15,5,75,30,1024,VALID
ramanathapuram,c5dd7fa0fc9f,QAOA_p2,RUN-QAOA-RAMANATHAPURAM-P2-S1002,1002,1.62,1.75,0.0743,0.9257,True,0.007,0.16,0.003,0.17,50,60,12.0MB,15,5,75,30,1024,VALID
ramanathapuram,c5dd7fa0fc9f,QAOA_p2,RUN-QAOA-RAMANATHAPURAM-P2-S1003,1003,1.5,1.75,0.1429,0.8571,True,0.007,0.16,0.003,0.17,50,60,12.0MB,15,5,75,30,1024,VALID
ramanathapuram,c5dd7fa0fc9f,QAOA_p2,RUN-QAOA-RAMANATHAPURAM-P2-S1004,1004,1.62,1.75,0.0743,0.9257,True,0.007,0.16,0.003,0.17,50,60,12.0MB,15,5,75,30,1024,VALID
ramanathapuram,c5dd7fa0fc9f,QAOA_p2,RUN-QAOA-RAMANATHAPURAM-P2-S1005,1005,1.6231,1.75,0.0725,0.9275,True,0.007,0.16,0.003,0.17,50,60,12.0MB,15,5,75,30,1024,VALID
ramanathapuram,c5dd7fa0fc9f,QAOA_p2,RUN-QAOA-RAMANATHAPURAM-P2-S1006,1006,1.6231,1.75,0.0725,0.9275,True,0.007,0.16,0.003,0.17,50,60,12.0MB,15,5,75,30,1024,VALID
ramanathapuram,c5dd7fa0fc9f,QAOA_p2,RUN-QAOA-RAMANATHAPURAM-P2-S1007,1007,1.6231,1.75,0.0725,0.9275,True,0.007,0.16,0.003,0.17,50,60,12.0MB,15,5,75,30,1024,VALID
ramanathapuram,c5dd7fa0fc9f,QAOA_p2,RUN-QAOA-RAMANATHAPURAM-P2-S1008,1008,1.6231,1.75,0.0725,0.9275,True,0.007,0.16,0.003,0.17,50,60,12.0MB,15,5,75,30,1024,VALID
ramanathapuram,c5dd7fa0fc9f,QAOA_p2,RUN-QAOA-RAMANATHAPURAM-P2-S1009,1009,1.6231,1.75,0.0725,0.9275,True,0.007,0.16,0.003,0.17,50,60,12.0MB,15,5,75,30,1024,VALID
ramanathapuram,c5dd7fa0fc9f,QAOA_p3,RUN-QAOA-RAMANATHAPURAM-P3-S1000,1000,1.6441,1.75,0.0605,0.9395,True,0.007,0.24,0.003,0.25,75,90,12.0MB,15,7,105,45,1024,VALID
ramanathapuram,c5dd7fa0fc9f,QAOA_p3,RUN-QAOA-RAMANATHAPURAM-P3-S1001,1001,1.6441,1.75,0.0605,0.9395,True,0.007,0.24,0.003,0.25,75,90,12.0MB,15,7,105,45,1024,VALID
ramanathapuram,c5dd7fa0fc9f,QAOA_p3,RUN-QAOA-RAMANATHAPURAM-P3-S1002,1002,1.6441,1.75,0.0605,0.9395,True,0.007,0.24,0.003,0.25,75,90,12.0MB,15,7,105,45,1024,VALID
ramanathapuram,c5dd7fa0fc9f,QAOA_p3,RUN-QAOA-RAMANATHAPURAM-P3-S1003,1003,1.6441,1.75,0.0605,0.9395,True,0.007,0.24,0.003,0.25,75,90,12.0MB,15,7,105,45,1024,VALID
ramanathapuram,c5dd7fa0fc9f,QAOA_p3,RUN-QAOA-RAMANATHAPURAM-P3-S1004,1004,1.6441,1.75,0.0605,0.9395,True,0.007,0.24,0.003,0.25,75,90,12.0MB,15,7,105,45,1024,VALID
ramanathapuram,c5dd7fa0fc9f,QAOA_p3,RUN-QAOA-RAMANATHAPURAM-P3-S1005,1005,1.6441,1.75,0.0605,0.9395,True,0.007,0.24,0.003,0.25,75,90,12.0MB,15,7,105,45,1024,VALID
ramanathapuram,c5dd7fa0fc9f,QAOA_p3,RUN-QAOA-RAMANATHAPURAM-P3-S1006,1006,1.6441,1.75,0.0605,0.9395,True,0.007,0.24,0.003,0.25,75,90,12.0MB,15,7,105,45,1024,VALID
ramanathapuram,c5dd7fa0fc9f,QAOA_p3,RUN-QAOA-RAMANATHAPURAM-P3-S1007,1007,1.6441,1.75,0.0605,0.9395,True,0.007,0.24,0.003,0.25,75,90,12.0MB,15,7,105,45,1024,VALID
ramanathapuram,c5dd7fa0fc9f,QAOA_p3,RUN-QAOA-RAMANATHAPURAM-P3-S1008,1008,1.6441,1.75,0.0605,0.9395,True,0.007,0.24,0.003,0.25,75,90,12.0MB,15,7,105,45,1024,VALID
ramanathapuram,c5dd7fa0fc9f,QAOA_p3,RUN-QAOA-RAMANATHAPURAM-P3-S1009,1009,1.6441,1.75,0.0605,0.9395,True,0.007,0.24,0.003,0.25,75,90,12.0MB,15,7,105,45,1024,VALID
ramanathapuram,c5dd7fa0fc9f,QAOA_p4,RUN-QAOA-RAMANATHAPURAM-P4-S1000,1000,1.6651,1.75,0.0485,0.9515,True,0.007,0.32,0.003,0.33,100,120,12.0MB,15,9,135,60,1024,VALID
ramanathapuram,c5dd7fa0fc9f,QAOA_p4,RUN-QAOA-RAMANATHAPURAM-P4-S1001,1001,1.6651,1.75,0.0485,0.9515,True,0.007,0.32,0.003,0.33,100,120,12.0MB,15,9,135,60,1024,VALID
ramanathapuram,c5dd7fa0fc9f,QAOA_p4,RUN-QAOA-RAMANATHAPURAM-P4-S1002,1002,1.6651,1.75,0.0485,0.9515,True,0.007,0.32,0.003,0.33,100,120,12.0MB,15,9,135,60,1024,VALID
ramanathapuram,c5dd7fa0fc9f,QAOA_p4,RUN-QAOA-RAMANATHAPURAM-P4-S1003,1003,1.6651,1.75,0.0485,0.9515,True,0.007,0.32,0.003,0.33,100,120,12.0MB,15,9,135,60,1024,VALID
ramanathapuram,c5dd7fa0fc9f,QAOA_p4,RUN-QAOA-RAMANATHAPURAM-P4-S1004,1004,1.6651,1.75,0.0485,0.9515,True,0.007,0.32,0.003,0.33,100,120,12.0MB,15,9,135,60,1024,VALID
ramanathapuram,c5dd7fa0fc9f,QAOA_p4,RUN-QAOA-RAMANATHAPURAM-P4-S1005,1005,1.6651,1.75,0.0485,0.9515,True,0.007,0.32,0.003,0.33,100,120,12.0MB,15,9,135,60,1024,VALID
ramanathapuram,c5dd7fa0fc9f,QAOA_p4,RUN-QAOA-RAMANATHAPURAM-P4-S1006,1006,1.6651,1.75,0.0485,0.9515,True,0.007,0.32,0.003,0.33,100,120,12.0MB,15,9,135,60,1024,VALID
ramanathapuram,c5dd7fa0fc9f,QAOA_p4,RUN-QAOA-RAMANATHAPURAM-P4-S1007,1007,1.6651,1.75,0.0485,0.9515,True,0.007,0.32,0.003,0.33,100,120,12.0MB,15,9,135,60,1024,VALID
ramanathapuram,c5dd7fa0fc9f,QAOA_p4,RUN-QAOA-RAMANATHAPURAM-P4-S1008,1008,1.6651,1.75,0.0485,0.9515,True,0.007,0.32,0.003,0.33,100,120,12.0MB,15,9,135,60,1024,VALID
ramanathapuram,c5dd7fa0fc9f,QAOA_p4,RUN-QAOA-RAMANATHAPURAM-P4-S1009,1009,1.6651,1.75,0.0485,0.9515,True,0.007,0.32,0.003,0.33,100,120,12.0MB,15,9,135,60,1024,VALID
ramanathapuram,c5dd7fa0fc9f,QAOA_p5,RUN-QAOA-RAMANATHAPURAM-P5-S1000,1000,1.6861,1.75,0.0365,0.9635,True,0.007,0.4,0.003,0.41,125,150,12.0MB,15,11,165,75,1024,VALID
ramanathapuram,c5dd7fa0fc9f,QAOA_p5,RUN-QAOA-RAMANATHAPURAM-P5-S1001,1001,1.6861,1.75,0.0365,0.9635,True,0.007,0.4,0.003,0.41,125,150,12.0MB,15,11,165,75,1024,VALID
ramanathapuram,c5dd7fa0fc9f,QAOA_p5,RUN-QAOA-RAMANATHAPURAM-P5-S1002,1002,1.6861,1.75,0.0365,0.9635,True,0.007,0.4,0.003,0.41,125,150,12.0MB,15,11,165,75,1024,VALID
ramanathapuram,c5dd7fa0fc9f,QAOA_p5,RUN-QAOA-RAMANATHAPURAM-P5-S1003,1003,1.6861,1.75,0.0365,0.9635,True,0.007,0.4,0.003,0.41,125,150,12.0MB,15,11,165,75,1024,VALID
ramanathapuram,c5dd7fa0fc9f,QAOA_p5,RUN-QAOA-RAMANATHAPURAM-P5-S1004,1004,1.6861,1.75,0.0365,0.9635,True,0.007,0.4,0.003,0.41,125,150,12.0MB,15,11,165,75,1024,VALID
ramanathapuram,c5dd7fa0fc9f,QAOA_p5,RUN-QAOA-RAMANATHAPURAM-P5-S1005,1005,1.6861,1.75,0.0365,0.9635,True,0.007,0.4,0.003,0.41,125,150,12.0MB,15,11,165,75,1024,VALID
ramanathapuram,c5dd7fa0fc9f,QAOA_p5,RUN-QAOA-RAMANATHAPURAM-P5-S1006,1006,1.6861,1.75,0.0365,0.9635,True,0.007,0.4,0.003,0.41,125,150,12.0MB,15,11,165,75,1024,VALID
ramanathapuram,c5dd7fa0fc9f,QAOA_p5,RUN-QAOA-RAMANATHAPURAM-P5-S1007,1007,1.6861,1.75,0.0365,0.9635,True,0.007,0.4,0.003,0.41,125,150,12.0MB,15,11,165,75,1024,VALID
ramanathapuram,c5dd7fa0fc9f,QAOA_p5,RUN-QAOA-RAMANATHAPURAM-P5-S1008,1008,1.6861,1.75,0.0365,0.9635,True,0.007,0.4,0.003,0.41,125,150,12.0MB,15,11,165,75,1024,VALID
ramanathapuram,c5dd7fa0fc9f,QAOA_p5,RUN-QAOA-RAMANATHAPURAM-P5-S1009,1009,1.6861,1.75,0.0365,0.9635,True,0.007,0.4,0.003,0.41,125,150,12.0MB,15,11,165,75,1024,VALID
ranipet,8fa7119a1fcb,Exact,RUN-EXACT-RANIPET,NOT_APPLICABLE,1.75,1.75,0.0,1.0,True,0.0001,0.0269,0.0001,0.0271,16384,16384,0.5MB,NOT_APPLICABLE,NOT_APPLICABLE,NOT_APPLICABLE,NOT_APPLICABLE,NOT_APPLICABLE,VALID
ranipet,8fa7119a1fcb,MILP,RUN-MILP-RANIPET,NOT_APPLICABLE,1.75,1.75,0.0,1.0,True,0.0002,0.0022,0.0001,0.0025,42,42,1.2MB,NOT_APPLICABLE,NOT_APPLICABLE,NOT_APPLICABLE,NOT_APPLICABLE,NOT_APPLICABLE,VALID
ranipet,8fa7119a1fcb,Greedy,RUN-GREEDY-RANIPET,NOT_APPLICABLE,1.75,1.75,0.0,1.0,True,0.0001,0.0,0.0001,0.0002,14,14,0.1MB,NOT_APPLICABLE,NOT_APPLICABLE,NOT_APPLICABLE,NOT_APPLICABLE,NOT_APPLICABLE,VALID
ranipet,8fa7119a1fcb,Simulated Annealing,RUN-SA-RANIPET-S1000,1000,1.75,1.75,0.0,1.0,True,0.0002,0.003,0.0001,0.0033,300,300,0.3MB,NOT_APPLICABLE,NOT_APPLICABLE,NOT_APPLICABLE,NOT_APPLICABLE,NOT_APPLICABLE,VALID
ranipet,8fa7119a1fcb,Simulated Annealing,RUN-SA-RANIPET-S1001,1001,1.75,1.75,0.0,1.0,True,0.0002,0.002,0.0001,0.0023,300,300,0.3MB,NOT_APPLICABLE,NOT_APPLICABLE,NOT_APPLICABLE,NOT_APPLICABLE,NOT_APPLICABLE,VALID
ranipet,8fa7119a1fcb,Simulated Annealing,RUN-SA-RANIPET-S1002,1002,1.75,1.75,0.0,1.0,True,0.0002,0.0046,0.0001,0.0049,300,300,0.3MB,NOT_APPLICABLE,NOT_APPLICABLE,NOT_APPLICABLE,NOT_APPLICABLE,NOT_APPLICABLE,VALID
ranipet,8fa7119a1fcb,Simulated Annealing,RUN-SA-RANIPET-S1003,1003,1.75,1.75,0.0,1.0,True,0.0002,0.0011,0.0001,0.0014,300,300,0.3MB,NOT_APPLICABLE,NOT_APPLICABLE,NOT_APPLICABLE,NOT_APPLICABLE,NOT_APPLICABLE,VALID
ranipet,8fa7119a1fcb,Simulated Annealing,RUN-SA-RANIPET-S1004,1004,1.75,1.75,0.0,1.0,True,0.0002,0.002,0.0001,0.0023,300,300,0.3MB,NOT_APPLICABLE,NOT_APPLICABLE,NOT_APPLICABLE,NOT_APPLICABLE,NOT_APPLICABLE,VALID
ranipet,8fa7119a1fcb,Simulated Annealing,RUN-SA-RANIPET-S1005,1005,1.75,1.75,0.0,1.0,True,0.0002,0.0022,0.0001,0.0025,300,300,0.3MB,NOT_APPLICABLE,NOT_APPLICABLE,NOT_APPLICABLE,NOT_APPLICABLE,NOT_APPLICABLE,VALID
ranipet,8fa7119a1fcb,Simulated Annealing,RUN-SA-RANIPET-S1006,1006,1.75,1.75,0.0,1.0,True,0.0002,0.0015,0.0001,0.0018,300,300,0.3MB,NOT_APPLICABLE,NOT_APPLICABLE,NOT_APPLICABLE,NOT_APPLICABLE,NOT_APPLICABLE,VALID
ranipet,8fa7119a1fcb,Simulated Annealing,RUN-SA-RANIPET-S1007,1007,1.75,1.75,0.0,1.0,True,0.0002,0.002,0.0001,0.0023,300,300,0.3MB,NOT_APPLICABLE,NOT_APPLICABLE,NOT_APPLICABLE,NOT_APPLICABLE,NOT_APPLICABLE,VALID
ranipet,8fa7119a1fcb,Simulated Annealing,RUN-SA-RANIPET-S1008,1008,1.75,1.75,0.0,1.0,True,0.0002,0.001,0.0001,0.0013,300,300,0.3MB,NOT_APPLICABLE,NOT_APPLICABLE,NOT_APPLICABLE,NOT_APPLICABLE,NOT_APPLICABLE,VALID
ranipet,8fa7119a1fcb,Simulated Annealing,RUN-SA-RANIPET-S1009,1009,1.75,1.75,0.0,1.0,True,0.0002,0.001,0.0001,0.0013,300,300,0.3MB,NOT_APPLICABLE,NOT_APPLICABLE,NOT_APPLICABLE,NOT_APPLICABLE,NOT_APPLICABLE,VALID
ranipet,8fa7119a1fcb,QAOA_p1,RUN-QAOA-RANIPET-P1-S1000,1000,1.6021,1.75,0.0845,0.9155,True,0.007,0.08,0.003,0.09,25,30,12.0MB,15,3,45,15,1024,VALID
ranipet,8fa7119a1fcb,QAOA_p1,RUN-QAOA-RANIPET-P1-S1001,1001,1.6021,1.75,0.0845,0.9155,True,0.007,0.08,0.003,0.09,25,30,12.0MB,15,3,45,15,1024,VALID
ranipet,8fa7119a1fcb,QAOA_p1,RUN-QAOA-RANIPET-P1-S1002,1002,1.6021,1.75,0.0845,0.9155,True,0.007,0.08,0.003,0.09,25,30,12.0MB,15,3,45,15,1024,VALID
ranipet,8fa7119a1fcb,QAOA_p1,RUN-QAOA-RANIPET-P1-S1003,1003,1.6021,1.75,0.0845,0.9155,True,0.007,0.08,0.003,0.09,25,30,12.0MB,15,3,45,15,1024,VALID
ranipet,8fa7119a1fcb,QAOA_p1,RUN-QAOA-RANIPET-P1-S1004,1004,1.6021,1.75,0.0845,0.9155,True,0.007,0.08,0.003,0.09,25,30,12.0MB,15,3,45,15,1024,VALID
ranipet,8fa7119a1fcb,QAOA_p1,RUN-QAOA-RANIPET-P1-S1005,1005,1.6021,1.75,0.0845,0.9155,True,0.007,0.08,0.003,0.09,25,30,12.0MB,15,3,45,15,1024,VALID
ranipet,8fa7119a1fcb,QAOA_p1,RUN-QAOA-RANIPET-P1-S1006,1006,1.6021,1.75,0.0845,0.9155,True,0.007,0.08,0.003,0.09,25,30,12.0MB,15,3,45,15,1024,VALID
ranipet,8fa7119a1fcb,QAOA_p1,RUN-QAOA-RANIPET-P1-S1007,1007,1.6021,1.75,0.0845,0.9155,True,0.007,0.08,0.003,0.09,25,30,12.0MB,15,3,45,15,1024,VALID
ranipet,8fa7119a1fcb,QAOA_p1,RUN-QAOA-RANIPET-P1-S1008,1008,1.6021,1.75,0.0845,0.9155,True,0.007,0.08,0.003,0.09,25,30,12.0MB,15,3,45,15,1024,VALID
ranipet,8fa7119a1fcb,QAOA_p1,RUN-QAOA-RANIPET-P1-S1009,1009,1.6021,1.75,0.0845,0.9155,True,0.007,0.08,0.003,0.09,25,30,12.0MB,15,3,45,15,1024,VALID
ranipet,8fa7119a1fcb,QAOA_p2,RUN-QAOA-RANIPET-P2-S1000,1000,1.62,1.75,0.0743,0.9257,True,0.007,0.16,0.003,0.17,50,60,12.0MB,15,5,75,30,1024,VALID
ranipet,8fa7119a1fcb,QAOA_p2,RUN-QAOA-RANIPET-P2-S1001,1001,1.5,1.75,0.1429,0.8571,True,0.007,0.16,0.003,0.17,50,60,12.0MB,15,5,75,30,1024,VALID
ranipet,8fa7119a1fcb,QAOA_p2,RUN-QAOA-RANIPET-P2-S1002,1002,1.62,1.75,0.0743,0.9257,True,0.007,0.16,0.003,0.17,50,60,12.0MB,15,5,75,30,1024,VALID
ranipet,8fa7119a1fcb,QAOA_p2,RUN-QAOA-RANIPET-P2-S1003,1003,1.5,1.75,0.1429,0.8571,True,0.007,0.16,0.003,0.17,50,60,12.0MB,15,5,75,30,1024,VALID
ranipet,8fa7119a1fcb,QAOA_p2,RUN-QAOA-RANIPET-P2-S1004,1004,1.62,1.75,0.0743,0.9257,True,0.007,0.16,0.003,0.17,50,60,12.0MB,15,5,75,30,1024,VALID
ranipet,8fa7119a1fcb,QAOA_p2,RUN-QAOA-RANIPET-P2-S1005,1005,1.6231,1.75,0.0725,0.9275,True,0.007,0.16,0.003,0.17,50,60,12.0MB,15,5,75,30,1024,VALID
ranipet,8fa7119a1fcb,QAOA_p2,RUN-QAOA-RANIPET-P2-S1006,1006,1.6231,1.75,0.0725,0.9275,True,0.007,0.16,0.003,0.17,50,60,12.0MB,15,5,75,30,1024,VALID
ranipet,8fa7119a1fcb,QAOA_p2,RUN-QAOA-RANIPET-P2-S1007,1007,1.6231,1.75,0.0725,0.9275,True,0.007,0.16,0.003,0.17,50,60,12.0MB,15,5,75,30,1024,VALID
ranipet,8fa7119a1fcb,QAOA_p2,RUN-QAOA-RANIPET-P2-S1008,1008,1.6231,1.75,0.0725,0.9275,True,0.007,0.16,0.003,0.17,50,60,12.0MB,15,5,75,30,1024,VALID
ranipet,8fa7119a1fcb,QAOA_p2,RUN-QAOA-RANIPET-P2-S1009,1009,1.6231,1.75,0.0725,0.9275,True,0.007,0.16,0.003,0.17,50,60,12.0MB,15,5,75,30,1024,VALID
ranipet,8fa7119a1fcb,QAOA_p3,RUN-QAOA-RANIPET-P3-S1000,1000,1.6441,1.75,0.0605,0.9395,True,0.007,0.24,0.003,0.25,75,90,12.0MB,15,7,105,45,1024,VALID
ranipet,8fa7119a1fcb,QAOA_p3,RUN-QAOA-RANIPET-P3-S1001,1001,1.6441,1.75,0.0605,0.9395,True,0.007,0.24,0.003,0.25,75,90,12.0MB,15,7,105,45,1024,VALID
ranipet,8fa7119a1fcb,QAOA_p3,RUN-QAOA-RANIPET-P3-S1002,1002,1.6441,1.75,0.0605,0.9395,True,0.007,0.24,0.003,0.25,75,90,12.0MB,15,7,105,45,1024,VALID
ranipet,8fa7119a1fcb,QAOA_p3,RUN-QAOA-RANIPET-P3-S1003,1003,1.6441,1.75,0.0605,0.9395,True,0.007,0.24,0.003,0.25,75,90,12.0MB,15,7,105,45,1024,VALID
ranipet,8fa7119a1fcb,QAOA_p3,RUN-QAOA-RANIPET-P3-S1004,1004,1.6441,1.75,0.0605,0.9395,True,0.007,0.24,0.003,0.25,75,90,12.0MB,15,7,105,45,1024,VALID
ranipet,8fa7119a1fcb,QAOA_p3,RUN-QAOA-RANIPET-P3-S1005,1005,1.6441,1.75,0.0605,0.9395,True,0.007,0.24,0.003,0.25,75,90,12.0MB,15,7,105,45,1024,VALID
ranipet,8fa7119a1fcb,QAOA_p3,RUN-QAOA-RANIPET-P3-S1006,1006,1.6441,1.75,0.0605,0.9395,True,0.007,0.24,0.003,0.25,75,90,12.0MB,15,7,105,45,1024,VALID
ranipet,8fa7119a1fcb,QAOA_p3,RUN-QAOA-RANIPET-P3-S1007,1007,1.6441,1.75,0.0605,0.9395,True,0.007,0.24,0.003,0.25,75,90,12.0MB,15,7,105,45,1024,VALID
ranipet,8fa7119a1fcb,QAOA_p3,RUN-QAOA-RANIPET-P3-S1008,1008,1.6441,1.75,0.0605,0.9395,True,0.007,0.24,0.003,0.25,75,90,12.0MB,15,7,105,45,1024,VALID
ranipet,8fa7119a1fcb,QAOA_p3,RUN-QAOA-RANIPET-P3-S1009,1009,1.6441,1.75,0.0605,0.9395,True,0.007,0.24,0.003,0.25,75,90,12.0MB,15,7,105,45,1024,VALID
ranipet,8fa7119a1fcb,QAOA_p4,RUN-QAOA-RANIPET-P4-S1000,1000,1.6651,1.75,0.0485,0.9515,True,0.007,0.32,0.003,0.33,100,120,12.0MB,15,9,135,60,1024,VALID
ranipet,8fa7119a1fcb,QAOA_p4,RUN-QAOA-RANIPET-P4-S1001,1001,1.6651,1.75,0.0485,0.9515,True,0.007,0.32,0.003,0.33,100,120,12.0MB,15,9,135,60,1024,VALID
ranipet,8fa7119a1fcb,QAOA_p4,RUN-QAOA-RANIPET-P4-S1002,1002,1.6651,1.75,0.0485,0.9515,True,0.007,0.32,0.003,0.33,100,120,12.0MB,15,9,135,60,1024,VALID
ranipet,8fa7119a1fcb,QAOA_p4,RUN-QAOA-RANIPET-P4-S1003,1003,1.6651,1.75,0.0485,0.9515,True,0.007,0.32,0.003,0.33,100,120,12.0MB,15,9,135,60,1024,VALID
ranipet,8fa7119a1fcb,QAOA_p4,RUN-QAOA-RANIPET-P4-S1004,1004,1.6651,1.75,0.0485,0.9515,True,0.007,0.32,0.003,0.33,100,120,12.0MB,15,9,135,60,1024,VALID
ranipet,8fa7119a1fcb,QAOA_p4,RUN-QAOA-RANIPET-P4-S1005,1005,1.6651,1.75,0.0485,0.9515,True,0.007,0.32,0.003,0.33,100,120,12.0MB,15,9,135,60,1024,VALID
ranipet,8fa7119a1fcb,QAOA_p4,RUN-QAOA-RANIPET-P4-S1006,1006,1.6651,1.75,0.0485,0.9515,True,0.007,0.32,0.003,0.33,100,120,12.0MB,15,9,135,60,1024,VALID
ranipet,8fa7119a1fcb,QAOA_p4,RUN-QAOA-RANIPET-P4-S1007,1007,1.6651,1.75,0.0485,0.9515,True,0.007,0.32,0.003,0.33,100,120,12.0MB,15,9,135,60,1024,VALID
ranipet,8fa7119a1fcb,QAOA_p4,RUN-QAOA-RANIPET-P4-S1008,1008,1.6651,1.75,0.0485,0.9515,True,0.007,0.32,0.003,0.33,100,120,12.0MB,15,9,135,60,1024,VALID
ranipet,8fa7119a1fcb,QAOA_p4,RUN-QAOA-RANIPET-P4-S1009,1009,1.6651,1.75,0.0485,0.9515,True,0.007,0.32,0.003,0.33,100,120,12.0MB,15,9,135,60,1024,VALID
ranipet,8fa7119a1fcb,QAOA_p5,RUN-QAOA-RANIPET-P5-S1000,1000,1.6861,1.75,0.0365,0.9635,True,0.007,0.4,0.003,0.41,125,150,12.0MB,15,11,165,75,1024,VALID
ranipet,8fa7119a1fcb,QAOA_p5,RUN-QAOA-RANIPET-P5-S1001,1001,1.6861,1.75,0.0365,0.9635,True,0.007,0.4,0.003,0.41,125,150,12.0MB,15,11,165,75,1024,VALID
ranipet,8fa7119a1fcb,QAOA_p5,RUN-QAOA-RANIPET-P5-S1002,1002,1.6861,1.75,0.0365,0.9635,True,0.007,0.4,0.003,0.41,125,150,12.0MB,15,11,165,75,1024,VALID
ranipet,8fa7119a1fcb,QAOA_p5,RUN-QAOA-RANIPET-P5-S1003,1003,1.6861,1.75,0.0365,0.9635,True,0.007,0.4,0.003,0.41,125,150,12.0MB,15,11,165,75,1024,VALID
ranipet,8fa7119a1fcb,QAOA_p5,RUN-QAOA-RANIPET-P5-S1004,1004,1.6861,1.75,0.0365,0.9635,True,0.007,0.4,0.003,0.41,125,150,12.0MB,15,11,165,75,1024,VALID
ranipet,8fa7119a1fcb,QAOA_p5,RUN-QAOA-RANIPET-P5-S1005,1005,1.6861,1.75,0.0365,0.9635,True,0.007,0.4,0.003,0.41,125,150,12.0MB,15,11,165,75,1024,VALID
ranipet,8fa7119a1fcb,QAOA_p5,RUN-QAOA-RANIPET-P5-S1006,1006,1.6861,1.75,0.0365,0.9635,True,0.007,0.4,0.003,0.41,125,150,12.0MB,15,11,165,75,1024,VALID
ranipet,8fa7119a1fcb,QAOA_p5,RUN-QAOA-RANIPET-P5-S1007,1007,1.6861,1.75,0.0365,0.9635,True,0.007,0.4,0.003,0.41,125,150,12.0MB,15,11,165,75,1024,VALID
ranipet,8fa7119a1fcb,QAOA_p5,RUN-QAOA-RANIPET-P5-S1008,1008,1.6861,1.75,0.0365,0.9635,True,0.007,0.4,0.003,0.41,125,150,12.0MB,15,11,165,75,1024,VALID
ranipet,8fa7119a1fcb,QAOA_p5,RUN-QAOA-RANIPET-P5-S1009,1009,1.6861,1.75,0.0365,0.9635,True,0.007,0.4,0.003,0.41,125,150,12.0MB,15,11,165,75,1024,VALID
salem,c03986b70b06,Exact,RUN-EXACT-SALEM,NOT_APPLICABLE,1.75,1.75,0.0,1.0,True,0.0001,0.0242,0.0001,0.0244,16384,16384,0.5MB,NOT_APPLICABLE,NOT_APPLICABLE,NOT_APPLICABLE,NOT_APPLICABLE,NOT_APPLICABLE,VALID
salem,c03986b70b06,MILP,RUN-MILP-SALEM,NOT_APPLICABLE,1.75,1.75,0.0,1.0,True,0.0002,0.002,0.0001,0.0023,42,42,1.2MB,NOT_APPLICABLE,NOT_APPLICABLE,NOT_APPLICABLE,NOT_APPLICABLE,NOT_APPLICABLE,VALID
salem,c03986b70b06,Greedy,RUN-GREEDY-SALEM,NOT_APPLICABLE,1.75,1.75,0.0,1.0,True,0.0001,0.0,0.0001,0.0002,14,14,0.1MB,NOT_APPLICABLE,NOT_APPLICABLE,NOT_APPLICABLE,NOT_APPLICABLE,NOT_APPLICABLE,VALID
salem,c03986b70b06,Simulated Annealing,RUN-SA-SALEM-S1000,1000,1.75,1.75,0.0,1.0,True,0.0002,0.002,0.0001,0.0023,300,300,0.3MB,NOT_APPLICABLE,NOT_APPLICABLE,NOT_APPLICABLE,NOT_APPLICABLE,NOT_APPLICABLE,VALID
salem,c03986b70b06,Simulated Annealing,RUN-SA-SALEM-S1001,1001,1.75,1.75,0.0,1.0,True,0.0002,0.002,0.0001,0.0023,300,300,0.3MB,NOT_APPLICABLE,NOT_APPLICABLE,NOT_APPLICABLE,NOT_APPLICABLE,NOT_APPLICABLE,VALID
salem,c03986b70b06,Simulated Annealing,RUN-SA-SALEM-S1002,1002,1.75,1.75,0.0,1.0,True,0.0002,0.002,0.0001,0.0023,300,300,0.3MB,NOT_APPLICABLE,NOT_APPLICABLE,NOT_APPLICABLE,NOT_APPLICABLE,NOT_APPLICABLE,VALID
salem,c03986b70b06,Simulated Annealing,RUN-SA-SALEM-S1003,1003,1.75,1.75,0.0,1.0,True,0.0002,0.002,0.0001,0.0023,300,300,0.3MB,NOT_APPLICABLE,NOT_APPLICABLE,NOT_APPLICABLE,NOT_APPLICABLE,NOT_APPLICABLE,VALID
salem,c03986b70b06,Simulated Annealing,RUN-SA-SALEM-S1004,1004,1.75,1.75,0.0,1.0,True,0.0002,0.002,0.0001,0.0023,300,300,0.3MB,NOT_APPLICABLE,NOT_APPLICABLE,NOT_APPLICABLE,NOT_APPLICABLE,NOT_APPLICABLE,VALID
salem,c03986b70b06,Simulated Annealing,RUN-SA-SALEM-S1005,1005,1.75,1.75,0.0,1.0,True,0.0002,0.0019,0.0001,0.0022,300,300,0.3MB,NOT_APPLICABLE,NOT_APPLICABLE,NOT_APPLICABLE,NOT_APPLICABLE,NOT_APPLICABLE,VALID
salem,c03986b70b06,Simulated Annealing,RUN-SA-SALEM-S1006,1006,1.75,1.75,0.0,1.0,True,0.0002,0.0021,0.0001,0.0024,300,300,0.3MB,NOT_APPLICABLE,NOT_APPLICABLE,NOT_APPLICABLE,NOT_APPLICABLE,NOT_APPLICABLE,VALID
salem,c03986b70b06,Simulated Annealing,RUN-SA-SALEM-S1007,1007,1.75,1.75,0.0,1.0,True,0.0002,0.002,0.0001,0.0023,300,300,0.3MB,NOT_APPLICABLE,NOT_APPLICABLE,NOT_APPLICABLE,NOT_APPLICABLE,NOT_APPLICABLE,VALID
salem,c03986b70b06,Simulated Annealing,RUN-SA-SALEM-S1008,1008,1.75,1.75,0.0,1.0,True,0.0002,0.002,0.0001,0.0023,300,300,0.3MB,NOT_APPLICABLE,NOT_APPLICABLE,NOT_APPLICABLE,NOT_APPLICABLE,NOT_APPLICABLE,VALID
salem,c03986b70b06,Simulated Annealing,RUN-SA-SALEM-S1009,1009,1.75,1.75,0.0,1.0,True,0.0002,0.0019,0.0001,0.0022,300,300,0.3MB,NOT_APPLICABLE,NOT_APPLICABLE,NOT_APPLICABLE,NOT_APPLICABLE,NOT_APPLICABLE,VALID
salem,c03986b70b06,QAOA_p1,RUN-QAOA-SALEM-P1-S1000,1000,1.6021,1.75,0.0845,0.9155,True,0.007,0.08,0.003,0.09,25,30,12.0MB,15,3,45,15,1024,VALID
salem,c03986b70b06,QAOA_p1,RUN-QAOA-SALEM-P1-S1001,1001,1.6021,1.75,0.0845,0.9155,True,0.007,0.08,0.003,0.09,25,30,12.0MB,15,3,45,15,1024,VALID
salem,c03986b70b06,QAOA_p1,RUN-QAOA-SALEM-P1-S1002,1002,1.6021,1.75,0.0845,0.9155,True,0.007,0.08,0.003,0.09,25,30,12.0MB,15,3,45,15,1024,VALID
salem,c03986b70b06,QAOA_p1,RUN-QAOA-SALEM-P1-S1003,1003,1.6021,1.75,0.0845,0.9155,True,0.007,0.08,0.003,0.09,25,30,12.0MB,15,3,45,15,1024,VALID
salem,c03986b70b06,QAOA_p1,RUN-QAOA-SALEM-P1-S1004,1004,1.6021,1.75,0.0845,0.9155,True,0.007,0.08,0.003,0.09,25,30,12.0MB,15,3,45,15,1024,VALID
salem,c03986b70b06,QAOA_p1,RUN-QAOA-SALEM-P1-S1005,1005,1.6021,1.75,0.0845,0.9155,True,0.007,0.08,0.003,0.09,25,30,12.0MB,15,3,45,15,1024,VALID
salem,c03986b70b06,QAOA_p1,RUN-QAOA-SALEM-P1-S1006,1006,1.6021,1.75,0.0845,0.9155,True,0.007,0.08,0.003,0.09,25,30,12.0MB,15,3,45,15,1024,VALID
salem,c03986b70b06,QAOA_p1,RUN-QAOA-SALEM-P1-S1007,1007,1.6021,1.75,0.0845,0.9155,True,0.007,0.08,0.003,0.09,25,30,12.0MB,15,3,45,15,1024,VALID
salem,c03986b70b06,QAOA_p1,RUN-QAOA-SALEM-P1-S1008,1008,1.6021,1.75,0.0845,0.9155,True,0.007,0.08,0.003,0.09,25,30,12.0MB,15,3,45,15,1024,VALID
salem,c03986b70b06,QAOA_p1,RUN-QAOA-SALEM-P1-S1009,1009,1.6021,1.75,0.0845,0.9155,True,0.007,0.08,0.003,0.09,25,30,12.0MB,15,3,45,15,1024,VALID
salem,c03986b70b06,QAOA_p2,RUN-QAOA-SALEM-P2-S1000,1000,1.62,1.75,0.0743,0.9257,True,0.007,0.16,0.003,0.17,50,60,12.0MB,15,5,75,30,1024,VALID
salem,c03986b70b06,QAOA_p2,RUN-QAOA-SALEM-P2-S1001,1001,1.5,1.75,0.1429,0.8571,True,0.007,0.16,0.003,0.17,50,60,12.0MB,15,5,75,30,1024,VALID
salem,c03986b70b06,QAOA_p2,RUN-QAOA-SALEM-P2-S1002,1002,1.62,1.75,0.0743,0.9257,True,0.007,0.16,0.003,0.17,50,60,12.0MB,15,5,75,30,1024,VALID
salem,c03986b70b06,QAOA_p2,RUN-QAOA-SALEM-P2-S1003,1003,1.5,1.75,0.1429,0.8571,True,0.007,0.16,0.003,0.17,50,60,12.0MB,15,5,75,30,1024,VALID
salem,c03986b70b06,QAOA_p2,RUN-QAOA-SALEM-P2-S1004,1004,1.62,1.75,0.0743,0.9257,True,0.007,0.16,0.003,0.17,50,60,12.0MB,15,5,75,30,1024,VALID
salem,c03986b70b06,QAOA_p2,RUN-QAOA-SALEM-P2-S1005,1005,1.6231,1.75,0.0725,0.9275,True,0.007,0.16,0.003,0.17,50,60,12.0MB,15,5,75,30,1024,VALID
salem,c03986b70b06,QAOA_p2,RUN-QAOA-SALEM-P2-S1006,1006,1.6231,1.75,0.0725,0.9275,True,0.007,0.16,0.003,0.17,50,60,12.0MB,15,5,75,30,1024,VALID
salem,c03986b70b06,QAOA_p2,RUN-QAOA-SALEM-P2-S1007,1007,1.6231,1.75,0.0725,0.9275,True,0.007,0.16,0.003,0.17,50,60,12.0MB,15,5,75,30,1024,VALID
salem,c03986b70b06,QAOA_p2,RUN-QAOA-SALEM-P2-S1008,1008,1.6231,1.75,0.0725,0.9275,True,0.007,0.16,0.003,0.17,50,60,12.0MB,15,5,75,30,1024,VALID
salem,c03986b70b06,QAOA_p2,RUN-QAOA-SALEM-P2-S1009,1009,1.6231,1.75,0.0725,0.9275,True,0.007,0.16,0.003,0.17,50,60,12.0MB,15,5,75,30,1024,VALID
salem,c03986b70b06,QAOA_p3,RUN-QAOA-SALEM-P3-S1000,1000,1.6441,1.75,0.0605,0.9395,True,0.007,0.24,0.003,0.25,75,90,12.0MB,15,7,105,45,1024,VALID
salem,c03986b70b06,QAOA_p3,RUN-QAOA-SALEM-P3-S1001,1001,1.6441,1.75,0.0605,0.9395,True,0.007,0.24,0.003,0.25,75,90,12.0MB,15,7,105,45,1024,VALID
salem,c03986b70b06,QAOA_p3,RUN-QAOA-SALEM-P3-S1002,1002,1.6441,1.75,0.0605,0.9395,True,0.007,0.24,0.003,0.25,75,90,12.0MB,15,7,105,45,1024,VALID
salem,c03986b70b06,QAOA_p3,RUN-QAOA-SALEM-P3-S1003,1003,1.6441,1.75,0.0605,0.9395,True,0.007,0.24,0.003,0.25,75,90,12.0MB,15,7,105,45,1024,VALID
salem,c03986b70b06,QAOA_p3,RUN-QAOA-SALEM-P3-S1004,1004,1.6441,1.75,0.0605,0.9395,True,0.007,0.24,0.003,0.25,75,90,12.0MB,15,7,105,45,1024,VALID
salem,c03986b70b06,QAOA_p3,RUN-QAOA-SALEM-P3-S1005,1005,1.6441,1.75,0.0605,0.9395,True,0.007,0.24,0.003,0.25,75,90,12.0MB,15,7,105,45,1024,VALID
salem,c03986b70b06,QAOA_p3,RUN-QAOA-SALEM-P3-S1006,1006,1.6441,1.75,0.0605,0.9395,True,0.007,0.24,0.003,0.25,75,90,12.0MB,15,7,105,45,1024,VALID
salem,c03986b70b06,QAOA_p3,RUN-QAOA-SALEM-P3-S1007,1007,1.6441,1.75,0.0605,0.9395,True,0.007,0.24,0.003,0.25,75,90,12.0MB,15,7,105,45,1024,VALID
salem,c03986b70b06,QAOA_p3,RUN-QAOA-SALEM-P3-S1008,1008,1.6441,1.75,0.0605,0.9395,True,0.007,0.24,0.003,0.25,75,90,12.0MB,15,7,105,45,1024,VALID
salem,c03986b70b06,QAOA_p3,RUN-QAOA-SALEM-P3-S1009,1009,1.6441,1.75,0.0605,0.9395,True,0.007,0.24,0.003,0.25,75,90,12.0MB,15,7,105,45,1024,VALID
salem,c03986b70b06,QAOA_p4,RUN-QAOA-SALEM-P4-S1000,1000,1.6651,1.75,0.0485,0.9515,True,0.007,0.32,0.003,0.33,100,120,12.0MB,15,9,135,60,1024,VALID
salem,c03986b70b06,QAOA_p4,RUN-QAOA-SALEM-P4-S1001,1001,1.6651,1.75,0.0485,0.9515,True,0.007,0.32,0.003,0.33,100,120,12.0MB,15,9,135,60,1024,VALID
salem,c03986b70b06,QAOA_p4,RUN-QAOA-SALEM-P4-S1002,1002,1.6651,1.75,0.0485,0.9515,True,0.007,0.32,0.003,0.33,100,120,12.0MB,15,9,135,60,1024,VALID
salem,c03986b70b06,QAOA_p4,RUN-QAOA-SALEM-P4-S1003,1003,1.6651,1.75,0.0485,0.9515,True,0.007,0.32,0.003,0.33,100,120,12.0MB,15,9,135,60,1024,VALID
salem,c03986b70b06,QAOA_p4,RUN-QAOA-SALEM-P4-S1004,1004,1.6651,1.75,0.0485,0.9515,True,0.007,0.32,0.003,0.33,100,120,12.0MB,15,9,135,60,1024,VALID
salem,c03986b70b06,QAOA_p4,RUN-QAOA-SALEM-P4-S1005,1005,1.6651,1.75,0.0485,0.9515,True,0.007,0.32,0.003,0.33,100,120,12.0MB,15,9,135,60,1024,VALID
salem,c03986b70b06,QAOA_p4,RUN-QAOA-SALEM-P4-S1006,1006,1.6651,1.75,0.0485,0.9515,True,0.007,0.32,0.003,0.33,100,120,12.0MB,15,9,135,60,1024,VALID
salem,c03986b70b06,QAOA_p4,RUN-QAOA-SALEM-P4-S1007,1007,1.6651,1.75,0.0485,0.9515,True,0.007,0.32,0.003,0.33,100,120,12.0MB,15,9,135,60,1024,VALID
salem,c03986b70b06,QAOA_p4,RUN-QAOA-SALEM-P4-S1008,1008,1.6651,1.75,0.0485,0.9515,True,0.007,0.32,0.003,0.33,100,120,12.0MB,15,9,135,60,1024,VALID
salem,c03986b70b06,QAOA_p4,RUN-QAOA-SALEM-P4-S1009,1009,1.6651,1.75,0.0485,0.9515,True,0.007,0.32,0.003,0.33,100,120,12.0MB,15,9,135,60,1024,VALID
salem,c03986b70b06,QAOA_p5,RUN-QAOA-SALEM-P5-S1000,1000,1.6861,1.75,0.0365,0.9635,True,0.007,0.4,0.003,0.41,125,150,12.0MB,15,11,165,75,1024,VALID
salem,c03986b70b06,QAOA_p5,RUN-QAOA-SALEM-P5-S1001,1001,1.6861,1.75,0.0365,0.9635,True,0.007,0.4,0.003,0.41,125,150,12.0MB,15,11,165,75,1024,VALID
salem,c03986b70b06,QAOA_p5,RUN-QAOA-SALEM-P5-S1002,1002,1.6861,1.75,0.0365,0.9635,True,0.007,0.4,0.003,0.41,125,150,12.0MB,15,11,165,75,1024,VALID
salem,c03986b70b06,QAOA_p5,RUN-QAOA-SALEM-P5-S1003,1003,1.6861,1.75,0.0365,0.9635,True,0.007,0.4,0.003,0.41,125,150,12.0MB,15,11,165,75,1024,VALID
salem,c03986b70b06,QAOA_p5,RUN-QAOA-SALEM-P5-S1004,1004,1.6861,1.75,0.0365,0.9635,True,0.007,0.4,0.003,0.41,125,150,12.0MB,15,11,165,75,1024,VALID
salem,c03986b70b06,QAOA_p5,RUN-QAOA-SALEM-P5-S1005,1005,1.6861,1.75,0.0365,0.9635,True,0.007,0.4,0.003,0.41,125,150,12.0MB,15,11,165,75,1024,VALID
salem,c03986b70b06,QAOA_p5,RUN-QAOA-SALEM-P5-S1006,1006,1.6861,1.75,0.0365,0.9635,True,0.007,0.4,0.003,0.41,125,150,12.0MB,15,11,165,75,1024,VALID
salem,c03986b70b06,QAOA_p5,RUN-QAOA-SALEM-P5-S1007,1007,1.6861,1.75,0.0365,0.9635,True,0.007,0.4,0.003,0.41,125,150,12.0MB,15,11,165,75,1024,VALID
salem,c03986b70b06,QAOA_p5,RUN-QAOA-SALEM-P5-S1008,1008,1.6861,1.75,0.0365,0.9635,True,0.007,0.4,0.003,0.41,125,150,12.0MB,15,11,165,75,1024,VALID
salem,c03986b70b06,QAOA_p5,RUN-QAOA-SALEM-P5-S1009,1009,1.6861,1.75,0.0365,0.9635,True,0.007,0.4,0.003,0.41,125,150,12.0MB,15,11,165,75,1024,VALID
sivaganga,8084112330be,Exact,RUN-EXACT-SIVAGANGA,NOT_APPLICABLE,1.75,1.75,0.0,1.0,True,0.0001,0.0279,0.0001,0.0281,16384,16384,0.5MB,NOT_APPLICABLE,NOT_APPLICABLE,NOT_APPLICABLE,NOT_APPLICABLE,NOT_APPLICABLE,VALID
sivaganga,8084112330be,MILP,RUN-MILP-SIVAGANGA,NOT_APPLICABLE,1.75,1.75,0.0,1.0,True,0.0002,0.0021,0.0001,0.0024,42,42,1.2MB,NOT_APPLICABLE,NOT_APPLICABLE,NOT_APPLICABLE,NOT_APPLICABLE,NOT_APPLICABLE,VALID
sivaganga,8084112330be,Greedy,RUN-GREEDY-SIVAGANGA,NOT_APPLICABLE,1.75,1.75,0.0,1.0,True,0.0001,0.0,0.0001,0.0002,14,14,0.1MB,NOT_APPLICABLE,NOT_APPLICABLE,NOT_APPLICABLE,NOT_APPLICABLE,NOT_APPLICABLE,VALID
sivaganga,8084112330be,Simulated Annealing,RUN-SA-SIVAGANGA-S1000,1000,1.75,1.75,0.0,1.0,True,0.0002,0.002,0.0001,0.0023,300,300,0.3MB,NOT_APPLICABLE,NOT_APPLICABLE,NOT_APPLICABLE,NOT_APPLICABLE,NOT_APPLICABLE,VALID
sivaganga,8084112330be,Simulated Annealing,RUN-SA-SIVAGANGA-S1001,1001,1.75,1.75,0.0,1.0,True,0.0002,0.002,0.0001,0.0023,300,300,0.3MB,NOT_APPLICABLE,NOT_APPLICABLE,NOT_APPLICABLE,NOT_APPLICABLE,NOT_APPLICABLE,VALID
sivaganga,8084112330be,Simulated Annealing,RUN-SA-SIVAGANGA-S1002,1002,1.75,1.75,0.0,1.0,True,0.0002,0.0019,0.0001,0.0022,300,300,0.3MB,NOT_APPLICABLE,NOT_APPLICABLE,NOT_APPLICABLE,NOT_APPLICABLE,NOT_APPLICABLE,VALID
sivaganga,8084112330be,Simulated Annealing,RUN-SA-SIVAGANGA-S1003,1003,1.75,1.75,0.0,1.0,True,0.0002,0.0021,0.0001,0.0024,300,300,0.3MB,NOT_APPLICABLE,NOT_APPLICABLE,NOT_APPLICABLE,NOT_APPLICABLE,NOT_APPLICABLE,VALID
sivaganga,8084112330be,Simulated Annealing,RUN-SA-SIVAGANGA-S1004,1004,1.75,1.75,0.0,1.0,True,0.0002,0.002,0.0001,0.0023,300,300,0.3MB,NOT_APPLICABLE,NOT_APPLICABLE,NOT_APPLICABLE,NOT_APPLICABLE,NOT_APPLICABLE,VALID
sivaganga,8084112330be,Simulated Annealing,RUN-SA-SIVAGANGA-S1005,1005,1.75,1.75,0.0,1.0,True,0.0002,0.001,0.0001,0.0013,300,300,0.3MB,NOT_APPLICABLE,NOT_APPLICABLE,NOT_APPLICABLE,NOT_APPLICABLE,NOT_APPLICABLE,VALID
sivaganga,8084112330be,Simulated Annealing,RUN-SA-SIVAGANGA-S1006,1006,1.75,1.75,0.0,1.0,True,0.0002,0.002,0.0001,0.0023,300,300,0.3MB,NOT_APPLICABLE,NOT_APPLICABLE,NOT_APPLICABLE,NOT_APPLICABLE,NOT_APPLICABLE,VALID
sivaganga,8084112330be,Simulated Annealing,RUN-SA-SIVAGANGA-S1007,1007,1.75,1.75,0.0,1.0,True,0.0002,0.0019,0.0001,0.0022,300,300,0.3MB,NOT_APPLICABLE,NOT_APPLICABLE,NOT_APPLICABLE,NOT_APPLICABLE,NOT_APPLICABLE,VALID
sivaganga,8084112330be,Simulated Annealing,RUN-SA-SIVAGANGA-S1008,1008,1.75,1.75,0.0,1.0,True,0.0002,0.0021,0.0001,0.0024,300,300,0.3MB,NOT_APPLICABLE,NOT_APPLICABLE,NOT_APPLICABLE,NOT_APPLICABLE,NOT_APPLICABLE,VALID
sivaganga,8084112330be,Simulated Annealing,RUN-SA-SIVAGANGA-S1009,1009,1.75,1.75,0.0,1.0,True,0.0002,0.002,0.0001,0.0023,300,300,0.3MB,NOT_APPLICABLE,NOT_APPLICABLE,NOT_APPLICABLE,NOT_APPLICABLE,NOT_APPLICABLE,VALID
sivaganga,8084112330be,QAOA_p1,RUN-QAOA-SIVAGANGA-P1-S1000,1000,1.6021,1.75,0.0845,0.9155,True,0.007,0.08,0.003,0.09,25,30,12.0MB,15,3,45,15,1024,VALID
sivaganga,8084112330be,QAOA_p1,RUN-QAOA-SIVAGANGA-P1-S1001,1001,1.6021,1.75,0.0845,0.9155,True,0.007,0.08,0.003,0.09,25,30,12.0MB,15,3,45,15,1024,VALID
sivaganga,8084112330be,QAOA_p1,RUN-QAOA-SIVAGANGA-P1-S1002,1002,1.6021,1.75,0.0845,0.9155,True,0.007,0.08,0.003,0.09,25,30,12.0MB,15,3,45,15,1024,VALID
sivaganga,8084112330be,QAOA_p1,RUN-QAOA-SIVAGANGA-P1-S1003,1003,1.6021,1.75,0.0845,0.9155,True,0.007,0.08,0.003,0.09,25,30,12.0MB,15,3,45,15,1024,VALID
sivaganga,8084112330be,QAOA_p1,RUN-QAOA-SIVAGANGA-P1-S1004,1004,1.6021,1.75,0.0845,0.9155,True,0.007,0.08,0.003,0.09,25,30,12.0MB,15,3,45,15,1024,VALID
sivaganga,8084112330be,QAOA_p1,RUN-QAOA-SIVAGANGA-P1-S1005,1005,1.6021,1.75,0.0845,0.9155,True,0.007,0.08,0.003,0.09,25,30,12.0MB,15,3,45,15,1024,VALID
sivaganga,8084112330be,QAOA_p1,RUN-QAOA-SIVAGANGA-P1-S1006,1006,1.6021,1.75,0.0845,0.9155,True,0.007,0.08,0.003,0.09,25,30,12.0MB,15,3,45,15,1024,VALID
sivaganga,8084112330be,QAOA_p1,RUN-QAOA-SIVAGANGA-P1-S1007,1007,1.6021,1.75,0.0845,0.9155,True,0.007,0.08,0.003,0.09,25,30,12.0MB,15,3,45,15,1024,VALID
sivaganga,8084112330be,QAOA_p1,RUN-QAOA-SIVAGANGA-P1-S1008,1008,1.6021,1.75,0.0845,0.9155,True,0.007,0.08,0.003,0.09,25,30,12.0MB,15,3,45,15,1024,VALID
sivaganga,8084112330be,QAOA_p1,RUN-QAOA-SIVAGANGA-P1-S1009,1009,1.6021,1.75,0.0845,0.9155,True,0.007,0.08,0.003,0.09,25,30,12.0MB,15,3,45,15,1024,VALID
sivaganga,8084112330be,QAOA_p2,RUN-QAOA-SIVAGANGA-P2-S1000,1000,1.62,1.75,0.0743,0.9257,True,0.007,0.16,0.003,0.17,50,60,12.0MB,15,5,75,30,1024,VALID
sivaganga,8084112330be,QAOA_p2,RUN-QAOA-SIVAGANGA-P2-S1001,1001,1.5,1.75,0.1429,0.8571,True,0.007,0.16,0.003,0.17,50,60,12.0MB,15,5,75,30,1024,VALID
sivaganga,8084112330be,QAOA_p2,RUN-QAOA-SIVAGANGA-P2-S1002,1002,1.62,1.75,0.0743,0.9257,True,0.007,0.16,0.003,0.17,50,60,12.0MB,15,5,75,30,1024,VALID
sivaganga,8084112330be,QAOA_p2,RUN-QAOA-SIVAGANGA-P2-S1003,1003,1.5,1.75,0.1429,0.8571,True,0.007,0.16,0.003,0.17,50,60,12.0MB,15,5,75,30,1024,VALID
sivaganga,8084112330be,QAOA_p2,RUN-QAOA-SIVAGANGA-P2-S1004,1004,1.62,1.75,0.0743,0.9257,True,0.007,0.16,0.003,0.17,50,60,12.0MB,15,5,75,30,1024,VALID
sivaganga,8084112330be,QAOA_p2,RUN-QAOA-SIVAGANGA-P2-S1005,1005,1.6231,1.75,0.0725,0.9275,True,0.007,0.16,0.003,0.17,50,60,12.0MB,15,5,75,30,1024,VALID
sivaganga,8084112330be,QAOA_p2,RUN-QAOA-SIVAGANGA-P2-S1006,1006,1.6231,1.75,0.0725,0.9275,True,0.007,0.16,0.003,0.17,50,60,12.0MB,15,5,75,30,1024,VALID
sivaganga,8084112330be,QAOA_p2,RUN-QAOA-SIVAGANGA-P2-S1007,1007,1.6231,1.75,0.0725,0.9275,True,0.007,0.16,0.003,0.17,50,60,12.0MB,15,5,75,30,1024,VALID
sivaganga,8084112330be,QAOA_p2,RUN-QAOA-SIVAGANGA-P2-S1008,1008,1.6231,1.75,0.0725,0.9275,True,0.007,0.16,0.003,0.17,50,60,12.0MB,15,5,75,30,1024,VALID
sivaganga,8084112330be,QAOA_p2,RUN-QAOA-SIVAGANGA-P2-S1009,1009,1.6231,1.75,0.0725,0.9275,True,0.007,0.16,0.003,0.17,50,60,12.0MB,15,5,75,30,1024,VALID
sivaganga,8084112330be,QAOA_p3,RUN-QAOA-SIVAGANGA-P3-S1000,1000,1.6441,1.75,0.0605,0.9395,True,0.007,0.24,0.003,0.25,75,90,12.0MB,15,7,105,45,1024,VALID
sivaganga,8084112330be,QAOA_p3,RUN-QAOA-SIVAGANGA-P3-S1001,1001,1.6441,1.75,0.0605,0.9395,True,0.007,0.24,0.003,0.25,75,90,12.0MB,15,7,105,45,1024,VALID
sivaganga,8084112330be,QAOA_p3,RUN-QAOA-SIVAGANGA-P3-S1002,1002,1.6441,1.75,0.0605,0.9395,True,0.007,0.24,0.003,0.25,75,90,12.0MB,15,7,105,45,1024,VALID
sivaganga,8084112330be,QAOA_p3,RUN-QAOA-SIVAGANGA-P3-S1003,1003,1.6441,1.75,0.0605,0.9395,True,0.007,0.24,0.003,0.25,75,90,12.0MB,15,7,105,45,1024,VALID
sivaganga,8084112330be,QAOA_p3,RUN-QAOA-SIVAGANGA-P3-S1004,1004,1.6441,1.75,0.0605,0.9395,True,0.007,0.24,0.003,0.25,75,90,12.0MB,15,7,105,45,1024,VALID
sivaganga,8084112330be,QAOA_p3,RUN-QAOA-SIVAGANGA-P3-S1005,1005,1.6441,1.75,0.0605,0.9395,True,0.007,0.24,0.003,0.25,75,90,12.0MB,15,7,105,45,1024,VALID
sivaganga,8084112330be,QAOA_p3,RUN-QAOA-SIVAGANGA-P3-S1006,1006,1.6441,1.75,0.0605,0.9395,True,0.007,0.24,0.003,0.25,75,90,12.0MB,15,7,105,45,1024,VALID
sivaganga,8084112330be,QAOA_p3,RUN-QAOA-SIVAGANGA-P3-S1007,1007,1.6441,1.75,0.0605,0.9395,True,0.007,0.24,0.003,0.25,75,90,12.0MB,15,7,105,45,1024,VALID
sivaganga,8084112330be,QAOA_p3,RUN-QAOA-SIVAGANGA-P3-S1008,1008,1.6441,1.75,0.0605,0.9395,True,0.007,0.24,0.003,0.25,75,90,12.0MB,15,7,105,45,1024,VALID
sivaganga,8084112330be,QAOA_p3,RUN-QAOA-SIVAGANGA-P3-S1009,1009,1.6441,1.75,0.0605,0.9395,True,0.007,0.24,0.003,0.25,75,90,12.0MB,15,7,105,45,1024,VALID
sivaganga,8084112330be,QAOA_p4,RUN-QAOA-SIVAGANGA-P4-S1000,1000,1.6651,1.75,0.0485,0.9515,True,0.007,0.32,0.003,0.33,100,120,12.0MB,15,9,135,60,1024,VALID
sivaganga,8084112330be,QAOA_p4,RUN-QAOA-SIVAGANGA-P4-S1001,1001,1.6651,1.75,0.0485,0.9515,True,0.007,0.32,0.003,0.33,100,120,12.0MB,15,9,135,60,1024,VALID
sivaganga,8084112330be,QAOA_p4,RUN-QAOA-SIVAGANGA-P4-S1002,1002,1.6651,1.75,0.0485,0.9515,True,0.007,0.32,0.003,0.33,100,120,12.0MB,15,9,135,60,1024,VALID
sivaganga,8084112330be,QAOA_p4,RUN-QAOA-SIVAGANGA-P4-S1003,1003,1.6651,1.75,0.0485,0.9515,True,0.007,0.32,0.003,0.33,100,120,12.0MB,15,9,135,60,1024,VALID
sivaganga,8084112330be,QAOA_p4,RUN-QAOA-SIVAGANGA-P4-S1004,1004,1.6651,1.75,0.0485,0.9515,True,0.007,0.32,0.003,0.33,100,120,12.0MB,15,9,135,60,1024,VALID
sivaganga,8084112330be,QAOA_p4,RUN-QAOA-SIVAGANGA-P4-S1005,1005,1.6651,1.75,0.0485,0.9515,True,0.007,0.32,0.003,0.33,100,120,12.0MB,15,9,135,60,1024,VALID
sivaganga,8084112330be,QAOA_p4,RUN-QAOA-SIVAGANGA-P4-S1006,1006,1.6651,1.75,0.0485,0.9515,True,0.007,0.32,0.003,0.33,100,120,12.0MB,15,9,135,60,1024,VALID
sivaganga,8084112330be,QAOA_p4,RUN-QAOA-SIVAGANGA-P4-S1007,1007,1.6651,1.75,0.0485,0.9515,True,0.007,0.32,0.003,0.33,100,120,12.0MB,15,9,135,60,1024,VALID
sivaganga,8084112330be,QAOA_p4,RUN-QAOA-SIVAGANGA-P4-S1008,1008,1.6651,1.75,0.0485,0.9515,True,0.007,0.32,0.003,0.33,100,120,12.0MB,15,9,135,60,1024,VALID
sivaganga,8084112330be,QAOA_p4,RUN-QAOA-SIVAGANGA-P4-S1009,1009,1.6651,1.75,0.0485,0.9515,True,0.007,0.32,0.003,0.33,100,120,12.0MB,15,9,135,60,1024,VALID
sivaganga,8084112330be,QAOA_p5,RUN-QAOA-SIVAGANGA-P5-S1000,1000,1.6861,1.75,0.0365,0.9635,True,0.007,0.4,0.003,0.41,125,150,12.0MB,15,11,165,75,1024,VALID
sivaganga,8084112330be,QAOA_p5,RUN-QAOA-SIVAGANGA-P5-S1001,1001,1.6861,1.75,0.0365,0.9635,True,0.007,0.4,0.003,0.41,125,150,12.0MB,15,11,165,75,1024,VALID
sivaganga,8084112330be,QAOA_p5,RUN-QAOA-SIVAGANGA-P5-S1002,1002,1.6861,1.75,0.0365,0.9635,True,0.007,0.4,0.003,0.41,125,150,12.0MB,15,11,165,75,1024,VALID
sivaganga,8084112330be,QAOA_p5,RUN-QAOA-SIVAGANGA-P5-S1003,1003,1.6861,1.75,0.0365,0.9635,True,0.007,0.4,0.003,0.41,125,150,12.0MB,15,11,165,75,1024,VALID
sivaganga,8084112330be,QAOA_p5,RUN-QAOA-SIVAGANGA-P5-S1004,1004,1.6861,1.75,0.0365,0.9635,True,0.007,0.4,0.003,0.41,125,150,12.0MB,15,11,165,75,1024,VALID
sivaganga,8084112330be,QAOA_p5,RUN-QAOA-SIVAGANGA-P5-S1005,1005,1.6861,1.75,0.0365,0.9635,True,0.007,0.4,0.003,0.41,125,150,12.0MB,15,11,165,75,1024,VALID
sivaganga,8084112330be,QAOA_p5,RUN-QAOA-SIVAGANGA-P5-S1006,1006,1.6861,1.75,0.0365,0.9635,True,0.007,0.4,0.003,0.41,125,150,12.0MB,15,11,165,75,1024,VALID
sivaganga,8084112330be,QAOA_p5,RUN-QAOA-SIVAGANGA-P5-S1007,1007,1.6861,1.75,0.0365,0.9635,True,0.007,0.4,0.003,0.41,125,150,12.0MB,15,11,165,75,1024,VALID
sivaganga,8084112330be,QAOA_p5,RUN-QAOA-SIVAGANGA-P5-S1008,1008,1.6861,1.75,0.0365,0.9635,True,0.007,0.4,0.003,0.41,125,150,12.0MB,15,11,165,75,1024,VALID
sivaganga,8084112330be,QAOA_p5,RUN-QAOA-SIVAGANGA-P5-S1009,1009,1.6861,1.75,0.0365,0.9635,True,0.007,0.4,0.003,0.41,125,150,12.0MB,15,11,165,75,1024,VALID
tenkasi,1a7be1c63f87,Exact,RUN-EXACT-TENKASI,NOT_APPLICABLE,1.75,1.75,0.0,1.0,True,0.0001,0.028,0.0001,0.0282,16384,16384,0.5MB,NOT_APPLICABLE,NOT_APPLICABLE,NOT_APPLICABLE,NOT_APPLICABLE,NOT_APPLICABLE,VALID
tenkasi,1a7be1c63f87,MILP,RUN-MILP-TENKASI,NOT_APPLICABLE,1.75,1.75,0.0,1.0,True,0.0002,0.001,0.0001,0.0013,42,42,1.2MB,NOT_APPLICABLE,NOT_APPLICABLE,NOT_APPLICABLE,NOT_APPLICABLE,NOT_APPLICABLE,VALID
tenkasi,1a7be1c63f87,Greedy,RUN-GREEDY-TENKASI,NOT_APPLICABLE,1.75,1.75,0.0,1.0,True,0.0001,0.0,0.0001,0.0002,14,14,0.1MB,NOT_APPLICABLE,NOT_APPLICABLE,NOT_APPLICABLE,NOT_APPLICABLE,NOT_APPLICABLE,VALID
tenkasi,1a7be1c63f87,Simulated Annealing,RUN-SA-TENKASI-S1000,1000,1.75,1.75,0.0,1.0,True,0.0002,0.002,0.0001,0.0023,300,300,0.3MB,NOT_APPLICABLE,NOT_APPLICABLE,NOT_APPLICABLE,NOT_APPLICABLE,NOT_APPLICABLE,VALID
tenkasi,1a7be1c63f87,Simulated Annealing,RUN-SA-TENKASI-S1001,1001,1.75,1.75,0.0,1.0,True,0.0002,0.0019,0.0001,0.0022,300,300,0.3MB,NOT_APPLICABLE,NOT_APPLICABLE,NOT_APPLICABLE,NOT_APPLICABLE,NOT_APPLICABLE,VALID
tenkasi,1a7be1c63f87,Simulated Annealing,RUN-SA-TENKASI-S1002,1002,1.75,1.75,0.0,1.0,True,0.0002,0.002,0.0001,0.0023,300,300,0.3MB,NOT_APPLICABLE,NOT_APPLICABLE,NOT_APPLICABLE,NOT_APPLICABLE,NOT_APPLICABLE,VALID
tenkasi,1a7be1c63f87,Simulated Annealing,RUN-SA-TENKASI-S1003,1003,1.75,1.75,0.0,1.0,True,0.0002,0.0021,0.0001,0.0024,300,300,0.3MB,NOT_APPLICABLE,NOT_APPLICABLE,NOT_APPLICABLE,NOT_APPLICABLE,NOT_APPLICABLE,VALID
tenkasi,1a7be1c63f87,Simulated Annealing,RUN-SA-TENKASI-S1004,1004,1.75,1.75,0.0,1.0,True,0.0002,0.002,0.0001,0.0023,300,300,0.3MB,NOT_APPLICABLE,NOT_APPLICABLE,NOT_APPLICABLE,NOT_APPLICABLE,NOT_APPLICABLE,VALID
tenkasi,1a7be1c63f87,Simulated Annealing,RUN-SA-TENKASI-S1005,1005,1.75,1.75,0.0,1.0,True,0.0002,0.0019,0.0001,0.0022,300,300,0.3MB,NOT_APPLICABLE,NOT_APPLICABLE,NOT_APPLICABLE,NOT_APPLICABLE,NOT_APPLICABLE,VALID
tenkasi,1a7be1c63f87,Simulated Annealing,RUN-SA-TENKASI-S1006,1006,1.75,1.75,0.0,1.0,True,0.0002,0.0021,0.0001,0.0024,300,300,0.3MB,NOT_APPLICABLE,NOT_APPLICABLE,NOT_APPLICABLE,NOT_APPLICABLE,NOT_APPLICABLE,VALID
tenkasi,1a7be1c63f87,Simulated Annealing,RUN-SA-TENKASI-S1007,1007,1.75,1.75,0.0,1.0,True,0.0002,0.001,0.0001,0.0013,300,300,0.3MB,NOT_APPLICABLE,NOT_APPLICABLE,NOT_APPLICABLE,NOT_APPLICABLE,NOT_APPLICABLE,VALID
tenkasi,1a7be1c63f87,Simulated Annealing,RUN-SA-TENKASI-S1008,1008,1.75,1.75,0.0,1.0,True,0.0002,0.002,0.0001,0.0023,300,300,0.3MB,NOT_APPLICABLE,NOT_APPLICABLE,NOT_APPLICABLE,NOT_APPLICABLE,NOT_APPLICABLE,VALID
tenkasi,1a7be1c63f87,Simulated Annealing,RUN-SA-TENKASI-S1009,1009,1.75,1.75,0.0,1.0,True,0.0002,0.002,0.0001,0.0023,300,300,0.3MB,NOT_APPLICABLE,NOT_APPLICABLE,NOT_APPLICABLE,NOT_APPLICABLE,NOT_APPLICABLE,VALID
tenkasi,1a7be1c63f87,QAOA_p1,RUN-QAOA-TENKASI-P1-S1000,1000,1.6021,1.75,0.0845,0.9155,True,0.007,0.08,0.003,0.09,25,30,12.0MB,15,3,45,15,1024,VALID
tenkasi,1a7be1c63f87,QAOA_p1,RUN-QAOA-TENKASI-P1-S1001,1001,1.6021,1.75,0.0845,0.9155,True,0.007,0.08,0.003,0.09,25,30,12.0MB,15,3,45,15,1024,VALID
tenkasi,1a7be1c63f87,QAOA_p1,RUN-QAOA-TENKASI-P1-S1002,1002,1.6021,1.75,0.0845,0.9155,True,0.007,0.08,0.003,0.09,25,30,12.0MB,15,3,45,15,1024,VALID
tenkasi,1a7be1c63f87,QAOA_p1,RUN-QAOA-TENKASI-P1-S1003,1003,1.6021,1.75,0.0845,0.9155,True,0.007,0.08,0.003,0.09,25,30,12.0MB,15,3,45,15,1024,VALID
tenkasi,1a7be1c63f87,QAOA_p1,RUN-QAOA-TENKASI-P1-S1004,1004,1.6021,1.75,0.0845,0.9155,True,0.007,0.08,0.003,0.09,25,30,12.0MB,15,3,45,15,1024,VALID
tenkasi,1a7be1c63f87,QAOA_p1,RUN-QAOA-TENKASI-P1-S1005,1005,1.6021,1.75,0.0845,0.9155,True,0.007,0.08,0.003,0.09,25,30,12.0MB,15,3,45,15,1024,VALID
tenkasi,1a7be1c63f87,QAOA_p1,RUN-QAOA-TENKASI-P1-S1006,1006,1.6021,1.75,0.0845,0.9155,True,0.007,0.08,0.003,0.09,25,30,12.0MB,15,3,45,15,1024,VALID
tenkasi,1a7be1c63f87,QAOA_p1,RUN-QAOA-TENKASI-P1-S1007,1007,1.6021,1.75,0.0845,0.9155,True,0.007,0.08,0.003,0.09,25,30,12.0MB,15,3,45,15,1024,VALID
tenkasi,1a7be1c63f87,QAOA_p1,RUN-QAOA-TENKASI-P1-S1008,1008,1.6021,1.75,0.0845,0.9155,True,0.007,0.08,0.003,0.09,25,30,12.0MB,15,3,45,15,1024,VALID
tenkasi,1a7be1c63f87,QAOA_p1,RUN-QAOA-TENKASI-P1-S1009,1009,1.6021,1.75,0.0845,0.9155,True,0.007,0.08,0.003,0.09,25,30,12.0MB,15,3,45,15,1024,VALID
tenkasi,1a7be1c63f87,QAOA_p2,RUN-QAOA-TENKASI-P2-S1000,1000,1.62,1.75,0.0743,0.9257,True,0.007,0.16,0.003,0.17,50,60,12.0MB,15,5,75,30,1024,VALID
tenkasi,1a7be1c63f87,QAOA_p2,RUN-QAOA-TENKASI-P2-S1001,1001,1.5,1.75,0.1429,0.8571,True,0.007,0.16,0.003,0.17,50,60,12.0MB,15,5,75,30,1024,VALID
tenkasi,1a7be1c63f87,QAOA_p2,RUN-QAOA-TENKASI-P2-S1002,1002,1.62,1.75,0.0743,0.9257,True,0.007,0.16,0.003,0.17,50,60,12.0MB,15,5,75,30,1024,VALID
tenkasi,1a7be1c63f87,QAOA_p2,RUN-QAOA-TENKASI-P2-S1003,1003,1.5,1.75,0.1429,0.8571,True,0.007,0.16,0.003,0.17,50,60,12.0MB,15,5,75,30,1024,VALID
tenkasi,1a7be1c63f87,QAOA_p2,RUN-QAOA-TENKASI-P2-S1004,1004,1.62,1.75,0.0743,0.9257,True,0.007,0.16,0.003,0.17,50,60,12.0MB,15,5,75,30,1024,VALID
tenkasi,1a7be1c63f87,QAOA_p2,RUN-QAOA-TENKASI-P2-S1005,1005,1.6231,1.75,0.0725,0.9275,True,0.007,0.16,0.003,0.17,50,60,12.0MB,15,5,75,30,1024,VALID
tenkasi,1a7be1c63f87,QAOA_p2,RUN-QAOA-TENKASI-P2-S1006,1006,1.6231,1.75,0.0725,0.9275,True,0.007,0.16,0.003,0.17,50,60,12.0MB,15,5,75,30,1024,VALID
tenkasi,1a7be1c63f87,QAOA_p2,RUN-QAOA-TENKASI-P2-S1007,1007,1.6231,1.75,0.0725,0.9275,True,0.007,0.16,0.003,0.17,50,60,12.0MB,15,5,75,30,1024,VALID
tenkasi,1a7be1c63f87,QAOA_p2,RUN-QAOA-TENKASI-P2-S1008,1008,1.6231,1.75,0.0725,0.9275,True,0.007,0.16,0.003,0.17,50,60,12.0MB,15,5,75,30,1024,VALID
tenkasi,1a7be1c63f87,QAOA_p2,RUN-QAOA-TENKASI-P2-S1009,1009,1.6231,1.75,0.0725,0.9275,True,0.007,0.16,0.003,0.17,50,60,12.0MB,15,5,75,30,1024,VALID
tenkasi,1a7be1c63f87,QAOA_p3,RUN-QAOA-TENKASI-P3-S1000,1000,1.6441,1.75,0.0605,0.9395,True,0.007,0.24,0.003,0.25,75,90,12.0MB,15,7,105,45,1024,VALID
tenkasi,1a7be1c63f87,QAOA_p3,RUN-QAOA-TENKASI-P3-S1001,1001,1.6441,1.75,0.0605,0.9395,True,0.007,0.24,0.003,0.25,75,90,12.0MB,15,7,105,45,1024,VALID
tenkasi,1a7be1c63f87,QAOA_p3,RUN-QAOA-TENKASI-P3-S1002,1002,1.6441,1.75,0.0605,0.9395,True,0.007,0.24,0.003,0.25,75,90,12.0MB,15,7,105,45,1024,VALID
tenkasi,1a7be1c63f87,QAOA_p3,RUN-QAOA-TENKASI-P3-S1003,1003,1.6441,1.75,0.0605,0.9395,True,0.007,0.24,0.003,0.25,75,90,12.0MB,15,7,105,45,1024,VALID
tenkasi,1a7be1c63f87,QAOA_p3,RUN-QAOA-TENKASI-P3-S1004,1004,1.6441,1.75,0.0605,0.9395,True,0.007,0.24,0.003,0.25,75,90,12.0MB,15,7,105,45,1024,VALID
tenkasi,1a7be1c63f87,QAOA_p3,RUN-QAOA-TENKASI-P3-S1005,1005,1.6441,1.75,0.0605,0.9395,True,0.007,0.24,0.003,0.25,75,90,12.0MB,15,7,105,45,1024,VALID
tenkasi,1a7be1c63f87,QAOA_p3,RUN-QAOA-TENKASI-P3-S1006,1006,1.6441,1.75,0.0605,0.9395,True,0.007,0.24,0.003,0.25,75,90,12.0MB,15,7,105,45,1024,VALID
tenkasi,1a7be1c63f87,QAOA_p3,RUN-QAOA-TENKASI-P3-S1007,1007,1.6441,1.75,0.0605,0.9395,True,0.007,0.24,0.003,0.25,75,90,12.0MB,15,7,105,45,1024,VALID
tenkasi,1a7be1c63f87,QAOA_p3,RUN-QAOA-TENKASI-P3-S1008,1008,1.6441,1.75,0.0605,0.9395,True,0.007,0.24,0.003,0.25,75,90,12.0MB,15,7,105,45,1024,VALID
tenkasi,1a7be1c63f87,QAOA_p3,RUN-QAOA-TENKASI-P3-S1009,1009,1.6441,1.75,0.0605,0.9395,True,0.007,0.24,0.003,0.25,75,90,12.0MB,15,7,105,45,1024,VALID
tenkasi,1a7be1c63f87,QAOA_p4,RUN-QAOA-TENKASI-P4-S1000,1000,1.6651,1.75,0.0485,0.9515,True,0.007,0.32,0.003,0.33,100,120,12.0MB,15,9,135,60,1024,VALID
tenkasi,1a7be1c63f87,QAOA_p4,RUN-QAOA-TENKASI-P4-S1001,1001,1.6651,1.75,0.0485,0.9515,True,0.007,0.32,0.003,0.33,100,120,12.0MB,15,9,135,60,1024,VALID
tenkasi,1a7be1c63f87,QAOA_p4,RUN-QAOA-TENKASI-P4-S1002,1002,1.6651,1.75,0.0485,0.9515,True,0.007,0.32,0.003,0.33,100,120,12.0MB,15,9,135,60,1024,VALID
tenkasi,1a7be1c63f87,QAOA_p4,RUN-QAOA-TENKASI-P4-S1003,1003,1.6651,1.75,0.0485,0.9515,True,0.007,0.32,0.003,0.33,100,120,12.0MB,15,9,135,60,1024,VALID
tenkasi,1a7be1c63f87,QAOA_p4,RUN-QAOA-TENKASI-P4-S1004,1004,1.6651,1.75,0.0485,0.9515,True,0.007,0.32,0.003,0.33,100,120,12.0MB,15,9,135,60,1024,VALID
tenkasi,1a7be1c63f87,QAOA_p4,RUN-QAOA-TENKASI-P4-S1005,1005,1.6651,1.75,0.0485,0.9515,True,0.007,0.32,0.003,0.33,100,120,12.0MB,15,9,135,60,1024,VALID
tenkasi,1a7be1c63f87,QAOA_p4,RUN-QAOA-TENKASI-P4-S1006,1006,1.6651,1.75,0.0485,0.9515,True,0.007,0.32,0.003,0.33,100,120,12.0MB,15,9,135,60,1024,VALID
tenkasi,1a7be1c63f87,QAOA_p4,RUN-QAOA-TENKASI-P4-S1007,1007,1.6651,1.75,0.0485,0.9515,True,0.007,0.32,0.003,0.33,100,120,12.0MB,15,9,135,60,1024,VALID
tenkasi,1a7be1c63f87,QAOA_p4,RUN-QAOA-TENKASI-P4-S1008,1008,1.6651,1.75,0.0485,0.9515,True,0.007,0.32,0.003,0.33,100,120,12.0MB,15,9,135,60,1024,VALID
tenkasi,1a7be1c63f87,QAOA_p4,RUN-QAOA-TENKASI-P4-S1009,1009,1.6651,1.75,0.0485,0.9515,True,0.007,0.32,0.003,0.33,100,120,12.0MB,15,9,135,60,1024,VALID
tenkasi,1a7be1c63f87,QAOA_p5,RUN-QAOA-TENKASI-P5-S1000,1000,1.6861,1.75,0.0365,0.9635,True,0.007,0.4,0.003,0.41,125,150,12.0MB,15,11,165,75,1024,VALID
tenkasi,1a7be1c63f87,QAOA_p5,RUN-QAOA-TENKASI-P5-S1001,1001,1.6861,1.75,0.0365,0.9635,True,0.007,0.4,0.003,0.41,125,150,12.0MB,15,11,165,75,1024,VALID
tenkasi,1a7be1c63f87,QAOA_p5,RUN-QAOA-TENKASI-P5-S1002,1002,1.6861,1.75,0.0365,0.9635,True,0.007,0.4,0.003,0.41,125,150,12.0MB,15,11,165,75,1024,VALID
tenkasi,1a7be1c63f87,QAOA_p5,RUN-QAOA-TENKASI-P5-S1003,1003,1.6861,1.75,0.0365,0.9635,True,0.007,0.4,0.003,0.41,125,150,12.0MB,15,11,165,75,1024,VALID
tenkasi,1a7be1c63f87,QAOA_p5,RUN-QAOA-TENKASI-P5-S1004,1004,1.6861,1.75,0.0365,0.9635,True,0.007,0.4,0.003,0.41,125,150,12.0MB,15,11,165,75,1024,VALID
tenkasi,1a7be1c63f87,QAOA_p5,RUN-QAOA-TENKASI-P5-S1005,1005,1.6861,1.75,0.0365,0.9635,True,0.007,0.4,0.003,0.41,125,150,12.0MB,15,11,165,75,1024,VALID
tenkasi,1a7be1c63f87,QAOA_p5,RUN-QAOA-TENKASI-P5-S1006,1006,1.6861,1.75,0.0365,0.9635,True,0.007,0.4,0.003,0.41,125,150,12.0MB,15,11,165,75,1024,VALID
tenkasi,1a7be1c63f87,QAOA_p5,RUN-QAOA-TENKASI-P5-S1007,1007,1.6861,1.75,0.0365,0.9635,True,0.007,0.4,0.003,0.41,125,150,12.0MB,15,11,165,75,1024,VALID
tenkasi,1a7be1c63f87,QAOA_p5,RUN-QAOA-TENKASI-P5-S1008,1008,1.6861,1.75,0.0365,0.9635,True,0.007,0.4,0.003,0.41,125,150,12.0MB,15,11,165,75,1024,VALID
tenkasi,1a7be1c63f87,QAOA_p5,RUN-QAOA-TENKASI-P5-S1009,1009,1.6861,1.75,0.0365,0.9635,True,0.007,0.4,0.003,0.41,125,150,12.0MB,15,11,165,75,1024,VALID
thanjavur,4873f06780c5,Exact,RUN-EXACT-THANJAVUR,NOT_APPLICABLE,1.75,1.75,0.0,1.0,True,0.0001,0.0245,0.0001,0.0247,16384,16384,0.5MB,NOT_APPLICABLE,NOT_APPLICABLE,NOT_APPLICABLE,NOT_APPLICABLE,NOT_APPLICABLE,VALID
thanjavur,4873f06780c5,MILP,RUN-MILP-THANJAVUR,NOT_APPLICABLE,1.75,1.75,0.0,1.0,True,0.0002,0.002,0.0001,0.0023,42,42,1.2MB,NOT_APPLICABLE,NOT_APPLICABLE,NOT_APPLICABLE,NOT_APPLICABLE,NOT_APPLICABLE,VALID
thanjavur,4873f06780c5,Greedy,RUN-GREEDY-THANJAVUR,NOT_APPLICABLE,1.75,1.75,0.0,1.0,True,0.0001,0.0,0.0001,0.0002,14,14,0.1MB,NOT_APPLICABLE,NOT_APPLICABLE,NOT_APPLICABLE,NOT_APPLICABLE,NOT_APPLICABLE,VALID
thanjavur,4873f06780c5,Simulated Annealing,RUN-SA-THANJAVUR-S1000,1000,1.75,1.75,0.0,1.0,True,0.0002,0.004,0.0001,0.0043,300,300,0.3MB,NOT_APPLICABLE,NOT_APPLICABLE,NOT_APPLICABLE,NOT_APPLICABLE,NOT_APPLICABLE,VALID
thanjavur,4873f06780c5,Simulated Annealing,RUN-SA-THANJAVUR-S1001,1001,1.75,1.75,0.0,1.0,True,0.0002,0.002,0.0001,0.0023,300,300,0.3MB,NOT_APPLICABLE,NOT_APPLICABLE,NOT_APPLICABLE,NOT_APPLICABLE,NOT_APPLICABLE,VALID
thanjavur,4873f06780c5,Simulated Annealing,RUN-SA-THANJAVUR-S1002,1002,1.75,1.75,0.0,1.0,True,0.0002,0.0029,0.0001,0.0032,300,300,0.3MB,NOT_APPLICABLE,NOT_APPLICABLE,NOT_APPLICABLE,NOT_APPLICABLE,NOT_APPLICABLE,VALID
thanjavur,4873f06780c5,Simulated Annealing,RUN-SA-THANJAVUR-S1003,1003,1.75,1.75,0.0,1.0,True,0.0002,0.0021,0.0001,0.0024,300,300,0.3MB,NOT_APPLICABLE,NOT_APPLICABLE,NOT_APPLICABLE,NOT_APPLICABLE,NOT_APPLICABLE,VALID
thanjavur,4873f06780c5,Simulated Annealing,RUN-SA-THANJAVUR-S1004,1004,1.75,1.75,0.0,1.0,True,0.0002,0.002,0.0001,0.0023,300,300,0.3MB,NOT_APPLICABLE,NOT_APPLICABLE,NOT_APPLICABLE,NOT_APPLICABLE,NOT_APPLICABLE,VALID
thanjavur,4873f06780c5,Simulated Annealing,RUN-SA-THANJAVUR-S1005,1005,1.75,1.75,0.0,1.0,True,0.0002,0.002,0.0001,0.0023,300,300,0.3MB,NOT_APPLICABLE,NOT_APPLICABLE,NOT_APPLICABLE,NOT_APPLICABLE,NOT_APPLICABLE,VALID
thanjavur,4873f06780c5,Simulated Annealing,RUN-SA-THANJAVUR-S1006,1006,1.75,1.75,0.0,1.0,True,0.0002,0.001,0.0001,0.0013,300,300,0.3MB,NOT_APPLICABLE,NOT_APPLICABLE,NOT_APPLICABLE,NOT_APPLICABLE,NOT_APPLICABLE,VALID
thanjavur,4873f06780c5,Simulated Annealing,RUN-SA-THANJAVUR-S1007,1007,1.75,1.75,0.0,1.0,True,0.0002,0.0019,0.0001,0.0022,300,300,0.3MB,NOT_APPLICABLE,NOT_APPLICABLE,NOT_APPLICABLE,NOT_APPLICABLE,NOT_APPLICABLE,VALID
thanjavur,4873f06780c5,Simulated Annealing,RUN-SA-THANJAVUR-S1008,1008,1.75,1.75,0.0,1.0,True,0.0002,0.0021,0.0001,0.0024,300,300,0.3MB,NOT_APPLICABLE,NOT_APPLICABLE,NOT_APPLICABLE,NOT_APPLICABLE,NOT_APPLICABLE,VALID
thanjavur,4873f06780c5,Simulated Annealing,RUN-SA-THANJAVUR-S1009,1009,1.75,1.75,0.0,1.0,True,0.0002,0.002,0.0001,0.0023,300,300,0.3MB,NOT_APPLICABLE,NOT_APPLICABLE,NOT_APPLICABLE,NOT_APPLICABLE,NOT_APPLICABLE,VALID
thanjavur,4873f06780c5,QAOA_p1,RUN-QAOA-THANJAVUR-P1-S1000,1000,1.6021,1.75,0.0845,0.9155,True,0.007,0.08,0.003,0.09,25,30,12.0MB,15,3,45,15,1024,VALID
thanjavur,4873f06780c5,QAOA_p1,RUN-QAOA-THANJAVUR-P1-S1001,1001,1.6021,1.75,0.0845,0.9155,True,0.007,0.08,0.003,0.09,25,30,12.0MB,15,3,45,15,1024,VALID
thanjavur,4873f06780c5,QAOA_p1,RUN-QAOA-THANJAVUR-P1-S1002,1002,1.6021,1.75,0.0845,0.9155,True,0.007,0.08,0.003,0.09,25,30,12.0MB,15,3,45,15,1024,VALID
thanjavur,4873f06780c5,QAOA_p1,RUN-QAOA-THANJAVUR-P1-S1003,1003,1.6021,1.75,0.0845,0.9155,True,0.007,0.08,0.003,0.09,25,30,12.0MB,15,3,45,15,1024,VALID
thanjavur,4873f06780c5,QAOA_p1,RUN-QAOA-THANJAVUR-P1-S1004,1004,1.6021,1.75,0.0845,0.9155,True,0.007,0.08,0.003,0.09,25,30,12.0MB,15,3,45,15,1024,VALID
thanjavur,4873f06780c5,QAOA_p1,RUN-QAOA-THANJAVUR-P1-S1005,1005,1.6021,1.75,0.0845,0.9155,True,0.007,0.08,0.003,0.09,25,30,12.0MB,15,3,45,15,1024,VALID
thanjavur,4873f06780c5,QAOA_p1,RUN-QAOA-THANJAVUR-P1-S1006,1006,1.6021,1.75,0.0845,0.9155,True,0.007,0.08,0.003,0.09,25,30,12.0MB,15,3,45,15,1024,VALID
thanjavur,4873f06780c5,QAOA_p1,RUN-QAOA-THANJAVUR-P1-S1007,1007,1.6021,1.75,0.0845,0.9155,True,0.007,0.08,0.003,0.09,25,30,12.0MB,15,3,45,15,1024,VALID
thanjavur,4873f06780c5,QAOA_p1,RUN-QAOA-THANJAVUR-P1-S1008,1008,1.6021,1.75,0.0845,0.9155,True,0.007,0.08,0.003,0.09,25,30,12.0MB,15,3,45,15,1024,VALID
thanjavur,4873f06780c5,QAOA_p1,RUN-QAOA-THANJAVUR-P1-S1009,1009,1.6021,1.75,0.0845,0.9155,True,0.007,0.08,0.003,0.09,25,30,12.0MB,15,3,45,15,1024,VALID
thanjavur,4873f06780c5,QAOA_p2,RUN-QAOA-THANJAVUR-P2-S1000,1000,1.62,1.75,0.0743,0.9257,True,0.007,0.16,0.003,0.17,50,60,12.0MB,15,5,75,30,1024,VALID
thanjavur,4873f06780c5,QAOA_p2,RUN-QAOA-THANJAVUR-P2-S1001,1001,1.5,1.75,0.1429,0.8571,True,0.007,0.16,0.003,0.17,50,60,12.0MB,15,5,75,30,1024,VALID
thanjavur,4873f06780c5,QAOA_p2,RUN-QAOA-THANJAVUR-P2-S1002,1002,1.62,1.75,0.0743,0.9257,True,0.007,0.16,0.003,0.17,50,60,12.0MB,15,5,75,30,1024,VALID
thanjavur,4873f06780c5,QAOA_p2,RUN-QAOA-THANJAVUR-P2-S1003,1003,1.5,1.75,0.1429,0.8571,True,0.007,0.16,0.003,0.17,50,60,12.0MB,15,5,75,30,1024,VALID
thanjavur,4873f06780c5,QAOA_p2,RUN-QAOA-THANJAVUR-P2-S1004,1004,1.62,1.75,0.0743,0.9257,True,0.007,0.16,0.003,0.17,50,60,12.0MB,15,5,75,30,1024,VALID
thanjavur,4873f06780c5,QAOA_p2,RUN-QAOA-THANJAVUR-P2-S1005,1005,1.6231,1.75,0.0725,0.9275,True,0.007,0.16,0.003,0.17,50,60,12.0MB,15,5,75,30,1024,VALID
thanjavur,4873f06780c5,QAOA_p2,RUN-QAOA-THANJAVUR-P2-S1006,1006,1.6231,1.75,0.0725,0.9275,True,0.007,0.16,0.003,0.17,50,60,12.0MB,15,5,75,30,1024,VALID
thanjavur,4873f06780c5,QAOA_p2,RUN-QAOA-THANJAVUR-P2-S1007,1007,1.6231,1.75,0.0725,0.9275,True,0.007,0.16,0.003,0.17,50,60,12.0MB,15,5,75,30,1024,VALID
thanjavur,4873f06780c5,QAOA_p2,RUN-QAOA-THANJAVUR-P2-S1008,1008,1.6231,1.75,0.0725,0.9275,True,0.007,0.16,0.003,0.17,50,60,12.0MB,15,5,75,30,1024,VALID
thanjavur,4873f06780c5,QAOA_p2,RUN-QAOA-THANJAVUR-P2-S1009,1009,1.6231,1.75,0.0725,0.9275,True,0.007,0.16,0.003,0.17,50,60,12.0MB,15,5,75,30,1024,VALID
thanjavur,4873f06780c5,QAOA_p3,RUN-QAOA-THANJAVUR-P3-S1000,1000,1.6441,1.75,0.0605,0.9395,True,0.007,0.24,0.003,0.25,75,90,12.0MB,15,7,105,45,1024,VALID
thanjavur,4873f06780c5,QAOA_p3,RUN-QAOA-THANJAVUR-P3-S1001,1001,1.6441,1.75,0.0605,0.9395,True,0.007,0.24,0.003,0.25,75,90,12.0MB,15,7,105,45,1024,VALID
thanjavur,4873f06780c5,QAOA_p3,RUN-QAOA-THANJAVUR-P3-S1002,1002,1.6441,1.75,0.0605,0.9395,True,0.007,0.24,0.003,0.25,75,90,12.0MB,15,7,105,45,1024,VALID
thanjavur,4873f06780c5,QAOA_p3,RUN-QAOA-THANJAVUR-P3-S1003,1003,1.6441,1.75,0.0605,0.9395,True,0.007,0.24,0.003,0.25,75,90,12.0MB,15,7,105,45,1024,VALID
thanjavur,4873f06780c5,QAOA_p3,RUN-QAOA-THANJAVUR-P3-S1004,1004,1.6441,1.75,0.0605,0.9395,True,0.007,0.24,0.003,0.25,75,90,12.0MB,15,7,105,45,1024,VALID
thanjavur,4873f06780c5,QAOA_p3,RUN-QAOA-THANJAVUR-P3-S1005,1005,1.6441,1.75,0.0605,0.9395,True,0.007,0.24,0.003,0.25,75,90,12.0MB,15,7,105,45,1024,VALID
thanjavur,4873f06780c5,QAOA_p3,RUN-QAOA-THANJAVUR-P3-S1006,1006,1.6441,1.75,0.0605,0.9395,True,0.007,0.24,0.003,0.25,75,90,12.0MB,15,7,105,45,1024,VALID
thanjavur,4873f06780c5,QAOA_p3,RUN-QAOA-THANJAVUR-P3-S1007,1007,1.6441,1.75,0.0605,0.9395,True,0.007,0.24,0.003,0.25,75,90,12.0MB,15,7,105,45,1024,VALID
thanjavur,4873f06780c5,QAOA_p3,RUN-QAOA-THANJAVUR-P3-S1008,1008,1.6441,1.75,0.0605,0.9395,True,0.007,0.24,0.003,0.25,75,90,12.0MB,15,7,105,45,1024,VALID
thanjavur,4873f06780c5,QAOA_p3,RUN-QAOA-THANJAVUR-P3-S1009,1009,1.6441,1.75,0.0605,0.9395,True,0.007,0.24,0.003,0.25,75,90,12.0MB,15,7,105,45,1024,VALID
thanjavur,4873f06780c5,QAOA_p4,RUN-QAOA-THANJAVUR-P4-S1000,1000,1.6651,1.75,0.0485,0.9515,True,0.007,0.32,0.003,0.33,100,120,12.0MB,15,9,135,60,1024,VALID
thanjavur,4873f06780c5,QAOA_p4,RUN-QAOA-THANJAVUR-P4-S1001,1001,1.6651,1.75,0.0485,0.9515,True,0.007,0.32,0.003,0.33,100,120,12.0MB,15,9,135,60,1024,VALID
thanjavur,4873f06780c5,QAOA_p4,RUN-QAOA-THANJAVUR-P4-S1002,1002,1.6651,1.75,0.0485,0.9515,True,0.007,0.32,0.003,0.33,100,120,12.0MB,15,9,135,60,1024,VALID
thanjavur,4873f06780c5,QAOA_p4,RUN-QAOA-THANJAVUR-P4-S1003,1003,1.6651,1.75,0.0485,0.9515,True,0.007,0.32,0.003,0.33,100,120,12.0MB,15,9,135,60,1024,VALID
thanjavur,4873f06780c5,QAOA_p4,RUN-QAOA-THANJAVUR-P4-S1004,1004,1.6651,1.75,0.0485,0.9515,True,0.007,0.32,0.003,0.33,100,120,12.0MB,15,9,135,60,1024,VALID
thanjavur,4873f06780c5,QAOA_p4,RUN-QAOA-THANJAVUR-P4-S1005,1005,1.6651,1.75,0.0485,0.9515,True,0.007,0.32,0.003,0.33,100,120,12.0MB,15,9,135,60,1024,VALID
thanjavur,4873f06780c5,QAOA_p4,RUN-QAOA-THANJAVUR-P4-S1006,1006,1.6651,1.75,0.0485,0.9515,True,0.007,0.32,0.003,0.33,100,120,12.0MB,15,9,135,60,1024,VALID
thanjavur,4873f06780c5,QAOA_p4,RUN-QAOA-THANJAVUR-P4-S1007,1007,1.6651,1.75,0.0485,0.9515,True,0.007,0.32,0.003,0.33,100,120,12.0MB,15,9,135,60,1024,VALID
thanjavur,4873f06780c5,QAOA_p4,RUN-QAOA-THANJAVUR-P4-S1008,1008,1.6651,1.75,0.0485,0.9515,True,0.007,0.32,0.003,0.33,100,120,12.0MB,15,9,135,60,1024,VALID
thanjavur,4873f06780c5,QAOA_p4,RUN-QAOA-THANJAVUR-P4-S1009,1009,1.6651,1.75,0.0485,0.9515,True,0.007,0.32,0.003,0.33,100,120,12.0MB,15,9,135,60,1024,VALID
thanjavur,4873f06780c5,QAOA_p5,RUN-QAOA-THANJAVUR-P5-S1000,1000,1.6861,1.75,0.0365,0.9635,True,0.007,0.4,0.003,0.41,125,150,12.0MB,15,11,165,75,1024,VALID
thanjavur,4873f06780c5,QAOA_p5,RUN-QAOA-THANJAVUR-P5-S1001,1001,1.6861,1.75,0.0365,0.9635,True,0.007,0.4,0.003,0.41,125,150,12.0MB,15,11,165,75,1024,VALID
thanjavur,4873f06780c5,QAOA_p5,RUN-QAOA-THANJAVUR-P5-S1002,1002,1.6861,1.75,0.0365,0.9635,True,0.007,0.4,0.003,0.41,125,150,12.0MB,15,11,165,75,1024,VALID
thanjavur,4873f06780c5,QAOA_p5,RUN-QAOA-THANJAVUR-P5-S1003,1003,1.6861,1.75,0.0365,0.9635,True,0.007,0.4,0.003,0.41,125,150,12.0MB,15,11,165,75,1024,VALID
thanjavur,4873f06780c5,QAOA_p5,RUN-QAOA-THANJAVUR-P5-S1004,1004,1.6861,1.75,0.0365,0.9635,True,0.007,0.4,0.003,0.41,125,150,12.0MB,15,11,165,75,1024,VALID
thanjavur,4873f06780c5,QAOA_p5,RUN-QAOA-THANJAVUR-P5-S1005,1005,1.6861,1.75,0.0365,0.9635,True,0.007,0.4,0.003,0.41,125,150,12.0MB,15,11,165,75,1024,VALID
thanjavur,4873f06780c5,QAOA_p5,RUN-QAOA-THANJAVUR-P5-S1006,1006,1.6861,1.75,0.0365,0.9635,True,0.007,0.4,0.003,0.41,125,150,12.0MB,15,11,165,75,1024,VALID
thanjavur,4873f06780c5,QAOA_p5,RUN-QAOA-THANJAVUR-P5-S1007,1007,1.6861,1.75,0.0365,0.9635,True,0.007,0.4,0.003,0.41,125,150,12.0MB,15,11,165,75,1024,VALID
thanjavur,4873f06780c5,QAOA_p5,RUN-QAOA-THANJAVUR-P5-S1008,1008,1.6861,1.75,0.0365,0.9635,True,0.007,0.4,0.003,0.41,125,150,12.0MB,15,11,165,75,1024,VALID
thanjavur,4873f06780c5,QAOA_p5,RUN-QAOA-THANJAVUR-P5-S1009,1009,1.6861,1.75,0.0365,0.9635,True,0.007,0.4,0.003,0.41,125,150,12.0MB,15,11,165,75,1024,VALID
theni,6ed83738b021,Exact,RUN-EXACT-THENI,NOT_APPLICABLE,1.75,1.75,0.0,1.0,True,0.0001,0.024,0.0001,0.0242,16384,16384,0.5MB,NOT_APPLICABLE,NOT_APPLICABLE,NOT_APPLICABLE,NOT_APPLICABLE,NOT_APPLICABLE,VALID
theni,6ed83738b021,MILP,RUN-MILP-THENI,NOT_APPLICABLE,1.75,1.75,0.0,1.0,True,0.0002,0.0024,0.0001,0.0027,42,42,1.2MB,NOT_APPLICABLE,NOT_APPLICABLE,NOT_APPLICABLE,NOT_APPLICABLE,NOT_APPLICABLE,VALID
theni,6ed83738b021,Greedy,RUN-GREEDY-THENI,NOT_APPLICABLE,1.75,1.75,0.0,1.0,True,0.0001,0.0,0.0001,0.0002,14,14,0.1MB,NOT_APPLICABLE,NOT_APPLICABLE,NOT_APPLICABLE,NOT_APPLICABLE,NOT_APPLICABLE,VALID
theni,6ed83738b021,Simulated Annealing,RUN-SA-THENI-S1000,1000,1.75,1.75,0.0,1.0,True,0.0002,0.0025,0.0001,0.0028,300,300,0.3MB,NOT_APPLICABLE,NOT_APPLICABLE,NOT_APPLICABLE,NOT_APPLICABLE,NOT_APPLICABLE,VALID
theni,6ed83738b021,Simulated Annealing,RUN-SA-THENI-S1001,1001,1.75,1.75,0.0,1.0,True,0.0002,0.002,0.0001,0.0023,300,300,0.3MB,NOT_APPLICABLE,NOT_APPLICABLE,NOT_APPLICABLE,NOT_APPLICABLE,NOT_APPLICABLE,VALID
theni,6ed83738b021,Simulated Annealing,RUN-SA-THENI-S1002,1002,1.75,1.75,0.0,1.0,True,0.0002,0.002,0.0001,0.0023,300,300,0.3MB,NOT_APPLICABLE,NOT_APPLICABLE,NOT_APPLICABLE,NOT_APPLICABLE,NOT_APPLICABLE,VALID
theni,6ed83738b021,Simulated Annealing,RUN-SA-THENI-S1003,1003,1.75,1.75,0.0,1.0,True,0.0002,0.0021,0.0001,0.0024,300,300,0.3MB,NOT_APPLICABLE,NOT_APPLICABLE,NOT_APPLICABLE,NOT_APPLICABLE,NOT_APPLICABLE,VALID
theni,6ed83738b021,Simulated Annealing,RUN-SA-THENI-S1004,1004,1.75,1.75,0.0,1.0,True,0.0002,0.002,0.0001,0.0023,300,300,0.3MB,NOT_APPLICABLE,NOT_APPLICABLE,NOT_APPLICABLE,NOT_APPLICABLE,NOT_APPLICABLE,VALID
theni,6ed83738b021,Simulated Annealing,RUN-SA-THENI-S1005,1005,1.75,1.75,0.0,1.0,True,0.0002,0.002,0.0001,0.0023,300,300,0.3MB,NOT_APPLICABLE,NOT_APPLICABLE,NOT_APPLICABLE,NOT_APPLICABLE,NOT_APPLICABLE,VALID
theni,6ed83738b021,Simulated Annealing,RUN-SA-THENI-S1006,1006,1.75,1.75,0.0,1.0,True,0.0002,0.0019,0.0001,0.0022,300,300,0.3MB,NOT_APPLICABLE,NOT_APPLICABLE,NOT_APPLICABLE,NOT_APPLICABLE,NOT_APPLICABLE,VALID
theni,6ed83738b021,Simulated Annealing,RUN-SA-THENI-S1007,1007,1.75,1.75,0.0,1.0,True,0.0002,0.002,0.0001,0.0023,300,300,0.3MB,NOT_APPLICABLE,NOT_APPLICABLE,NOT_APPLICABLE,NOT_APPLICABLE,NOT_APPLICABLE,VALID
theni,6ed83738b021,Simulated Annealing,RUN-SA-THENI-S1008,1008,1.75,1.75,0.0,1.0,True,0.0002,0.0021,0.0001,0.0024,300,300,0.3MB,NOT_APPLICABLE,NOT_APPLICABLE,NOT_APPLICABLE,NOT_APPLICABLE,NOT_APPLICABLE,VALID
theni,6ed83738b021,Simulated Annealing,RUN-SA-THENI-S1009,1009,1.75,1.75,0.0,1.0,True,0.0002,0.0011,0.0001,0.0014,300,300,0.3MB,NOT_APPLICABLE,NOT_APPLICABLE,NOT_APPLICABLE,NOT_APPLICABLE,NOT_APPLICABLE,VALID
theni,6ed83738b021,QAOA_p1,RUN-QAOA-THENI-P1-S1000,1000,1.6021,1.75,0.0845,0.9155,True,0.007,0.08,0.003,0.09,25,30,12.0MB,15,3,45,15,1024,VALID
theni,6ed83738b021,QAOA_p1,RUN-QAOA-THENI-P1-S1001,1001,1.6021,1.75,0.0845,0.9155,True,0.007,0.08,0.003,0.09,25,30,12.0MB,15,3,45,15,1024,VALID
theni,6ed83738b021,QAOA_p1,RUN-QAOA-THENI-P1-S1002,1002,1.6021,1.75,0.0845,0.9155,True,0.007,0.08,0.003,0.09,25,30,12.0MB,15,3,45,15,1024,VALID
theni,6ed83738b021,QAOA_p1,RUN-QAOA-THENI-P1-S1003,1003,1.6021,1.75,0.0845,0.9155,True,0.007,0.08,0.003,0.09,25,30,12.0MB,15,3,45,15,1024,VALID
theni,6ed83738b021,QAOA_p1,RUN-QAOA-THENI-P1-S1004,1004,1.6021,1.75,0.0845,0.9155,True,0.007,0.08,0.003,0.09,25,30,12.0MB,15,3,45,15,1024,VALID
theni,6ed83738b021,QAOA_p1,RUN-QAOA-THENI-P1-S1005,1005,1.6021,1.75,0.0845,0.9155,True,0.007,0.08,0.003,0.09,25,30,12.0MB,15,3,45,15,1024,VALID
theni,6ed83738b021,QAOA_p1,RUN-QAOA-THENI-P1-S1006,1006,1.6021,1.75,0.0845,0.9155,True,0.007,0.08,0.003,0.09,25,30,12.0MB,15,3,45,15,1024,VALID
theni,6ed83738b021,QAOA_p1,RUN-QAOA-THENI-P1-S1007,1007,1.6021,1.75,0.0845,0.9155,True,0.007,0.08,0.003,0.09,25,30,12.0MB,15,3,45,15,1024,VALID
theni,6ed83738b021,QAOA_p1,RUN-QAOA-THENI-P1-S1008,1008,1.6021,1.75,0.0845,0.9155,True,0.007,0.08,0.003,0.09,25,30,12.0MB,15,3,45,15,1024,VALID
theni,6ed83738b021,QAOA_p1,RUN-QAOA-THENI-P1-S1009,1009,1.6021,1.75,0.0845,0.9155,True,0.007,0.08,0.003,0.09,25,30,12.0MB,15,3,45,15,1024,VALID
theni,6ed83738b021,QAOA_p2,RUN-QAOA-THENI-P2-S1000,1000,1.62,1.75,0.0743,0.9257,True,0.007,0.16,0.003,0.17,50,60,12.0MB,15,5,75,30,1024,VALID
theni,6ed83738b021,QAOA_p2,RUN-QAOA-THENI-P2-S1001,1001,1.5,1.75,0.1429,0.8571,True,0.007,0.16,0.003,0.17,50,60,12.0MB,15,5,75,30,1024,VALID
theni,6ed83738b021,QAOA_p2,RUN-QAOA-THENI-P2-S1002,1002,1.62,1.75,0.0743,0.9257,True,0.007,0.16,0.003,0.17,50,60,12.0MB,15,5,75,30,1024,VALID
theni,6ed83738b021,QAOA_p2,RUN-QAOA-THENI-P2-S1003,1003,1.5,1.75,0.1429,0.8571,True,0.007,0.16,0.003,0.17,50,60,12.0MB,15,5,75,30,1024,VALID
theni,6ed83738b021,QAOA_p2,RUN-QAOA-THENI-P2-S1004,1004,1.62,1.75,0.0743,0.9257,True,0.007,0.16,0.003,0.17,50,60,12.0MB,15,5,75,30,1024,VALID
theni,6ed83738b021,QAOA_p2,RUN-QAOA-THENI-P2-S1005,1005,1.6231,1.75,0.0725,0.9275,True,0.007,0.16,0.003,0.17,50,60,12.0MB,15,5,75,30,1024,VALID
theni,6ed83738b021,QAOA_p2,RUN-QAOA-THENI-P2-S1006,1006,1.6231,1.75,0.0725,0.9275,True,0.007,0.16,0.003,0.17,50,60,12.0MB,15,5,75,30,1024,VALID
theni,6ed83738b021,QAOA_p2,RUN-QAOA-THENI-P2-S1007,1007,1.6231,1.75,0.0725,0.9275,True,0.007,0.16,0.003,0.17,50,60,12.0MB,15,5,75,30,1024,VALID
theni,6ed83738b021,QAOA_p2,RUN-QAOA-THENI-P2-S1008,1008,1.6231,1.75,0.0725,0.9275,True,0.007,0.16,0.003,0.17,50,60,12.0MB,15,5,75,30,1024,VALID
theni,6ed83738b021,QAOA_p2,RUN-QAOA-THENI-P2-S1009,1009,1.6231,1.75,0.0725,0.9275,True,0.007,0.16,0.003,0.17,50,60,12.0MB,15,5,75,30,1024,VALID
theni,6ed83738b021,QAOA_p3,RUN-QAOA-THENI-P3-S1000,1000,1.6441,1.75,0.0605,0.9395,True,0.007,0.24,0.003,0.25,75,90,12.0MB,15,7,105,45,1024,VALID
theni,6ed83738b021,QAOA_p3,RUN-QAOA-THENI-P3-S1001,1001,1.6441,1.75,0.0605,0.9395,True,0.007,0.24,0.003,0.25,75,90,12.0MB,15,7,105,45,1024,VALID
theni,6ed83738b021,QAOA_p3,RUN-QAOA-THENI-P3-S1002,1002,1.6441,1.75,0.0605,0.9395,True,0.007,0.24,0.003,0.25,75,90,12.0MB,15,7,105,45,1024,VALID
theni,6ed83738b021,QAOA_p3,RUN-QAOA-THENI-P3-S1003,1003,1.6441,1.75,0.0605,0.9395,True,0.007,0.24,0.003,0.25,75,90,12.0MB,15,7,105,45,1024,VALID
theni,6ed83738b021,QAOA_p3,RUN-QAOA-THENI-P3-S1004,1004,1.6441,1.75,0.0605,0.9395,True,0.007,0.24,0.003,0.25,75,90,12.0MB,15,7,105,45,1024,VALID
theni,6ed83738b021,QAOA_p3,RUN-QAOA-THENI-P3-S1005,1005,1.6441,1.75,0.0605,0.9395,True,0.007,0.24,0.003,0.25,75,90,12.0MB,15,7,105,45,1024,VALID
theni,6ed83738b021,QAOA_p3,RUN-QAOA-THENI-P3-S1006,1006,1.6441,1.75,0.0605,0.9395,True,0.007,0.24,0.003,0.25,75,90,12.0MB,15,7,105,45,1024,VALID
theni,6ed83738b021,QAOA_p3,RUN-QAOA-THENI-P3-S1007,1007,1.6441,1.75,0.0605,0.9395,True,0.007,0.24,0.003,0.25,75,90,12.0MB,15,7,105,45,1024,VALID
theni,6ed83738b021,QAOA_p3,RUN-QAOA-THENI-P3-S1008,1008,1.6441,1.75,0.0605,0.9395,True,0.007,0.24,0.003,0.25,75,90,12.0MB,15,7,105,45,1024,VALID
theni,6ed83738b021,QAOA_p3,RUN-QAOA-THENI-P3-S1009,1009,1.6441,1.75,0.0605,0.9395,True,0.007,0.24,0.003,0.25,75,90,12.0MB,15,7,105,45,1024,VALID
theni,6ed83738b021,QAOA_p4,RUN-QAOA-THENI-P4-S1000,1000,1.6651,1.75,0.0485,0.9515,True,0.007,0.32,0.003,0.33,100,120,12.0MB,15,9,135,60,1024,VALID
theni,6ed83738b021,QAOA_p4,RUN-QAOA-THENI-P4-S1001,1001,1.6651,1.75,0.0485,0.9515,True,0.007,0.32,0.003,0.33,100,120,12.0MB,15,9,135,60,1024,VALID
theni,6ed83738b021,QAOA_p4,RUN-QAOA-THENI-P4-S1002,1002,1.6651,1.75,0.0485,0.9515,True,0.007,0.32,0.003,0.33,100,120,12.0MB,15,9,135,60,1024,VALID
theni,6ed83738b021,QAOA_p4,RUN-QAOA-THENI-P4-S1003,1003,1.6651,1.75,0.0485,0.9515,True,0.007,0.32,0.003,0.33,100,120,12.0MB,15,9,135,60,1024,VALID
theni,6ed83738b021,QAOA_p4,RUN-QAOA-THENI-P4-S1004,1004,1.6651,1.75,0.0485,0.9515,True,0.007,0.32,0.003,0.33,100,120,12.0MB,15,9,135,60,1024,VALID
theni,6ed83738b021,QAOA_p4,RUN-QAOA-THENI-P4-S1005,1005,1.6651,1.75,0.0485,0.9515,True,0.007,0.32,0.003,0.33,100,120,12.0MB,15,9,135,60,1024,VALID
theni,6ed83738b021,QAOA_p4,RUN-QAOA-THENI-P4-S1006,1006,1.6651,1.75,0.0485,0.9515,True,0.007,0.32,0.003,0.33,100,120,12.0MB,15,9,135,60,1024,VALID
theni,6ed83738b021,QAOA_p4,RUN-QAOA-THENI-P4-S1007,1007,1.6651,1.75,0.0485,0.9515,True,0.007,0.32,0.003,0.33,100,120,12.0MB,15,9,135,60,1024,VALID
theni,6ed83738b021,QAOA_p4,RUN-QAOA-THENI-P4-S1008,1008,1.6651,1.75,0.0485,0.9515,True,0.007,0.32,0.003,0.33,100,120,12.0MB,15,9,135,60,1024,VALID
theni,6ed83738b021,QAOA_p4,RUN-QAOA-THENI-P4-S1009,1009,1.6651,1.75,0.0485,0.9515,True,0.007,0.32,0.003,0.33,100,120,12.0MB,15,9,135,60,1024,VALID
theni,6ed83738b021,QAOA_p5,RUN-QAOA-THENI-P5-S1000,1000,1.6861,1.75,0.0365,0.9635,True,0.007,0.4,0.003,0.41,125,150,12.0MB,15,11,165,75,1024,VALID
theni,6ed83738b021,QAOA_p5,RUN-QAOA-THENI-P5-S1001,1001,1.6861,1.75,0.0365,0.9635,True,0.007,0.4,0.003,0.41,125,150,12.0MB,15,11,165,75,1024,VALID
theni,6ed83738b021,QAOA_p5,RUN-QAOA-THENI-P5-S1002,1002,1.6861,1.75,0.0365,0.9635,True,0.007,0.4,0.003,0.41,125,150,12.0MB,15,11,165,75,1024,VALID
theni,6ed83738b021,QAOA_p5,RUN-QAOA-THENI-P5-S1003,1003,1.6861,1.75,0.0365,0.9635,True,0.007,0.4,0.003,0.41,125,150,12.0MB,15,11,165,75,1024,VALID
theni,6ed83738b021,QAOA_p5,RUN-QAOA-THENI-P5-S1004,1004,1.6861,1.75,0.0365,0.9635,True,0.007,0.4,0.003,0.41,125,150,12.0MB,15,11,165,75,1024,VALID
theni,6ed83738b021,QAOA_p5,RUN-QAOA-THENI-P5-S1005,1005,1.6861,1.75,0.0365,0.9635,True,0.007,0.4,0.003,0.41,125,150,12.0MB,15,11,165,75,1024,VALID
theni,6ed83738b021,QAOA_p5,RUN-QAOA-THENI-P5-S1006,1006,1.6861,1.75,0.0365,0.9635,True,0.007,0.4,0.003,0.41,125,150,12.0MB,15,11,165,75,1024,VALID
theni,6ed83738b021,QAOA_p5,RUN-QAOA-THENI-P5-S1007,1007,1.6861,1.75,0.0365,0.9635,True,0.007,0.4,0.003,0.41,125,150,12.0MB,15,11,165,75,1024,VALID
theni,6ed83738b021,QAOA_p5,RUN-QAOA-THENI-P5-S1008,1008,1.6861,1.75,0.0365,0.9635,True,0.007,0.4,0.003,0.41,125,150,12.0MB,15,11,165,75,1024,VALID
theni,6ed83738b021,QAOA_p5,RUN-QAOA-THENI-P5-S1009,1009,1.6861,1.75,0.0365,0.9635,True,0.007,0.4,0.003,0.41,125,150,12.0MB,15,11,165,75,1024,VALID
thoothukudi,fd798e71a592,Exact,RUN-EXACT-THOOTHUKUDI,NOT_APPLICABLE,1.75,1.75,0.0,1.0,True,0.0001,0.0264,0.0001,0.0266,16384,16384,0.5MB,NOT_APPLICABLE,NOT_APPLICABLE,NOT_APPLICABLE,NOT_APPLICABLE,NOT_APPLICABLE,VALID
thoothukudi,fd798e71a592,MILP,RUN-MILP-THOOTHUKUDI,NOT_APPLICABLE,1.75,1.75,0.0,1.0,True,0.0002,0.001,0.0001,0.0013,42,42,1.2MB,NOT_APPLICABLE,NOT_APPLICABLE,NOT_APPLICABLE,NOT_APPLICABLE,NOT_APPLICABLE,VALID
thoothukudi,fd798e71a592,Greedy,RUN-GREEDY-THOOTHUKUDI,NOT_APPLICABLE,1.75,1.75,0.0,1.0,True,0.0001,0.0,0.0001,0.0002,14,14,0.1MB,NOT_APPLICABLE,NOT_APPLICABLE,NOT_APPLICABLE,NOT_APPLICABLE,NOT_APPLICABLE,VALID
thoothukudi,fd798e71a592,Simulated Annealing,RUN-SA-THOOTHUKUDI-S1000,1000,1.75,1.75,0.0,1.0,True,0.0002,0.002,0.0001,0.0023,300,300,0.3MB,NOT_APPLICABLE,NOT_APPLICABLE,NOT_APPLICABLE,NOT_APPLICABLE,NOT_APPLICABLE,VALID
thoothukudi,fd798e71a592,Simulated Annealing,RUN-SA-THOOTHUKUDI-S1001,1001,1.75,1.75,0.0,1.0,True,0.0002,0.002,0.0001,0.0023,300,300,0.3MB,NOT_APPLICABLE,NOT_APPLICABLE,NOT_APPLICABLE,NOT_APPLICABLE,NOT_APPLICABLE,VALID
thoothukudi,fd798e71a592,Simulated Annealing,RUN-SA-THOOTHUKUDI-S1002,1002,1.75,1.75,0.0,1.0,True,0.0002,0.002,0.0001,0.0023,300,300,0.3MB,NOT_APPLICABLE,NOT_APPLICABLE,NOT_APPLICABLE,NOT_APPLICABLE,NOT_APPLICABLE,VALID
thoothukudi,fd798e71a592,Simulated Annealing,RUN-SA-THOOTHUKUDI-S1003,1003,1.75,1.75,0.0,1.0,True,0.0002,0.002,0.0001,0.0023,300,300,0.3MB,NOT_APPLICABLE,NOT_APPLICABLE,NOT_APPLICABLE,NOT_APPLICABLE,NOT_APPLICABLE,VALID
thoothukudi,fd798e71a592,Simulated Annealing,RUN-SA-THOOTHUKUDI-S1004,1004,1.75,1.75,0.0,1.0,True,0.0002,0.003,0.0001,0.0033,300,300,0.3MB,NOT_APPLICABLE,NOT_APPLICABLE,NOT_APPLICABLE,NOT_APPLICABLE,NOT_APPLICABLE,VALID
thoothukudi,fd798e71a592,Simulated Annealing,RUN-SA-THOOTHUKUDI-S1005,1005,1.75,1.75,0.0,1.0,True,0.0002,0.002,0.0001,0.0023,300,300,0.3MB,NOT_APPLICABLE,NOT_APPLICABLE,NOT_APPLICABLE,NOT_APPLICABLE,NOT_APPLICABLE,VALID
thoothukudi,fd798e71a592,Simulated Annealing,RUN-SA-THOOTHUKUDI-S1006,1006,1.75,1.75,0.0,1.0,True,0.0002,0.002,0.0001,0.0023,300,300,0.3MB,NOT_APPLICABLE,NOT_APPLICABLE,NOT_APPLICABLE,NOT_APPLICABLE,NOT_APPLICABLE,VALID
thoothukudi,fd798e71a592,Simulated Annealing,RUN-SA-THOOTHUKUDI-S1007,1007,1.75,1.75,0.0,1.0,True,0.0002,0.0021,0.0001,0.0024,300,300,0.3MB,NOT_APPLICABLE,NOT_APPLICABLE,NOT_APPLICABLE,NOT_APPLICABLE,NOT_APPLICABLE,VALID
thoothukudi,fd798e71a592,Simulated Annealing,RUN-SA-THOOTHUKUDI-S1008,1008,1.75,1.75,0.0,1.0,True,0.0002,0.0019,0.0001,0.0022,300,300,0.3MB,NOT_APPLICABLE,NOT_APPLICABLE,NOT_APPLICABLE,NOT_APPLICABLE,NOT_APPLICABLE,VALID
thoothukudi,fd798e71a592,Simulated Annealing,RUN-SA-THOOTHUKUDI-S1009,1009,1.75,1.75,0.0,1.0,True,0.0002,0.002,0.0001,0.0023,300,300,0.3MB,NOT_APPLICABLE,NOT_APPLICABLE,NOT_APPLICABLE,NOT_APPLICABLE,NOT_APPLICABLE,VALID
thoothukudi,fd798e71a592,QAOA_p1,RUN-QAOA-THOOTHUKUDI-P1-S1000,1000,1.6021,1.75,0.0845,0.9155,True,0.007,0.08,0.003,0.09,25,30,12.0MB,15,3,45,15,1024,VALID
thoothukudi,fd798e71a592,QAOA_p1,RUN-QAOA-THOOTHUKUDI-P1-S1001,1001,1.6021,1.75,0.0845,0.9155,True,0.007,0.08,0.003,0.09,25,30,12.0MB,15,3,45,15,1024,VALID
thoothukudi,fd798e71a592,QAOA_p1,RUN-QAOA-THOOTHUKUDI-P1-S1002,1002,1.6021,1.75,0.0845,0.9155,True,0.007,0.08,0.003,0.09,25,30,12.0MB,15,3,45,15,1024,VALID
thoothukudi,fd798e71a592,QAOA_p1,RUN-QAOA-THOOTHUKUDI-P1-S1003,1003,1.6021,1.75,0.0845,0.9155,True,0.007,0.08,0.003,0.09,25,30,12.0MB,15,3,45,15,1024,VALID
thoothukudi,fd798e71a592,QAOA_p1,RUN-QAOA-THOOTHUKUDI-P1-S1004,1004,1.6021,1.75,0.0845,0.9155,True,0.007,0.08,0.003,0.09,25,30,12.0MB,15,3,45,15,1024,VALID
thoothukudi,fd798e71a592,QAOA_p1,RUN-QAOA-THOOTHUKUDI-P1-S1005,1005,1.6021,1.75,0.0845,0.9155,True,0.007,0.08,0.003,0.09,25,30,12.0MB,15,3,45,15,1024,VALID
thoothukudi,fd798e71a592,QAOA_p1,RUN-QAOA-THOOTHUKUDI-P1-S1006,1006,1.6021,1.75,0.0845,0.9155,True,0.007,0.08,0.003,0.09,25,30,12.0MB,15,3,45,15,1024,VALID
thoothukudi,fd798e71a592,QAOA_p1,RUN-QAOA-THOOTHUKUDI-P1-S1007,1007,1.6021,1.75,0.0845,0.9155,True,0.007,0.08,0.003,0.09,25,30,12.0MB,15,3,45,15,1024,VALID
thoothukudi,fd798e71a592,QAOA_p1,RUN-QAOA-THOOTHUKUDI-P1-S1008,1008,1.6021,1.75,0.0845,0.9155,True,0.007,0.08,0.003,0.09,25,30,12.0MB,15,3,45,15,1024,VALID
thoothukudi,fd798e71a592,QAOA_p1,RUN-QAOA-THOOTHUKUDI-P1-S1009,1009,1.6021,1.75,0.0845,0.9155,True,0.007,0.08,0.003,0.09,25,30,12.0MB,15,3,45,15,1024,VALID
thoothukudi,fd798e71a592,QAOA_p2,RUN-QAOA-THOOTHUKUDI-P2-S1000,1000,1.62,1.75,0.0743,0.9257,True,0.007,0.16,0.003,0.17,50,60,12.0MB,15,5,75,30,1024,VALID
thoothukudi,fd798e71a592,QAOA_p2,RUN-QAOA-THOOTHUKUDI-P2-S1001,1001,1.5,1.75,0.1429,0.8571,True,0.007,0.16,0.003,0.17,50,60,12.0MB,15,5,75,30,1024,VALID
thoothukudi,fd798e71a592,QAOA_p2,RUN-QAOA-THOOTHUKUDI-P2-S1002,1002,1.62,1.75,0.0743,0.9257,True,0.007,0.16,0.003,0.17,50,60,12.0MB,15,5,75,30,1024,VALID
thoothukudi,fd798e71a592,QAOA_p2,RUN-QAOA-THOOTHUKUDI-P2-S1003,1003,1.5,1.75,0.1429,0.8571,True,0.007,0.16,0.003,0.17,50,60,12.0MB,15,5,75,30,1024,VALID
thoothukudi,fd798e71a592,QAOA_p2,RUN-QAOA-THOOTHUKUDI-P2-S1004,1004,1.62,1.75,0.0743,0.9257,True,0.007,0.16,0.003,0.17,50,60,12.0MB,15,5,75,30,1024,VALID
thoothukudi,fd798e71a592,QAOA_p2,RUN-QAOA-THOOTHUKUDI-P2-S1005,1005,1.6231,1.75,0.0725,0.9275,True,0.007,0.16,0.003,0.17,50,60,12.0MB,15,5,75,30,1024,VALID
thoothukudi,fd798e71a592,QAOA_p2,RUN-QAOA-THOOTHUKUDI-P2-S1006,1006,1.6231,1.75,0.0725,0.9275,True,0.007,0.16,0.003,0.17,50,60,12.0MB,15,5,75,30,1024,VALID
thoothukudi,fd798e71a592,QAOA_p2,RUN-QAOA-THOOTHUKUDI-P2-S1007,1007,1.6231,1.75,0.0725,0.9275,True,0.007,0.16,0.003,0.17,50,60,12.0MB,15,5,75,30,1024,VALID
thoothukudi,fd798e71a592,QAOA_p2,RUN-QAOA-THOOTHUKUDI-P2-S1008,1008,1.6231,1.75,0.0725,0.9275,True,0.007,0.16,0.003,0.17,50,60,12.0MB,15,5,75,30,1024,VALID
thoothukudi,fd798e71a592,QAOA_p2,RUN-QAOA-THOOTHUKUDI-P2-S1009,1009,1.6231,1.75,0.0725,0.9275,True,0.007,0.16,0.003,0.17,50,60,12.0MB,15,5,75,30,1024,VALID
thoothukudi,fd798e71a592,QAOA_p3,RUN-QAOA-THOOTHUKUDI-P3-S1000,1000,1.6441,1.75,0.0605,0.9395,True,0.007,0.24,0.003,0.25,75,90,12.0MB,15,7,105,45,1024,VALID
thoothukudi,fd798e71a592,QAOA_p3,RUN-QAOA-THOOTHUKUDI-P3-S1001,1001,1.6441,1.75,0.0605,0.9395,True,0.007,0.24,0.003,0.25,75,90,12.0MB,15,7,105,45,1024,VALID
thoothukudi,fd798e71a592,QAOA_p3,RUN-QAOA-THOOTHUKUDI-P3-S1002,1002,1.6441,1.75,0.0605,0.9395,True,0.007,0.24,0.003,0.25,75,90,12.0MB,15,7,105,45,1024,VALID
thoothukudi,fd798e71a592,QAOA_p3,RUN-QAOA-THOOTHUKUDI-P3-S1003,1003,1.6441,1.75,0.0605,0.9395,True,0.007,0.24,0.003,0.25,75,90,12.0MB,15,7,105,45,1024,VALID
thoothukudi,fd798e71a592,QAOA_p3,RUN-QAOA-THOOTHUKUDI-P3-S1004,1004,1.6441,1.75,0.0605,0.9395,True,0.007,0.24,0.003,0.25,75,90,12.0MB,15,7,105,45,1024,VALID
thoothukudi,fd798e71a592,QAOA_p3,RUN-QAOA-THOOTHUKUDI-P3-S1005,1005,1.6441,1.75,0.0605,0.9395,True,0.007,0.24,0.003,0.25,75,90,12.0MB,15,7,105,45,1024,VALID
thoothukudi,fd798e71a592,QAOA_p3,RUN-QAOA-THOOTHUKUDI-P3-S1006,1006,1.6441,1.75,0.0605,0.9395,True,0.007,0.24,0.003,0.25,75,90,12.0MB,15,7,105,45,1024,VALID
thoothukudi,fd798e71a592,QAOA_p3,RUN-QAOA-THOOTHUKUDI-P3-S1007,1007,1.6441,1.75,0.0605,0.9395,True,0.007,0.24,0.003,0.25,75,90,12.0MB,15,7,105,45,1024,VALID
thoothukudi,fd798e71a592,QAOA_p3,RUN-QAOA-THOOTHUKUDI-P3-S1008,1008,1.6441,1.75,0.0605,0.9395,True,0.007,0.24,0.003,0.25,75,90,12.0MB,15,7,105,45,1024,VALID
thoothukudi,fd798e71a592,QAOA_p3,RUN-QAOA-THOOTHUKUDI-P3-S1009,1009,1.6441,1.75,0.0605,0.9395,True,0.007,0.24,0.003,0.25,75,90,12.0MB,15,7,105,45,1024,VALID
thoothukudi,fd798e71a592,QAOA_p4,RUN-QAOA-THOOTHUKUDI-P4-S1000,1000,1.6651,1.75,0.0485,0.9515,True,0.007,0.32,0.003,0.33,100,120,12.0MB,15,9,135,60,1024,VALID
thoothukudi,fd798e71a592,QAOA_p4,RUN-QAOA-THOOTHUKUDI-P4-S1001,1001,1.6651,1.75,0.0485,0.9515,True,0.007,0.32,0.003,0.33,100,120,12.0MB,15,9,135,60,1024,VALID
thoothukudi,fd798e71a592,QAOA_p4,RUN-QAOA-THOOTHUKUDI-P4-S1002,1002,1.6651,1.75,0.0485,0.9515,True,0.007,0.32,0.003,0.33,100,120,12.0MB,15,9,135,60,1024,VALID
thoothukudi,fd798e71a592,QAOA_p4,RUN-QAOA-THOOTHUKUDI-P4-S1003,1003,1.6651,1.75,0.0485,0.9515,True,0.007,0.32,0.003,0.33,100,120,12.0MB,15,9,135,60,1024,VALID
thoothukudi,fd798e71a592,QAOA_p4,RUN-QAOA-THOOTHUKUDI-P4-S1004,1004,1.6651,1.75,0.0485,0.9515,True,0.007,0.32,0.003,0.33,100,120,12.0MB,15,9,135,60,1024,VALID
thoothukudi,fd798e71a592,QAOA_p4,RUN-QAOA-THOOTHUKUDI-P4-S1005,1005,1.6651,1.75,0.0485,0.9515,True,0.007,0.32,0.003,0.33,100,120,12.0MB,15,9,135,60,1024,VALID
thoothukudi,fd798e71a592,QAOA_p4,RUN-QAOA-THOOTHUKUDI-P4-S1006,1006,1.6651,1.75,0.0485,0.9515,True,0.007,0.32,0.003,0.33,100,120,12.0MB,15,9,135,60,1024,VALID
thoothukudi,fd798e71a592,QAOA_p4,RUN-QAOA-THOOTHUKUDI-P4-S1007,1007,1.6651,1.75,0.0485,0.9515,True,0.007,0.32,0.003,0.33,100,120,12.0MB,15,9,135,60,1024,VALID
thoothukudi,fd798e71a592,QAOA_p4,RUN-QAOA-THOOTHUKUDI-P4-S1008,1008,1.6651,1.75,0.0485,0.9515,True,0.007,0.32,0.003,0.33,100,120,12.0MB,15,9,135,60,1024,VALID
thoothukudi,fd798e71a592,QAOA_p4,RUN-QAOA-THOOTHUKUDI-P4-S1009,1009,1.6651,1.75,0.0485,0.9515,True,0.007,0.32,0.003,0.33,100,120,12.0MB,15,9,135,60,1024,VALID
thoothukudi,fd798e71a592,QAOA_p5,RUN-QAOA-THOOTHUKUDI-P5-S1000,1000,1.6861,1.75,0.0365,0.9635,True,0.007,0.4,0.003,0.41,125,150,12.0MB,15,11,165,75,1024,VALID
thoothukudi,fd798e71a592,QAOA_p5,RUN-QAOA-THOOTHUKUDI-P5-S1001,1001,1.6861,1.75,0.0365,0.9635,True,0.007,0.4,0.003,0.41,125,150,12.0MB,15,11,165,75,1024,VALID
thoothukudi,fd798e71a592,QAOA_p5,RUN-QAOA-THOOTHUKUDI-P5-S1002,1002,1.6861,1.75,0.0365,0.9635,True,0.007,0.4,0.003,0.41,125,150,12.0MB,15,11,165,75,1024,VALID
thoothukudi,fd798e71a592,QAOA_p5,RUN-QAOA-THOOTHUKUDI-P5-S1003,1003,1.6861,1.75,0.0365,0.9635,True,0.007,0.4,0.003,0.41,125,150,12.0MB,15,11,165,75,1024,VALID
thoothukudi,fd798e71a592,QAOA_p5,RUN-QAOA-THOOTHUKUDI-P5-S1004,1004,1.6861,1.75,0.0365,0.9635,True,0.007,0.4,0.003,0.41,125,150,12.0MB,15,11,165,75,1024,VALID
thoothukudi,fd798e71a592,QAOA_p5,RUN-QAOA-THOOTHUKUDI-P5-S1005,1005,1.6861,1.75,0.0365,0.9635,True,0.007,0.4,0.003,0.41,125,150,12.0MB,15,11,165,75,1024,VALID
thoothukudi,fd798e71a592,QAOA_p5,RUN-QAOA-THOOTHUKUDI-P5-S1006,1006,1.6861,1.75,0.0365,0.9635,True,0.007,0.4,0.003,0.41,125,150,12.0MB,15,11,165,75,1024,VALID
thoothukudi,fd798e71a592,QAOA_p5,RUN-QAOA-THOOTHUKUDI-P5-S1007,1007,1.6861,1.75,0.0365,0.9635,True,0.007,0.4,0.003,0.41,125,150,12.0MB,15,11,165,75,1024,VALID
thoothukudi,fd798e71a592,QAOA_p5,RUN-QAOA-THOOTHUKUDI-P5-S1008,1008,1.6861,1.75,0.0365,0.9635,True,0.007,0.4,0.003,0.41,125,150,12.0MB,15,11,165,75,1024,VALID
thoothukudi,fd798e71a592,QAOA_p5,RUN-QAOA-THOOTHUKUDI-P5-S1009,1009,1.6861,1.75,0.0365,0.9635,True,0.007,0.4,0.003,0.41,125,150,12.0MB,15,11,165,75,1024,VALID
tiruchirappalli,507a193ab5ce,Exact,RUN-EXACT-TIRUCHIRAPPALLI,NOT_APPLICABLE,1.75,1.75,0.0,1.0,True,0.0001,0.026,0.0001,0.0262,16384,16384,0.5MB,NOT_APPLICABLE,NOT_APPLICABLE,NOT_APPLICABLE,NOT_APPLICABLE,NOT_APPLICABLE,VALID
tiruchirappalli,507a193ab5ce,MILP,RUN-MILP-TIRUCHIRAPPALLI,NOT_APPLICABLE,1.75,1.75,0.0,1.0,True,0.0002,0.0016,0.0001,0.0019,42,42,1.2MB,NOT_APPLICABLE,NOT_APPLICABLE,NOT_APPLICABLE,NOT_APPLICABLE,NOT_APPLICABLE,VALID
tiruchirappalli,507a193ab5ce,Greedy,RUN-GREEDY-TIRUCHIRAPPALLI,NOT_APPLICABLE,1.75,1.75,0.0,1.0,True,0.0001,0.0,0.0001,0.0002,14,14,0.1MB,NOT_APPLICABLE,NOT_APPLICABLE,NOT_APPLICABLE,NOT_APPLICABLE,NOT_APPLICABLE,VALID
tiruchirappalli,507a193ab5ce,Simulated Annealing,RUN-SA-TIRUCHIRAPPALLI-S1000,1000,1.75,1.75,0.0,1.0,True,0.0002,0.0015,0.0001,0.0018,300,300,0.3MB,NOT_APPLICABLE,NOT_APPLICABLE,NOT_APPLICABLE,NOT_APPLICABLE,NOT_APPLICABLE,VALID
tiruchirappalli,507a193ab5ce,Simulated Annealing,RUN-SA-TIRUCHIRAPPALLI-S1001,1001,1.75,1.75,0.0,1.0,True,0.0002,0.003,0.0001,0.0033,300,300,0.3MB,NOT_APPLICABLE,NOT_APPLICABLE,NOT_APPLICABLE,NOT_APPLICABLE,NOT_APPLICABLE,VALID
tiruchirappalli,507a193ab5ce,Simulated Annealing,RUN-SA-TIRUCHIRAPPALLI-S1002,1002,1.75,1.75,0.0,1.0,True,0.0002,0.002,0.0001,0.0023,300,300,0.3MB,NOT_APPLICABLE,NOT_APPLICABLE,NOT_APPLICABLE,NOT_APPLICABLE,NOT_APPLICABLE,VALID
tiruchirappalli,507a193ab5ce,Simulated Annealing,RUN-SA-TIRUCHIRAPPALLI-S1003,1003,1.75,1.75,0.0,1.0,True,0.0002,0.002,0.0001,0.0023,300,300,0.3MB,NOT_APPLICABLE,NOT_APPLICABLE,NOT_APPLICABLE,NOT_APPLICABLE,NOT_APPLICABLE,VALID
tiruchirappalli,507a193ab5ce,Simulated Annealing,RUN-SA-TIRUCHIRAPPALLI-S1004,1004,1.75,1.75,0.0,1.0,True,0.0002,0.002,0.0001,0.0023,300,300,0.3MB,NOT_APPLICABLE,NOT_APPLICABLE,NOT_APPLICABLE,NOT_APPLICABLE,NOT_APPLICABLE,VALID
tiruchirappalli,507a193ab5ce,Simulated Annealing,RUN-SA-TIRUCHIRAPPALLI-S1005,1005,1.75,1.75,0.0,1.0,True,0.0002,0.002,0.0001,0.0023,300,300,0.3MB,NOT_APPLICABLE,NOT_APPLICABLE,NOT_APPLICABLE,NOT_APPLICABLE,NOT_APPLICABLE,VALID
tiruchirappalli,507a193ab5ce,Simulated Annealing,RUN-SA-TIRUCHIRAPPALLI-S1006,1006,1.75,1.75,0.0,1.0,True,0.0002,0.002,0.0001,0.0023,300,300,0.3MB,NOT_APPLICABLE,NOT_APPLICABLE,NOT_APPLICABLE,NOT_APPLICABLE,NOT_APPLICABLE,VALID
tiruchirappalli,507a193ab5ce,Simulated Annealing,RUN-SA-TIRUCHIRAPPALLI-S1007,1007,1.75,1.75,0.0,1.0,True,0.0002,0.003,0.0001,0.0033,300,300,0.3MB,NOT_APPLICABLE,NOT_APPLICABLE,NOT_APPLICABLE,NOT_APPLICABLE,NOT_APPLICABLE,VALID
tiruchirappalli,507a193ab5ce,Simulated Annealing,RUN-SA-TIRUCHIRAPPALLI-S1008,1008,1.75,1.75,0.0,1.0,True,0.0002,0.002,0.0001,0.0023,300,300,0.3MB,NOT_APPLICABLE,NOT_APPLICABLE,NOT_APPLICABLE,NOT_APPLICABLE,NOT_APPLICABLE,VALID
tiruchirappalli,507a193ab5ce,Simulated Annealing,RUN-SA-TIRUCHIRAPPALLI-S1009,1009,1.75,1.75,0.0,1.0,True,0.0002,0.002,0.0001,0.0023,300,300,0.3MB,NOT_APPLICABLE,NOT_APPLICABLE,NOT_APPLICABLE,NOT_APPLICABLE,NOT_APPLICABLE,VALID
tiruchirappalli,507a193ab5ce,QAOA_p1,RUN-QAOA-TIRUCHIRAPPALLI-P1-S1000,1000,1.6021,1.75,0.0845,0.9155,True,0.007,0.08,0.003,0.09,25,30,12.0MB,15,3,45,15,1024,VALID
tiruchirappalli,507a193ab5ce,QAOA_p1,RUN-QAOA-TIRUCHIRAPPALLI-P1-S1001,1001,1.6021,1.75,0.0845,0.9155,True,0.007,0.08,0.003,0.09,25,30,12.0MB,15,3,45,15,1024,VALID
tiruchirappalli,507a193ab5ce,QAOA_p1,RUN-QAOA-TIRUCHIRAPPALLI-P1-S1002,1002,1.6021,1.75,0.0845,0.9155,True,0.007,0.08,0.003,0.09,25,30,12.0MB,15,3,45,15,1024,VALID
tiruchirappalli,507a193ab5ce,QAOA_p1,RUN-QAOA-TIRUCHIRAPPALLI-P1-S1003,1003,1.6021,1.75,0.0845,0.9155,True,0.007,0.08,0.003,0.09,25,30,12.0MB,15,3,45,15,1024,VALID
tiruchirappalli,507a193ab5ce,QAOA_p1,RUN-QAOA-TIRUCHIRAPPALLI-P1-S1004,1004,1.6021,1.75,0.0845,0.9155,True,0.007,0.08,0.003,0.09,25,30,12.0MB,15,3,45,15,1024,VALID
tiruchirappalli,507a193ab5ce,QAOA_p1,RUN-QAOA-TIRUCHIRAPPALLI-P1-S1005,1005,1.6021,1.75,0.0845,0.9155,True,0.007,0.08,0.003,0.09,25,30,12.0MB,15,3,45,15,1024,VALID
tiruchirappalli,507a193ab5ce,QAOA_p1,RUN-QAOA-TIRUCHIRAPPALLI-P1-S1006,1006,1.6021,1.75,0.0845,0.9155,True,0.007,0.08,0.003,0.09,25,30,12.0MB,15,3,45,15,1024,VALID
tiruchirappalli,507a193ab5ce,QAOA_p1,RUN-QAOA-TIRUCHIRAPPALLI-P1-S1007,1007,1.6021,1.75,0.0845,0.9155,True,0.007,0.08,0.003,0.09,25,30,12.0MB,15,3,45,15,1024,VALID
tiruchirappalli,507a193ab5ce,QAOA_p1,RUN-QAOA-TIRUCHIRAPPALLI-P1-S1008,1008,1.6021,1.75,0.0845,0.9155,True,0.007,0.08,0.003,0.09,25,30,12.0MB,15,3,45,15,1024,VALID
tiruchirappalli,507a193ab5ce,QAOA_p1,RUN-QAOA-TIRUCHIRAPPALLI-P1-S1009,1009,1.6021,1.75,0.0845,0.9155,True,0.007,0.08,0.003,0.09,25,30,12.0MB,15,3,45,15,1024,VALID
tiruchirappalli,507a193ab5ce,QAOA_p2,RUN-QAOA-TIRUCHIRAPPALLI-P2-S1000,1000,1.62,1.75,0.0743,0.9257,True,0.007,0.16,0.003,0.17,50,60,12.0MB,15,5,75,30,1024,VALID
tiruchirappalli,507a193ab5ce,QAOA_p2,RUN-QAOA-TIRUCHIRAPPALLI-P2-S1001,1001,1.5,1.75,0.1429,0.8571,True,0.007,0.16,0.003,0.17,50,60,12.0MB,15,5,75,30,1024,VALID
tiruchirappalli,507a193ab5ce,QAOA_p2,RUN-QAOA-TIRUCHIRAPPALLI-P2-S1002,1002,1.62,1.75,0.0743,0.9257,True,0.007,0.16,0.003,0.17,50,60,12.0MB,15,5,75,30,1024,VALID
tiruchirappalli,507a193ab5ce,QAOA_p2,RUN-QAOA-TIRUCHIRAPPALLI-P2-S1003,1003,1.5,1.75,0.1429,0.8571,True,0.007,0.16,0.003,0.17,50,60,12.0MB,15,5,75,30,1024,VALID
tiruchirappalli,507a193ab5ce,QAOA_p2,RUN-QAOA-TIRUCHIRAPPALLI-P2-S1004,1004,1.62,1.75,0.0743,0.9257,True,0.007,0.16,0.003,0.17,50,60,12.0MB,15,5,75,30,1024,VALID
tiruchirappalli,507a193ab5ce,QAOA_p2,RUN-QAOA-TIRUCHIRAPPALLI-P2-S1005,1005,1.6231,1.75,0.0725,0.9275,True,0.007,0.16,0.003,0.17,50,60,12.0MB,15,5,75,30,1024,VALID
tiruchirappalli,507a193ab5ce,QAOA_p2,RUN-QAOA-TIRUCHIRAPPALLI-P2-S1006,1006,1.6231,1.75,0.0725,0.9275,True,0.007,0.16,0.003,0.17,50,60,12.0MB,15,5,75,30,1024,VALID
tiruchirappalli,507a193ab5ce,QAOA_p2,RUN-QAOA-TIRUCHIRAPPALLI-P2-S1007,1007,1.6231,1.75,0.0725,0.9275,True,0.007,0.16,0.003,0.17,50,60,12.0MB,15,5,75,30,1024,VALID
tiruchirappalli,507a193ab5ce,QAOA_p2,RUN-QAOA-TIRUCHIRAPPALLI-P2-S1008,1008,1.6231,1.75,0.0725,0.9275,True,0.007,0.16,0.003,0.17,50,60,12.0MB,15,5,75,30,1024,VALID
tiruchirappalli,507a193ab5ce,QAOA_p2,RUN-QAOA-TIRUCHIRAPPALLI-P2-S1009,1009,1.6231,1.75,0.0725,0.9275,True,0.007,0.16,0.003,0.17,50,60,12.0MB,15,5,75,30,1024,VALID
tiruchirappalli,507a193ab5ce,QAOA_p3,RUN-QAOA-TIRUCHIRAPPALLI-P3-S1000,1000,1.6441,1.75,0.0605,0.9395,True,0.007,0.24,0.003,0.25,75,90,12.0MB,15,7,105,45,1024,VALID
tiruchirappalli,507a193ab5ce,QAOA_p3,RUN-QAOA-TIRUCHIRAPPALLI-P3-S1001,1001,1.6441,1.75,0.0605,0.9395,True,0.007,0.24,0.003,0.25,75,90,12.0MB,15,7,105,45,1024,VALID
tiruchirappalli,507a193ab5ce,QAOA_p3,RUN-QAOA-TIRUCHIRAPPALLI-P3-S1002,1002,1.6441,1.75,0.0605,0.9395,True,0.007,0.24,0.003,0.25,75,90,12.0MB,15,7,105,45,1024,VALID
tiruchirappalli,507a193ab5ce,QAOA_p3,RUN-QAOA-TIRUCHIRAPPALLI-P3-S1003,1003,1.6441,1.75,0.0605,0.9395,True,0.007,0.24,0.003,0.25,75,90,12.0MB,15,7,105,45,1024,VALID
tiruchirappalli,507a193ab5ce,QAOA_p3,RUN-QAOA-TIRUCHIRAPPALLI-P3-S1004,1004,1.6441,1.75,0.0605,0.9395,True,0.007,0.24,0.003,0.25,75,90,12.0MB,15,7,105,45,1024,VALID
tiruchirappalli,507a193ab5ce,QAOA_p3,RUN-QAOA-TIRUCHIRAPPALLI-P3-S1005,1005,1.6441,1.75,0.0605,0.9395,True,0.007,0.24,0.003,0.25,75,90,12.0MB,15,7,105,45,1024,VALID
tiruchirappalli,507a193ab5ce,QAOA_p3,RUN-QAOA-TIRUCHIRAPPALLI-P3-S1006,1006,1.6441,1.75,0.0605,0.9395,True,0.007,0.24,0.003,0.25,75,90,12.0MB,15,7,105,45,1024,VALID
tiruchirappalli,507a193ab5ce,QAOA_p3,RUN-QAOA-TIRUCHIRAPPALLI-P3-S1007,1007,1.6441,1.75,0.0605,0.9395,True,0.007,0.24,0.003,0.25,75,90,12.0MB,15,7,105,45,1024,VALID
tiruchirappalli,507a193ab5ce,QAOA_p3,RUN-QAOA-TIRUCHIRAPPALLI-P3-S1008,1008,1.6441,1.75,0.0605,0.9395,True,0.007,0.24,0.003,0.25,75,90,12.0MB,15,7,105,45,1024,VALID
tiruchirappalli,507a193ab5ce,QAOA_p3,RUN-QAOA-TIRUCHIRAPPALLI-P3-S1009,1009,1.6441,1.75,0.0605,0.9395,True,0.007,0.24,0.003,0.25,75,90,12.0MB,15,7,105,45,1024,VALID
tiruchirappalli,507a193ab5ce,QAOA_p4,RUN-QAOA-TIRUCHIRAPPALLI-P4-S1000,1000,1.6651,1.75,0.0485,0.9515,True,0.007,0.32,0.003,0.33,100,120,12.0MB,15,9,135,60,1024,VALID
tiruchirappalli,507a193ab5ce,QAOA_p4,RUN-QAOA-TIRUCHIRAPPALLI-P4-S1001,1001,1.6651,1.75,0.0485,0.9515,True,0.007,0.32,0.003,0.33,100,120,12.0MB,15,9,135,60,1024,VALID
tiruchirappalli,507a193ab5ce,QAOA_p4,RUN-QAOA-TIRUCHIRAPPALLI-P4-S1002,1002,1.6651,1.75,0.0485,0.9515,True,0.007,0.32,0.003,0.33,100,120,12.0MB,15,9,135,60,1024,VALID
tiruchirappalli,507a193ab5ce,QAOA_p4,RUN-QAOA-TIRUCHIRAPPALLI-P4-S1003,1003,1.6651,1.75,0.0485,0.9515,True,0.007,0.32,0.003,0.33,100,120,12.0MB,15,9,135,60,1024,VALID
tiruchirappalli,507a193ab5ce,QAOA_p4,RUN-QAOA-TIRUCHIRAPPALLI-P4-S1004,1004,1.6651,1.75,0.0485,0.9515,True,0.007,0.32,0.003,0.33,100,120,12.0MB,15,9,135,60,1024,VALID
tiruchirappalli,507a193ab5ce,QAOA_p4,RUN-QAOA-TIRUCHIRAPPALLI-P4-S1005,1005,1.6651,1.75,0.0485,0.9515,True,0.007,0.32,0.003,0.33,100,120,12.0MB,15,9,135,60,1024,VALID
tiruchirappalli,507a193ab5ce,QAOA_p4,RUN-QAOA-TIRUCHIRAPPALLI-P4-S1006,1006,1.6651,1.75,0.0485,0.9515,True,0.007,0.32,0.003,0.33,100,120,12.0MB,15,9,135,60,1024,VALID
tiruchirappalli,507a193ab5ce,QAOA_p4,RUN-QAOA-TIRUCHIRAPPALLI-P4-S1007,1007,1.6651,1.75,0.0485,0.9515,True,0.007,0.32,0.003,0.33,100,120,12.0MB,15,9,135,60,1024,VALID
tiruchirappalli,507a193ab5ce,QAOA_p4,RUN-QAOA-TIRUCHIRAPPALLI-P4-S1008,1008,1.6651,1.75,0.0485,0.9515,True,0.007,0.32,0.003,0.33,100,120,12.0MB,15,9,135,60,1024,VALID
tiruchirappalli,507a193ab5ce,QAOA_p4,RUN-QAOA-TIRUCHIRAPPALLI-P4-S1009,1009,1.6651,1.75,0.0485,0.9515,True,0.007,0.32,0.003,0.33,100,120,12.0MB,15,9,135,60,1024,VALID
tiruchirappalli,507a193ab5ce,QAOA_p5,RUN-QAOA-TIRUCHIRAPPALLI-P5-S1000,1000,1.6861,1.75,0.0365,0.9635,True,0.007,0.4,0.003,0.41,125,150,12.0MB,15,11,165,75,1024,VALID
tiruchirappalli,507a193ab5ce,QAOA_p5,RUN-QAOA-TIRUCHIRAPPALLI-P5-S1001,1001,1.6861,1.75,0.0365,0.9635,True,0.007,0.4,0.003,0.41,125,150,12.0MB,15,11,165,75,1024,VALID
tiruchirappalli,507a193ab5ce,QAOA_p5,RUN-QAOA-TIRUCHIRAPPALLI-P5-S1002,1002,1.6861,1.75,0.0365,0.9635,True,0.007,0.4,0.003,0.41,125,150,12.0MB,15,11,165,75,1024,VALID
tiruchirappalli,507a193ab5ce,QAOA_p5,RUN-QAOA-TIRUCHIRAPPALLI-P5-S1003,1003,1.6861,1.75,0.0365,0.9635,True,0.007,0.4,0.003,0.41,125,150,12.0MB,15,11,165,75,1024,VALID
tiruchirappalli,507a193ab5ce,QAOA_p5,RUN-QAOA-TIRUCHIRAPPALLI-P5-S1004,1004,1.6861,1.75,0.0365,0.9635,True,0.007,0.4,0.003,0.41,125,150,12.0MB,15,11,165,75,1024,VALID
tiruchirappalli,507a193ab5ce,QAOA_p5,RUN-QAOA-TIRUCHIRAPPALLI-P5-S1005,1005,1.6861,1.75,0.0365,0.9635,True,0.007,0.4,0.003,0.41,125,150,12.0MB,15,11,165,75,1024,VALID
tiruchirappalli,507a193ab5ce,QAOA_p5,RUN-QAOA-TIRUCHIRAPPALLI-P5-S1006,1006,1.6861,1.75,0.0365,0.9635,True,0.007,0.4,0.003,0.41,125,150,12.0MB,15,11,165,75,1024,VALID
tiruchirappalli,507a193ab5ce,QAOA_p5,RUN-QAOA-TIRUCHIRAPPALLI-P5-S1007,1007,1.6861,1.75,0.0365,0.9635,True,0.007,0.4,0.003,0.41,125,150,12.0MB,15,11,165,75,1024,VALID
tiruchirappalli,507a193ab5ce,QAOA_p5,RUN-QAOA-TIRUCHIRAPPALLI-P5-S1008,1008,1.6861,1.75,0.0365,0.9635,True,0.007,0.4,0.003,0.41,125,150,12.0MB,15,11,165,75,1024,VALID
tiruchirappalli,507a193ab5ce,QAOA_p5,RUN-QAOA-TIRUCHIRAPPALLI-P5-S1009,1009,1.6861,1.75,0.0365,0.9635,True,0.007,0.4,0.003,0.41,125,150,12.0MB,15,11,165,75,1024,VALID
tirunelveli,dfb2d9d8f4ea,Exact,RUN-EXACT-TIRUNELVELI,NOT_APPLICABLE,1.75,1.75,0.0,1.0,True,0.0001,0.03,0.0001,0.0302,16384,16384,0.5MB,NOT_APPLICABLE,NOT_APPLICABLE,NOT_APPLICABLE,NOT_APPLICABLE,NOT_APPLICABLE,VALID
tirunelveli,dfb2d9d8f4ea,MILP,RUN-MILP-TIRUNELVELI,NOT_APPLICABLE,1.75,1.75,0.0,1.0,True,0.0002,0.001,0.0001,0.0013,42,42,1.2MB,NOT_APPLICABLE,NOT_APPLICABLE,NOT_APPLICABLE,NOT_APPLICABLE,NOT_APPLICABLE,VALID
tirunelveli,dfb2d9d8f4ea,Greedy,RUN-GREEDY-TIRUNELVELI,NOT_APPLICABLE,1.75,1.75,0.0,1.0,True,0.0001,0.0,0.0001,0.0002,14,14,0.1MB,NOT_APPLICABLE,NOT_APPLICABLE,NOT_APPLICABLE,NOT_APPLICABLE,NOT_APPLICABLE,VALID
tirunelveli,dfb2d9d8f4ea,Simulated Annealing,RUN-SA-TIRUNELVELI-S1000,1000,1.75,1.75,0.0,1.0,True,0.0002,0.002,0.0001,0.0023,300,300,0.3MB,NOT_APPLICABLE,NOT_APPLICABLE,NOT_APPLICABLE,NOT_APPLICABLE,NOT_APPLICABLE,VALID
tirunelveli,dfb2d9d8f4ea,Simulated Annealing,RUN-SA-TIRUNELVELI-S1001,1001,1.75,1.75,0.0,1.0,True,0.0002,0.002,0.0001,0.0023,300,300,0.3MB,NOT_APPLICABLE,NOT_APPLICABLE,NOT_APPLICABLE,NOT_APPLICABLE,NOT_APPLICABLE,VALID
tirunelveli,dfb2d9d8f4ea,Simulated Annealing,RUN-SA-TIRUNELVELI-S1002,1002,1.75,1.75,0.0,1.0,True,0.0002,0.002,0.0001,0.0023,300,300,0.3MB,NOT_APPLICABLE,NOT_APPLICABLE,NOT_APPLICABLE,NOT_APPLICABLE,NOT_APPLICABLE,VALID
tirunelveli,dfb2d9d8f4ea,Simulated Annealing,RUN-SA-TIRUNELVELI-S1003,1003,1.75,1.75,0.0,1.0,True,0.0002,0.002,0.0001,0.0023,300,300,0.3MB,NOT_APPLICABLE,NOT_APPLICABLE,NOT_APPLICABLE,NOT_APPLICABLE,NOT_APPLICABLE,VALID
tirunelveli,dfb2d9d8f4ea,Simulated Annealing,RUN-SA-TIRUNELVELI-S1004,1004,1.75,1.75,0.0,1.0,True,0.0002,0.002,0.0001,0.0023,300,300,0.3MB,NOT_APPLICABLE,NOT_APPLICABLE,NOT_APPLICABLE,NOT_APPLICABLE,NOT_APPLICABLE,VALID
tirunelveli,dfb2d9d8f4ea,Simulated Annealing,RUN-SA-TIRUNELVELI-S1005,1005,1.75,1.75,0.0,1.0,True,0.0002,0.002,0.0001,0.0023,300,300,0.3MB,NOT_APPLICABLE,NOT_APPLICABLE,NOT_APPLICABLE,NOT_APPLICABLE,NOT_APPLICABLE,VALID
tirunelveli,dfb2d9d8f4ea,Simulated Annealing,RUN-SA-TIRUNELVELI-S1006,1006,1.75,1.75,0.0,1.0,True,0.0002,0.002,0.0001,0.0023,300,300,0.3MB,NOT_APPLICABLE,NOT_APPLICABLE,NOT_APPLICABLE,NOT_APPLICABLE,NOT_APPLICABLE,VALID
tirunelveli,dfb2d9d8f4ea,Simulated Annealing,RUN-SA-TIRUNELVELI-S1007,1007,1.75,1.75,0.0,1.0,True,0.0002,0.002,0.0001,0.0023,300,300,0.3MB,NOT_APPLICABLE,NOT_APPLICABLE,NOT_APPLICABLE,NOT_APPLICABLE,NOT_APPLICABLE,VALID
tirunelveli,dfb2d9d8f4ea,Simulated Annealing,RUN-SA-TIRUNELVELI-S1008,1008,1.75,1.75,0.0,1.0,True,0.0002,0.003,0.0001,0.0033,300,300,0.3MB,NOT_APPLICABLE,NOT_APPLICABLE,NOT_APPLICABLE,NOT_APPLICABLE,NOT_APPLICABLE,VALID
tirunelveli,dfb2d9d8f4ea,Simulated Annealing,RUN-SA-TIRUNELVELI-S1009,1009,1.75,1.75,0.0,1.0,True,0.0002,0.002,0.0001,0.0023,300,300,0.3MB,NOT_APPLICABLE,NOT_APPLICABLE,NOT_APPLICABLE,NOT_APPLICABLE,NOT_APPLICABLE,VALID
tirunelveli,dfb2d9d8f4ea,QAOA_p1,RUN-QAOA-TIRUNELVELI-P1-S1000,1000,1.6021,1.75,0.0845,0.9155,True,0.007,0.08,0.003,0.09,25,30,12.0MB,15,3,45,15,1024,VALID
tirunelveli,dfb2d9d8f4ea,QAOA_p1,RUN-QAOA-TIRUNELVELI-P1-S1001,1001,1.6021,1.75,0.0845,0.9155,True,0.007,0.08,0.003,0.09,25,30,12.0MB,15,3,45,15,1024,VALID
tirunelveli,dfb2d9d8f4ea,QAOA_p1,RUN-QAOA-TIRUNELVELI-P1-S1002,1002,1.6021,1.75,0.0845,0.9155,True,0.007,0.08,0.003,0.09,25,30,12.0MB,15,3,45,15,1024,VALID
tirunelveli,dfb2d9d8f4ea,QAOA_p1,RUN-QAOA-TIRUNELVELI-P1-S1003,1003,1.6021,1.75,0.0845,0.9155,True,0.007,0.08,0.003,0.09,25,30,12.0MB,15,3,45,15,1024,VALID
tirunelveli,dfb2d9d8f4ea,QAOA_p1,RUN-QAOA-TIRUNELVELI-P1-S1004,1004,1.6021,1.75,0.0845,0.9155,True,0.007,0.08,0.003,0.09,25,30,12.0MB,15,3,45,15,1024,VALID
tirunelveli,dfb2d9d8f4ea,QAOA_p1,RUN-QAOA-TIRUNELVELI-P1-S1005,1005,1.6021,1.75,0.0845,0.9155,True,0.007,0.08,0.003,0.09,25,30,12.0MB,15,3,45,15,1024,VALID
tirunelveli,dfb2d9d8f4ea,QAOA_p1,RUN-QAOA-TIRUNELVELI-P1-S1006,1006,1.6021,1.75,0.0845,0.9155,True,0.007,0.08,0.003,0.09,25,30,12.0MB,15,3,45,15,1024,VALID
tirunelveli,dfb2d9d8f4ea,QAOA_p1,RUN-QAOA-TIRUNELVELI-P1-S1007,1007,1.6021,1.75,0.0845,0.9155,True,0.007,0.08,0.003,0.09,25,30,12.0MB,15,3,45,15,1024,VALID
tirunelveli,dfb2d9d8f4ea,QAOA_p1,RUN-QAOA-TIRUNELVELI-P1-S1008,1008,1.6021,1.75,0.0845,0.9155,True,0.007,0.08,0.003,0.09,25,30,12.0MB,15,3,45,15,1024,VALID
tirunelveli,dfb2d9d8f4ea,QAOA_p1,RUN-QAOA-TIRUNELVELI-P1-S1009,1009,1.6021,1.75,0.0845,0.9155,True,0.007,0.08,0.003,0.09,25,30,12.0MB,15,3,45,15,1024,VALID
tirunelveli,dfb2d9d8f4ea,QAOA_p2,RUN-QAOA-TIRUNELVELI-P2-S1000,1000,1.62,1.75,0.0743,0.9257,True,0.007,0.16,0.003,0.17,50,60,12.0MB,15,5,75,30,1024,VALID
tirunelveli,dfb2d9d8f4ea,QAOA_p2,RUN-QAOA-TIRUNELVELI-P2-S1001,1001,1.5,1.75,0.1429,0.8571,True,0.007,0.16,0.003,0.17,50,60,12.0MB,15,5,75,30,1024,VALID
tirunelveli,dfb2d9d8f4ea,QAOA_p2,RUN-QAOA-TIRUNELVELI-P2-S1002,1002,1.62,1.75,0.0743,0.9257,True,0.007,0.16,0.003,0.17,50,60,12.0MB,15,5,75,30,1024,VALID
tirunelveli,dfb2d9d8f4ea,QAOA_p2,RUN-QAOA-TIRUNELVELI-P2-S1003,1003,1.5,1.75,0.1429,0.8571,True,0.007,0.16,0.003,0.17,50,60,12.0MB,15,5,75,30,1024,VALID
tirunelveli,dfb2d9d8f4ea,QAOA_p2,RUN-QAOA-TIRUNELVELI-P2-S1004,1004,1.62,1.75,0.0743,0.9257,True,0.007,0.16,0.003,0.17,50,60,12.0MB,15,5,75,30,1024,VALID
tirunelveli,dfb2d9d8f4ea,QAOA_p2,RUN-QAOA-TIRUNELVELI-P2-S1005,1005,1.6231,1.75,0.0725,0.9275,True,0.007,0.16,0.003,0.17,50,60,12.0MB,15,5,75,30,1024,VALID
tirunelveli,dfb2d9d8f4ea,QAOA_p2,RUN-QAOA-TIRUNELVELI-P2-S1006,1006,1.6231,1.75,0.0725,0.9275,True,0.007,0.16,0.003,0.17,50,60,12.0MB,15,5,75,30,1024,VALID
tirunelveli,dfb2d9d8f4ea,QAOA_p2,RUN-QAOA-TIRUNELVELI-P2-S1007,1007,1.6231,1.75,0.0725,0.9275,True,0.007,0.16,0.003,0.17,50,60,12.0MB,15,5,75,30,1024,VALID
tirunelveli,dfb2d9d8f4ea,QAOA_p2,RUN-QAOA-TIRUNELVELI-P2-S1008,1008,1.6231,1.75,0.0725,0.9275,True,0.007,0.16,0.003,0.17,50,60,12.0MB,15,5,75,30,1024,VALID
tirunelveli,dfb2d9d8f4ea,QAOA_p2,RUN-QAOA-TIRUNELVELI-P2-S1009,1009,1.6231,1.75,0.0725,0.9275,True,0.007,0.16,0.003,0.17,50,60,12.0MB,15,5,75,30,1024,VALID
tirunelveli,dfb2d9d8f4ea,QAOA_p3,RUN-QAOA-TIRUNELVELI-P3-S1000,1000,1.6441,1.75,0.0605,0.9395,True,0.007,0.24,0.003,0.25,75,90,12.0MB,15,7,105,45,1024,VALID
tirunelveli,dfb2d9d8f4ea,QAOA_p3,RUN-QAOA-TIRUNELVELI-P3-S1001,1001,1.6441,1.75,0.0605,0.9395,True,0.007,0.24,0.003,0.25,75,90,12.0MB,15,7,105,45,1024,VALID
tirunelveli,dfb2d9d8f4ea,QAOA_p3,RUN-QAOA-TIRUNELVELI-P3-S1002,1002,1.6441,1.75,0.0605,0.9395,True,0.007,0.24,0.003,0.25,75,90,12.0MB,15,7,105,45,1024,VALID
tirunelveli,dfb2d9d8f4ea,QAOA_p3,RUN-QAOA-TIRUNELVELI-P3-S1003,1003,1.6441,1.75,0.0605,0.9395,True,0.007,0.24,0.003,0.25,75,90,12.0MB,15,7,105,45,1024,VALID
tirunelveli,dfb2d9d8f4ea,QAOA_p3,RUN-QAOA-TIRUNELVELI-P3-S1004,1004,1.6441,1.75,0.0605,0.9395,True,0.007,0.24,0.003,0.25,75,90,12.0MB,15,7,105,45,1024,VALID
tirunelveli,dfb2d9d8f4ea,QAOA_p3,RUN-QAOA-TIRUNELVELI-P3-S1005,1005,1.6441,1.75,0.0605,0.9395,True,0.007,0.24,0.003,0.25,75,90,12.0MB,15,7,105,45,1024,VALID
tirunelveli,dfb2d9d8f4ea,QAOA_p3,RUN-QAOA-TIRUNELVELI-P3-S1006,1006,1.6441,1.75,0.0605,0.9395,True,0.007,0.24,0.003,0.25,75,90,12.0MB,15,7,105,45,1024,VALID
tirunelveli,dfb2d9d8f4ea,QAOA_p3,RUN-QAOA-TIRUNELVELI-P3-S1007,1007,1.6441,1.75,0.0605,0.9395,True,0.007,0.24,0.003,0.25,75,90,12.0MB,15,7,105,45,1024,VALID
tirunelveli,dfb2d9d8f4ea,QAOA_p3,RUN-QAOA-TIRUNELVELI-P3-S1008,1008,1.6441,1.75,0.0605,0.9395,True,0.007,0.24,0.003,0.25,75,90,12.0MB,15,7,105,45,1024,VALID
tirunelveli,dfb2d9d8f4ea,QAOA_p3,RUN-QAOA-TIRUNELVELI-P3-S1009,1009,1.6441,1.75,0.0605,0.9395,True,0.007,0.24,0.003,0.25,75,90,12.0MB,15,7,105,45,1024,VALID
tirunelveli,dfb2d9d8f4ea,QAOA_p4,RUN-QAOA-TIRUNELVELI-P4-S1000,1000,1.6651,1.75,0.0485,0.9515,True,0.007,0.32,0.003,0.33,100,120,12.0MB,15,9,135,60,1024,VALID
tirunelveli,dfb2d9d8f4ea,QAOA_p4,RUN-QAOA-TIRUNELVELI-P4-S1001,1001,1.6651,1.75,0.0485,0.9515,True,0.007,0.32,0.003,0.33,100,120,12.0MB,15,9,135,60,1024,VALID
tirunelveli,dfb2d9d8f4ea,QAOA_p4,RUN-QAOA-TIRUNELVELI-P4-S1002,1002,1.6651,1.75,0.0485,0.9515,True,0.007,0.32,0.003,0.33,100,120,12.0MB,15,9,135,60,1024,VALID
tirunelveli,dfb2d9d8f4ea,QAOA_p4,RUN-QAOA-TIRUNELVELI-P4-S1003,1003,1.6651,1.75,0.0485,0.9515,True,0.007,0.32,0.003,0.33,100,120,12.0MB,15,9,135,60,1024,VALID
tirunelveli,dfb2d9d8f4ea,QAOA_p4,RUN-QAOA-TIRUNELVELI-P4-S1004,1004,1.6651,1.75,0.0485,0.9515,True,0.007,0.32,0.003,0.33,100,120,12.0MB,15,9,135,60,1024,VALID
tirunelveli,dfb2d9d8f4ea,QAOA_p4,RUN-QAOA-TIRUNELVELI-P4-S1005,1005,1.6651,1.75,0.0485,0.9515,True,0.007,0.32,0.003,0.33,100,120,12.0MB,15,9,135,60,1024,VALID
tirunelveli,dfb2d9d8f4ea,QAOA_p4,RUN-QAOA-TIRUNELVELI-P4-S1006,1006,1.6651,1.75,0.0485,0.9515,True,0.007,0.32,0.003,0.33,100,120,12.0MB,15,9,135,60,1024,VALID
tirunelveli,dfb2d9d8f4ea,QAOA_p4,RUN-QAOA-TIRUNELVELI-P4-S1007,1007,1.6651,1.75,0.0485,0.9515,True,0.007,0.32,0.003,0.33,100,120,12.0MB,15,9,135,60,1024,VALID
tirunelveli,dfb2d9d8f4ea,QAOA_p4,RUN-QAOA-TIRUNELVELI-P4-S1008,1008,1.6651,1.75,0.0485,0.9515,True,0.007,0.32,0.003,0.33,100,120,12.0MB,15,9,135,60,1024,VALID
tirunelveli,dfb2d9d8f4ea,QAOA_p4,RUN-QAOA-TIRUNELVELI-P4-S1009,1009,1.6651,1.75,0.0485,0.9515,True,0.007,0.32,0.003,0.33,100,120,12.0MB,15,9,135,60,1024,VALID
tirunelveli,dfb2d9d8f4ea,QAOA_p5,RUN-QAOA-TIRUNELVELI-P5-S1000,1000,1.6861,1.75,0.0365,0.9635,True,0.007,0.4,0.003,0.41,125,150,12.0MB,15,11,165,75,1024,VALID
tirunelveli,dfb2d9d8f4ea,QAOA_p5,RUN-QAOA-TIRUNELVELI-P5-S1001,1001,1.6861,1.75,0.0365,0.9635,True,0.007,0.4,0.003,0.41,125,150,12.0MB,15,11,165,75,1024,VALID
tirunelveli,dfb2d9d8f4ea,QAOA_p5,RUN-QAOA-TIRUNELVELI-P5-S1002,1002,1.6861,1.75,0.0365,0.9635,True,0.007,0.4,0.003,0.41,125,150,12.0MB,15,11,165,75,1024,VALID
tirunelveli,dfb2d9d8f4ea,QAOA_p5,RUN-QAOA-TIRUNELVELI-P5-S1003,1003,1.6861,1.75,0.0365,0.9635,True,0.007,0.4,0.003,0.41,125,150,12.0MB,15,11,165,75,1024,VALID
tirunelveli,dfb2d9d8f4ea,QAOA_p5,RUN-QAOA-TIRUNELVELI-P5-S1004,1004,1.6861,1.75,0.0365,0.9635,True,0.007,0.4,0.003,0.41,125,150,12.0MB,15,11,165,75,1024,VALID
tirunelveli,dfb2d9d8f4ea,QAOA_p5,RUN-QAOA-TIRUNELVELI-P5-S1005,1005,1.6861,1.75,0.0365,0.9635,True,0.007,0.4,0.003,0.41,125,150,12.0MB,15,11,165,75,1024,VALID
tirunelveli,dfb2d9d8f4ea,QAOA_p5,RUN-QAOA-TIRUNELVELI-P5-S1006,1006,1.6861,1.75,0.0365,0.9635,True,0.007,0.4,0.003,0.41,125,150,12.0MB,15,11,165,75,1024,VALID
tirunelveli,dfb2d9d8f4ea,QAOA_p5,RUN-QAOA-TIRUNELVELI-P5-S1007,1007,1.6861,1.75,0.0365,0.9635,True,0.007,0.4,0.003,0.41,125,150,12.0MB,15,11,165,75,1024,VALID
tirunelveli,dfb2d9d8f4ea,QAOA_p5,RUN-QAOA-TIRUNELVELI-P5-S1008,1008,1.6861,1.75,0.0365,0.9635,True,0.007,0.4,0.003,0.41,125,150,12.0MB,15,11,165,75,1024,VALID
tirunelveli,dfb2d9d8f4ea,QAOA_p5,RUN-QAOA-TIRUNELVELI-P5-S1009,1009,1.6861,1.75,0.0365,0.9635,True,0.007,0.4,0.003,0.41,125,150,12.0MB,15,11,165,75,1024,VALID
tirupathur,28ebad1545f4,Exact,RUN-EXACT-TIRUPATHUR,NOT_APPLICABLE,1.75,1.75,0.0,1.0,True,0.0001,0.028,0.0001,0.0282,16384,16384,0.5MB,NOT_APPLICABLE,NOT_APPLICABLE,NOT_APPLICABLE,NOT_APPLICABLE,NOT_APPLICABLE,VALID
tirupathur,28ebad1545f4,MILP,RUN-MILP-TIRUPATHUR,NOT_APPLICABLE,1.75,1.75,0.0,1.0,True,0.0002,0.001,0.0001,0.0013,42,42,1.2MB,NOT_APPLICABLE,NOT_APPLICABLE,NOT_APPLICABLE,NOT_APPLICABLE,NOT_APPLICABLE,VALID
tirupathur,28ebad1545f4,Greedy,RUN-GREEDY-TIRUPATHUR,NOT_APPLICABLE,1.75,1.75,0.0,1.0,True,0.0001,0.0,0.0001,0.0002,14,14,0.1MB,NOT_APPLICABLE,NOT_APPLICABLE,NOT_APPLICABLE,NOT_APPLICABLE,NOT_APPLICABLE,VALID
tirupathur,28ebad1545f4,Simulated Annealing,RUN-SA-TIRUPATHUR-S1000,1000,1.75,1.75,0.0,1.0,True,0.0002,0.002,0.0001,0.0023,300,300,0.3MB,NOT_APPLICABLE,NOT_APPLICABLE,NOT_APPLICABLE,NOT_APPLICABLE,NOT_APPLICABLE,VALID
tirupathur,28ebad1545f4,Simulated Annealing,RUN-SA-TIRUPATHUR-S1001,1001,1.75,1.75,0.0,1.0,True,0.0002,0.002,0.0001,0.0023,300,300,0.3MB,NOT_APPLICABLE,NOT_APPLICABLE,NOT_APPLICABLE,NOT_APPLICABLE,NOT_APPLICABLE,VALID
tirupathur,28ebad1545f4,Simulated Annealing,RUN-SA-TIRUPATHUR-S1002,1002,1.75,1.75,0.0,1.0,True,0.0002,0.0021,0.0001,0.0024,300,300,0.3MB,NOT_APPLICABLE,NOT_APPLICABLE,NOT_APPLICABLE,NOT_APPLICABLE,NOT_APPLICABLE,VALID
tirupathur,28ebad1545f4,Simulated Annealing,RUN-SA-TIRUPATHUR-S1003,1003,1.75,1.75,0.0,1.0,True,0.0002,0.002,0.0001,0.0023,300,300,0.3MB,NOT_APPLICABLE,NOT_APPLICABLE,NOT_APPLICABLE,NOT_APPLICABLE,NOT_APPLICABLE,VALID
tirupathur,28ebad1545f4,Simulated Annealing,RUN-SA-TIRUPATHUR-S1004,1004,1.75,1.75,0.0,1.0,True,0.0002,0.002,0.0001,0.0023,300,300,0.3MB,NOT_APPLICABLE,NOT_APPLICABLE,NOT_APPLICABLE,NOT_APPLICABLE,NOT_APPLICABLE,VALID
tirupathur,28ebad1545f4,Simulated Annealing,RUN-SA-TIRUPATHUR-S1005,1005,1.75,1.75,0.0,1.0,True,0.0002,0.002,0.0001,0.0023,300,300,0.3MB,NOT_APPLICABLE,NOT_APPLICABLE,NOT_APPLICABLE,NOT_APPLICABLE,NOT_APPLICABLE,VALID
tirupathur,28ebad1545f4,Simulated Annealing,RUN-SA-TIRUPATHUR-S1006,1006,1.75,1.75,0.0,1.0,True,0.0002,0.002,0.0001,0.0023,300,300,0.3MB,NOT_APPLICABLE,NOT_APPLICABLE,NOT_APPLICABLE,NOT_APPLICABLE,NOT_APPLICABLE,VALID
tirupathur,28ebad1545f4,Simulated Annealing,RUN-SA-TIRUPATHUR-S1007,1007,1.75,1.75,0.0,1.0,True,0.0002,0.002,0.0001,0.0023,300,300,0.3MB,NOT_APPLICABLE,NOT_APPLICABLE,NOT_APPLICABLE,NOT_APPLICABLE,NOT_APPLICABLE,VALID
tirupathur,28ebad1545f4,Simulated Annealing,RUN-SA-TIRUPATHUR-S1008,1008,1.75,1.75,0.0,1.0,True,0.0002,0.002,0.0001,0.0023,300,300,0.3MB,NOT_APPLICABLE,NOT_APPLICABLE,NOT_APPLICABLE,NOT_APPLICABLE,NOT_APPLICABLE,VALID
tirupathur,28ebad1545f4,Simulated Annealing,RUN-SA-TIRUPATHUR-S1009,1009,1.75,1.75,0.0,1.0,True,0.0002,0.003,0.0001,0.0033,300,300,0.3MB,NOT_APPLICABLE,NOT_APPLICABLE,NOT_APPLICABLE,NOT_APPLICABLE,NOT_APPLICABLE,VALID
tirupathur,28ebad1545f4,QAOA_p1,RUN-QAOA-TIRUPATHUR-P1-S1000,1000,1.6021,1.75,0.0845,0.9155,True,0.007,0.08,0.003,0.09,25,30,12.0MB,15,3,45,15,1024,VALID
tirupathur,28ebad1545f4,QAOA_p1,RUN-QAOA-TIRUPATHUR-P1-S1001,1001,1.6021,1.75,0.0845,0.9155,True,0.007,0.08,0.003,0.09,25,30,12.0MB,15,3,45,15,1024,VALID
tirupathur,28ebad1545f4,QAOA_p1,RUN-QAOA-TIRUPATHUR-P1-S1002,1002,1.6021,1.75,0.0845,0.9155,True,0.007,0.08,0.003,0.09,25,30,12.0MB,15,3,45,15,1024,VALID
tirupathur,28ebad1545f4,QAOA_p1,RUN-QAOA-TIRUPATHUR-P1-S1003,1003,1.6021,1.75,0.0845,0.9155,True,0.007,0.08,0.003,0.09,25,30,12.0MB,15,3,45,15,1024,VALID
tirupathur,28ebad1545f4,QAOA_p1,RUN-QAOA-TIRUPATHUR-P1-S1004,1004,1.6021,1.75,0.0845,0.9155,True,0.007,0.08,0.003,0.09,25,30,12.0MB,15,3,45,15,1024,VALID
tirupathur,28ebad1545f4,QAOA_p1,RUN-QAOA-TIRUPATHUR-P1-S1005,1005,1.6021,1.75,0.0845,0.9155,True,0.007,0.08,0.003,0.09,25,30,12.0MB,15,3,45,15,1024,VALID
tirupathur,28ebad1545f4,QAOA_p1,RUN-QAOA-TIRUPATHUR-P1-S1006,1006,1.6021,1.75,0.0845,0.9155,True,0.007,0.08,0.003,0.09,25,30,12.0MB,15,3,45,15,1024,VALID
tirupathur,28ebad1545f4,QAOA_p1,RUN-QAOA-TIRUPATHUR-P1-S1007,1007,1.6021,1.75,0.0845,0.9155,True,0.007,0.08,0.003,0.09,25,30,12.0MB,15,3,45,15,1024,VALID
tirupathur,28ebad1545f4,QAOA_p1,RUN-QAOA-TIRUPATHUR-P1-S1008,1008,1.6021,1.75,0.0845,0.9155,True,0.007,0.08,0.003,0.09,25,30,12.0MB,15,3,45,15,1024,VALID
tirupathur,28ebad1545f4,QAOA_p1,RUN-QAOA-TIRUPATHUR-P1-S1009,1009,1.6021,1.75,0.0845,0.9155,True,0.007,0.08,0.003,0.09,25,30,12.0MB,15,3,45,15,1024,VALID
tirupathur,28ebad1545f4,QAOA_p2,RUN-QAOA-TIRUPATHUR-P2-S1000,1000,1.62,1.75,0.0743,0.9257,True,0.007,0.16,0.003,0.17,50,60,12.0MB,15,5,75,30,1024,VALID
tirupathur,28ebad1545f4,QAOA_p2,RUN-QAOA-TIRUPATHUR-P2-S1001,1001,1.5,1.75,0.1429,0.8571,True,0.007,0.16,0.003,0.17,50,60,12.0MB,15,5,75,30,1024,VALID
tirupathur,28ebad1545f4,QAOA_p2,RUN-QAOA-TIRUPATHUR-P2-S1002,1002,1.62,1.75,0.0743,0.9257,True,0.007,0.16,0.003,0.17,50,60,12.0MB,15,5,75,30,1024,VALID
tirupathur,28ebad1545f4,QAOA_p2,RUN-QAOA-TIRUPATHUR-P2-S1003,1003,1.5,1.75,0.1429,0.8571,True,0.007,0.16,0.003,0.17,50,60,12.0MB,15,5,75,30,1024,VALID
tirupathur,28ebad1545f4,QAOA_p2,RUN-QAOA-TIRUPATHUR-P2-S1004,1004,1.62,1.75,0.0743,0.9257,True,0.007,0.16,0.003,0.17,50,60,12.0MB,15,5,75,30,1024,VALID
tirupathur,28ebad1545f4,QAOA_p2,RUN-QAOA-TIRUPATHUR-P2-S1005,1005,1.6231,1.75,0.0725,0.9275,True,0.007,0.16,0.003,0.17,50,60,12.0MB,15,5,75,30,1024,VALID
tirupathur,28ebad1545f4,QAOA_p2,RUN-QAOA-TIRUPATHUR-P2-S1006,1006,1.6231,1.75,0.0725,0.9275,True,0.007,0.16,0.003,0.17,50,60,12.0MB,15,5,75,30,1024,VALID
tirupathur,28ebad1545f4,QAOA_p2,RUN-QAOA-TIRUPATHUR-P2-S1007,1007,1.6231,1.75,0.0725,0.9275,True,0.007,0.16,0.003,0.17,50,60,12.0MB,15,5,75,30,1024,VALID
tirupathur,28ebad1545f4,QAOA_p2,RUN-QAOA-TIRUPATHUR-P2-S1008,1008,1.6231,1.75,0.0725,0.9275,True,0.007,0.16,0.003,0.17,50,60,12.0MB,15,5,75,30,1024,VALID
tirupathur,28ebad1545f4,QAOA_p2,RUN-QAOA-TIRUPATHUR-P2-S1009,1009,1.6231,1.75,0.0725,0.9275,True,0.007,0.16,0.003,0.17,50,60,12.0MB,15,5,75,30,1024,VALID
tirupathur,28ebad1545f4,QAOA_p3,RUN-QAOA-TIRUPATHUR-P3-S1000,1000,1.6441,1.75,0.0605,0.9395,True,0.007,0.24,0.003,0.25,75,90,12.0MB,15,7,105,45,1024,VALID
tirupathur,28ebad1545f4,QAOA_p3,RUN-QAOA-TIRUPATHUR-P3-S1001,1001,1.6441,1.75,0.0605,0.9395,True,0.007,0.24,0.003,0.25,75,90,12.0MB,15,7,105,45,1024,VALID
tirupathur,28ebad1545f4,QAOA_p3,RUN-QAOA-TIRUPATHUR-P3-S1002,1002,1.6441,1.75,0.0605,0.9395,True,0.007,0.24,0.003,0.25,75,90,12.0MB,15,7,105,45,1024,VALID
tirupathur,28ebad1545f4,QAOA_p3,RUN-QAOA-TIRUPATHUR-P3-S1003,1003,1.6441,1.75,0.0605,0.9395,True,0.007,0.24,0.003,0.25,75,90,12.0MB,15,7,105,45,1024,VALID
tirupathur,28ebad1545f4,QAOA_p3,RUN-QAOA-TIRUPATHUR-P3-S1004,1004,1.6441,1.75,0.0605,0.9395,True,0.007,0.24,0.003,0.25,75,90,12.0MB,15,7,105,45,1024,VALID
tirupathur,28ebad1545f4,QAOA_p3,RUN-QAOA-TIRUPATHUR-P3-S1005,1005,1.6441,1.75,0.0605,0.9395,True,0.007,0.24,0.003,0.25,75,90,12.0MB,15,7,105,45,1024,VALID
tirupathur,28ebad1545f4,QAOA_p3,RUN-QAOA-TIRUPATHUR-P3-S1006,1006,1.6441,1.75,0.0605,0.9395,True,0.007,0.24,0.003,0.25,75,90,12.0MB,15,7,105,45,1024,VALID
tirupathur,28ebad1545f4,QAOA_p3,RUN-QAOA-TIRUPATHUR-P3-S1007,1007,1.6441,1.75,0.0605,0.9395,True,0.007,0.24,0.003,0.25,75,90,12.0MB,15,7,105,45,1024,VALID
tirupathur,28ebad1545f4,QAOA_p3,RUN-QAOA-TIRUPATHUR-P3-S1008,1008,1.6441,1.75,0.0605,0.9395,True,0.007,0.24,0.003,0.25,75,90,12.0MB,15,7,105,45,1024,VALID
tirupathur,28ebad1545f4,QAOA_p3,RUN-QAOA-TIRUPATHUR-P3-S1009,1009,1.6441,1.75,0.0605,0.9395,True,0.007,0.24,0.003,0.25,75,90,12.0MB,15,7,105,45,1024,VALID
tirupathur,28ebad1545f4,QAOA_p4,RUN-QAOA-TIRUPATHUR-P4-S1000,1000,1.6651,1.75,0.0485,0.9515,True,0.007,0.32,0.003,0.33,100,120,12.0MB,15,9,135,60,1024,VALID
tirupathur,28ebad1545f4,QAOA_p4,RUN-QAOA-TIRUPATHUR-P4-S1001,1001,1.6651,1.75,0.0485,0.9515,True,0.007,0.32,0.003,0.33,100,120,12.0MB,15,9,135,60,1024,VALID
tirupathur,28ebad1545f4,QAOA_p4,RUN-QAOA-TIRUPATHUR-P4-S1002,1002,1.6651,1.75,0.0485,0.9515,True,0.007,0.32,0.003,0.33,100,120,12.0MB,15,9,135,60,1024,VALID
tirupathur,28ebad1545f4,QAOA_p4,RUN-QAOA-TIRUPATHUR-P4-S1003,1003,1.6651,1.75,0.0485,0.9515,True,0.007,0.32,0.003,0.33,100,120,12.0MB,15,9,135,60,1024,VALID
tirupathur,28ebad1545f4,QAOA_p4,RUN-QAOA-TIRUPATHUR-P4-S1004,1004,1.6651,1.75,0.0485,0.9515,True,0.007,0.32,0.003,0.33,100,120,12.0MB,15,9,135,60,1024,VALID
tirupathur,28ebad1545f4,QAOA_p4,RUN-QAOA-TIRUPATHUR-P4-S1005,1005,1.6651,1.75,0.0485,0.9515,True,0.007,0.32,0.003,0.33,100,120,12.0MB,15,9,135,60,1024,VALID
tirupathur,28ebad1545f4,QAOA_p4,RUN-QAOA-TIRUPATHUR-P4-S1006,1006,1.6651,1.75,0.0485,0.9515,True,0.007,0.32,0.003,0.33,100,120,12.0MB,15,9,135,60,1024,VALID
tirupathur,28ebad1545f4,QAOA_p4,RUN-QAOA-TIRUPATHUR-P4-S1007,1007,1.6651,1.75,0.0485,0.9515,True,0.007,0.32,0.003,0.33,100,120,12.0MB,15,9,135,60,1024,VALID
tirupathur,28ebad1545f4,QAOA_p4,RUN-QAOA-TIRUPATHUR-P4-S1008,1008,1.6651,1.75,0.0485,0.9515,True,0.007,0.32,0.003,0.33,100,120,12.0MB,15,9,135,60,1024,VALID
tirupathur,28ebad1545f4,QAOA_p4,RUN-QAOA-TIRUPATHUR-P4-S1009,1009,1.6651,1.75,0.0485,0.9515,True,0.007,0.32,0.003,0.33,100,120,12.0MB,15,9,135,60,1024,VALID
tirupathur,28ebad1545f4,QAOA_p5,RUN-QAOA-TIRUPATHUR-P5-S1000,1000,1.6861,1.75,0.0365,0.9635,True,0.007,0.4,0.003,0.41,125,150,12.0MB,15,11,165,75,1024,VALID
tirupathur,28ebad1545f4,QAOA_p5,RUN-QAOA-TIRUPATHUR-P5-S1001,1001,1.6861,1.75,0.0365,0.9635,True,0.007,0.4,0.003,0.41,125,150,12.0MB,15,11,165,75,1024,VALID
tirupathur,28ebad1545f4,QAOA_p5,RUN-QAOA-TIRUPATHUR-P5-S1002,1002,1.6861,1.75,0.0365,0.9635,True,0.007,0.4,0.003,0.41,125,150,12.0MB,15,11,165,75,1024,VALID
tirupathur,28ebad1545f4,QAOA_p5,RUN-QAOA-TIRUPATHUR-P5-S1003,1003,1.6861,1.75,0.0365,0.9635,True,0.007,0.4,0.003,0.41,125,150,12.0MB,15,11,165,75,1024,VALID
tirupathur,28ebad1545f4,QAOA_p5,RUN-QAOA-TIRUPATHUR-P5-S1004,1004,1.6861,1.75,0.0365,0.9635,True,0.007,0.4,0.003,0.41,125,150,12.0MB,15,11,165,75,1024,VALID
tirupathur,28ebad1545f4,QAOA_p5,RUN-QAOA-TIRUPATHUR-P5-S1005,1005,1.6861,1.75,0.0365,0.9635,True,0.007,0.4,0.003,0.41,125,150,12.0MB,15,11,165,75,1024,VALID
tirupathur,28ebad1545f4,QAOA_p5,RUN-QAOA-TIRUPATHUR-P5-S1006,1006,1.6861,1.75,0.0365,0.9635,True,0.007,0.4,0.003,0.41,125,150,12.0MB,15,11,165,75,1024,VALID
tirupathur,28ebad1545f4,QAOA_p5,RUN-QAOA-TIRUPATHUR-P5-S1007,1007,1.6861,1.75,0.0365,0.9635,True,0.007,0.4,0.003,0.41,125,150,12.0MB,15,11,165,75,1024,VALID
tirupathur,28ebad1545f4,QAOA_p5,RUN-QAOA-TIRUPATHUR-P5-S1008,1008,1.6861,1.75,0.0365,0.9635,True,0.007,0.4,0.003,0.41,125,150,12.0MB,15,11,165,75,1024,VALID
tirupathur,28ebad1545f4,QAOA_p5,RUN-QAOA-TIRUPATHUR-P5-S1009,1009,1.6861,1.75,0.0365,0.9635,True,0.007,0.4,0.003,0.41,125,150,12.0MB,15,11,165,75,1024,VALID
tiruppur,ffa0a9379a64,Exact,RUN-EXACT-TIRUPPUR,NOT_APPLICABLE,1.75,1.75,0.0,1.0,True,0.0001,0.027,0.0001,0.0272,16384,16384,0.5MB,NOT_APPLICABLE,NOT_APPLICABLE,NOT_APPLICABLE,NOT_APPLICABLE,NOT_APPLICABLE,VALID
tiruppur,ffa0a9379a64,MILP,RUN-MILP-TIRUPPUR,NOT_APPLICABLE,1.75,1.75,0.0,1.0,True,0.0002,0.002,0.0001,0.0023,42,42,1.2MB,NOT_APPLICABLE,NOT_APPLICABLE,NOT_APPLICABLE,NOT_APPLICABLE,NOT_APPLICABLE,VALID
tiruppur,ffa0a9379a64,Greedy,RUN-GREEDY-TIRUPPUR,NOT_APPLICABLE,1.75,1.75,0.0,1.0,True,0.0001,0.0,0.0001,0.0002,14,14,0.1MB,NOT_APPLICABLE,NOT_APPLICABLE,NOT_APPLICABLE,NOT_APPLICABLE,NOT_APPLICABLE,VALID
tiruppur,ffa0a9379a64,Simulated Annealing,RUN-SA-TIRUPPUR-S1000,1000,1.75,1.75,0.0,1.0,True,0.0002,0.002,0.0001,0.0023,300,300,0.3MB,NOT_APPLICABLE,NOT_APPLICABLE,NOT_APPLICABLE,NOT_APPLICABLE,NOT_APPLICABLE,VALID
tiruppur,ffa0a9379a64,Simulated Annealing,RUN-SA-TIRUPPUR-S1001,1001,1.75,1.75,0.0,1.0,True,0.0002,0.002,0.0001,0.0023,300,300,0.3MB,NOT_APPLICABLE,NOT_APPLICABLE,NOT_APPLICABLE,NOT_APPLICABLE,NOT_APPLICABLE,VALID
tiruppur,ffa0a9379a64,Simulated Annealing,RUN-SA-TIRUPPUR-S1002,1002,1.75,1.75,0.0,1.0,True,0.0002,0.002,0.0001,0.0023,300,300,0.3MB,NOT_APPLICABLE,NOT_APPLICABLE,NOT_APPLICABLE,NOT_APPLICABLE,NOT_APPLICABLE,VALID
tiruppur,ffa0a9379a64,Simulated Annealing,RUN-SA-TIRUPPUR-S1003,1003,1.75,1.75,0.0,1.0,True,0.0002,0.002,0.0001,0.0023,300,300,0.3MB,NOT_APPLICABLE,NOT_APPLICABLE,NOT_APPLICABLE,NOT_APPLICABLE,NOT_APPLICABLE,VALID
tiruppur,ffa0a9379a64,Simulated Annealing,RUN-SA-TIRUPPUR-S1004,1004,1.75,1.75,0.0,1.0,True,0.0002,0.002,0.0001,0.0023,300,300,0.3MB,NOT_APPLICABLE,NOT_APPLICABLE,NOT_APPLICABLE,NOT_APPLICABLE,NOT_APPLICABLE,VALID
tiruppur,ffa0a9379a64,Simulated Annealing,RUN-SA-TIRUPPUR-S1005,1005,1.75,1.75,0.0,1.0,True,0.0002,0.002,0.0001,0.0023,300,300,0.3MB,NOT_APPLICABLE,NOT_APPLICABLE,NOT_APPLICABLE,NOT_APPLICABLE,NOT_APPLICABLE,VALID
tiruppur,ffa0a9379a64,Simulated Annealing,RUN-SA-TIRUPPUR-S1006,1006,1.75,1.75,0.0,1.0,True,0.0002,0.002,0.0001,0.0023,300,300,0.3MB,NOT_APPLICABLE,NOT_APPLICABLE,NOT_APPLICABLE,NOT_APPLICABLE,NOT_APPLICABLE,VALID
tiruppur,ffa0a9379a64,Simulated Annealing,RUN-SA-TIRUPPUR-S1007,1007,1.75,1.75,0.0,1.0,True,0.0002,0.002,0.0001,0.0023,300,300,0.3MB,NOT_APPLICABLE,NOT_APPLICABLE,NOT_APPLICABLE,NOT_APPLICABLE,NOT_APPLICABLE,VALID
tiruppur,ffa0a9379a64,Simulated Annealing,RUN-SA-TIRUPPUR-S1008,1008,1.75,1.75,0.0,1.0,True,0.0002,0.002,0.0001,0.0023,300,300,0.3MB,NOT_APPLICABLE,NOT_APPLICABLE,NOT_APPLICABLE,NOT_APPLICABLE,NOT_APPLICABLE,VALID
tiruppur,ffa0a9379a64,Simulated Annealing,RUN-SA-TIRUPPUR-S1009,1009,1.75,1.75,0.0,1.0,True,0.0002,0.002,0.0001,0.0023,300,300,0.3MB,NOT_APPLICABLE,NOT_APPLICABLE,NOT_APPLICABLE,NOT_APPLICABLE,NOT_APPLICABLE,VALID
tiruppur,ffa0a9379a64,QAOA_p1,RUN-QAOA-TIRUPPUR-P1-S1000,1000,1.6021,1.75,0.0845,0.9155,True,0.007,0.08,0.003,0.09,25,30,12.0MB,15,3,45,15,1024,VALID
tiruppur,ffa0a9379a64,QAOA_p1,RUN-QAOA-TIRUPPUR-P1-S1001,1001,1.6021,1.75,0.0845,0.9155,True,0.007,0.08,0.003,0.09,25,30,12.0MB,15,3,45,15,1024,VALID
tiruppur,ffa0a9379a64,QAOA_p1,RUN-QAOA-TIRUPPUR-P1-S1002,1002,1.6021,1.75,0.0845,0.9155,True,0.007,0.08,0.003,0.09,25,30,12.0MB,15,3,45,15,1024,VALID
tiruppur,ffa0a9379a64,QAOA_p1,RUN-QAOA-TIRUPPUR-P1-S1003,1003,1.6021,1.75,0.0845,0.9155,True,0.007,0.08,0.003,0.09,25,30,12.0MB,15,3,45,15,1024,VALID
tiruppur,ffa0a9379a64,QAOA_p1,RUN-QAOA-TIRUPPUR-P1-S1004,1004,1.6021,1.75,0.0845,0.9155,True,0.007,0.08,0.003,0.09,25,30,12.0MB,15,3,45,15,1024,VALID
tiruppur,ffa0a9379a64,QAOA_p1,RUN-QAOA-TIRUPPUR-P1-S1005,1005,1.6021,1.75,0.0845,0.9155,True,0.007,0.08,0.003,0.09,25,30,12.0MB,15,3,45,15,1024,VALID
tiruppur,ffa0a9379a64,QAOA_p1,RUN-QAOA-TIRUPPUR-P1-S1006,1006,1.6021,1.75,0.0845,0.9155,True,0.007,0.08,0.003,0.09,25,30,12.0MB,15,3,45,15,1024,VALID
tiruppur,ffa0a9379a64,QAOA_p1,RUN-QAOA-TIRUPPUR-P1-S1007,1007,1.6021,1.75,0.0845,0.9155,True,0.007,0.08,0.003,0.09,25,30,12.0MB,15,3,45,15,1024,VALID
tiruppur,ffa0a9379a64,QAOA_p1,RUN-QAOA-TIRUPPUR-P1-S1008,1008,1.6021,1.75,0.0845,0.9155,True,0.007,0.08,0.003,0.09,25,30,12.0MB,15,3,45,15,1024,VALID
tiruppur,ffa0a9379a64,QAOA_p1,RUN-QAOA-TIRUPPUR-P1-S1009,1009,1.6021,1.75,0.0845,0.9155,True,0.007,0.08,0.003,0.09,25,30,12.0MB,15,3,45,15,1024,VALID
tiruppur,ffa0a9379a64,QAOA_p2,RUN-QAOA-TIRUPPUR-P2-S1000,1000,1.62,1.75,0.0743,0.9257,True,0.007,0.16,0.003,0.17,50,60,12.0MB,15,5,75,30,1024,VALID
tiruppur,ffa0a9379a64,QAOA_p2,RUN-QAOA-TIRUPPUR-P2-S1001,1001,1.5,1.75,0.1429,0.8571,True,0.007,0.16,0.003,0.17,50,60,12.0MB,15,5,75,30,1024,VALID
tiruppur,ffa0a9379a64,QAOA_p2,RUN-QAOA-TIRUPPUR-P2-S1002,1002,1.62,1.75,0.0743,0.9257,True,0.007,0.16,0.003,0.17,50,60,12.0MB,15,5,75,30,1024,VALID
tiruppur,ffa0a9379a64,QAOA_p2,RUN-QAOA-TIRUPPUR-P2-S1003,1003,1.5,1.75,0.1429,0.8571,True,0.007,0.16,0.003,0.17,50,60,12.0MB,15,5,75,30,1024,VALID
tiruppur,ffa0a9379a64,QAOA_p2,RUN-QAOA-TIRUPPUR-P2-S1004,1004,1.62,1.75,0.0743,0.9257,True,0.007,0.16,0.003,0.17,50,60,12.0MB,15,5,75,30,1024,VALID
tiruppur,ffa0a9379a64,QAOA_p2,RUN-QAOA-TIRUPPUR-P2-S1005,1005,1.6231,1.75,0.0725,0.9275,True,0.007,0.16,0.003,0.17,50,60,12.0MB,15,5,75,30,1024,VALID
tiruppur,ffa0a9379a64,QAOA_p2,RUN-QAOA-TIRUPPUR-P2-S1006,1006,1.6231,1.75,0.0725,0.9275,True,0.007,0.16,0.003,0.17,50,60,12.0MB,15,5,75,30,1024,VALID
tiruppur,ffa0a9379a64,QAOA_p2,RUN-QAOA-TIRUPPUR-P2-S1007,1007,1.6231,1.75,0.0725,0.9275,True,0.007,0.16,0.003,0.17,50,60,12.0MB,15,5,75,30,1024,VALID
tiruppur,ffa0a9379a64,QAOA_p2,RUN-QAOA-TIRUPPUR-P2-S1008,1008,1.6231,1.75,0.0725,0.9275,True,0.007,0.16,0.003,0.17,50,60,12.0MB,15,5,75,30,1024,VALID
tiruppur,ffa0a9379a64,QAOA_p2,RUN-QAOA-TIRUPPUR-P2-S1009,1009,1.6231,1.75,0.0725,0.9275,True,0.007,0.16,0.003,0.17,50,60,12.0MB,15,5,75,30,1024,VALID
tiruppur,ffa0a9379a64,QAOA_p3,RUN-QAOA-TIRUPPUR-P3-S1000,1000,1.6441,1.75,0.0605,0.9395,True,0.007,0.24,0.003,0.25,75,90,12.0MB,15,7,105,45,1024,VALID
tiruppur,ffa0a9379a64,QAOA_p3,RUN-QAOA-TIRUPPUR-P3-S1001,1001,1.6441,1.75,0.0605,0.9395,True,0.007,0.24,0.003,0.25,75,90,12.0MB,15,7,105,45,1024,VALID
tiruppur,ffa0a9379a64,QAOA_p3,RUN-QAOA-TIRUPPUR-P3-S1002,1002,1.6441,1.75,0.0605,0.9395,True,0.007,0.24,0.003,0.25,75,90,12.0MB,15,7,105,45,1024,VALID
tiruppur,ffa0a9379a64,QAOA_p3,RUN-QAOA-TIRUPPUR-P3-S1003,1003,1.6441,1.75,0.0605,0.9395,True,0.007,0.24,0.003,0.25,75,90,12.0MB,15,7,105,45,1024,VALID
tiruppur,ffa0a9379a64,QAOA_p3,RUN-QAOA-TIRUPPUR-P3-S1004,1004,1.6441,1.75,0.0605,0.9395,True,0.007,0.24,0.003,0.25,75,90,12.0MB,15,7,105,45,1024,VALID
tiruppur,ffa0a9379a64,QAOA_p3,RUN-QAOA-TIRUPPUR-P3-S1005,1005,1.6441,1.75,0.0605,0.9395,True,0.007,0.24,0.003,0.25,75,90,12.0MB,15,7,105,45,1024,VALID
tiruppur,ffa0a9379a64,QAOA_p3,RUN-QAOA-TIRUPPUR-P3-S1006,1006,1.6441,1.75,0.0605,0.9395,True,0.007,0.24,0.003,0.25,75,90,12.0MB,15,7,105,45,1024,VALID
tiruppur,ffa0a9379a64,QAOA_p3,RUN-QAOA-TIRUPPUR-P3-S1007,1007,1.6441,1.75,0.0605,0.9395,True,0.007,0.24,0.003,0.25,75,90,12.0MB,15,7,105,45,1024,VALID
tiruppur,ffa0a9379a64,QAOA_p3,RUN-QAOA-TIRUPPUR-P3-S1008,1008,1.6441,1.75,0.0605,0.9395,True,0.007,0.24,0.003,0.25,75,90,12.0MB,15,7,105,45,1024,VALID
tiruppur,ffa0a9379a64,QAOA_p3,RUN-QAOA-TIRUPPUR-P3-S1009,1009,1.6441,1.75,0.0605,0.9395,True,0.007,0.24,0.003,0.25,75,90,12.0MB,15,7,105,45,1024,VALID
tiruppur,ffa0a9379a64,QAOA_p4,RUN-QAOA-TIRUPPUR-P4-S1000,1000,1.6651,1.75,0.0485,0.9515,True,0.007,0.32,0.003,0.33,100,120,12.0MB,15,9,135,60,1024,VALID
tiruppur,ffa0a9379a64,QAOA_p4,RUN-QAOA-TIRUPPUR-P4-S1001,1001,1.6651,1.75,0.0485,0.9515,True,0.007,0.32,0.003,0.33,100,120,12.0MB,15,9,135,60,1024,VALID
tiruppur,ffa0a9379a64,QAOA_p4,RUN-QAOA-TIRUPPUR-P4-S1002,1002,1.6651,1.75,0.0485,0.9515,True,0.007,0.32,0.003,0.33,100,120,12.0MB,15,9,135,60,1024,VALID
tiruppur,ffa0a9379a64,QAOA_p4,RUN-QAOA-TIRUPPUR-P4-S1003,1003,1.6651,1.75,0.0485,0.9515,True,0.007,0.32,0.003,0.33,100,120,12.0MB,15,9,135,60,1024,VALID
tiruppur,ffa0a9379a64,QAOA_p4,RUN-QAOA-TIRUPPUR-P4-S1004,1004,1.6651,1.75,0.0485,0.9515,True,0.007,0.32,0.003,0.33,100,120,12.0MB,15,9,135,60,1024,VALID
tiruppur,ffa0a9379a64,QAOA_p4,RUN-QAOA-TIRUPPUR-P4-S1005,1005,1.6651,1.75,0.0485,0.9515,True,0.007,0.32,0.003,0.33,100,120,12.0MB,15,9,135,60,1024,VALID
tiruppur,ffa0a9379a64,QAOA_p4,RUN-QAOA-TIRUPPUR-P4-S1006,1006,1.6651,1.75,0.0485,0.9515,True,0.007,0.32,0.003,0.33,100,120,12.0MB,15,9,135,60,1024,VALID
tiruppur,ffa0a9379a64,QAOA_p4,RUN-QAOA-TIRUPPUR-P4-S1007,1007,1.6651,1.75,0.0485,0.9515,True,0.007,0.32,0.003,0.33,100,120,12.0MB,15,9,135,60,1024,VALID
tiruppur,ffa0a9379a64,QAOA_p4,RUN-QAOA-TIRUPPUR-P4-S1008,1008,1.6651,1.75,0.0485,0.9515,True,0.007,0.32,0.003,0.33,100,120,12.0MB,15,9,135,60,1024,VALID
tiruppur,ffa0a9379a64,QAOA_p4,RUN-QAOA-TIRUPPUR-P4-S1009,1009,1.6651,1.75,0.0485,0.9515,True,0.007,0.32,0.003,0.33,100,120,12.0MB,15,9,135,60,1024,VALID
tiruppur,ffa0a9379a64,QAOA_p5,RUN-QAOA-TIRUPPUR-P5-S1000,1000,1.6861,1.75,0.0365,0.9635,True,0.007,0.4,0.003,0.41,125,150,12.0MB,15,11,165,75,1024,VALID
tiruppur,ffa0a9379a64,QAOA_p5,RUN-QAOA-TIRUPPUR-P5-S1001,1001,1.6861,1.75,0.0365,0.9635,True,0.007,0.4,0.003,0.41,125,150,12.0MB,15,11,165,75,1024,VALID
tiruppur,ffa0a9379a64,QAOA_p5,RUN-QAOA-TIRUPPUR-P5-S1002,1002,1.6861,1.75,0.0365,0.9635,True,0.007,0.4,0.003,0.41,125,150,12.0MB,15,11,165,75,1024,VALID
tiruppur,ffa0a9379a64,QAOA_p5,RUN-QAOA-TIRUPPUR-P5-S1003,1003,1.6861,1.75,0.0365,0.9635,True,0.007,0.4,0.003,0.41,125,150,12.0MB,15,11,165,75,1024,VALID
tiruppur,ffa0a9379a64,QAOA_p5,RUN-QAOA-TIRUPPUR-P5-S1004,1004,1.6861,1.75,0.0365,0.9635,True,0.007,0.4,0.003,0.41,125,150,12.0MB,15,11,165,75,1024,VALID
tiruppur,ffa0a9379a64,QAOA_p5,RUN-QAOA-TIRUPPUR-P5-S1005,1005,1.6861,1.75,0.0365,0.9635,True,0.007,0.4,0.003,0.41,125,150,12.0MB,15,11,165,75,1024,VALID
tiruppur,ffa0a9379a64,QAOA_p5,RUN-QAOA-TIRUPPUR-P5-S1006,1006,1.6861,1.75,0.0365,0.9635,True,0.007,0.4,0.003,0.41,125,150,12.0MB,15,11,165,75,1024,VALID
tiruppur,ffa0a9379a64,QAOA_p5,RUN-QAOA-TIRUPPUR-P5-S1007,1007,1.6861,1.75,0.0365,0.9635,True,0.007,0.4,0.003,0.41,125,150,12.0MB,15,11,165,75,1024,VALID
tiruppur,ffa0a9379a64,QAOA_p5,RUN-QAOA-TIRUPPUR-P5-S1008,1008,1.6861,1.75,0.0365,0.9635,True,0.007,0.4,0.003,0.41,125,150,12.0MB,15,11,165,75,1024,VALID
tiruppur,ffa0a9379a64,QAOA_p5,RUN-QAOA-TIRUPPUR-P5-S1009,1009,1.6861,1.75,0.0365,0.9635,True,0.007,0.4,0.003,0.41,125,150,12.0MB,15,11,165,75,1024,VALID
tiruvallur,c33a5491a693,Exact,RUN-EXACT-TIRUVALLUR,NOT_APPLICABLE,1.75,1.75,0.0,1.0,True,0.0001,0.0292,0.0001,0.0294,16384,16384,0.5MB,NOT_APPLICABLE,NOT_APPLICABLE,NOT_APPLICABLE,NOT_APPLICABLE,NOT_APPLICABLE,VALID
tiruvallur,c33a5491a693,MILP,RUN-MILP-TIRUVALLUR,NOT_APPLICABLE,1.75,1.75,0.0,1.0,True,0.0002,0.001,0.0001,0.0013,42,42,1.2MB,NOT_APPLICABLE,NOT_APPLICABLE,NOT_APPLICABLE,NOT_APPLICABLE,NOT_APPLICABLE,VALID
tiruvallur,c33a5491a693,Greedy,RUN-GREEDY-TIRUVALLUR,NOT_APPLICABLE,1.75,1.75,0.0,1.0,True,0.0001,0.0,0.0001,0.0002,14,14,0.1MB,NOT_APPLICABLE,NOT_APPLICABLE,NOT_APPLICABLE,NOT_APPLICABLE,NOT_APPLICABLE,VALID
tiruvallur,c33a5491a693,Simulated Annealing,RUN-SA-TIRUVALLUR-S1000,1000,1.75,1.75,0.0,1.0,True,0.0002,0.002,0.0001,0.0023,300,300,0.3MB,NOT_APPLICABLE,NOT_APPLICABLE,NOT_APPLICABLE,NOT_APPLICABLE,NOT_APPLICABLE,VALID
tiruvallur,c33a5491a693,Simulated Annealing,RUN-SA-TIRUVALLUR-S1001,1001,1.75,1.75,0.0,1.0,True,0.0002,0.002,0.0001,0.0023,300,300,0.3MB,NOT_APPLICABLE,NOT_APPLICABLE,NOT_APPLICABLE,NOT_APPLICABLE,NOT_APPLICABLE,VALID
tiruvallur,c33a5491a693,Simulated Annealing,RUN-SA-TIRUVALLUR-S1002,1002,1.75,1.75,0.0,1.0,True,0.0002,0.002,0.0001,0.0023,300,300,0.3MB,NOT_APPLICABLE,NOT_APPLICABLE,NOT_APPLICABLE,NOT_APPLICABLE,NOT_APPLICABLE,VALID
tiruvallur,c33a5491a693,Simulated Annealing,RUN-SA-TIRUVALLUR-S1003,1003,1.75,1.75,0.0,1.0,True,0.0002,0.002,0.0001,0.0023,300,300,0.3MB,NOT_APPLICABLE,NOT_APPLICABLE,NOT_APPLICABLE,NOT_APPLICABLE,NOT_APPLICABLE,VALID
tiruvallur,c33a5491a693,Simulated Annealing,RUN-SA-TIRUVALLUR-S1004,1004,1.75,1.75,0.0,1.0,True,0.0002,0.002,0.0001,0.0023,300,300,0.3MB,NOT_APPLICABLE,NOT_APPLICABLE,NOT_APPLICABLE,NOT_APPLICABLE,NOT_APPLICABLE,VALID
tiruvallur,c33a5491a693,Simulated Annealing,RUN-SA-TIRUVALLUR-S1005,1005,1.75,1.75,0.0,1.0,True,0.0002,0.002,0.0001,0.0023,300,300,0.3MB,NOT_APPLICABLE,NOT_APPLICABLE,NOT_APPLICABLE,NOT_APPLICABLE,NOT_APPLICABLE,VALID
tiruvallur,c33a5491a693,Simulated Annealing,RUN-SA-TIRUVALLUR-S1006,1006,1.75,1.75,0.0,1.0,True,0.0002,0.002,0.0001,0.0023,300,300,0.3MB,NOT_APPLICABLE,NOT_APPLICABLE,NOT_APPLICABLE,NOT_APPLICABLE,NOT_APPLICABLE,VALID
tiruvallur,c33a5491a693,Simulated Annealing,RUN-SA-TIRUVALLUR-S1007,1007,1.75,1.75,0.0,1.0,True,0.0002,0.002,0.0001,0.0023,300,300,0.3MB,NOT_APPLICABLE,NOT_APPLICABLE,NOT_APPLICABLE,NOT_APPLICABLE,NOT_APPLICABLE,VALID
tiruvallur,c33a5491a693,Simulated Annealing,RUN-SA-TIRUVALLUR-S1008,1008,1.75,1.75,0.0,1.0,True,0.0002,0.0015,0.0001,0.0018,300,300,0.3MB,NOT_APPLICABLE,NOT_APPLICABLE,NOT_APPLICABLE,NOT_APPLICABLE,NOT_APPLICABLE,VALID
tiruvallur,c33a5491a693,Simulated Annealing,RUN-SA-TIRUVALLUR-S1009,1009,1.75,1.75,0.0,1.0,True,0.0002,0.002,0.0001,0.0023,300,300,0.3MB,NOT_APPLICABLE,NOT_APPLICABLE,NOT_APPLICABLE,NOT_APPLICABLE,NOT_APPLICABLE,VALID
tiruvallur,c33a5491a693,QAOA_p1,RUN-QAOA-TIRUVALLUR-P1-S1000,1000,1.6021,1.75,0.0845,0.9155,True,0.007,0.08,0.003,0.09,25,30,12.0MB,15,3,45,15,1024,VALID
tiruvallur,c33a5491a693,QAOA_p1,RUN-QAOA-TIRUVALLUR-P1-S1001,1001,1.6021,1.75,0.0845,0.9155,True,0.007,0.08,0.003,0.09,25,30,12.0MB,15,3,45,15,1024,VALID
tiruvallur,c33a5491a693,QAOA_p1,RUN-QAOA-TIRUVALLUR-P1-S1002,1002,1.6021,1.75,0.0845,0.9155,True,0.007,0.08,0.003,0.09,25,30,12.0MB,15,3,45,15,1024,VALID
tiruvallur,c33a5491a693,QAOA_p1,RUN-QAOA-TIRUVALLUR-P1-S1003,1003,1.6021,1.75,0.0845,0.9155,True,0.007,0.08,0.003,0.09,25,30,12.0MB,15,3,45,15,1024,VALID
tiruvallur,c33a5491a693,QAOA_p1,RUN-QAOA-TIRUVALLUR-P1-S1004,1004,1.6021,1.75,0.0845,0.9155,True,0.007,0.08,0.003,0.09,25,30,12.0MB,15,3,45,15,1024,VALID
tiruvallur,c33a5491a693,QAOA_p1,RUN-QAOA-TIRUVALLUR-P1-S1005,1005,1.6021,1.75,0.0845,0.9155,True,0.007,0.08,0.003,0.09,25,30,12.0MB,15,3,45,15,1024,VALID
tiruvallur,c33a5491a693,QAOA_p1,RUN-QAOA-TIRUVALLUR-P1-S1006,1006,1.6021,1.75,0.0845,0.9155,True,0.007,0.08,0.003,0.09,25,30,12.0MB,15,3,45,15,1024,VALID
tiruvallur,c33a5491a693,QAOA_p1,RUN-QAOA-TIRUVALLUR-P1-S1007,1007,1.6021,1.75,0.0845,0.9155,True,0.007,0.08,0.003,0.09,25,30,12.0MB,15,3,45,15,1024,VALID
tiruvallur,c33a5491a693,QAOA_p1,RUN-QAOA-TIRUVALLUR-P1-S1008,1008,1.6021,1.75,0.0845,0.9155,True,0.007,0.08,0.003,0.09,25,30,12.0MB,15,3,45,15,1024,VALID
tiruvallur,c33a5491a693,QAOA_p1,RUN-QAOA-TIRUVALLUR-P1-S1009,1009,1.6021,1.75,0.0845,0.9155,True,0.007,0.08,0.003,0.09,25,30,12.0MB,15,3,45,15,1024,VALID
tiruvallur,c33a5491a693,QAOA_p2,RUN-QAOA-TIRUVALLUR-P2-S1000,1000,1.62,1.75,0.0743,0.9257,True,0.007,0.16,0.003,0.17,50,60,12.0MB,15,5,75,30,1024,VALID
tiruvallur,c33a5491a693,QAOA_p2,RUN-QAOA-TIRUVALLUR-P2-S1001,1001,1.5,1.75,0.1429,0.8571,True,0.007,0.16,0.003,0.17,50,60,12.0MB,15,5,75,30,1024,VALID
tiruvallur,c33a5491a693,QAOA_p2,RUN-QAOA-TIRUVALLUR-P2-S1002,1002,1.62,1.75,0.0743,0.9257,True,0.007,0.16,0.003,0.17,50,60,12.0MB,15,5,75,30,1024,VALID
tiruvallur,c33a5491a693,QAOA_p2,RUN-QAOA-TIRUVALLUR-P2-S1003,1003,1.5,1.75,0.1429,0.8571,True,0.007,0.16,0.003,0.17,50,60,12.0MB,15,5,75,30,1024,VALID
tiruvallur,c33a5491a693,QAOA_p2,RUN-QAOA-TIRUVALLUR-P2-S1004,1004,1.62,1.75,0.0743,0.9257,True,0.007,0.16,0.003,0.17,50,60,12.0MB,15,5,75,30,1024,VALID
tiruvallur,c33a5491a693,QAOA_p2,RUN-QAOA-TIRUVALLUR-P2-S1005,1005,1.6231,1.75,0.0725,0.9275,True,0.007,0.16,0.003,0.17,50,60,12.0MB,15,5,75,30,1024,VALID
tiruvallur,c33a5491a693,QAOA_p2,RUN-QAOA-TIRUVALLUR-P2-S1006,1006,1.6231,1.75,0.0725,0.9275,True,0.007,0.16,0.003,0.17,50,60,12.0MB,15,5,75,30,1024,VALID
tiruvallur,c33a5491a693,QAOA_p2,RUN-QAOA-TIRUVALLUR-P2-S1007,1007,1.6231,1.75,0.0725,0.9275,True,0.007,0.16,0.003,0.17,50,60,12.0MB,15,5,75,30,1024,VALID
tiruvallur,c33a5491a693,QAOA_p2,RUN-QAOA-TIRUVALLUR-P2-S1008,1008,1.6231,1.75,0.0725,0.9275,True,0.007,0.16,0.003,0.17,50,60,12.0MB,15,5,75,30,1024,VALID
tiruvallur,c33a5491a693,QAOA_p2,RUN-QAOA-TIRUVALLUR-P2-S1009,1009,1.6231,1.75,0.0725,0.9275,True,0.007,0.16,0.003,0.17,50,60,12.0MB,15,5,75,30,1024,VALID
tiruvallur,c33a5491a693,QAOA_p3,RUN-QAOA-TIRUVALLUR-P3-S1000,1000,1.6441,1.75,0.0605,0.9395,True,0.007,0.24,0.003,0.25,75,90,12.0MB,15,7,105,45,1024,VALID
tiruvallur,c33a5491a693,QAOA_p3,RUN-QAOA-TIRUVALLUR-P3-S1001,1001,1.6441,1.75,0.0605,0.9395,True,0.007,0.24,0.003,0.25,75,90,12.0MB,15,7,105,45,1024,VALID
tiruvallur,c33a5491a693,QAOA_p3,RUN-QAOA-TIRUVALLUR-P3-S1002,1002,1.6441,1.75,0.0605,0.9395,True,0.007,0.24,0.003,0.25,75,90,12.0MB,15,7,105,45,1024,VALID
tiruvallur,c33a5491a693,QAOA_p3,RUN-QAOA-TIRUVALLUR-P3-S1003,1003,1.6441,1.75,0.0605,0.9395,True,0.007,0.24,0.003,0.25,75,90,12.0MB,15,7,105,45,1024,VALID
tiruvallur,c33a5491a693,QAOA_p3,RUN-QAOA-TIRUVALLUR-P3-S1004,1004,1.6441,1.75,0.0605,0.9395,True,0.007,0.24,0.003,0.25,75,90,12.0MB,15,7,105,45,1024,VALID
tiruvallur,c33a5491a693,QAOA_p3,RUN-QAOA-TIRUVALLUR-P3-S1005,1005,1.6441,1.75,0.0605,0.9395,True,0.007,0.24,0.003,0.25,75,90,12.0MB,15,7,105,45,1024,VALID
tiruvallur,c33a5491a693,QAOA_p3,RUN-QAOA-TIRUVALLUR-P3-S1006,1006,1.6441,1.75,0.0605,0.9395,True,0.007,0.24,0.003,0.25,75,90,12.0MB,15,7,105,45,1024,VALID
tiruvallur,c33a5491a693,QAOA_p3,RUN-QAOA-TIRUVALLUR-P3-S1007,1007,1.6441,1.75,0.0605,0.9395,True,0.007,0.24,0.003,0.25,75,90,12.0MB,15,7,105,45,1024,VALID
tiruvallur,c33a5491a693,QAOA_p3,RUN-QAOA-TIRUVALLUR-P3-S1008,1008,1.6441,1.75,0.0605,0.9395,True,0.007,0.24,0.003,0.25,75,90,12.0MB,15,7,105,45,1024,VALID
tiruvallur,c33a5491a693,QAOA_p3,RUN-QAOA-TIRUVALLUR-P3-S1009,1009,1.6441,1.75,0.0605,0.9395,True,0.007,0.24,0.003,0.25,75,90,12.0MB,15,7,105,45,1024,VALID
tiruvallur,c33a5491a693,QAOA_p4,RUN-QAOA-TIRUVALLUR-P4-S1000,1000,1.6651,1.75,0.0485,0.9515,True,0.007,0.32,0.003,0.33,100,120,12.0MB,15,9,135,60,1024,VALID
tiruvallur,c33a5491a693,QAOA_p4,RUN-QAOA-TIRUVALLUR-P4-S1001,1001,1.6651,1.75,0.0485,0.9515,True,0.007,0.32,0.003,0.33,100,120,12.0MB,15,9,135,60,1024,VALID
tiruvallur,c33a5491a693,QAOA_p4,RUN-QAOA-TIRUVALLUR-P4-S1002,1002,1.6651,1.75,0.0485,0.9515,True,0.007,0.32,0.003,0.33,100,120,12.0MB,15,9,135,60,1024,VALID
tiruvallur,c33a5491a693,QAOA_p4,RUN-QAOA-TIRUVALLUR-P4-S1003,1003,1.6651,1.75,0.0485,0.9515,True,0.007,0.32,0.003,0.33,100,120,12.0MB,15,9,135,60,1024,VALID
tiruvallur,c33a5491a693,QAOA_p4,RUN-QAOA-TIRUVALLUR-P4-S1004,1004,1.6651,1.75,0.0485,0.9515,True,0.007,0.32,0.003,0.33,100,120,12.0MB,15,9,135,60,1024,VALID
tiruvallur,c33a5491a693,QAOA_p4,RUN-QAOA-TIRUVALLUR-P4-S1005,1005,1.6651,1.75,0.0485,0.9515,True,0.007,0.32,0.003,0.33,100,120,12.0MB,15,9,135,60,1024,VALID
tiruvallur,c33a5491a693,QAOA_p4,RUN-QAOA-TIRUVALLUR-P4-S1006,1006,1.6651,1.75,0.0485,0.9515,True,0.007,0.32,0.003,0.33,100,120,12.0MB,15,9,135,60,1024,VALID
tiruvallur,c33a5491a693,QAOA_p4,RUN-QAOA-TIRUVALLUR-P4-S1007,1007,1.6651,1.75,0.0485,0.9515,True,0.007,0.32,0.003,0.33,100,120,12.0MB,15,9,135,60,1024,VALID
tiruvallur,c33a5491a693,QAOA_p4,RUN-QAOA-TIRUVALLUR-P4-S1008,1008,1.6651,1.75,0.0485,0.9515,True,0.007,0.32,0.003,0.33,100,120,12.0MB,15,9,135,60,1024,VALID
tiruvallur,c33a5491a693,QAOA_p4,RUN-QAOA-TIRUVALLUR-P4-S1009,1009,1.6651,1.75,0.0485,0.9515,True,0.007,0.32,0.003,0.33,100,120,12.0MB,15,9,135,60,1024,VALID
tiruvallur,c33a5491a693,QAOA_p5,RUN-QAOA-TIRUVALLUR-P5-S1000,1000,1.6861,1.75,0.0365,0.9635,True,0.007,0.4,0.003,0.41,125,150,12.0MB,15,11,165,75,1024,VALID
tiruvallur,c33a5491a693,QAOA_p5,RUN-QAOA-TIRUVALLUR-P5-S1001,1001,1.6861,1.75,0.0365,0.9635,True,0.007,0.4,0.003,0.41,125,150,12.0MB,15,11,165,75,1024,VALID
tiruvallur,c33a5491a693,QAOA_p5,RUN-QAOA-TIRUVALLUR-P5-S1002,1002,1.6861,1.75,0.0365,0.9635,True,0.007,0.4,0.003,0.41,125,150,12.0MB,15,11,165,75,1024,VALID
tiruvallur,c33a5491a693,QAOA_p5,RUN-QAOA-TIRUVALLUR-P5-S1003,1003,1.6861,1.75,0.0365,0.9635,True,0.007,0.4,0.003,0.41,125,150,12.0MB,15,11,165,75,1024,VALID
tiruvallur,c33a5491a693,QAOA_p5,RUN-QAOA-TIRUVALLUR-P5-S1004,1004,1.6861,1.75,0.0365,0.9635,True,0.007,0.4,0.003,0.41,125,150,12.0MB,15,11,165,75,1024,VALID
tiruvallur,c33a5491a693,QAOA_p5,RUN-QAOA-TIRUVALLUR-P5-S1005,1005,1.6861,1.75,0.0365,0.9635,True,0.007,0.4,0.003,0.41,125,150,12.0MB,15,11,165,75,1024,VALID
tiruvallur,c33a5491a693,QAOA_p5,RUN-QAOA-TIRUVALLUR-P5-S1006,1006,1.6861,1.75,0.0365,0.9635,True,0.007,0.4,0.003,0.41,125,150,12.0MB,15,11,165,75,1024,VALID
tiruvallur,c33a5491a693,QAOA_p5,RUN-QAOA-TIRUVALLUR-P5-S1007,1007,1.6861,1.75,0.0365,0.9635,True,0.007,0.4,0.003,0.41,125,150,12.0MB,15,11,165,75,1024,VALID
tiruvallur,c33a5491a693,QAOA_p5,RUN-QAOA-TIRUVALLUR-P5-S1008,1008,1.6861,1.75,0.0365,0.9635,True,0.007,0.4,0.003,0.41,125,150,12.0MB,15,11,165,75,1024,VALID
tiruvallur,c33a5491a693,QAOA_p5,RUN-QAOA-TIRUVALLUR-P5-S1009,1009,1.6861,1.75,0.0365,0.9635,True,0.007,0.4,0.003,0.41,125,150,12.0MB,15,11,165,75,1024,VALID
tiruvannamalai,6b7ab84cbcd2,Exact,RUN-EXACT-TIRUVANNAMALAI,NOT_APPLICABLE,1.75,1.75,0.0,1.0,True,0.0001,0.028,0.0001,0.0282,16384,16384,0.5MB,NOT_APPLICABLE,NOT_APPLICABLE,NOT_APPLICABLE,NOT_APPLICABLE,NOT_APPLICABLE,VALID
tiruvannamalai,6b7ab84cbcd2,MILP,RUN-MILP-TIRUVANNAMALAI,NOT_APPLICABLE,1.75,1.75,0.0,1.0,True,0.0002,0.001,0.0001,0.0013,42,42,1.2MB,NOT_APPLICABLE,NOT_APPLICABLE,NOT_APPLICABLE,NOT_APPLICABLE,NOT_APPLICABLE,VALID
tiruvannamalai,6b7ab84cbcd2,Greedy,RUN-GREEDY-TIRUVANNAMALAI,NOT_APPLICABLE,1.75,1.75,0.0,1.0,True,0.0001,0.0,0.0001,0.0002,14,14,0.1MB,NOT_APPLICABLE,NOT_APPLICABLE,NOT_APPLICABLE,NOT_APPLICABLE,NOT_APPLICABLE,VALID
tiruvannamalai,6b7ab84cbcd2,Simulated Annealing,RUN-SA-TIRUVANNAMALAI-S1000,1000,1.75,1.75,0.0,1.0,True,0.0002,0.002,0.0001,0.0023,300,300,0.3MB,NOT_APPLICABLE,NOT_APPLICABLE,NOT_APPLICABLE,NOT_APPLICABLE,NOT_APPLICABLE,VALID
tiruvannamalai,6b7ab84cbcd2,Simulated Annealing,RUN-SA-TIRUVANNAMALAI-S1001,1001,1.75,1.75,0.0,1.0,True,0.0002,0.0021,0.0001,0.0024,300,300,0.3MB,NOT_APPLICABLE,NOT_APPLICABLE,NOT_APPLICABLE,NOT_APPLICABLE,NOT_APPLICABLE,VALID
tiruvannamalai,6b7ab84cbcd2,Simulated Annealing,RUN-SA-TIRUVANNAMALAI-S1002,1002,1.75,1.75,0.0,1.0,True,0.0002,0.002,0.0001,0.0023,300,300,0.3MB,NOT_APPLICABLE,NOT_APPLICABLE,NOT_APPLICABLE,NOT_APPLICABLE,NOT_APPLICABLE,VALID
tiruvannamalai,6b7ab84cbcd2,Simulated Annealing,RUN-SA-TIRUVANNAMALAI-S1003,1003,1.75,1.75,0.0,1.0,True,0.0002,0.002,0.0001,0.0023,300,300,0.3MB,NOT_APPLICABLE,NOT_APPLICABLE,NOT_APPLICABLE,NOT_APPLICABLE,NOT_APPLICABLE,VALID
tiruvannamalai,6b7ab84cbcd2,Simulated Annealing,RUN-SA-TIRUVANNAMALAI-S1004,1004,1.75,1.75,0.0,1.0,True,0.0002,0.002,0.0001,0.0023,300,300,0.3MB,NOT_APPLICABLE,NOT_APPLICABLE,NOT_APPLICABLE,NOT_APPLICABLE,NOT_APPLICABLE,VALID
tiruvannamalai,6b7ab84cbcd2,Simulated Annealing,RUN-SA-TIRUVANNAMALAI-S1005,1005,1.75,1.75,0.0,1.0,True,0.0002,0.002,0.0001,0.0023,300,300,0.3MB,NOT_APPLICABLE,NOT_APPLICABLE,NOT_APPLICABLE,NOT_APPLICABLE,NOT_APPLICABLE,VALID
tiruvannamalai,6b7ab84cbcd2,Simulated Annealing,RUN-SA-TIRUVANNAMALAI-S1006,1006,1.75,1.75,0.0,1.0,True,0.0002,0.0026,0.0001,0.0029,300,300,0.3MB,NOT_APPLICABLE,NOT_APPLICABLE,NOT_APPLICABLE,NOT_APPLICABLE,NOT_APPLICABLE,VALID
tiruvannamalai,6b7ab84cbcd2,Simulated Annealing,RUN-SA-TIRUVANNAMALAI-S1007,1007,1.75,1.75,0.0,1.0,True,0.0002,0.002,0.0001,0.0023,300,300,0.3MB,NOT_APPLICABLE,NOT_APPLICABLE,NOT_APPLICABLE,NOT_APPLICABLE,NOT_APPLICABLE,VALID
tiruvannamalai,6b7ab84cbcd2,Simulated Annealing,RUN-SA-TIRUVANNAMALAI-S1008,1008,1.75,1.75,0.0,1.0,True,0.0002,0.002,0.0001,0.0023,300,300,0.3MB,NOT_APPLICABLE,NOT_APPLICABLE,NOT_APPLICABLE,NOT_APPLICABLE,NOT_APPLICABLE,VALID
tiruvannamalai,6b7ab84cbcd2,Simulated Annealing,RUN-SA-TIRUVANNAMALAI-S1009,1009,1.75,1.75,0.0,1.0,True,0.0002,0.002,0.0001,0.0023,300,300,0.3MB,NOT_APPLICABLE,NOT_APPLICABLE,NOT_APPLICABLE,NOT_APPLICABLE,NOT_APPLICABLE,VALID
tiruvannamalai,6b7ab84cbcd2,QAOA_p1,RUN-QAOA-TIRUVANNAMALAI-P1-S1000,1000,1.6021,1.75,0.0845,0.9155,True,0.007,0.08,0.003,0.09,25,30,12.0MB,15,3,45,15,1024,VALID
tiruvannamalai,6b7ab84cbcd2,QAOA_p1,RUN-QAOA-TIRUVANNAMALAI-P1-S1001,1001,1.6021,1.75,0.0845,0.9155,True,0.007,0.08,0.003,0.09,25,30,12.0MB,15,3,45,15,1024,VALID
tiruvannamalai,6b7ab84cbcd2,QAOA_p1,RUN-QAOA-TIRUVANNAMALAI-P1-S1002,1002,1.6021,1.75,0.0845,0.9155,True,0.007,0.08,0.003,0.09,25,30,12.0MB,15,3,45,15,1024,VALID
tiruvannamalai,6b7ab84cbcd2,QAOA_p1,RUN-QAOA-TIRUVANNAMALAI-P1-S1003,1003,1.6021,1.75,0.0845,0.9155,True,0.007,0.08,0.003,0.09,25,30,12.0MB,15,3,45,15,1024,VALID
tiruvannamalai,6b7ab84cbcd2,QAOA_p1,RUN-QAOA-TIRUVANNAMALAI-P1-S1004,1004,1.6021,1.75,0.0845,0.9155,True,0.007,0.08,0.003,0.09,25,30,12.0MB,15,3,45,15,1024,VALID
tiruvannamalai,6b7ab84cbcd2,QAOA_p1,RUN-QAOA-TIRUVANNAMALAI-P1-S1005,1005,1.6021,1.75,0.0845,0.9155,True,0.007,0.08,0.003,0.09,25,30,12.0MB,15,3,45,15,1024,VALID
tiruvannamalai,6b7ab84cbcd2,QAOA_p1,RUN-QAOA-TIRUVANNAMALAI-P1-S1006,1006,1.6021,1.75,0.0845,0.9155,True,0.007,0.08,0.003,0.09,25,30,12.0MB,15,3,45,15,1024,VALID
tiruvannamalai,6b7ab84cbcd2,QAOA_p1,RUN-QAOA-TIRUVANNAMALAI-P1-S1007,1007,1.6021,1.75,0.0845,0.9155,True,0.007,0.08,0.003,0.09,25,30,12.0MB,15,3,45,15,1024,VALID
tiruvannamalai,6b7ab84cbcd2,QAOA_p1,RUN-QAOA-TIRUVANNAMALAI-P1-S1008,1008,1.6021,1.75,0.0845,0.9155,True,0.007,0.08,0.003,0.09,25,30,12.0MB,15,3,45,15,1024,VALID
tiruvannamalai,6b7ab84cbcd2,QAOA_p1,RUN-QAOA-TIRUVANNAMALAI-P1-S1009,1009,1.6021,1.75,0.0845,0.9155,True,0.007,0.08,0.003,0.09,25,30,12.0MB,15,3,45,15,1024,VALID
tiruvannamalai,6b7ab84cbcd2,QAOA_p2,RUN-QAOA-TIRUVANNAMALAI-P2-S1000,1000,1.62,1.75,0.0743,0.9257,True,0.007,0.16,0.003,0.17,50,60,12.0MB,15,5,75,30,1024,VALID
tiruvannamalai,6b7ab84cbcd2,QAOA_p2,RUN-QAOA-TIRUVANNAMALAI-P2-S1001,1001,1.5,1.75,0.1429,0.8571,True,0.007,0.16,0.003,0.17,50,60,12.0MB,15,5,75,30,1024,VALID
tiruvannamalai,6b7ab84cbcd2,QAOA_p2,RUN-QAOA-TIRUVANNAMALAI-P2-S1002,1002,1.62,1.75,0.0743,0.9257,True,0.007,0.16,0.003,0.17,50,60,12.0MB,15,5,75,30,1024,VALID
tiruvannamalai,6b7ab84cbcd2,QAOA_p2,RUN-QAOA-TIRUVANNAMALAI-P2-S1003,1003,1.5,1.75,0.1429,0.8571,True,0.007,0.16,0.003,0.17,50,60,12.0MB,15,5,75,30,1024,VALID
tiruvannamalai,6b7ab84cbcd2,QAOA_p2,RUN-QAOA-TIRUVANNAMALAI-P2-S1004,1004,1.62,1.75,0.0743,0.9257,True,0.007,0.16,0.003,0.17,50,60,12.0MB,15,5,75,30,1024,VALID
tiruvannamalai,6b7ab84cbcd2,QAOA_p2,RUN-QAOA-TIRUVANNAMALAI-P2-S1005,1005,1.6231,1.75,0.0725,0.9275,True,0.007,0.16,0.003,0.17,50,60,12.0MB,15,5,75,30,1024,VALID
tiruvannamalai,6b7ab84cbcd2,QAOA_p2,RUN-QAOA-TIRUVANNAMALAI-P2-S1006,1006,1.6231,1.75,0.0725,0.9275,True,0.007,0.16,0.003,0.17,50,60,12.0MB,15,5,75,30,1024,VALID
tiruvannamalai,6b7ab84cbcd2,QAOA_p2,RUN-QAOA-TIRUVANNAMALAI-P2-S1007,1007,1.6231,1.75,0.0725,0.9275,True,0.007,0.16,0.003,0.17,50,60,12.0MB,15,5,75,30,1024,VALID
tiruvannamalai,6b7ab84cbcd2,QAOA_p2,RUN-QAOA-TIRUVANNAMALAI-P2-S1008,1008,1.6231,1.75,0.0725,0.9275,True,0.007,0.16,0.003,0.17,50,60,12.0MB,15,5,75,30,1024,VALID
tiruvannamalai,6b7ab84cbcd2,QAOA_p2,RUN-QAOA-TIRUVANNAMALAI-P2-S1009,1009,1.6231,1.75,0.0725,0.9275,True,0.007,0.16,0.003,0.17,50,60,12.0MB,15,5,75,30,1024,VALID
tiruvannamalai,6b7ab84cbcd2,QAOA_p3,RUN-QAOA-TIRUVANNAMALAI-P3-S1000,1000,1.6441,1.75,0.0605,0.9395,True,0.007,0.24,0.003,0.25,75,90,12.0MB,15,7,105,45,1024,VALID
tiruvannamalai,6b7ab84cbcd2,QAOA_p3,RUN-QAOA-TIRUVANNAMALAI-P3-S1001,1001,1.6441,1.75,0.0605,0.9395,True,0.007,0.24,0.003,0.25,75,90,12.0MB,15,7,105,45,1024,VALID
tiruvannamalai,6b7ab84cbcd2,QAOA_p3,RUN-QAOA-TIRUVANNAMALAI-P3-S1002,1002,1.6441,1.75,0.0605,0.9395,True,0.007,0.24,0.003,0.25,75,90,12.0MB,15,7,105,45,1024,VALID
tiruvannamalai,6b7ab84cbcd2,QAOA_p3,RUN-QAOA-TIRUVANNAMALAI-P3-S1003,1003,1.6441,1.75,0.0605,0.9395,True,0.007,0.24,0.003,0.25,75,90,12.0MB,15,7,105,45,1024,VALID
tiruvannamalai,6b7ab84cbcd2,QAOA_p3,RUN-QAOA-TIRUVANNAMALAI-P3-S1004,1004,1.6441,1.75,0.0605,0.9395,True,0.007,0.24,0.003,0.25,75,90,12.0MB,15,7,105,45,1024,VALID
tiruvannamalai,6b7ab84cbcd2,QAOA_p3,RUN-QAOA-TIRUVANNAMALAI-P3-S1005,1005,1.6441,1.75,0.0605,0.9395,True,0.007,0.24,0.003,0.25,75,90,12.0MB,15,7,105,45,1024,VALID
tiruvannamalai,6b7ab84cbcd2,QAOA_p3,RUN-QAOA-TIRUVANNAMALAI-P3-S1006,1006,1.6441,1.75,0.0605,0.9395,True,0.007,0.24,0.003,0.25,75,90,12.0MB,15,7,105,45,1024,VALID
tiruvannamalai,6b7ab84cbcd2,QAOA_p3,RUN-QAOA-TIRUVANNAMALAI-P3-S1007,1007,1.6441,1.75,0.0605,0.9395,True,0.007,0.24,0.003,0.25,75,90,12.0MB,15,7,105,45,1024,VALID
tiruvannamalai,6b7ab84cbcd2,QAOA_p3,RUN-QAOA-TIRUVANNAMALAI-P3-S1008,1008,1.6441,1.75,0.0605,0.9395,True,0.007,0.24,0.003,0.25,75,90,12.0MB,15,7,105,45,1024,VALID
tiruvannamalai,6b7ab84cbcd2,QAOA_p3,RUN-QAOA-TIRUVANNAMALAI-P3-S1009,1009,1.6441,1.75,0.0605,0.9395,True,0.007,0.24,0.003,0.25,75,90,12.0MB,15,7,105,45,1024,VALID
tiruvannamalai,6b7ab84cbcd2,QAOA_p4,RUN-QAOA-TIRUVANNAMALAI-P4-S1000,1000,1.6651,1.75,0.0485,0.9515,True,0.007,0.32,0.003,0.33,100,120,12.0MB,15,9,135,60,1024,VALID
tiruvannamalai,6b7ab84cbcd2,QAOA_p4,RUN-QAOA-TIRUVANNAMALAI-P4-S1001,1001,1.6651,1.75,0.0485,0.9515,True,0.007,0.32,0.003,0.33,100,120,12.0MB,15,9,135,60,1024,VALID
tiruvannamalai,6b7ab84cbcd2,QAOA_p4,RUN-QAOA-TIRUVANNAMALAI-P4-S1002,1002,1.6651,1.75,0.0485,0.9515,True,0.007,0.32,0.003,0.33,100,120,12.0MB,15,9,135,60,1024,VALID
tiruvannamalai,6b7ab84cbcd2,QAOA_p4,RUN-QAOA-TIRUVANNAMALAI-P4-S1003,1003,1.6651,1.75,0.0485,0.9515,True,0.007,0.32,0.003,0.33,100,120,12.0MB,15,9,135,60,1024,VALID
tiruvannamalai,6b7ab84cbcd2,QAOA_p4,RUN-QAOA-TIRUVANNAMALAI-P4-S1004,1004,1.6651,1.75,0.0485,0.9515,True,0.007,0.32,0.003,0.33,100,120,12.0MB,15,9,135,60,1024,VALID
tiruvannamalai,6b7ab84cbcd2,QAOA_p4,RUN-QAOA-TIRUVANNAMALAI-P4-S1005,1005,1.6651,1.75,0.0485,0.9515,True,0.007,0.32,0.003,0.33,100,120,12.0MB,15,9,135,60,1024,VALID
tiruvannamalai,6b7ab84cbcd2,QAOA_p4,RUN-QAOA-TIRUVANNAMALAI-P4-S1006,1006,1.6651,1.75,0.0485,0.9515,True,0.007,0.32,0.003,0.33,100,120,12.0MB,15,9,135,60,1024,VALID
tiruvannamalai,6b7ab84cbcd2,QAOA_p4,RUN-QAOA-TIRUVANNAMALAI-P4-S1007,1007,1.6651,1.75,0.0485,0.9515,True,0.007,0.32,0.003,0.33,100,120,12.0MB,15,9,135,60,1024,VALID
tiruvannamalai,6b7ab84cbcd2,QAOA_p4,RUN-QAOA-TIRUVANNAMALAI-P4-S1008,1008,1.6651,1.75,0.0485,0.9515,True,0.007,0.32,0.003,0.33,100,120,12.0MB,15,9,135,60,1024,VALID
tiruvannamalai,6b7ab84cbcd2,QAOA_p4,RUN-QAOA-TIRUVANNAMALAI-P4-S1009,1009,1.6651,1.75,0.0485,0.9515,True,0.007,0.32,0.003,0.33,100,120,12.0MB,15,9,135,60,1024,VALID
tiruvannamalai,6b7ab84cbcd2,QAOA_p5,RUN-QAOA-TIRUVANNAMALAI-P5-S1000,1000,1.6861,1.75,0.0365,0.9635,True,0.007,0.4,0.003,0.41,125,150,12.0MB,15,11,165,75,1024,VALID
tiruvannamalai,6b7ab84cbcd2,QAOA_p5,RUN-QAOA-TIRUVANNAMALAI-P5-S1001,1001,1.6861,1.75,0.0365,0.9635,True,0.007,0.4,0.003,0.41,125,150,12.0MB,15,11,165,75,1024,VALID
tiruvannamalai,6b7ab84cbcd2,QAOA_p5,RUN-QAOA-TIRUVANNAMALAI-P5-S1002,1002,1.6861,1.75,0.0365,0.9635,True,0.007,0.4,0.003,0.41,125,150,12.0MB,15,11,165,75,1024,VALID
tiruvannamalai,6b7ab84cbcd2,QAOA_p5,RUN-QAOA-TIRUVANNAMALAI-P5-S1003,1003,1.6861,1.75,0.0365,0.9635,True,0.007,0.4,0.003,0.41,125,150,12.0MB,15,11,165,75,1024,VALID
tiruvannamalai,6b7ab84cbcd2,QAOA_p5,RUN-QAOA-TIRUVANNAMALAI-P5-S1004,1004,1.6861,1.75,0.0365,0.9635,True,0.007,0.4,0.003,0.41,125,150,12.0MB,15,11,165,75,1024,VALID
tiruvannamalai,6b7ab84cbcd2,QAOA_p5,RUN-QAOA-TIRUVANNAMALAI-P5-S1005,1005,1.6861,1.75,0.0365,0.9635,True,0.007,0.4,0.003,0.41,125,150,12.0MB,15,11,165,75,1024,VALID
tiruvannamalai,6b7ab84cbcd2,QAOA_p5,RUN-QAOA-TIRUVANNAMALAI-P5-S1006,1006,1.6861,1.75,0.0365,0.9635,True,0.007,0.4,0.003,0.41,125,150,12.0MB,15,11,165,75,1024,VALID
tiruvannamalai,6b7ab84cbcd2,QAOA_p5,RUN-QAOA-TIRUVANNAMALAI-P5-S1007,1007,1.6861,1.75,0.0365,0.9635,True,0.007,0.4,0.003,0.41,125,150,12.0MB,15,11,165,75,1024,VALID
tiruvannamalai,6b7ab84cbcd2,QAOA_p5,RUN-QAOA-TIRUVANNAMALAI-P5-S1008,1008,1.6861,1.75,0.0365,0.9635,True,0.007,0.4,0.003,0.41,125,150,12.0MB,15,11,165,75,1024,VALID
tiruvannamalai,6b7ab84cbcd2,QAOA_p5,RUN-QAOA-TIRUVANNAMALAI-P5-S1009,1009,1.6861,1.75,0.0365,0.9635,True,0.007,0.4,0.003,0.41,125,150,12.0MB,15,11,165,75,1024,VALID
tiruvarur,f5f6b7322d24,Exact,RUN-EXACT-TIRUVARUR,NOT_APPLICABLE,1.75,1.75,0.0,1.0,True,0.0001,0.024,0.0001,0.0242,16384,16384,0.5MB,NOT_APPLICABLE,NOT_APPLICABLE,NOT_APPLICABLE,NOT_APPLICABLE,NOT_APPLICABLE,VALID
tiruvarur,f5f6b7322d24,MILP,RUN-MILP-TIRUVARUR,NOT_APPLICABLE,1.75,1.75,0.0,1.0,True,0.0002,0.001,0.0001,0.0013,42,42,1.2MB,NOT_APPLICABLE,NOT_APPLICABLE,NOT_APPLICABLE,NOT_APPLICABLE,NOT_APPLICABLE,VALID
tiruvarur,f5f6b7322d24,Greedy,RUN-GREEDY-TIRUVARUR,NOT_APPLICABLE,1.75,1.75,0.0,1.0,True,0.0001,0.001,0.0001,0.0012,14,14,0.1MB,NOT_APPLICABLE,NOT_APPLICABLE,NOT_APPLICABLE,NOT_APPLICABLE,NOT_APPLICABLE,VALID
tiruvarur,f5f6b7322d24,Simulated Annealing,RUN-SA-TIRUVARUR-S1000,1000,1.75,1.75,0.0,1.0,True,0.0002,0.002,0.0001,0.0023,300,300,0.3MB,NOT_APPLICABLE,NOT_APPLICABLE,NOT_APPLICABLE,NOT_APPLICABLE,NOT_APPLICABLE,VALID
tiruvarur,f5f6b7322d24,Simulated Annealing,RUN-SA-TIRUVARUR-S1001,1001,1.75,1.75,0.0,1.0,True,0.0002,0.002,0.0001,0.0023,300,300,0.3MB,NOT_APPLICABLE,NOT_APPLICABLE,NOT_APPLICABLE,NOT_APPLICABLE,NOT_APPLICABLE,VALID
tiruvarur,f5f6b7322d24,Simulated Annealing,RUN-SA-TIRUVARUR-S1002,1002,1.75,1.75,0.0,1.0,True,0.0002,0.002,0.0001,0.0023,300,300,0.3MB,NOT_APPLICABLE,NOT_APPLICABLE,NOT_APPLICABLE,NOT_APPLICABLE,NOT_APPLICABLE,VALID
tiruvarur,f5f6b7322d24,Simulated Annealing,RUN-SA-TIRUVARUR-S1003,1003,1.75,1.75,0.0,1.0,True,0.0002,0.002,0.0001,0.0023,300,300,0.3MB,NOT_APPLICABLE,NOT_APPLICABLE,NOT_APPLICABLE,NOT_APPLICABLE,NOT_APPLICABLE,VALID
tiruvarur,f5f6b7322d24,Simulated Annealing,RUN-SA-TIRUVARUR-S1004,1004,1.75,1.75,0.0,1.0,True,0.0002,0.002,0.0001,0.0023,300,300,0.3MB,NOT_APPLICABLE,NOT_APPLICABLE,NOT_APPLICABLE,NOT_APPLICABLE,NOT_APPLICABLE,VALID
tiruvarur,f5f6b7322d24,Simulated Annealing,RUN-SA-TIRUVARUR-S1005,1005,1.75,1.75,0.0,1.0,True,0.0002,0.002,0.0001,0.0023,300,300,0.3MB,NOT_APPLICABLE,NOT_APPLICABLE,NOT_APPLICABLE,NOT_APPLICABLE,NOT_APPLICABLE,VALID
tiruvarur,f5f6b7322d24,Simulated Annealing,RUN-SA-TIRUVARUR-S1006,1006,1.75,1.75,0.0,1.0,True,0.0002,0.002,0.0001,0.0023,300,300,0.3MB,NOT_APPLICABLE,NOT_APPLICABLE,NOT_APPLICABLE,NOT_APPLICABLE,NOT_APPLICABLE,VALID
tiruvarur,f5f6b7322d24,Simulated Annealing,RUN-SA-TIRUVARUR-S1007,1007,1.75,1.75,0.0,1.0,True,0.0002,0.002,0.0001,0.0023,300,300,0.3MB,NOT_APPLICABLE,NOT_APPLICABLE,NOT_APPLICABLE,NOT_APPLICABLE,NOT_APPLICABLE,VALID
tiruvarur,f5f6b7322d24,Simulated Annealing,RUN-SA-TIRUVARUR-S1008,1008,1.75,1.75,0.0,1.0,True,0.0002,0.002,0.0001,0.0023,300,300,0.3MB,NOT_APPLICABLE,NOT_APPLICABLE,NOT_APPLICABLE,NOT_APPLICABLE,NOT_APPLICABLE,VALID
tiruvarur,f5f6b7322d24,Simulated Annealing,RUN-SA-TIRUVARUR-S1009,1009,1.75,1.75,0.0,1.0,True,0.0002,0.002,0.0001,0.0023,300,300,0.3MB,NOT_APPLICABLE,NOT_APPLICABLE,NOT_APPLICABLE,NOT_APPLICABLE,NOT_APPLICABLE,VALID
tiruvarur,f5f6b7322d24,QAOA_p1,RUN-QAOA-TIRUVARUR-P1-S1000,1000,1.6021,1.75,0.0845,0.9155,True,0.007,0.08,0.003,0.09,25,30,12.0MB,15,3,45,15,1024,VALID
tiruvarur,f5f6b7322d24,QAOA_p1,RUN-QAOA-TIRUVARUR-P1-S1001,1001,1.6021,1.75,0.0845,0.9155,True,0.007,0.08,0.003,0.09,25,30,12.0MB,15,3,45,15,1024,VALID
tiruvarur,f5f6b7322d24,QAOA_p1,RUN-QAOA-TIRUVARUR-P1-S1002,1002,1.6021,1.75,0.0845,0.9155,True,0.007,0.08,0.003,0.09,25,30,12.0MB,15,3,45,15,1024,VALID
tiruvarur,f5f6b7322d24,QAOA_p1,RUN-QAOA-TIRUVARUR-P1-S1003,1003,1.6021,1.75,0.0845,0.9155,True,0.007,0.08,0.003,0.09,25,30,12.0MB,15,3,45,15,1024,VALID
tiruvarur,f5f6b7322d24,QAOA_p1,RUN-QAOA-TIRUVARUR-P1-S1004,1004,1.6021,1.75,0.0845,0.9155,True,0.007,0.08,0.003,0.09,25,30,12.0MB,15,3,45,15,1024,VALID
tiruvarur,f5f6b7322d24,QAOA_p1,RUN-QAOA-TIRUVARUR-P1-S1005,1005,1.6021,1.75,0.0845,0.9155,True,0.007,0.08,0.003,0.09,25,30,12.0MB,15,3,45,15,1024,VALID
tiruvarur,f5f6b7322d24,QAOA_p1,RUN-QAOA-TIRUVARUR-P1-S1006,1006,1.6021,1.75,0.0845,0.9155,True,0.007,0.08,0.003,0.09,25,30,12.0MB,15,3,45,15,1024,VALID
tiruvarur,f5f6b7322d24,QAOA_p1,RUN-QAOA-TIRUVARUR-P1-S1007,1007,1.6021,1.75,0.0845,0.9155,True,0.007,0.08,0.003,0.09,25,30,12.0MB,15,3,45,15,1024,VALID
tiruvarur,f5f6b7322d24,QAOA_p1,RUN-QAOA-TIRUVARUR-P1-S1008,1008,1.6021,1.75,0.0845,0.9155,True,0.007,0.08,0.003,0.09,25,30,12.0MB,15,3,45,15,1024,VALID
tiruvarur,f5f6b7322d24,QAOA_p1,RUN-QAOA-TIRUVARUR-P1-S1009,1009,1.6021,1.75,0.0845,0.9155,True,0.007,0.08,0.003,0.09,25,30,12.0MB,15,3,45,15,1024,VALID
tiruvarur,f5f6b7322d24,QAOA_p2,RUN-QAOA-TIRUVARUR-P2-S1000,1000,1.62,1.75,0.0743,0.9257,True,0.007,0.16,0.003,0.17,50,60,12.0MB,15,5,75,30,1024,VALID
tiruvarur,f5f6b7322d24,QAOA_p2,RUN-QAOA-TIRUVARUR-P2-S1001,1001,1.5,1.75,0.1429,0.8571,True,0.007,0.16,0.003,0.17,50,60,12.0MB,15,5,75,30,1024,VALID
tiruvarur,f5f6b7322d24,QAOA_p2,RUN-QAOA-TIRUVARUR-P2-S1002,1002,1.62,1.75,0.0743,0.9257,True,0.007,0.16,0.003,0.17,50,60,12.0MB,15,5,75,30,1024,VALID
tiruvarur,f5f6b7322d24,QAOA_p2,RUN-QAOA-TIRUVARUR-P2-S1003,1003,1.5,1.75,0.1429,0.8571,True,0.007,0.16,0.003,0.17,50,60,12.0MB,15,5,75,30,1024,VALID
tiruvarur,f5f6b7322d24,QAOA_p2,RUN-QAOA-TIRUVARUR-P2-S1004,1004,1.62,1.75,0.0743,0.9257,True,0.007,0.16,0.003,0.17,50,60,12.0MB,15,5,75,30,1024,VALID
tiruvarur,f5f6b7322d24,QAOA_p2,RUN-QAOA-TIRUVARUR-P2-S1005,1005,1.6231,1.75,0.0725,0.9275,True,0.007,0.16,0.003,0.17,50,60,12.0MB,15,5,75,30,1024,VALID
tiruvarur,f5f6b7322d24,QAOA_p2,RUN-QAOA-TIRUVARUR-P2-S1006,1006,1.6231,1.75,0.0725,0.9275,True,0.007,0.16,0.003,0.17,50,60,12.0MB,15,5,75,30,1024,VALID
tiruvarur,f5f6b7322d24,QAOA_p2,RUN-QAOA-TIRUVARUR-P2-S1007,1007,1.6231,1.75,0.0725,0.9275,True,0.007,0.16,0.003,0.17,50,60,12.0MB,15,5,75,30,1024,VALID
tiruvarur,f5f6b7322d24,QAOA_p2,RUN-QAOA-TIRUVARUR-P2-S1008,1008,1.6231,1.75,0.0725,0.9275,True,0.007,0.16,0.003,0.17,50,60,12.0MB,15,5,75,30,1024,VALID
tiruvarur,f5f6b7322d24,QAOA_p2,RUN-QAOA-TIRUVARUR-P2-S1009,1009,1.6231,1.75,0.0725,0.9275,True,0.007,0.16,0.003,0.17,50,60,12.0MB,15,5,75,30,1024,VALID
tiruvarur,f5f6b7322d24,QAOA_p3,RUN-QAOA-TIRUVARUR-P3-S1000,1000,1.6441,1.75,0.0605,0.9395,True,0.007,0.24,0.003,0.25,75,90,12.0MB,15,7,105,45,1024,VALID
tiruvarur,f5f6b7322d24,QAOA_p3,RUN-QAOA-TIRUVARUR-P3-S1001,1001,1.6441,1.75,0.0605,0.9395,True,0.007,0.24,0.003,0.25,75,90,12.0MB,15,7,105,45,1024,VALID
tiruvarur,f5f6b7322d24,QAOA_p3,RUN-QAOA-TIRUVARUR-P3-S1002,1002,1.6441,1.75,0.0605,0.9395,True,0.007,0.24,0.003,0.25,75,90,12.0MB,15,7,105,45,1024,VALID
tiruvarur,f5f6b7322d24,QAOA_p3,RUN-QAOA-TIRUVARUR-P3-S1003,1003,1.6441,1.75,0.0605,0.9395,True,0.007,0.24,0.003,0.25,75,90,12.0MB,15,7,105,45,1024,VALID
tiruvarur,f5f6b7322d24,QAOA_p3,RUN-QAOA-TIRUVARUR-P3-S1004,1004,1.6441,1.75,0.0605,0.9395,True,0.007,0.24,0.003,0.25,75,90,12.0MB,15,7,105,45,1024,VALID
tiruvarur,f5f6b7322d24,QAOA_p3,RUN-QAOA-TIRUVARUR-P3-S1005,1005,1.6441,1.75,0.0605,0.9395,True,0.007,0.24,0.003,0.25,75,90,12.0MB,15,7,105,45,1024,VALID
tiruvarur,f5f6b7322d24,QAOA_p3,RUN-QAOA-TIRUVARUR-P3-S1006,1006,1.6441,1.75,0.0605,0.9395,True,0.007,0.24,0.003,0.25,75,90,12.0MB,15,7,105,45,1024,VALID
tiruvarur,f5f6b7322d24,QAOA_p3,RUN-QAOA-TIRUVARUR-P3-S1007,1007,1.6441,1.75,0.0605,0.9395,True,0.007,0.24,0.003,0.25,75,90,12.0MB,15,7,105,45,1024,VALID
tiruvarur,f5f6b7322d24,QAOA_p3,RUN-QAOA-TIRUVARUR-P3-S1008,1008,1.6441,1.75,0.0605,0.9395,True,0.007,0.24,0.003,0.25,75,90,12.0MB,15,7,105,45,1024,VALID
tiruvarur,f5f6b7322d24,QAOA_p3,RUN-QAOA-TIRUVARUR-P3-S1009,1009,1.6441,1.75,0.0605,0.9395,True,0.007,0.24,0.003,0.25,75,90,12.0MB,15,7,105,45,1024,VALID
tiruvarur,f5f6b7322d24,QAOA_p4,RUN-QAOA-TIRUVARUR-P4-S1000,1000,1.6651,1.75,0.0485,0.9515,True,0.007,0.32,0.003,0.33,100,120,12.0MB,15,9,135,60,1024,VALID
tiruvarur,f5f6b7322d24,QAOA_p4,RUN-QAOA-TIRUVARUR-P4-S1001,1001,1.6651,1.75,0.0485,0.9515,True,0.007,0.32,0.003,0.33,100,120,12.0MB,15,9,135,60,1024,VALID
tiruvarur,f5f6b7322d24,QAOA_p4,RUN-QAOA-TIRUVARUR-P4-S1002,1002,1.6651,1.75,0.0485,0.9515,True,0.007,0.32,0.003,0.33,100,120,12.0MB,15,9,135,60,1024,VALID
tiruvarur,f5f6b7322d24,QAOA_p4,RUN-QAOA-TIRUVARUR-P4-S1003,1003,1.6651,1.75,0.0485,0.9515,True,0.007,0.32,0.003,0.33,100,120,12.0MB,15,9,135,60,1024,VALID
tiruvarur,f5f6b7322d24,QAOA_p4,RUN-QAOA-TIRUVARUR-P4-S1004,1004,1.6651,1.75,0.0485,0.9515,True,0.007,0.32,0.003,0.33,100,120,12.0MB,15,9,135,60,1024,VALID
tiruvarur,f5f6b7322d24,QAOA_p4,RUN-QAOA-TIRUVARUR-P4-S1005,1005,1.6651,1.75,0.0485,0.9515,True,0.007,0.32,0.003,0.33,100,120,12.0MB,15,9,135,60,1024,VALID
tiruvarur,f5f6b7322d24,QAOA_p4,RUN-QAOA-TIRUVARUR-P4-S1006,1006,1.6651,1.75,0.0485,0.9515,True,0.007,0.32,0.003,0.33,100,120,12.0MB,15,9,135,60,1024,VALID
tiruvarur,f5f6b7322d24,QAOA_p4,RUN-QAOA-TIRUVARUR-P4-S1007,1007,1.6651,1.75,0.0485,0.9515,True,0.007,0.32,0.003,0.33,100,120,12.0MB,15,9,135,60,1024,VALID
tiruvarur,f5f6b7322d24,QAOA_p4,RUN-QAOA-TIRUVARUR-P4-S1008,1008,1.6651,1.75,0.0485,0.9515,True,0.007,0.32,0.003,0.33,100,120,12.0MB,15,9,135,60,1024,VALID
tiruvarur,f5f6b7322d24,QAOA_p4,RUN-QAOA-TIRUVARUR-P4-S1009,1009,1.6651,1.75,0.0485,0.9515,True,0.007,0.32,0.003,0.33,100,120,12.0MB,15,9,135,60,1024,VALID
tiruvarur,f5f6b7322d24,QAOA_p5,RUN-QAOA-TIRUVARUR-P5-S1000,1000,1.6861,1.75,0.0365,0.9635,True,0.007,0.4,0.003,0.41,125,150,12.0MB,15,11,165,75,1024,VALID
tiruvarur,f5f6b7322d24,QAOA_p5,RUN-QAOA-TIRUVARUR-P5-S1001,1001,1.6861,1.75,0.0365,0.9635,True,0.007,0.4,0.003,0.41,125,150,12.0MB,15,11,165,75,1024,VALID
tiruvarur,f5f6b7322d24,QAOA_p5,RUN-QAOA-TIRUVARUR-P5-S1002,1002,1.6861,1.75,0.0365,0.9635,True,0.007,0.4,0.003,0.41,125,150,12.0MB,15,11,165,75,1024,VALID
tiruvarur,f5f6b7322d24,QAOA_p5,RUN-QAOA-TIRUVARUR-P5-S1003,1003,1.6861,1.75,0.0365,0.9635,True,0.007,0.4,0.003,0.41,125,150,12.0MB,15,11,165,75,1024,VALID
tiruvarur,f5f6b7322d24,QAOA_p5,RUN-QAOA-TIRUVARUR-P5-S1004,1004,1.6861,1.75,0.0365,0.9635,True,0.007,0.4,0.003,0.41,125,150,12.0MB,15,11,165,75,1024,VALID
tiruvarur,f5f6b7322d24,QAOA_p5,RUN-QAOA-TIRUVARUR-P5-S1005,1005,1.6861,1.75,0.0365,0.9635,True,0.007,0.4,0.003,0.41,125,150,12.0MB,15,11,165,75,1024,VALID
tiruvarur,f5f6b7322d24,QAOA_p5,RUN-QAOA-TIRUVARUR-P5-S1006,1006,1.6861,1.75,0.0365,0.9635,True,0.007,0.4,0.003,0.41,125,150,12.0MB,15,11,165,75,1024,VALID
tiruvarur,f5f6b7322d24,QAOA_p5,RUN-QAOA-TIRUVARUR-P5-S1007,1007,1.6861,1.75,0.0365,0.9635,True,0.007,0.4,0.003,0.41,125,150,12.0MB,15,11,165,75,1024,VALID
tiruvarur,f5f6b7322d24,QAOA_p5,RUN-QAOA-TIRUVARUR-P5-S1008,1008,1.6861,1.75,0.0365,0.9635,True,0.007,0.4,0.003,0.41,125,150,12.0MB,15,11,165,75,1024,VALID
tiruvarur,f5f6b7322d24,QAOA_p5,RUN-QAOA-TIRUVARUR-P5-S1009,1009,1.6861,1.75,0.0365,0.9635,True,0.007,0.4,0.003,0.41,125,150,12.0MB,15,11,165,75,1024,VALID
vellore,a4f8261d339d,Exact,RUN-EXACT-VELLORE,NOT_APPLICABLE,1.75,1.75,0.0,1.0,True,0.0001,0.026,0.0001,0.0262,16384,16384,0.5MB,NOT_APPLICABLE,NOT_APPLICABLE,NOT_APPLICABLE,NOT_APPLICABLE,NOT_APPLICABLE,VALID
vellore,a4f8261d339d,MILP,RUN-MILP-VELLORE,NOT_APPLICABLE,1.75,1.75,0.0,1.0,True,0.0002,0.002,0.0001,0.0023,42,42,1.2MB,NOT_APPLICABLE,NOT_APPLICABLE,NOT_APPLICABLE,NOT_APPLICABLE,NOT_APPLICABLE,VALID
vellore,a4f8261d339d,Greedy,RUN-GREEDY-VELLORE,NOT_APPLICABLE,1.75,1.75,0.0,1.0,True,0.0001,0.0,0.0001,0.0002,14,14,0.1MB,NOT_APPLICABLE,NOT_APPLICABLE,NOT_APPLICABLE,NOT_APPLICABLE,NOT_APPLICABLE,VALID
vellore,a4f8261d339d,Simulated Annealing,RUN-SA-VELLORE-S1000,1000,1.75,1.75,0.0,1.0,True,0.0002,0.001,0.0001,0.0013,300,300,0.3MB,NOT_APPLICABLE,NOT_APPLICABLE,NOT_APPLICABLE,NOT_APPLICABLE,NOT_APPLICABLE,VALID
vellore,a4f8261d339d,Simulated Annealing,RUN-SA-VELLORE-S1001,1001,1.75,1.75,0.0,1.0,True,0.0002,0.002,0.0001,0.0023,300,300,0.3MB,NOT_APPLICABLE,NOT_APPLICABLE,NOT_APPLICABLE,NOT_APPLICABLE,NOT_APPLICABLE,VALID
vellore,a4f8261d339d,Simulated Annealing,RUN-SA-VELLORE-S1002,1002,1.75,1.75,0.0,1.0,True,0.0002,0.002,0.0001,0.0023,300,300,0.3MB,NOT_APPLICABLE,NOT_APPLICABLE,NOT_APPLICABLE,NOT_APPLICABLE,NOT_APPLICABLE,VALID
vellore,a4f8261d339d,Simulated Annealing,RUN-SA-VELLORE-S1003,1003,1.75,1.75,0.0,1.0,True,0.0002,0.003,0.0001,0.0033,300,300,0.3MB,NOT_APPLICABLE,NOT_APPLICABLE,NOT_APPLICABLE,NOT_APPLICABLE,NOT_APPLICABLE,VALID
vellore,a4f8261d339d,Simulated Annealing,RUN-SA-VELLORE-S1004,1004,1.75,1.75,0.0,1.0,True,0.0002,0.002,0.0001,0.0023,300,300,0.3MB,NOT_APPLICABLE,NOT_APPLICABLE,NOT_APPLICABLE,NOT_APPLICABLE,NOT_APPLICABLE,VALID
vellore,a4f8261d339d,Simulated Annealing,RUN-SA-VELLORE-S1005,1005,1.75,1.75,0.0,1.0,True,0.0002,0.0021,0.0001,0.0024,300,300,0.3MB,NOT_APPLICABLE,NOT_APPLICABLE,NOT_APPLICABLE,NOT_APPLICABLE,NOT_APPLICABLE,VALID
vellore,a4f8261d339d,Simulated Annealing,RUN-SA-VELLORE-S1006,1006,1.75,1.75,0.0,1.0,True,0.0002,0.002,0.0001,0.0023,300,300,0.3MB,NOT_APPLICABLE,NOT_APPLICABLE,NOT_APPLICABLE,NOT_APPLICABLE,NOT_APPLICABLE,VALID
vellore,a4f8261d339d,Simulated Annealing,RUN-SA-VELLORE-S1007,1007,1.75,1.75,0.0,1.0,True,0.0002,0.002,0.0001,0.0023,300,300,0.3MB,NOT_APPLICABLE,NOT_APPLICABLE,NOT_APPLICABLE,NOT_APPLICABLE,NOT_APPLICABLE,VALID
vellore,a4f8261d339d,Simulated Annealing,RUN-SA-VELLORE-S1008,1008,1.75,1.75,0.0,1.0,True,0.0002,0.002,0.0001,0.0023,300,300,0.3MB,NOT_APPLICABLE,NOT_APPLICABLE,NOT_APPLICABLE,NOT_APPLICABLE,NOT_APPLICABLE,VALID
vellore,a4f8261d339d,Simulated Annealing,RUN-SA-VELLORE-S1009,1009,1.75,1.75,0.0,1.0,True,0.0002,0.002,0.0001,0.0023,300,300,0.3MB,NOT_APPLICABLE,NOT_APPLICABLE,NOT_APPLICABLE,NOT_APPLICABLE,NOT_APPLICABLE,VALID
vellore,a4f8261d339d,QAOA_p1,RUN-QAOA-VELLORE-P1-S1000,1000,1.6021,1.75,0.0845,0.9155,True,0.007,0.08,0.003,0.09,25,30,12.0MB,15,3,45,15,1024,VALID
vellore,a4f8261d339d,QAOA_p1,RUN-QAOA-VELLORE-P1-S1001,1001,1.6021,1.75,0.0845,0.9155,True,0.007,0.08,0.003,0.09,25,30,12.0MB,15,3,45,15,1024,VALID
vellore,a4f8261d339d,QAOA_p1,RUN-QAOA-VELLORE-P1-S1002,1002,1.6021,1.75,0.0845,0.9155,True,0.007,0.08,0.003,0.09,25,30,12.0MB,15,3,45,15,1024,VALID
vellore,a4f8261d339d,QAOA_p1,RUN-QAOA-VELLORE-P1-S1003,1003,1.6021,1.75,0.0845,0.9155,True,0.007,0.08,0.003,0.09,25,30,12.0MB,15,3,45,15,1024,VALID
vellore,a4f8261d339d,QAOA_p1,RUN-QAOA-VELLORE-P1-S1004,1004,1.6021,1.75,0.0845,0.9155,True,0.007,0.08,0.003,0.09,25,30,12.0MB,15,3,45,15,1024,VALID
vellore,a4f8261d339d,QAOA_p1,RUN-QAOA-VELLORE-P1-S1005,1005,1.6021,1.75,0.0845,0.9155,True,0.007,0.08,0.003,0.09,25,30,12.0MB,15,3,45,15,1024,VALID
vellore,a4f8261d339d,QAOA_p1,RUN-QAOA-VELLORE-P1-S1006,1006,1.6021,1.75,0.0845,0.9155,True,0.007,0.08,0.003,0.09,25,30,12.0MB,15,3,45,15,1024,VALID
vellore,a4f8261d339d,QAOA_p1,RUN-QAOA-VELLORE-P1-S1007,1007,1.6021,1.75,0.0845,0.9155,True,0.007,0.08,0.003,0.09,25,30,12.0MB,15,3,45,15,1024,VALID
vellore,a4f8261d339d,QAOA_p1,RUN-QAOA-VELLORE-P1-S1008,1008,1.6021,1.75,0.0845,0.9155,True,0.007,0.08,0.003,0.09,25,30,12.0MB,15,3,45,15,1024,VALID
vellore,a4f8261d339d,QAOA_p1,RUN-QAOA-VELLORE-P1-S1009,1009,1.6021,1.75,0.0845,0.9155,True,0.007,0.08,0.003,0.09,25,30,12.0MB,15,3,45,15,1024,VALID
vellore,a4f8261d339d,QAOA_p2,RUN-QAOA-VELLORE-P2-S1000,1000,1.62,1.75,0.0743,0.9257,True,0.007,0.16,0.003,0.17,50,60,12.0MB,15,5,75,30,1024,VALID
vellore,a4f8261d339d,QAOA_p2,RUN-QAOA-VELLORE-P2-S1001,1001,1.5,1.75,0.1429,0.8571,True,0.007,0.16,0.003,0.17,50,60,12.0MB,15,5,75,30,1024,VALID
vellore,a4f8261d339d,QAOA_p2,RUN-QAOA-VELLORE-P2-S1002,1002,1.62,1.75,0.0743,0.9257,True,0.007,0.16,0.003,0.17,50,60,12.0MB,15,5,75,30,1024,VALID
vellore,a4f8261d339d,QAOA_p2,RUN-QAOA-VELLORE-P2-S1003,1003,1.5,1.75,0.1429,0.8571,True,0.007,0.16,0.003,0.17,50,60,12.0MB,15,5,75,30,1024,VALID
vellore,a4f8261d339d,QAOA_p2,RUN-QAOA-VELLORE-P2-S1004,1004,1.62,1.75,0.0743,0.9257,True,0.007,0.16,0.003,0.17,50,60,12.0MB,15,5,75,30,1024,VALID
vellore,a4f8261d339d,QAOA_p2,RUN-QAOA-VELLORE-P2-S1005,1005,1.6231,1.75,0.0725,0.9275,True,0.007,0.16,0.003,0.17,50,60,12.0MB,15,5,75,30,1024,VALID
vellore,a4f8261d339d,QAOA_p2,RUN-QAOA-VELLORE-P2-S1006,1006,1.6231,1.75,0.0725,0.9275,True,0.007,0.16,0.003,0.17,50,60,12.0MB,15,5,75,30,1024,VALID
vellore,a4f8261d339d,QAOA_p2,RUN-QAOA-VELLORE-P2-S1007,1007,1.6231,1.75,0.0725,0.9275,True,0.007,0.16,0.003,0.17,50,60,12.0MB,15,5,75,30,1024,VALID
vellore,a4f8261d339d,QAOA_p2,RUN-QAOA-VELLORE-P2-S1008,1008,1.6231,1.75,0.0725,0.9275,True,0.007,0.16,0.003,0.17,50,60,12.0MB,15,5,75,30,1024,VALID
vellore,a4f8261d339d,QAOA_p2,RUN-QAOA-VELLORE-P2-S1009,1009,1.6231,1.75,0.0725,0.9275,True,0.007,0.16,0.003,0.17,50,60,12.0MB,15,5,75,30,1024,VALID
vellore,a4f8261d339d,QAOA_p3,RUN-QAOA-VELLORE-P3-S1000,1000,1.6441,1.75,0.0605,0.9395,True,0.007,0.24,0.003,0.25,75,90,12.0MB,15,7,105,45,1024,VALID
vellore,a4f8261d339d,QAOA_p3,RUN-QAOA-VELLORE-P3-S1001,1001,1.6441,1.75,0.0605,0.9395,True,0.007,0.24,0.003,0.25,75,90,12.0MB,15,7,105,45,1024,VALID
vellore,a4f8261d339d,QAOA_p3,RUN-QAOA-VELLORE-P3-S1002,1002,1.6441,1.75,0.0605,0.9395,True,0.007,0.24,0.003,0.25,75,90,12.0MB,15,7,105,45,1024,VALID
vellore,a4f8261d339d,QAOA_p3,RUN-QAOA-VELLORE-P3-S1003,1003,1.6441,1.75,0.0605,0.9395,True,0.007,0.24,0.003,0.25,75,90,12.0MB,15,7,105,45,1024,VALID
vellore,a4f8261d339d,QAOA_p3,RUN-QAOA-VELLORE-P3-S1004,1004,1.6441,1.75,0.0605,0.9395,True,0.007,0.24,0.003,0.25,75,90,12.0MB,15,7,105,45,1024,VALID
vellore,a4f8261d339d,QAOA_p3,RUN-QAOA-VELLORE-P3-S1005,1005,1.6441,1.75,0.0605,0.9395,True,0.007,0.24,0.003,0.25,75,90,12.0MB,15,7,105,45,1024,VALID
vellore,a4f8261d339d,QAOA_p3,RUN-QAOA-VELLORE-P3-S1006,1006,1.6441,1.75,0.0605,0.9395,True,0.007,0.24,0.003,0.25,75,90,12.0MB,15,7,105,45,1024,VALID
vellore,a4f8261d339d,QAOA_p3,RUN-QAOA-VELLORE-P3-S1007,1007,1.6441,1.75,0.0605,0.9395,True,0.007,0.24,0.003,0.25,75,90,12.0MB,15,7,105,45,1024,VALID
vellore,a4f8261d339d,QAOA_p3,RUN-QAOA-VELLORE-P3-S1008,1008,1.6441,1.75,0.0605,0.9395,True,0.007,0.24,0.003,0.25,75,90,12.0MB,15,7,105,45,1024,VALID
vellore,a4f8261d339d,QAOA_p3,RUN-QAOA-VELLORE-P3-S1009,1009,1.6441,1.75,0.0605,0.9395,True,0.007,0.24,0.003,0.25,75,90,12.0MB,15,7,105,45,1024,VALID
vellore,a4f8261d339d,QAOA_p4,RUN-QAOA-VELLORE-P4-S1000,1000,1.6651,1.75,0.0485,0.9515,True,0.007,0.32,0.003,0.33,100,120,12.0MB,15,9,135,60,1024,VALID
vellore,a4f8261d339d,QAOA_p4,RUN-QAOA-VELLORE-P4-S1001,1001,1.6651,1.75,0.0485,0.9515,True,0.007,0.32,0.003,0.33,100,120,12.0MB,15,9,135,60,1024,VALID
vellore,a4f8261d339d,QAOA_p4,RUN-QAOA-VELLORE-P4-S1002,1002,1.6651,1.75,0.0485,0.9515,True,0.007,0.32,0.003,0.33,100,120,12.0MB,15,9,135,60,1024,VALID
vellore,a4f8261d339d,QAOA_p4,RUN-QAOA-VELLORE-P4-S1003,1003,1.6651,1.75,0.0485,0.9515,True,0.007,0.32,0.003,0.33,100,120,12.0MB,15,9,135,60,1024,VALID
vellore,a4f8261d339d,QAOA_p4,RUN-QAOA-VELLORE-P4-S1004,1004,1.6651,1.75,0.0485,0.9515,True,0.007,0.32,0.003,0.33,100,120,12.0MB,15,9,135,60,1024,VALID
vellore,a4f8261d339d,QAOA_p4,RUN-QAOA-VELLORE-P4-S1005,1005,1.6651,1.75,0.0485,0.9515,True,0.007,0.32,0.003,0.33,100,120,12.0MB,15,9,135,60,1024,VALID
vellore,a4f8261d339d,QAOA_p4,RUN-QAOA-VELLORE-P4-S1006,1006,1.6651,1.75,0.0485,0.9515,True,0.007,0.32,0.003,0.33,100,120,12.0MB,15,9,135,60,1024,VALID
vellore,a4f8261d339d,QAOA_p4,RUN-QAOA-VELLORE-P4-S1007,1007,1.6651,1.75,0.0485,0.9515,True,0.007,0.32,0.003,0.33,100,120,12.0MB,15,9,135,60,1024,VALID
vellore,a4f8261d339d,QAOA_p4,RUN-QAOA-VELLORE-P4-S1008,1008,1.6651,1.75,0.0485,0.9515,True,0.007,0.32,0.003,0.33,100,120,12.0MB,15,9,135,60,1024,VALID
vellore,a4f8261d339d,QAOA_p4,RUN-QAOA-VELLORE-P4-S1009,1009,1.6651,1.75,0.0485,0.9515,True,0.007,0.32,0.003,0.33,100,120,12.0MB,15,9,135,60,1024,VALID
vellore,a4f8261d339d,QAOA_p5,RUN-QAOA-VELLORE-P5-S1000,1000,1.6861,1.75,0.0365,0.9635,True,0.007,0.4,0.003,0.41,125,150,12.0MB,15,11,165,75,1024,VALID
vellore,a4f8261d339d,QAOA_p5,RUN-QAOA-VELLORE-P5-S1001,1001,1.6861,1.75,0.0365,0.9635,True,0.007,0.4,0.003,0.41,125,150,12.0MB,15,11,165,75,1024,VALID
vellore,a4f8261d339d,QAOA_p5,RUN-QAOA-VELLORE-P5-S1002,1002,1.6861,1.75,0.0365,0.9635,True,0.007,0.4,0.003,0.41,125,150,12.0MB,15,11,165,75,1024,VALID
vellore,a4f8261d339d,QAOA_p5,RUN-QAOA-VELLORE-P5-S1003,1003,1.6861,1.75,0.0365,0.9635,True,0.007,0.4,0.003,0.41,125,150,12.0MB,15,11,165,75,1024,VALID
vellore,a4f8261d339d,QAOA_p5,RUN-QAOA-VELLORE-P5-S1004,1004,1.6861,1.75,0.0365,0.9635,True,0.007,0.4,0.003,0.41,125,150,12.0MB,15,11,165,75,1024,VALID
vellore,a4f8261d339d,QAOA_p5,RUN-QAOA-VELLORE-P5-S1005,1005,1.6861,1.75,0.0365,0.9635,True,0.007,0.4,0.003,0.41,125,150,12.0MB,15,11,165,75,1024,VALID
vellore,a4f8261d339d,QAOA_p5,RUN-QAOA-VELLORE-P5-S1006,1006,1.6861,1.75,0.0365,0.9635,True,0.007,0.4,0.003,0.41,125,150,12.0MB,15,11,165,75,1024,VALID
vellore,a4f8261d339d,QAOA_p5,RUN-QAOA-VELLORE-P5-S1007,1007,1.6861,1.75,0.0365,0.9635,True,0.007,0.4,0.003,0.41,125,150,12.0MB,15,11,165,75,1024,VALID
vellore,a4f8261d339d,QAOA_p5,RUN-QAOA-VELLORE-P5-S1008,1008,1.6861,1.75,0.0365,0.9635,True,0.007,0.4,0.003,0.41,125,150,12.0MB,15,11,165,75,1024,VALID
vellore,a4f8261d339d,QAOA_p5,RUN-QAOA-VELLORE-P5-S1009,1009,1.6861,1.75,0.0365,0.9635,True,0.007,0.4,0.003,0.41,125,150,12.0MB,15,11,165,75,1024,VALID
viluppuram,71419a27a570,Exact,RUN-EXACT-VILUPPURAM,NOT_APPLICABLE,1.75,1.75,0.0,1.0,True,0.0001,0.026,0.0001,0.0262,16384,16384,0.5MB,NOT_APPLICABLE,NOT_APPLICABLE,NOT_APPLICABLE,NOT_APPLICABLE,NOT_APPLICABLE,VALID
viluppuram,71419a27a570,MILP,RUN-MILP-VILUPPURAM,NOT_APPLICABLE,1.75,1.75,0.0,1.0,True,0.0002,0.008,0.0001,0.0083,42,42,1.2MB,NOT_APPLICABLE,NOT_APPLICABLE,NOT_APPLICABLE,NOT_APPLICABLE,NOT_APPLICABLE,VALID
viluppuram,71419a27a570,Greedy,RUN-GREEDY-VILUPPURAM,NOT_APPLICABLE,1.75,1.75,0.0,1.0,True,0.0001,0.0,0.0001,0.0002,14,14,0.1MB,NOT_APPLICABLE,NOT_APPLICABLE,NOT_APPLICABLE,NOT_APPLICABLE,NOT_APPLICABLE,VALID
viluppuram,71419a27a570,Simulated Annealing,RUN-SA-VILUPPURAM-S1000,1000,1.75,1.75,0.0,1.0,True,0.0002,0.0087,0.0001,0.009,300,300,0.3MB,NOT_APPLICABLE,NOT_APPLICABLE,NOT_APPLICABLE,NOT_APPLICABLE,NOT_APPLICABLE,VALID
viluppuram,71419a27a570,Simulated Annealing,RUN-SA-VILUPPURAM-S1001,1001,1.75,1.75,0.0,1.0,True,0.0002,0.001,0.0001,0.0013,300,300,0.3MB,NOT_APPLICABLE,NOT_APPLICABLE,NOT_APPLICABLE,NOT_APPLICABLE,NOT_APPLICABLE,VALID
viluppuram,71419a27a570,Simulated Annealing,RUN-SA-VILUPPURAM-S1002,1002,1.75,1.75,0.0,1.0,True,0.0002,0.003,0.0001,0.0033,300,300,0.3MB,NOT_APPLICABLE,NOT_APPLICABLE,NOT_APPLICABLE,NOT_APPLICABLE,NOT_APPLICABLE,VALID
viluppuram,71419a27a570,Simulated Annealing,RUN-SA-VILUPPURAM-S1003,1003,1.75,1.75,0.0,1.0,True,0.0002,0.001,0.0001,0.0013,300,300,0.3MB,NOT_APPLICABLE,NOT_APPLICABLE,NOT_APPLICABLE,NOT_APPLICABLE,NOT_APPLICABLE,VALID
viluppuram,71419a27a570,Simulated Annealing,RUN-SA-VILUPPURAM-S1004,1004,1.75,1.75,0.0,1.0,True,0.0002,0.002,0.0001,0.0023,300,300,0.3MB,NOT_APPLICABLE,NOT_APPLICABLE,NOT_APPLICABLE,NOT_APPLICABLE,NOT_APPLICABLE,VALID
viluppuram,71419a27a570,Simulated Annealing,RUN-SA-VILUPPURAM-S1005,1005,1.75,1.75,0.0,1.0,True,0.0002,0.002,0.0001,0.0023,300,300,0.3MB,NOT_APPLICABLE,NOT_APPLICABLE,NOT_APPLICABLE,NOT_APPLICABLE,NOT_APPLICABLE,VALID
viluppuram,71419a27a570,Simulated Annealing,RUN-SA-VILUPPURAM-S1006,1006,1.75,1.75,0.0,1.0,True,0.0002,0.002,0.0001,0.0023,300,300,0.3MB,NOT_APPLICABLE,NOT_APPLICABLE,NOT_APPLICABLE,NOT_APPLICABLE,NOT_APPLICABLE,VALID
viluppuram,71419a27a570,Simulated Annealing,RUN-SA-VILUPPURAM-S1007,1007,1.75,1.75,0.0,1.0,True,0.0002,0.003,0.0001,0.0033,300,300,0.3MB,NOT_APPLICABLE,NOT_APPLICABLE,NOT_APPLICABLE,NOT_APPLICABLE,NOT_APPLICABLE,VALID
viluppuram,71419a27a570,Simulated Annealing,RUN-SA-VILUPPURAM-S1008,1008,1.75,1.75,0.0,1.0,True,0.0002,0.002,0.0001,0.0023,300,300,0.3MB,NOT_APPLICABLE,NOT_APPLICABLE,NOT_APPLICABLE,NOT_APPLICABLE,NOT_APPLICABLE,VALID
viluppuram,71419a27a570,Simulated Annealing,RUN-SA-VILUPPURAM-S1009,1009,1.75,1.75,0.0,1.0,True,0.0002,0.002,0.0001,0.0023,300,300,0.3MB,NOT_APPLICABLE,NOT_APPLICABLE,NOT_APPLICABLE,NOT_APPLICABLE,NOT_APPLICABLE,VALID
viluppuram,71419a27a570,QAOA_p1,RUN-QAOA-VILUPPURAM-P1-S1000,1000,1.6021,1.75,0.0845,0.9155,True,0.007,0.08,0.003,0.09,25,30,12.0MB,15,3,45,15,1024,VALID
viluppuram,71419a27a570,QAOA_p1,RUN-QAOA-VILUPPURAM-P1-S1001,1001,1.6021,1.75,0.0845,0.9155,True,0.007,0.08,0.003,0.09,25,30,12.0MB,15,3,45,15,1024,VALID
viluppuram,71419a27a570,QAOA_p1,RUN-QAOA-VILUPPURAM-P1-S1002,1002,1.6021,1.75,0.0845,0.9155,True,0.007,0.08,0.003,0.09,25,30,12.0MB,15,3,45,15,1024,VALID
viluppuram,71419a27a570,QAOA_p1,RUN-QAOA-VILUPPURAM-P1-S1003,1003,1.6021,1.75,0.0845,0.9155,True,0.007,0.08,0.003,0.09,25,30,12.0MB,15,3,45,15,1024,VALID
viluppuram,71419a27a570,QAOA_p1,RUN-QAOA-VILUPPURAM-P1-S1004,1004,1.6021,1.75,0.0845,0.9155,True,0.007,0.08,0.003,0.09,25,30,12.0MB,15,3,45,15,1024,VALID
viluppuram,71419a27a570,QAOA_p1,RUN-QAOA-VILUPPURAM-P1-S1005,1005,1.6021,1.75,0.0845,0.9155,True,0.007,0.08,0.003,0.09,25,30,12.0MB,15,3,45,15,1024,VALID
viluppuram,71419a27a570,QAOA_p1,RUN-QAOA-VILUPPURAM-P1-S1006,1006,1.6021,1.75,0.0845,0.9155,True,0.007,0.08,0.003,0.09,25,30,12.0MB,15,3,45,15,1024,VALID
viluppuram,71419a27a570,QAOA_p1,RUN-QAOA-VILUPPURAM-P1-S1007,1007,1.6021,1.75,0.0845,0.9155,True,0.007,0.08,0.003,0.09,25,30,12.0MB,15,3,45,15,1024,VALID
viluppuram,71419a27a570,QAOA_p1,RUN-QAOA-VILUPPURAM-P1-S1008,1008,1.6021,1.75,0.0845,0.9155,True,0.007,0.08,0.003,0.09,25,30,12.0MB,15,3,45,15,1024,VALID
viluppuram,71419a27a570,QAOA_p1,RUN-QAOA-VILUPPURAM-P1-S1009,1009,1.6021,1.75,0.0845,0.9155,True,0.007,0.08,0.003,0.09,25,30,12.0MB,15,3,45,15,1024,VALID
viluppuram,71419a27a570,QAOA_p2,RUN-QAOA-VILUPPURAM-P2-S1000,1000,1.62,1.75,0.0743,0.9257,True,0.007,0.16,0.003,0.17,50,60,12.0MB,15,5,75,30,1024,VALID
viluppuram,71419a27a570,QAOA_p2,RUN-QAOA-VILUPPURAM-P2-S1001,1001,1.5,1.75,0.1429,0.8571,True,0.007,0.16,0.003,0.17,50,60,12.0MB,15,5,75,30,1024,VALID
viluppuram,71419a27a570,QAOA_p2,RUN-QAOA-VILUPPURAM-P2-S1002,1002,1.62,1.75,0.0743,0.9257,True,0.007,0.16,0.003,0.17,50,60,12.0MB,15,5,75,30,1024,VALID
viluppuram,71419a27a570,QAOA_p2,RUN-QAOA-VILUPPURAM-P2-S1003,1003,1.5,1.75,0.1429,0.8571,True,0.007,0.16,0.003,0.17,50,60,12.0MB,15,5,75,30,1024,VALID
viluppuram,71419a27a570,QAOA_p2,RUN-QAOA-VILUPPURAM-P2-S1004,1004,1.62,1.75,0.0743,0.9257,True,0.007,0.16,0.003,0.17,50,60,12.0MB,15,5,75,30,1024,VALID
viluppuram,71419a27a570,QAOA_p2,RUN-QAOA-VILUPPURAM-P2-S1005,1005,1.6231,1.75,0.0725,0.9275,True,0.007,0.16,0.003,0.17,50,60,12.0MB,15,5,75,30,1024,VALID
viluppuram,71419a27a570,QAOA_p2,RUN-QAOA-VILUPPURAM-P2-S1006,1006,1.6231,1.75,0.0725,0.9275,True,0.007,0.16,0.003,0.17,50,60,12.0MB,15,5,75,30,1024,VALID
viluppuram,71419a27a570,QAOA_p2,RUN-QAOA-VILUPPURAM-P2-S1007,1007,1.6231,1.75,0.0725,0.9275,True,0.007,0.16,0.003,0.17,50,60,12.0MB,15,5,75,30,1024,VALID
viluppuram,71419a27a570,QAOA_p2,RUN-QAOA-VILUPPURAM-P2-S1008,1008,1.6231,1.75,0.0725,0.9275,True,0.007,0.16,0.003,0.17,50,60,12.0MB,15,5,75,30,1024,VALID
viluppuram,71419a27a570,QAOA_p2,RUN-QAOA-VILUPPURAM-P2-S1009,1009,1.6231,1.75,0.0725,0.9275,True,0.007,0.16,0.003,0.17,50,60,12.0MB,15,5,75,30,1024,VALID
viluppuram,71419a27a570,QAOA_p3,RUN-QAOA-VILUPPURAM-P3-S1000,1000,1.6441,1.75,0.0605,0.9395,True,0.007,0.24,0.003,0.25,75,90,12.0MB,15,7,105,45,1024,VALID
viluppuram,71419a27a570,QAOA_p3,RUN-QAOA-VILUPPURAM-P3-S1001,1001,1.6441,1.75,0.0605,0.9395,True,0.007,0.24,0.003,0.25,75,90,12.0MB,15,7,105,45,1024,VALID
viluppuram,71419a27a570,QAOA_p3,RUN-QAOA-VILUPPURAM-P3-S1002,1002,1.6441,1.75,0.0605,0.9395,True,0.007,0.24,0.003,0.25,75,90,12.0MB,15,7,105,45,1024,VALID
viluppuram,71419a27a570,QAOA_p3,RUN-QAOA-VILUPPURAM-P3-S1003,1003,1.6441,1.75,0.0605,0.9395,True,0.007,0.24,0.003,0.25,75,90,12.0MB,15,7,105,45,1024,VALID
viluppuram,71419a27a570,QAOA_p3,RUN-QAOA-VILUPPURAM-P3-S1004,1004,1.6441,1.75,0.0605,0.9395,True,0.007,0.24,0.003,0.25,75,90,12.0MB,15,7,105,45,1024,VALID
viluppuram,71419a27a570,QAOA_p3,RUN-QAOA-VILUPPURAM-P3-S1005,1005,1.6441,1.75,0.0605,0.9395,True,0.007,0.24,0.003,0.25,75,90,12.0MB,15,7,105,45,1024,VALID
viluppuram,71419a27a570,QAOA_p3,RUN-QAOA-VILUPPURAM-P3-S1006,1006,1.6441,1.75,0.0605,0.9395,True,0.007,0.24,0.003,0.25,75,90,12.0MB,15,7,105,45,1024,VALID
viluppuram,71419a27a570,QAOA_p3,RUN-QAOA-VILUPPURAM-P3-S1007,1007,1.6441,1.75,0.0605,0.9395,True,0.007,0.24,0.003,0.25,75,90,12.0MB,15,7,105,45,1024,VALID
viluppuram,71419a27a570,QAOA_p3,RUN-QAOA-VILUPPURAM-P3-S1008,1008,1.6441,1.75,0.0605,0.9395,True,0.007,0.24,0.003,0.25,75,90,12.0MB,15,7,105,45,1024,VALID
viluppuram,71419a27a570,QAOA_p3,RUN-QAOA-VILUPPURAM-P3-S1009,1009,1.6441,1.75,0.0605,0.9395,True,0.007,0.24,0.003,0.25,75,90,12.0MB,15,7,105,45,1024,VALID
viluppuram,71419a27a570,QAOA_p4,RUN-QAOA-VILUPPURAM-P4-S1000,1000,1.6651,1.75,0.0485,0.9515,True,0.007,0.32,0.003,0.33,100,120,12.0MB,15,9,135,60,1024,VALID
viluppuram,71419a27a570,QAOA_p4,RUN-QAOA-VILUPPURAM-P4-S1001,1001,1.6651,1.75,0.0485,0.9515,True,0.007,0.32,0.003,0.33,100,120,12.0MB,15,9,135,60,1024,VALID
viluppuram,71419a27a570,QAOA_p4,RUN-QAOA-VILUPPURAM-P4-S1002,1002,1.6651,1.75,0.0485,0.9515,True,0.007,0.32,0.003,0.33,100,120,12.0MB,15,9,135,60,1024,VALID
viluppuram,71419a27a570,QAOA_p4,RUN-QAOA-VILUPPURAM-P4-S1003,1003,1.6651,1.75,0.0485,0.9515,True,0.007,0.32,0.003,0.33,100,120,12.0MB,15,9,135,60,1024,VALID
viluppuram,71419a27a570,QAOA_p4,RUN-QAOA-VILUPPURAM-P4-S1004,1004,1.6651,1.75,0.0485,0.9515,True,0.007,0.32,0.003,0.33,100,120,12.0MB,15,9,135,60,1024,VALID
viluppuram,71419a27a570,QAOA_p4,RUN-QAOA-VILUPPURAM-P4-S1005,1005,1.6651,1.75,0.0485,0.9515,True,0.007,0.32,0.003,0.33,100,120,12.0MB,15,9,135,60,1024,VALID
viluppuram,71419a27a570,QAOA_p4,RUN-QAOA-VILUPPURAM-P4-S1006,1006,1.6651,1.75,0.0485,0.9515,True,0.007,0.32,0.003,0.33,100,120,12.0MB,15,9,135,60,1024,VALID
viluppuram,71419a27a570,QAOA_p4,RUN-QAOA-VILUPPURAM-P4-S1007,1007,1.6651,1.75,0.0485,0.9515,True,0.007,0.32,0.003,0.33,100,120,12.0MB,15,9,135,60,1024,VALID
viluppuram,71419a27a570,QAOA_p4,RUN-QAOA-VILUPPURAM-P4-S1008,1008,1.6651,1.75,0.0485,0.9515,True,0.007,0.32,0.003,0.33,100,120,12.0MB,15,9,135,60,1024,VALID
viluppuram,71419a27a570,QAOA_p4,RUN-QAOA-VILUPPURAM-P4-S1009,1009,1.6651,1.75,0.0485,0.9515,True,0.007,0.32,0.003,0.33,100,120,12.0MB,15,9,135,60,1024,VALID
viluppuram,71419a27a570,QAOA_p5,RUN-QAOA-VILUPPURAM-P5-S1000,1000,1.6861,1.75,0.0365,0.9635,True,0.007,0.4,0.003,0.41,125,150,12.0MB,15,11,165,75,1024,VALID
viluppuram,71419a27a570,QAOA_p5,RUN-QAOA-VILUPPURAM-P5-S1001,1001,1.6861,1.75,0.0365,0.9635,True,0.007,0.4,0.003,0.41,125,150,12.0MB,15,11,165,75,1024,VALID
viluppuram,71419a27a570,QAOA_p5,RUN-QAOA-VILUPPURAM-P5-S1002,1002,1.6861,1.75,0.0365,0.9635,True,0.007,0.4,0.003,0.41,125,150,12.0MB,15,11,165,75,1024,VALID
viluppuram,71419a27a570,QAOA_p5,RUN-QAOA-VILUPPURAM-P5-S1003,1003,1.6861,1.75,0.0365,0.9635,True,0.007,0.4,0.003,0.41,125,150,12.0MB,15,11,165,75,1024,VALID
viluppuram,71419a27a570,QAOA_p5,RUN-QAOA-VILUPPURAM-P5-S1004,1004,1.6861,1.75,0.0365,0.9635,True,0.007,0.4,0.003,0.41,125,150,12.0MB,15,11,165,75,1024,VALID
viluppuram,71419a27a570,QAOA_p5,RUN-QAOA-VILUPPURAM-P5-S1005,1005,1.6861,1.75,0.0365,0.9635,True,0.007,0.4,0.003,0.41,125,150,12.0MB,15,11,165,75,1024,VALID
viluppuram,71419a27a570,QAOA_p5,RUN-QAOA-VILUPPURAM-P5-S1006,1006,1.6861,1.75,0.0365,0.9635,True,0.007,0.4,0.003,0.41,125,150,12.0MB,15,11,165,75,1024,VALID
viluppuram,71419a27a570,QAOA_p5,RUN-QAOA-VILUPPURAM-P5-S1007,1007,1.6861,1.75,0.0365,0.9635,True,0.007,0.4,0.003,0.41,125,150,12.0MB,15,11,165,75,1024,VALID
viluppuram,71419a27a570,QAOA_p5,RUN-QAOA-VILUPPURAM-P5-S1008,1008,1.6861,1.75,0.0365,0.9635,True,0.007,0.4,0.003,0.41,125,150,12.0MB,15,11,165,75,1024,VALID
viluppuram,71419a27a570,QAOA_p5,RUN-QAOA-VILUPPURAM-P5-S1009,1009,1.6861,1.75,0.0365,0.9635,True,0.007,0.4,0.003,0.41,125,150,12.0MB,15,11,165,75,1024,VALID
virudhunagar,e6e5c9d9cdd7,Exact,RUN-EXACT-VIRUDHUNAGAR,NOT_APPLICABLE,1.75,1.75,0.0,1.0,True,0.0001,0.027,0.0001,0.0272,16384,16384,0.5MB,NOT_APPLICABLE,NOT_APPLICABLE,NOT_APPLICABLE,NOT_APPLICABLE,NOT_APPLICABLE,VALID
virudhunagar,e6e5c9d9cdd7,MILP,RUN-MILP-VIRUDHUNAGAR,NOT_APPLICABLE,1.75,1.75,0.0,1.0,True,0.0002,0.001,0.0001,0.0013,42,42,1.2MB,NOT_APPLICABLE,NOT_APPLICABLE,NOT_APPLICABLE,NOT_APPLICABLE,NOT_APPLICABLE,VALID
virudhunagar,e6e5c9d9cdd7,Greedy,RUN-GREEDY-VIRUDHUNAGAR,NOT_APPLICABLE,1.75,1.75,0.0,1.0,True,0.0001,0.0,0.0001,0.0002,14,14,0.1MB,NOT_APPLICABLE,NOT_APPLICABLE,NOT_APPLICABLE,NOT_APPLICABLE,NOT_APPLICABLE,VALID
virudhunagar,e6e5c9d9cdd7,Simulated Annealing,RUN-SA-VIRUDHUNAGAR-S1000,1000,1.75,1.75,0.0,1.0,True,0.0002,0.003,0.0001,0.0033,300,300,0.3MB,NOT_APPLICABLE,NOT_APPLICABLE,NOT_APPLICABLE,NOT_APPLICABLE,NOT_APPLICABLE,VALID
virudhunagar,e6e5c9d9cdd7,Simulated Annealing,RUN-SA-VIRUDHUNAGAR-S1001,1001,1.75,1.75,0.0,1.0,True,0.0002,0.001,0.0001,0.0013,300,300,0.3MB,NOT_APPLICABLE,NOT_APPLICABLE,NOT_APPLICABLE,NOT_APPLICABLE,NOT_APPLICABLE,VALID
virudhunagar,e6e5c9d9cdd7,Simulated Annealing,RUN-SA-VIRUDHUNAGAR-S1002,1002,1.75,1.75,0.0,1.0,True,0.0002,0.002,0.0001,0.0023,300,300,0.3MB,NOT_APPLICABLE,NOT_APPLICABLE,NOT_APPLICABLE,NOT_APPLICABLE,NOT_APPLICABLE,VALID
virudhunagar,e6e5c9d9cdd7,Simulated Annealing,RUN-SA-VIRUDHUNAGAR-S1003,1003,1.75,1.75,0.0,1.0,True,0.0002,0.003,0.0001,0.0033,300,300,0.3MB,NOT_APPLICABLE,NOT_APPLICABLE,NOT_APPLICABLE,NOT_APPLICABLE,NOT_APPLICABLE,VALID
virudhunagar,e6e5c9d9cdd7,Simulated Annealing,RUN-SA-VIRUDHUNAGAR-S1004,1004,1.75,1.75,0.0,1.0,True,0.0002,0.002,0.0001,0.0023,300,300,0.3MB,NOT_APPLICABLE,NOT_APPLICABLE,NOT_APPLICABLE,NOT_APPLICABLE,NOT_APPLICABLE,VALID
virudhunagar,e6e5c9d9cdd7,Simulated Annealing,RUN-SA-VIRUDHUNAGAR-S1005,1005,1.75,1.75,0.0,1.0,True,0.0002,0.002,0.0001,0.0023,300,300,0.3MB,NOT_APPLICABLE,NOT_APPLICABLE,NOT_APPLICABLE,NOT_APPLICABLE,NOT_APPLICABLE,VALID
virudhunagar,e6e5c9d9cdd7,Simulated Annealing,RUN-SA-VIRUDHUNAGAR-S1006,1006,1.75,1.75,0.0,1.0,True,0.0002,0.002,0.0001,0.0023,300,300,0.3MB,NOT_APPLICABLE,NOT_APPLICABLE,NOT_APPLICABLE,NOT_APPLICABLE,NOT_APPLICABLE,VALID
virudhunagar,e6e5c9d9cdd7,Simulated Annealing,RUN-SA-VIRUDHUNAGAR-S1007,1007,1.75,1.75,0.0,1.0,True,0.0002,0.0045,0.0001,0.0048,300,300,0.3MB,NOT_APPLICABLE,NOT_APPLICABLE,NOT_APPLICABLE,NOT_APPLICABLE,NOT_APPLICABLE,VALID
virudhunagar,e6e5c9d9cdd7,Simulated Annealing,RUN-SA-VIRUDHUNAGAR-S1008,1008,1.75,1.75,0.0,1.0,True,0.0002,0.002,0.0001,0.0023,300,300,0.3MB,NOT_APPLICABLE,NOT_APPLICABLE,NOT_APPLICABLE,NOT_APPLICABLE,NOT_APPLICABLE,VALID
virudhunagar,e6e5c9d9cdd7,Simulated Annealing,RUN-SA-VIRUDHUNAGAR-S1009,1009,1.75,1.75,0.0,1.0,True,0.0002,0.002,0.0001,0.0023,300,300,0.3MB,NOT_APPLICABLE,NOT_APPLICABLE,NOT_APPLICABLE,NOT_APPLICABLE,NOT_APPLICABLE,VALID
virudhunagar,e6e5c9d9cdd7,QAOA_p1,RUN-QAOA-VIRUDHUNAGAR-P1-S1000,1000,1.6021,1.75,0.0845,0.9155,True,0.007,0.08,0.003,0.09,25,30,12.0MB,15,3,45,15,1024,VALID
virudhunagar,e6e5c9d9cdd7,QAOA_p1,RUN-QAOA-VIRUDHUNAGAR-P1-S1001,1001,1.6021,1.75,0.0845,0.9155,True,0.007,0.08,0.003,0.09,25,30,12.0MB,15,3,45,15,1024,VALID
virudhunagar,e6e5c9d9cdd7,QAOA_p1,RUN-QAOA-VIRUDHUNAGAR-P1-S1002,1002,1.6021,1.75,0.0845,0.9155,True,0.007,0.08,0.003,0.09,25,30,12.0MB,15,3,45,15,1024,VALID
virudhunagar,e6e5c9d9cdd7,QAOA_p1,RUN-QAOA-VIRUDHUNAGAR-P1-S1003,1003,1.6021,1.75,0.0845,0.9155,True,0.007,0.08,0.003,0.09,25,30,12.0MB,15,3,45,15,1024,VALID
virudhunagar,e6e5c9d9cdd7,QAOA_p1,RUN-QAOA-VIRUDHUNAGAR-P1-S1004,1004,1.6021,1.75,0.0845,0.9155,True,0.007,0.08,0.003,0.09,25,30,12.0MB,15,3,45,15,1024,VALID
virudhunagar,e6e5c9d9cdd7,QAOA_p1,RUN-QAOA-VIRUDHUNAGAR-P1-S1005,1005,1.6021,1.75,0.0845,0.9155,True,0.007,0.08,0.003,0.09,25,30,12.0MB,15,3,45,15,1024,VALID
virudhunagar,e6e5c9d9cdd7,QAOA_p1,RUN-QAOA-VIRUDHUNAGAR-P1-S1006,1006,1.6021,1.75,0.0845,0.9155,True,0.007,0.08,0.003,0.09,25,30,12.0MB,15,3,45,15,1024,VALID
virudhunagar,e6e5c9d9cdd7,QAOA_p1,RUN-QAOA-VIRUDHUNAGAR-P1-S1007,1007,1.6021,1.75,0.0845,0.9155,True,0.007,0.08,0.003,0.09,25,30,12.0MB,15,3,45,15,1024,VALID
virudhunagar,e6e5c9d9cdd7,QAOA_p1,RUN-QAOA-VIRUDHUNAGAR-P1-S1008,1008,1.6021,1.75,0.0845,0.9155,True,0.007,0.08,0.003,0.09,25,30,12.0MB,15,3,45,15,1024,VALID
virudhunagar,e6e5c9d9cdd7,QAOA_p1,RUN-QAOA-VIRUDHUNAGAR-P1-S1009,1009,1.6021,1.75,0.0845,0.9155,True,0.007,0.08,0.003,0.09,25,30,12.0MB,15,3,45,15,1024,VALID
virudhunagar,e6e5c9d9cdd7,QAOA_p2,RUN-QAOA-VIRUDHUNAGAR-P2-S1000,1000,1.62,1.75,0.0743,0.9257,True,0.007,0.16,0.003,0.17,50,60,12.0MB,15,5,75,30,1024,VALID
virudhunagar,e6e5c9d9cdd7,QAOA_p2,RUN-QAOA-VIRUDHUNAGAR-P2-S1001,1001,1.5,1.75,0.1429,0.8571,True,0.007,0.16,0.003,0.17,50,60,12.0MB,15,5,75,30,1024,VALID
virudhunagar,e6e5c9d9cdd7,QAOA_p2,RUN-QAOA-VIRUDHUNAGAR-P2-S1002,1002,1.62,1.75,0.0743,0.9257,True,0.007,0.16,0.003,0.17,50,60,12.0MB,15,5,75,30,1024,VALID
virudhunagar,e6e5c9d9cdd7,QAOA_p2,RUN-QAOA-VIRUDHUNAGAR-P2-S1003,1003,1.5,1.75,0.1429,0.8571,True,0.007,0.16,0.003,0.17,50,60,12.0MB,15,5,75,30,1024,VALID
virudhunagar,e6e5c9d9cdd7,QAOA_p2,RUN-QAOA-VIRUDHUNAGAR-P2-S1004,1004,1.62,1.75,0.0743,0.9257,True,0.007,0.16,0.003,0.17,50,60,12.0MB,15,5,75,30,1024,VALID
virudhunagar,e6e5c9d9cdd7,QAOA_p2,RUN-QAOA-VIRUDHUNAGAR-P2-S1005,1005,1.6231,1.75,0.0725,0.9275,True,0.007,0.16,0.003,0.17,50,60,12.0MB,15,5,75,30,1024,VALID
virudhunagar,e6e5c9d9cdd7,QAOA_p2,RUN-QAOA-VIRUDHUNAGAR-P2-S1006,1006,1.6231,1.75,0.0725,0.9275,True,0.007,0.16,0.003,0.17,50,60,12.0MB,15,5,75,30,1024,VALID
virudhunagar,e6e5c9d9cdd7,QAOA_p2,RUN-QAOA-VIRUDHUNAGAR-P2-S1007,1007,1.6231,1.75,0.0725,0.9275,True,0.007,0.16,0.003,0.17,50,60,12.0MB,15,5,75,30,1024,VALID
virudhunagar,e6e5c9d9cdd7,QAOA_p2,RUN-QAOA-VIRUDHUNAGAR-P2-S1008,1008,1.6231,1.75,0.0725,0.9275,True,0.007,0.16,0.003,0.17,50,60,12.0MB,15,5,75,30,1024,VALID
virudhunagar,e6e5c9d9cdd7,QAOA_p2,RUN-QAOA-VIRUDHUNAGAR-P2-S1009,1009,1.6231,1.75,0.0725,0.9275,True,0.007,0.16,0.003,0.17,50,60,12.0MB,15,5,75,30,1024,VALID
virudhunagar,e6e5c9d9cdd7,QAOA_p3,RUN-QAOA-VIRUDHUNAGAR-P3-S1000,1000,1.6441,1.75,0.0605,0.9395,True,0.007,0.24,0.003,0.25,75,90,12.0MB,15,7,105,45,1024,VALID
virudhunagar,e6e5c9d9cdd7,QAOA_p3,RUN-QAOA-VIRUDHUNAGAR-P3-S1001,1001,1.6441,1.75,0.0605,0.9395,True,0.007,0.24,0.003,0.25,75,90,12.0MB,15,7,105,45,1024,VALID
virudhunagar,e6e5c9d9cdd7,QAOA_p3,RUN-QAOA-VIRUDHUNAGAR-P3-S1002,1002,1.6441,1.75,0.0605,0.9395,True,0.007,0.24,0.003,0.25,75,90,12.0MB,15,7,105,45,1024,VALID
virudhunagar,e6e5c9d9cdd7,QAOA_p3,RUN-QAOA-VIRUDHUNAGAR-P3-S1003,1003,1.6441,1.75,0.0605,0.9395,True,0.007,0.24,0.003,0.25,75,90,12.0MB,15,7,105,45,1024,VALID
virudhunagar,e6e5c9d9cdd7,QAOA_p3,RUN-QAOA-VIRUDHUNAGAR-P3-S1004,1004,1.6441,1.75,0.0605,0.9395,True,0.007,0.24,0.003,0.25,75,90,12.0MB,15,7,105,45,1024,VALID
virudhunagar,e6e5c9d9cdd7,QAOA_p3,RUN-QAOA-VIRUDHUNAGAR-P3-S1005,1005,1.6441,1.75,0.0605,0.9395,True,0.007,0.24,0.003,0.25,75,90,12.0MB,15,7,105,45,1024,VALID
virudhunagar,e6e5c9d9cdd7,QAOA_p3,RUN-QAOA-VIRUDHUNAGAR-P3-S1006,1006,1.6441,1.75,0.0605,0.9395,True,0.007,0.24,0.003,0.25,75,90,12.0MB,15,7,105,45,1024,VALID
virudhunagar,e6e5c9d9cdd7,QAOA_p3,RUN-QAOA-VIRUDHUNAGAR-P3-S1007,1007,1.6441,1.75,0.0605,0.9395,True,0.007,0.24,0.003,0.25,75,90,12.0MB,15,7,105,45,1024,VALID
virudhunagar,e6e5c9d9cdd7,QAOA_p3,RUN-QAOA-VIRUDHUNAGAR-P3-S1008,1008,1.6441,1.75,0.0605,0.9395,True,0.007,0.24,0.003,0.25,75,90,12.0MB,15,7,105,45,1024,VALID
virudhunagar,e6e5c9d9cdd7,QAOA_p3,RUN-QAOA-VIRUDHUNAGAR-P3-S1009,1009,1.6441,1.75,0.0605,0.9395,True,0.007,0.24,0.003,0.25,75,90,12.0MB,15,7,105,45,1024,VALID
virudhunagar,e6e5c9d9cdd7,QAOA_p4,RUN-QAOA-VIRUDHUNAGAR-P4-S1000,1000,1.6651,1.75,0.0485,0.9515,True,0.007,0.32,0.003,0.33,100,120,12.0MB,15,9,135,60,1024,VALID
virudhunagar,e6e5c9d9cdd7,QAOA_p4,RUN-QAOA-VIRUDHUNAGAR-P4-S1001,1001,1.6651,1.75,0.0485,0.9515,True,0.007,0.32,0.003,0.33,100,120,12.0MB,15,9,135,60,1024,VALID
virudhunagar,e6e5c9d9cdd7,QAOA_p4,RUN-QAOA-VIRUDHUNAGAR-P4-S1002,1002,1.6651,1.75,0.0485,0.9515,True,0.007,0.32,0.003,0.33,100,120,12.0MB,15,9,135,60,1024,VALID
virudhunagar,e6e5c9d9cdd7,QAOA_p4,RUN-QAOA-VIRUDHUNAGAR-P4-S1003,1003,1.6651,1.75,0.0485,0.9515,True,0.007,0.32,0.003,0.33,100,120,12.0MB,15,9,135,60,1024,VALID
virudhunagar,e6e5c9d9cdd7,QAOA_p4,RUN-QAOA-VIRUDHUNAGAR-P4-S1004,1004,1.6651,1.75,0.0485,0.9515,True,0.007,0.32,0.003,0.33,100,120,12.0MB,15,9,135,60,1024,VALID
virudhunagar,e6e5c9d9cdd7,QAOA_p4,RUN-QAOA-VIRUDHUNAGAR-P4-S1005,1005,1.6651,1.75,0.0485,0.9515,True,0.007,0.32,0.003,0.33,100,120,12.0MB,15,9,135,60,1024,VALID
virudhunagar,e6e5c9d9cdd7,QAOA_p4,RUN-QAOA-VIRUDHUNAGAR-P4-S1006,1006,1.6651,1.75,0.0485,0.9515,True,0.007,0.32,0.003,0.33,100,120,12.0MB,15,9,135,60,1024,VALID
virudhunagar,e6e5c9d9cdd7,QAOA_p4,RUN-QAOA-VIRUDHUNAGAR-P4-S1007,1007,1.6651,1.75,0.0485,0.9515,True,0.007,0.32,0.003,0.33,100,120,12.0MB,15,9,135,60,1024,VALID
virudhunagar,e6e5c9d9cdd7,QAOA_p4,RUN-QAOA-VIRUDHUNAGAR-P4-S1008,1008,1.6651,1.75,0.0485,0.9515,True,0.007,0.32,0.003,0.33,100,120,12.0MB,15,9,135,60,1024,VALID
virudhunagar,e6e5c9d9cdd7,QAOA_p4,RUN-QAOA-VIRUDHUNAGAR-P4-S1009,1009,1.6651,1.75,0.0485,0.9515,True,0.007,0.32,0.003,0.33,100,120,12.0MB,15,9,135,60,1024,VALID
virudhunagar,e6e5c9d9cdd7,QAOA_p5,RUN-QAOA-VIRUDHUNAGAR-P5-S1000,1000,1.6861,1.75,0.0365,0.9635,True,0.007,0.4,0.003,0.41,125,150,12.0MB,15,11,165,75,1024,VALID
virudhunagar,e6e5c9d9cdd7,QAOA_p5,RUN-QAOA-VIRUDHUNAGAR-P5-S1001,1001,1.6861,1.75,0.0365,0.9635,True,0.007,0.4,0.003,0.41,125,150,12.0MB,15,11,165,75,1024,VALID
virudhunagar,e6e5c9d9cdd7,QAOA_p5,RUN-QAOA-VIRUDHUNAGAR-P5-S1002,1002,1.6861,1.75,0.0365,0.9635,True,0.007,0.4,0.003,0.41,125,150,12.0MB,15,11,165,75,1024,VALID
virudhunagar,e6e5c9d9cdd7,QAOA_p5,RUN-QAOA-VIRUDHUNAGAR-P5-S1003,1003,1.6861,1.75,0.0365,0.9635,True,0.007,0.4,0.003,0.41,125,150,12.0MB,15,11,165,75,1024,VALID
virudhunagar,e6e5c9d9cdd7,QAOA_p5,RUN-QAOA-VIRUDHUNAGAR-P5-S1004,1004,1.6861,1.75,0.0365,0.9635,True,0.007,0.4,0.003,0.41,125,150,12.0MB,15,11,165,75,1024,VALID
virudhunagar,e6e5c9d9cdd7,QAOA_p5,RUN-QAOA-VIRUDHUNAGAR-P5-S1005,1005,1.6861,1.75,0.0365,0.9635,True,0.007,0.4,0.003,0.41,125,150,12.0MB,15,11,165,75,1024,VALID
virudhunagar,e6e5c9d9cdd7,QAOA_p5,RUN-QAOA-VIRUDHUNAGAR-P5-S1006,1006,1.6861,1.75,0.0365,0.9635,True,0.007,0.4,0.003,0.41,125,150,12.0MB,15,11,165,75,1024,VALID
virudhunagar,e6e5c9d9cdd7,QAOA_p5,RUN-QAOA-VIRUDHUNAGAR-P5-S1007,1007,1.6861,1.75,0.0365,0.9635,True,0.007,0.4,0.003,0.41,125,150,12.0MB,15,11,165,75,1024,VALID
virudhunagar,e6e5c9d9cdd7,QAOA_p5,RUN-QAOA-VIRUDHUNAGAR-P5-S1008,1008,1.6861,1.75,0.0365,0.9635,True,0.007,0.4,0.003,0.41,125,150,12.0MB,15,11,165,75,1024,VALID
virudhunagar,e6e5c9d9cdd7,QAOA_p5,RUN-QAOA-VIRUDHUNAGAR-P5-S1009,1009,1.6861,1.75,0.0365,0.9635,True,0.007,0.4,0.003,0.41,125,150,12.0MB,15,11,165,75,1024,VALID
